"logFC_(Intercept)","logFC_ct_for_deg-Mito_cluster_patch","logFC_age_at_death","logFC_pct_intronic","logFC_SortedUnsorted","logFC_PC_1","logFC_PC_2","logFC_PC_3","logFC_PC_4","logFC_PC_5","logFC_PC_6","logFC_PC_7","logFC_PC_8","logFC_PC_9","logFC_PC_10","se_(Intercept)","se_ct_for_deg-Mito_cluster_patch","se_age_at_death","se_pct_intronic","se_SortedUnsorted","se_PC_1","se_PC_2","se_PC_3","se_PC_4","se_PC_5","se_PC_6","se_PC_7","se_PC_8","se_PC_9","se_PC_10","p_(Intercept)","p_ct_for_deg-Mito_cluster_patch","p_age_at_death","p_pct_intronic","p_SortedUnsorted","p_PC_1","p_PC_2","p_PC_3","p_PC_4","p_PC_5","p_PC_6","p_PC_7","p_PC_8","p_PC_9","p_PC_10","gene_id","gene"
-8.5149424896031,-0.141935273548296,0.0085648718573406,0.910394054941451,0.000531524753526901,-0.000573200999298752,0.00102194030183763,0.000476500570555138,-0.00198174514138978,-0.00173602194808552,0.0137680811184188,0.00348710479068748,-0.00307370126905851,-0.00306840853859313,0.00409391754407343,0.0983912276812026,0.0771913854704888,0.00696087479590458,0.386367951593647,0.0303818296783097,0.000976073277147074,0.00121734263080784,0.000886283428180605,0.00157366390269494,0.000920505437061568,0.00100369001450895,0.00134791816040734,0.00135408586153846,0.00206017486783435,0.00142561406952349,0,0.0659527022773848,0.218535980754075,0.018458615025207,0.98604186231458,0.557034462820772,0.401197468780642,0.590826273021091,0.207915066843873,0.0593024659501052,7.98089222500313e-43,0.00968071482159636,0.0232108827598855,0.136384100919818,0.00408286999608069,1,"ARL15"
-11.0788119998339,-0.466989106686767,0.00640456921798496,-0.137910473998258,0.118462150613701,-0.00268508009061291,0.000669630954800051,0.00209367917855605,0.00370706040250367,0.00268485621530636,0.0183426442131467,-0.00468418408962682,-0.00305231422937793,-0.00205537397611855,-0.00257449168790871,0.0298868158473589,0.196186302583378,0.00316018372844159,0.829404317395709,0.0589251601271278,0.00213891525016698,0.00270652237249368,0.00192118978096429,0.00315749853497237,0.00191004854051661,0.00217495431956612,0.00291959113475589,0.00290603335569343,0.00449794791134168,0.00308779039111086,0,0.0172969091619938,0.0426987741871291,0.867939333244694,0.0443906496255876,0.209352947835714,0.804588003885227,0.275808924121939,0.240375094418089,0.159828627822426,3.35257596751329e-17,0.108626509113868,0.293563219741059,0.647701123098322,0.404413397606828,2,"SNX18"
-12.7537445037679,-1.01769328095742,-0.000800040465033602,-3.71118653762762,-0.0282405556758782,0.014026776617414,-0.021863313651217,-0.0113652553875976,0.00519569432201395,0.00675462219036319,0.00641769339364363,0.016089244493376,0.00283452123486611,0.00684806045457022,-0.0231547188706891,0.0769053300140996,0.501125762265246,0.00911874137545028,2.37721547297941,0.178803352144498,0.00583303971080994,0.00763242796293734,0.00547127212737918,0.00951310698035818,0.0057660165735448,0.00605816750784689,0.00834996371079631,0.00869668949797564,0.0123375793170674,0.00842653090788075,0,0.0422738527009677,0.930086630569434,0.118488700280378,0.874502517031395,0.016185245576248,0.0041762949543696,0.0377775578422276,0.584954816609746,0.241416406381045,0.2894423922866,0.0539965807255384,0.744476514538517,0.578855634974765,0.00599901398971607,3,"ENSG00000287367"
-14.4068883825203,0.257945781485108,-0.0677557203994686,0.426189010493141,-0.110544175979807,-0.0177717422859394,0.000428925601531875,-0.00639278511520311,-0.0116579116514304,-0.000687101884731946,0.0155444932167527,-0.00578343819573429,-0.024796564354235,-0.0329566538041483,0.00273044532262688,0.156711638281482,1.00930881162318,0.0174926459664956,4.65720492864783,0.337028576825609,0.0112443481043154,0.0143661746713175,0.01038354394467,0.0181622251926201,0.0112767623131542,0.0118867922059239,0.0161381873090761,0.0159270910022722,0.0305815662064271,0.016563471816141,0,0.798285388867071,0.000107334874206577,0.927085963887921,0.742914348497363,0.113991387194431,0.9761813924491,0.53811560788659,0.520953155152203,0.951414338829762,0.190971228348085,0.720066624316523,0.119499054542777,0.281183717416405,0.869064091769446,4,"CDC20B"
-14.9505621093896,-16.2884312183511,-0.025174298146807,-4.89214650450624,-0.0365432177375327,-0.0157489820404832,0.00678866665965382,0.00196535481887079,-0.0168975381247675,-0.0019031714016284,0.0182016638172081,-0.00969086269919726,-0.0232114547670508,0.00387835145163666,0.0121103135881583,112.331993630398,1149.70885513996,0.0097016753602577,2.49998566869357,0.182851535110321,0.00676242003295083,0.00828613673087343,0.00595128121213706,0.00954128002359048,0.00587541655106806,0.00634249367334997,0.00851889470278286,0.00870992172416868,0.0121282764449458,0.00953469889422267,0.894120112127774,0.988696396498508,0.00946348808078109,0.0503627756995436,0.841596448059337,0.0198645047846161,0.412626642215645,0.741218153801355,0.0765619007704839,0.745997767806883,0.00410736523398649,0.255298919615021,0.0077001114424595,0.749136909455828,0.204038084865977,5,"MCIDAS"
-11.7103287981116,-0.142926468697331,-0.0074924346393941,-4.36134222033266,-0.0889199879538972,-0.00803882525998319,0.0038590890066748,0.00503500843284269,-0.0105221115566189,0.00252120251776282,0.00145898538885039,-0.00463960363148672,-0.00282758563857005,0.00578427754446846,0.00859812762125015,0.0422074524212745,0.331625927802433,0.00435697591398997,1.08484893154835,0.0808616611310171,0.00297080586266256,0.00362676525095514,0.00264194674660892,0.00421702523033108,0.00251317950654198,0.00275679296716753,0.00364071967943714,0.00383083934157292,0.0051795857568983,0.00415139621984873,0,0.666477812139037,0.0854977093293026,5.81413501900408e-05,0.271482155872665,0.00681111545735476,0.287302372362572,0.0566768308573172,0.0125903805842915,0.315768051301081,0.596643933689953,0.202534294882027,0.460446844199668,0.264103284652229,0.0383456054849696,6,"CCNO"
-10.9376869293172,0.0495263950062466,-0.0211759087748921,0.625963093745027,0.241693657862758,-0.00448253839536605,-0.00369806340846415,0.00224560112144742,-0.00587361961633562,0.00300412646766164,-0.0020055198483981,-0.000621963109687359,0.00274837333579247,-0.011379366328812,-0.00020191242493271,0.0304537375701001,0.209045414597581,0.00357861492547292,0.897639863306404,0.0661279545979549,0.00234665988907979,0.00287684797032312,0.00214577098490084,0.00355085440479903,0.00216082252130586,0.00237288860271091,0.00311033704287717,0.00319988524185458,0.00514342194043471,0.00335508580744548,0,0.812721246189815,3.27174588624224e-09,0.485588011601568,0.000257242867419093,0.0561102822152618,0.198632749397105,0.295319108393666,0.0980985377423278,0.164446940495916,0.398009909776144,0.841506806867986,0.390397085842919,0.0269382385856383,0.952011476673237,7,"CCNO-DT"
-9.72729965637301,-0.153319321366878,-0.000500555778908966,-1.2843604500318,0.0234462809322461,-0.00333241538359653,0.00365854819355566,0.00362955101391852,-0.00493138790002631,0.000600266166439469,0.000293370997549094,-0.000324960951376914,0.00137579391643965,0.00126475569953922,0.00447872336480935,0.0166521707290753,0.112907977301262,0.00180402587292073,0.44639480855373,0.0327859969944747,0.00118144661170694,0.00145840948451371,0.0010563539910408,0.00173436439764056,0.00103874090891302,0.00114601473358688,0.00151440676779861,0.00157523664821723,0.00227948493494407,0.00167021444438979,0,0.174490979324715,0.781422336567747,0.00401240277333297,0.474528135675766,0.00479305077329549,0.0121214851028843,0.000590538703509366,0.00446433992192508,0.563346068503269,0.797956749244914,0.830095021569715,0.3824512383887,0.579002220543522,0.0073287231423946,8,"DHX29"
-9.62381646956626,-0.342042097134209,-0.0010176677264219,-0.00819305947808408,0.0568200928208397,-0.00370499623811349,0.000973817908387287,0.000974065308621999,-0.00566933285765492,-0.000283019650118011,-0.0025263531348397,0.0013273844077842,0.0034291829726343,0.000295917532664018,0.00567502227229571,0.0161669993546769,0.110232544284676,0.00168624296051361,0.418920718919504,0.0305633448623541,0.00109887558727565,0.00137277776466868,0.000992498769311673,0.00164097131958661,0.000981472398124775,0.00108091462025548,0.0014247253668793,0.00147657636077507,0.00218447379320068,0.00156853609429938,0,0.00191625362405371,0.546168188293795,0.984396334070716,0.0630139928824321,0.000747261601524671,0.478090133714074,0.326382108168433,0.00055057031681133,0.773069413468326,0.0194268887798359,0.351503275941619,0.0202120619816132,0.892245034830387,0.00029684549344481,9,"MTREX"
-9.92388699410676,-0.39469229195009,0.000764344866270076,1.16906070981207,-0.081813818163216,-0.00433294313825387,0.00104616708187516,-0.000705510506689638,-0.00323578255453213,-0.00453886861498885,0.000291842019435294,-0.00139741449189279,-0.000542654288055447,0.00141614433620619,0.00576655997685727,0.0195002362269768,0.130118907974395,0.00215415195706566,0.550150192914762,0.0404815724658019,0.00141270913372529,0.00177955176829756,0.00127845523551382,0.00214136790641477,0.00130853287878572,0.00143191047155486,0.00190924807080127,0.00193977947734752,0.00289071463223279,0.0020379372824386,0,0.00241878924171053,0.722721429184612,0.0335878945599129,0.0432783325679901,0.00216134784228584,0.556611261784806,0.581053815177536,0.130767553509253,0.000523041679663957,0.838499605983017,0.464218151404046,0.779668927403345,0.624208766488723,0.00466053290361474,10,"PLPP1"
-10.1426260767304,-0.224486452655712,0.00191520547243931,0.882798367906817,0.0852509208341544,0.00154403977846396,0.00119228767302449,-0.00195542800411048,-0.000818091684329099,0.00134535170140712,0.00253169474351726,-0.00245242243572073,0.00296174662560298,-0.0066377543258943,-0.00153450291132007,0.0201757078173118,0.128178323176027,0.00232564845163196,0.598843038501262,0.043247384433139,0.00152313093488033,0.00189971031529426,0.00139060968225582,0.002320646345545,0.0014117424658177,0.00157497136979626,0.00209763835575935,0.00212132520774266,0.00338445937918483,0.00220298497930698,0,0.0798838318048352,0.410215413659681,0.140434959400796,0.0486965714224731,0.310712778232658,0.530255840720261,0.159674848452196,0.724442688849619,0.340604020669409,0.107954712932355,0.242349241234556,0.162661036211267,0.0498504397676495,0.486080556136215,11,"SLC38A9"
-13.0002951512948,-1.0896762311327,0.0101239681588874,0.933261093767212,-0.110150056494002,0.00356221995853891,0.0123893832411883,-0.00116572729211508,-0.0248507232788518,0.00630184906558111,0.00900325319649601,-0.000677848405837586,-0.00207614369530193,0.0205411339201122,-0.0116648038795456,0.0846437302726431,0.625943933012957,0.00900306258102957,2.2715575454387,0.174044562753232,0.00593137376849218,0.00755414815271787,0.00546931084140749,0.00918416707871542,0.00546877367555183,0.00611583236137767,0.00801584853694802,0.00826644715452496,0.0110235026293162,0.00870718569333295,0,0.0817093888886882,0.260799826760541,0.681185214526236,0.526809256480595,0.548124760449902,0.100989196443033,0.831217997006779,0.00681355130139269,0.24918420957858,0.140987854849884,0.932608398222275,0.801695755830234,0.0624067864667076,0.180350846216739,12,"DDX4"
-10.2724992286588,-0.310734486741922,-0.0098201659080515,1.04069094723099,0.0178373032840548,-0.00748123508134567,0.0101146948527904,-0.00651545399344406,0.0126580039236316,-0.00497583316538605,0.00495660242563936,0.0058048794838617,-0.00233911905818704,-0.0022964631940794,0.0177039791661506,0.0215435633162467,0.134623425450343,0.00229842898606972,0.588650237662927,0.0429578473933266,0.00153839085529103,0.00187721519444977,0.00136579008457406,0.00222234354027282,0.00137117981167261,0.00147203566008678,0.00198124570301418,0.00204779908563232,0.00309200199974159,0.00215265719662992,0,0.0209893795800206,1.93245244779837e-05,0.0770730235654655,0.677974965245267,1.15604520462463e-06,7.11913121351076e-08,1.83800989653149e-06,1.22801369146351e-08,0.000284664631705825,0.000759423396462632,0.00339055847502827,0.253345947435269,0.457656806279103,1.96424992659131e-16,13,"IL6ST"
-13.7900063612442,0.843058071276708,0.00536218960585022,-2.71025310125309,-0.0963346324584847,-0.000310532091931305,-0.000956037340560468,-0.0008757794053639,0.00258322213354346,0.00592444013176368,-0.0110268925374471,0.0123372136934357,0.0245935519454261,0.0227630743176134,-0.00270602988936487,0.112571756315967,0.750938701557375,0.012424932205545,3.0911076521399,0.23822248612263,0.00846413542386122,0.0101486302931091,0.00781556566071638,0.0121721065877188,0.00677563718476956,0.0074918034474416,0.00979891707334925,0.0105517853922971,0.0120922579356968,0.0115663982966531,0,0.261576701035139,0.666056212196124,0.380600567032967,0.685926442414302,0.970733787036448,0.924947438266522,0.910779168922074,0.831931708015651,0.38191468062347,0.141058445039509,0.208016432031297,0.0197666553010802,0.0597749048131018,0.815019029611519,14,"ENSG00000249236"
-13.6603171137119,-0.283867910468591,0.00142569266250451,-3.83585024508402,-0.532295490209113,-0.0200129540071424,0.0110464642940021,0.000662277897713731,-0.0169627102041337,-0.00260232646090949,0.00154745955465356,-0.00228856389237895,0.00485999680343764,0.0174008409495945,0.0247604384865795,0.13452815816157,1.08944111035835,0.0103964301826321,2.60928219655735,0.208053331404247,0.00731667717130421,0.00882986219441332,0.00643618856826429,0.0101130398806245,0.00591318891526235,0.00639639914483751,0.00839647046993977,0.00895966450934971,0.0109981032963219,0.0100369187890777,0,0.794429620487774,0.890925744490351,0.14154043360137,0.0105137839224137,0.0062332584363846,0.210921805621198,0.918043065988904,0.0934817373814333,0.659873008126049,0.808836983035257,0.785189458130763,0.587521857652028,0.11361135098191,0.0136274628657804,15,"IL6ST-DT"
-10.9612179493644,0.888455241860423,-0.0177564771756384,2.42929597380807,0.00811207569503291,-0.0358220889633475,-0.00182373714601417,0.00817443568180719,-0.0146483603507826,0.0112517001789041,-0.0153828016673381,-0.00184239662441093,0.00199739799609462,-0.00713019144330078,0.00369863615291532,0.038451393626629,0.303793592619126,0.0038010462781091,0.947730248100181,0.0707713311524229,0.00264573864625187,0.00314439589495747,0.00231668420601316,0.0037820194517686,0.00208956329266731,0.0023512756187786,0.00303433468459054,0.00324425506942751,0.00482538034324995,0.00362602761516995,0,0.00344970380493325,2.99050433654981e-06,0.0103689025764993,0.908743350355144,9.13569893916825e-42,0.561917292823457,0.000417911409292259,0.000107433958853264,7.25600326063289e-08,6.05710025660089e-11,0.543729431786307,0.538110819579019,0.139503249898419,0.3077169528897,16,"ANKRD55"
-12.1812478239925,-0.0701532880431515,-0.0262364929304584,0.0364273774061508,0.18956519074176,-0.0138625797287828,0.00773285732831462,-0.0289147341685469,0.0138963310000034,-0.0200191004683392,0.0189302652092168,-0.0420048827275194,-0.0186241283914566,3.87988190356847e-05,-0.0037724477840003,0.0557659945096988,0.314156656795375,0.0058021686728016,1.59407862580465,0.113549753201469,0.0038758189666866,0.0050166180920526,0.00374786395175439,0.00623682267399128,0.00409437801922842,0.00443428028455685,0.00590367753568422,0.00544424527917379,0.00791099747941633,0.0057431292988841,0,0.823296808785576,6.13036662775203e-06,0.981768582713795,0.0950290072456865,0.000347980390672978,0.123207721394347,1.20991400556204e-14,0.0258731375114656,1.01137691309878e-06,1.96287229957041e-05,1.11883006387689e-12,0.000624180830597078,0.996086858242077,0.511269162863911,17,"LINC01948"
-12.6181325470123,0.727595203925213,-0.00550925844610237,-0.158393417971782,0.296636447010415,-0.00693398302170445,-0.0142874051002778,-0.0118918218281534,0.00536829973186649,0.00110848192536954,-0.00251021506228917,-0.000920262345345626,-0.00257058104206421,0.0136004916240146,-0.00878121964663145,0.0757462195146785,0.491928424713736,0.00922749879140373,2.50352763382112,0.17808224595638,0.00631884582326234,0.00817495197732498,0.00578225221446937,0.00955778238603566,0.006136157387557,0.00676240235421903,0.0086114776360886,0.00845822754417363,0.01185436409696,0.00891675318785312,0,0.139122352087702,0.5504754246228,0.949553023319947,0.0957677550294885,0.27248859047256,0.0805151087056583,0.039724020242061,0.574342296666762,0.856644214103337,0.710487327680557,0.914896376025587,0.761192756118222,0.25125836168283,0.324722259638735,18,"C5orf67"
-14.1757336024122,-0.872680711057599,0.00564855566332389,-2.39388085830704,-0.434577296113143,0.00118064590191501,-0.0215565597947496,-0.0243142034072742,-0.000717176710790638,0.0138932068426456,-0.0129693194218986,-0.00561954717170812,0.00573735951575466,-0.0263364948803992,-0.0122446429203695,0.135912640584116,0.930663192451207,0.0143971215776744,3.79667441012347,0.295797785746068,0.00922506212733935,0.0120964924087055,0.00881919131320553,0.0151629072264465,0.00927904411305028,0.0102342123811375,0.0135226832548713,0.0136320264897583,0.0259696685391246,0.0137506906415822,0,0.348399799402594,0.694807577554367,0.528354127222909,0.141786627167578,0.898162874602555,0.0747410043047446,0.00583405628576829,0.962275641923136,0.134323789496199,0.205065431232752,0.677728704658515,0.673847413272168,0.310523022543905,0.373211016384766,19,"ENSG00000289709"
-10.2772007309927,-0.0299015269648072,-0.00407820917898969,0.528975355091916,-0.0559685475126738,-0.00402756544827099,0.0108181073637664,-0.0072914890953594,-0.000969409207576379,0.000667357363142317,0.0140945103491246,-0.017294168907591,0.000171165798874772,0.00682395358149078,0.00838921638597344,0.0222488967610626,0.137556904133791,0.00245643368726028,0.657869919950681,0.048074108045281,0.00164735677015393,0.00210713076671675,0.00149970852172012,0.00256257247721535,0.00155878957164747,0.00171980381191712,0.00232250470150161,0.0022890345815827,0.00330502996613007,0.00240430876534141,0,0.827915574746378,0.0968711160210073,0.421354891406261,0.24433731584504,0.0144906239923265,2.83577965530386e-07,1.16242330723389e-06,0.705211212307508,0.668559846528073,2.49724743748836e-16,9.59624002242344e-14,0.940392607701892,0.0389497271083121,0.000484391453193563,20,"MAP3K1"
-14.9032440313355,0.36754337365063,-0.0446299410064096,-1.70023198908192,1.04277174101745,-0.00820260595862195,0.0222467733307807,-0.0102334400233041,-0.0511752127342115,0.0335267125001349,0.00908490357993685,-0.0166438167481892,0.0011204407115746,-0.0077339763095976,-0.00684100709110722,0.199386964244339,1.28620544256238,0.018575543754978,4.65586828695128,0.332355924477024,0.0133501093641261,0.0153801953862503,0.0119816198306697,0.0188640128950796,0.011537494667095,0.0123378158859218,0.0161802178586268,0.0162025746050386,0.0239645170724565,0.018359638390744,0,0.775063550600141,0.016278169318862,0.714976724671949,0.00170386481028011,0.538936251096961,0.148049391428464,0.393052426497233,0.00667075576958877,0.00366207920116491,0.461520049876318,0.303643137679857,0.944868616656204,0.746902646813498,0.709437827767029,21,"ENSG00000237705"
-15.4764817971963,-14.4222774309977,0.0023386006894998,-9.07036441219127,-0.122803235895218,-0.0173367332588319,0.00345209000102845,-0.00448641094064186,-0.0308927175352011,0.00281471658196011,0.00917630400757099,-0.0335426535800197,0.000817098309036803,0.00413977821654987,0.0123211159381152,86.7746002796047,888.130641517711,0.0127313236986035,3.20955218564395,0.24665478373936,0.00932381652580167,0.0111609393791786,0.00821539865316039,0.0128800451230513,0.00757987011239905,0.00852219565333847,0.0112671397579849,0.0113465384109588,0.0157374296471973,0.0127402377316905,0.858446015796546,0.987043790378319,0.854257650128297,0.00471254738305231,0.618572190748839,0.0629700241490145,0.757092550581334,0.58499872787999,0.0164626232042759,0.71038356055028,0.281590403683129,0.00291052115271213,0.942591559512315,0.792509722382789,0.333492788918921,22,"SETD9"
-11.2673254801702,-0.265772652044239,-0.00703435971375505,-0.490584827478117,0.0783949517620588,-0.0029825031246722,-0.000113397668114675,-0.000646343047327158,-0.000400160212177934,-0.000191200951486776,0.00501679983800276,-0.00484331840030657,-0.00352386914075205,-0.00100799970185982,0.00168030115843484,0.0313640126794834,0.215834977656913,0.0034718360707455,0.897151283767161,0.0647767112137935,0.00231407546200933,0.00291711436757944,0.00209501697260616,0.00349387177864577,0.00212978197902829,0.00235523250547749,0.00315518529007231,0.00318523635071219,0.0047744779541069,0.00334123988248905,0,0.218184623505521,0.0427523942067715,0.584498907133116,0.226189272319371,0.197449192847292,0.968991456963136,0.757690892723289,0.90881606062617,0.928466099269825,0.0331661944334982,0.124775343994341,0.268590963962559,0.832791686723945,0.615036344243464,23,"MIER3"
-12.8877496278881,0.77727163295621,-0.0234414061718704,-7.94271353303654,-0.299739647058812,0.00490184157050617,-0.00493500519337162,0.00403631690626256,-0.0233552972661269,0.0097028002856844,-0.00714112218699895,0.00945321966467295,0.00839120256610911,0.0257174094151344,0.014006638724942,0.06977169864033,0.452044716973662,0.00836619149636357,1.99188226398121,0.163728475659144,0.00542794636138139,0.00667462658779777,0.00508511404212696,0.00826283212070155,0.00482776284150966,0.00511990505336251,0.00663458415249604,0.00703649231290339,0.00787753690413432,0.00747825396216681,0,0.0855311184782832,0.00507993392593501,6.67614805193185e-05,0.0671435757474992,0.366486197845818,0.459683578741979,0.42734011159104,0.0047052590945524,0.0444531826617856,0.163083310213242,0.154203509900577,0.233054921099206,0.00109598993469617,0.0610708030093073,24,"ENSG00000289152"
-9.46547198100899,-0.235193755424793,-0.00321684724474604,-0.806104295920966,-0.005358799564994,-0.00234502682387041,0.000993500593783636,0.00074585755503053,-0.00292384434006102,-8.70678000954092e-05,0.00103183745925118,0.000521797792159671,0.000561248408197662,-0.00135965444447494,0.00254486434948138,0.0145364435030099,0.0946063942868488,0.00154474301555272,0.379306898393548,0.027891312766195,0.000994695720721896,0.00123821903776066,0.000897057946113354,0.00147781367549821,0.000889902834458455,0.000976866339657281,0.00129871238740798,0.00134437038418904,0.00201052884178403,0.0014160489685117,0,0.0129179296897528,0.037301553678776,0.0335696475874709,0.847639206551956,0.0183968780094287,0.422343265340757,0.405720265235691,0.0478730924997593,0.922059605985002,0.290843545075084,0.687845302474421,0.676326991045055,0.498871097617503,0.0723104709090069,25,"GPBP1"
-15.9150369657969,-14.7599743226771,0.0270490824654488,-7.15629695435273,-0.204814121262645,-0.00324092394506884,-0.00606181490822102,-6.74409421590355e-05,-0.0359935265268304,-0.0173851275149225,0.0183789667629377,-0.0218625221761756,-0.000731769763775924,-0.00945910379070869,-0.021849341160143,80.9755240717552,828.77710199618,0.0198546688100542,5.3651314224738,0.401216063695792,0.0134565626968885,0.0178460255860704,0.0125845681220682,0.0206067669025036,0.012481642777794,0.0139826392930323,0.0169987447684291,0.0178425569014567,0.0306810042121531,0.0206291335195514,0.84418648902134,0.985790952613131,0.173086272949483,0.182252018356724,0.609712874648791,0.80967651229204,0.734102718447967,0.995724141787696,0.0806920284262912,0.163663425408309,0.188707164162879,0.198399203131032,0.967285845846585,0.757850341460845,0.289531595682294,26,"RMEL3"
-16.6631895776283,-13.3861755642048,-0.00500797088555281,-12.0459801408086,0.242132924363498,-0.0153031697691524,-0.0263586872211158,-0.00635607451825289,-0.0198141539190901,-0.00102457114638703,-0.00877523760789414,0.0107698565350063,0.0147945297221945,-0.0426795374368627,0.0290068429314673,99.1265051001269,1014.54997418873,0.0256047209892388,6.54397208143771,0.459640210315974,0.0179847416445183,0.0247553956607251,0.016686869941375,0.0259108244567449,0.0148976075173262,0.0173434137726106,0.0226959355391298,0.0221133150509052,0.0459133956876546,0.0258110903007505,0.866504418323374,0.989472856736587,0.844932815003478,0.0656545393671525,0.598340851418543,0.394826353474753,0.286982134464461,0.703275417679939,0.444446839626378,0.945169349124766,0.612878092952095,0.635123447399374,0.503474652060019,0.352595772031069,0.261092297783805,27,"LNCBRM"
-14.5287925074394,0.24179648044149,-0.0100981086832583,-9.37175575584418,-0.0766806889073366,-0.00739907244681924,-0.0295273653614731,-0.0035116942474362,-0.0269712878353633,-0.00698609708577244,0.00441401894433532,0.0133886455205546,0.00563098492536405,-0.00764370273528004,0.0142563686409355,0.187421133111713,1.38573118464767,0.0209621289292728,5.36742297107252,0.385055803480607,0.0135154656325352,0.0177399918795134,0.0121808648297675,0.0209043390405342,0.0120100336619791,0.0135033584784441,0.0184683685027683,0.0181680741565981,0.0300089620114389,0.0199806134607891,0,0.861480249538653,0.629997005412651,0.0808033361825948,0.84215185865161,0.584068047868939,0.0960221313006064,0.773120191368384,0.196972764335624,0.560776596457262,0.74375634499212,0.468482646150192,0.756607755057793,0.798944002763246,0.475530192371548,28,"ENSG00000287709"
-13.2930746539413,-0.714867477590823,0.00216836891377567,0.536312212634299,0.0617127589662564,-0.0060079345669185,0.00441193072224414,-0.00737425965983405,-0.000412349503139846,0.0129376822307914,-0.0176035560942535,0.00485676530934534,-0.00701943162804746,0.0123177485859712,-0.0011910202673313,0.0903529942483027,0.69877854975217,0.00936179009070467,2.40518466856183,0.174548271188855,0.00634903024570304,0.00790642704707991,0.0057293864179102,0.00945163061320127,0.00561682117816899,0.00623260360887565,0.00803847971490735,0.00851260692374541,0.0111503222085971,0.00912166153073308,0,0.306296328951449,0.816833911176084,0.823549734220038,0.72367092225014,0.344007861551687,0.576831910246653,0.198061479191782,0.965201458202889,0.0212573853040173,0.00473647105225606,0.545717638704875,0.409602993946651,0.269290083812639,0.896115049227491,29,"LINC02101"
-10.3726280578904,-0.873014761932205,-0.0139554478777726,2.20974742736614,-0.0440509321042273,-0.00229286049264167,0.00558517510818568,-0.00578888902267319,-0.000984339305120443,0.0111708652649991,-0.0185549750791338,0.000746619391706062,-0.0270055483286429,-0.00269668199754911,-0.028131060744959,0.471037665395124,0.1903435807527,0.0351795572301326,0.97245633033707,0.0712796374677548,0.00242224936345537,0.00300157156689045,0.00218009216826959,0.00393661314917922,0.00232697938034557,0.00252853749948067,0.00330510576746675,0.00333413755443293,0.00514869650368235,0.00358533509148238,1.82006484612776e-107,4.50693864339959e-06,0.691594622043809,0.0230662302603385,0.536574264486604,0.343851220808246,0.0627794509926356,0.00792281762087255,0.802550806187775,1.58201804801805e-06,2.16446373112954e-13,0.821280139409706,5.50902118597931e-16,0.600445381014654,4.29019213731716e-15,30,"ENSG00000286853"
-9.22498142522149,-0.436515255099229,0.0163755567543023,-3.16402715933784,-0.129697058627165,-0.00792479683693312,0.0113020503207243,0.00731874667020736,-0.00684483989505281,-0.00184260237051036,0.0013761043581776,-0.00189650847526155,-0.00236777573916826,0.000184006748648438,0.0165503782892585,0.0157390379076432,0.108601481340707,0.00162726372003784,0.399069876319242,0.02940865692841,0.00106692226993922,0.00132780948624563,0.000940554398159477,0.0015243252309767,0.000910666922142767,0.00100687303591031,0.00132357538976442,0.00139580763046147,0.00202390644674402,0.00150189404170878,0,5.83409284907828e-05,8.03051652578739e-24,2.21801298485283e-15,1.03291411984358e-05,1.10487909271125e-13,1.71252074089403e-17,7.17765690631274e-15,7.1087381944164e-06,0.0430365714409087,0.171715938377641,0.151895638532577,0.0898199604175801,0.927558838022948,3.07179577624886e-28,31,"PLK2"
-8.53424092134311,-0.150782839959659,-0.00205315744783642,0.231640452465523,0.00903546693354187,-0.00463058158977434,0.000207340637748895,0.00262047655298542,-0.00158391825989707,0.0079172211254655,0.00123929675352773,0.00166600080552589,-0.000611669461864794,-0.00310744963823432,0.00470873626618823,0.0120740840842638,0.0710943667251069,0.00131010023944001,0.320566803637263,0.0237362595756257,0.000816248494422724,0.00103184258843684,0.000739376594208014,0.00123953704375191,0.000746226710859575,0.000828397239820262,0.00110756362897975,0.00111566757248311,0.00168872094462529,0.00117688946773203,0,0.0339316423016369,0.117073595200836,0.469927815063644,0.703454854296625,1.40314333847724e-08,0.840743831962189,0.000393850782640981,0.201309192152237,2.6868876269784e-26,0.134649099341178,0.132529042307794,0.583517352672106,0.0657505822010337,6.30750167722233e-05,32,"RAB3C"
-12.6649422018939,-0.908235306946485,-0.0256166043751641,-0.602842574467703,0.259713890453201,-0.00531935376937807,0.00647248568854028,0.0119680854612421,-0.0194598542534022,0.0107450241561392,0.00349444831048383,0.00506827598879623,-0.0114097539971142,0.0116804945603024,-0.00645855187894903,0.0762537013578819,0.649174388476577,0.00694573885561673,1.78524744411083,0.130330182347388,0.00480163873557945,0.00584255822001971,0.00424122650595024,0.00698083922258737,0.00416449415666059,0.00446734010967208,0.00580353439179839,0.00621092657129835,0.00791767751943825,0.00681037843066657,0,0.161794350714821,0.000225931677488987,0.735604256203248,0.0462901578352792,0.267939349832272,0.267940829424876,0.00477481907316944,0.00530984939467111,0.00987570951286562,0.434084565263544,0.382494941772647,0.0662031956128632,0.14014735290952,0.342956573220785,33,"ENSG00000248475"
-6.62673449084687,-0.153840330856434,-0.00796420390967049,0.957134516488273,0.00719332996295946,-0.00152026632969389,-0.000726848986592086,0.00447409466212541,-0.00281043984610148,-0.00403061618663244,0.00353262348003581,-0.0053216849113842,-0.000860100691602628,-0.00320308550171085,0.00668015250771287,0.00962453057429027,0.0470962903974331,0.00102501703482628,0.238507903419445,0.0175557510926833,0.000595679160250318,0.000753122300088314,0.000554164394897674,0.000943902042800352,0.000584446632978093,0.00064285830956258,0.000842848785250274,0.000846888247827917,0.00122422752133637,0.00088112840970309,0,0.00108883372316097,7.85940739002276e-15,5.99494631794835e-05,0.681995158438359,0.0107058475289297,0.334487641610535,6.82622879324497e-16,0.00290638256606075,5.33122113264914e-12,3.90307435011237e-08,2.72043950606524e-10,0.309819349603371,0.00888588569198117,3.41948827447177e-14,34,"PDE4D"
-16.2431498536566,-14.4495001975908,-0.0264110144068881,2.55913106412457,0.557585976518541,-0.00745355255839274,0.0191194579977619,-0.00241058756099487,-0.011225553723701,0.00393208033221287,-0.00404017061584532,0.0137538447250702,-0.00332135216300078,0.00412025064095675,0.0184496583614911,84.4085945246893,863.914103847866,0.0198185819168241,4.98125745794171,0.356253769772904,0.0142286026745244,0.0162663357441834,0.012300744193908,0.0199073919875503,0.0120707852266664,0.0124811801349455,0.0159594629939414,0.0178498440593016,0.0245440200014589,0.0194473373055215,0.847401645996674,0.986655507120544,0.182650313139675,0.607425379429443,0.117550776401467,0.600387808875344,0.239834552297906,0.844632965008339,0.572829869374379,0.744612129309981,0.746164406114885,0.388798291322773,0.852388475847442,0.866684077135437,0.342774012976167,35,"ENSG00000247345"
-13.2382701398506,0.637628788981129,0.014174099397957,1.82414921585016,0.238668721719495,0.00694080741926725,-0.00695662245188205,-0.00336289909082334,-0.0285758846858867,0.0130708716847354,-0.0133351010895923,0.0243069419033724,0.0150552405085552,0.00966827802633315,-0.0177670072817706,0.0892083123219272,0.564375512506519,0.0109300716208355,2.72952824402322,0.211030880951164,0.00728776287603986,0.00927723507439112,0.00666937626384726,0.0111171816973344,0.00675605034354362,0.00704824273840651,0.00909218857258804,0.0101238235960361,0.0144704075765888,0.010521878403896,0,0.258562498443676,0.19470056111395,0.503940829623889,0.258069461148668,0.340898190241194,0.453339354955785,0.614099814131565,0.010157374091614,0.0530281911152546,0.0584942733539701,0.00750894911963121,0.136985729505719,0.50404335266277,0.0913004227624305,36,"DEPDC1B"
-10.3606642204583,-0.577711358325743,-0.003054361623997,-0.450489136460457,0.0668406299275297,-9.07813387332116e-05,-0.000720352346384864,0.000468715981754462,-0.0130999735480917,0.00556856942108986,-0.00854354682980407,0.0111936706590442,0.00244888741523495,0.00318337173122579,2.53222704688611e-05,0.0243047355899249,0.178380759186496,0.00270650547813035,0.680012517997383,0.0502459724818236,0.00178817474990739,0.00220789221373899,0.00162011171168642,0.00260704586584654,0.00160282459686785,0.00175965362403098,0.00230541250308628,0.00240486325737156,0.00348827537237891,0.00253456873155399,0,0.00120100361719144,0.25909787044414,0.507668883320138,0.183429851476553,0.959510709782253,0.744225787683988,0.772343469768446,5.03867326607609e-07,0.000512335830390277,1.20238897733872e-06,1.20151655525367e-06,0.308532413481697,0.361457233868928,0.992028658647311,37,"ELOVL7"
-9.79534958657975,-0.0402778008937141,-0.00508095362746081,-0.30299605371407,-0.0834311168349403,0.00425335489764424,-0.00177033514024229,-0.00108801531181733,-0.00400489772350346,0.0011880053201743,0.00100692615883622,-0.00318942593996548,0.0003635640948764,-0.000614460974420746,-0.0029187814122905,0.0167214379190274,0.102161877561674,0.00193477744426587,0.491372466940444,0.0364877016257952,0.00124003837753987,0.00156609715130133,0.00114018959333038,0.0019487610719313,0.00117663641157328,0.00129913346559537,0.00172320513631631,0.001743724132461,0.0026590465867582,0.00180053017649794,0,0.693393000830905,0.00863649038177838,0.537477393109423,0.0222218420128931,0.000603539520486006,0.258302625775314,0.339961818898801,0.0398694041895516,0.312657153376635,0.438295212186876,0.0641884872806991,0.83483965126865,0.817250172178236,0.105003108314615,38,"ERCC8"
-9.21085764986716,-0.0104311508652125,-0.00316589183691635,0.67659988975441,-0.0125629986039634,-0.00231758863865877,0.000805088755129702,0.00024189075762298,-0.00385496526348075,-0.000186672154859316,3.74905999935021e-05,0.00103626212277644,0.00211540681012614,-0.000538586985138458,0.00352186816156612,0.0147592767451508,0.0910809245983288,0.00167627735484134,0.420454574273744,0.0307927879742862,0.00106838485960432,0.00134522894878271,0.000977276643012525,0.00164719803944411,0.000984918497978597,0.00108825177367441,0.0014498402826438,0.00148070815844808,0.00219556792026701,0.0015412993030164,0,0.908820689940057,0.058939493550776,0.107570334725848,0.683284615809308,0.0300640795890869,0.549521617069494,0.804509581857574,0.0192673879800307,0.849677005408128,0.972518073715991,0.47476831837378,0.153106195597111,0.80621915338266,0.0223128561338673,39,"NDUFAF2"
-12.6265530590541,-1.9859479867376,0.00041972252269274,-1.85410789762721,0.0919117999307178,-0.0165599894917415,0.0100771043029749,0.00430482971322201,0.00457100099770831,-0.001250573013218,0.00401996817219353,0.0010128354158456,-0.000129899924256543,0.000565520604309275,0.017340856859772,0.10990474938664,1.02673483953809,0.00582964185495639,1.45560356486905,0.105012554870593,0.00412790054045475,0.00496116124977903,0.00355981325016785,0.00546450496225685,0.00327990085844877,0.00361555742130318,0.00477991895903199,0.00508701596138305,0.00715487606781707,0.00562902688742579,0,0.0530840584669181,0.942603503802218,0.202744028066934,0.381440165765078,6.02774519289465e-05,0.0422348417712682,0.226553269434523,0.402879583959088,0.70299268437233,0.266201382605863,0.832189851110061,0.979627765670743,0.937000896114155,0.00206574526902965,40,"SMIM15"
-11.1439092197894,-0.595325793737382,-0.00235054705818417,-2.03545795642903,-0.133365065470357,0.000386584136030933,0.000577504745240676,7.41766263132947e-05,-0.00816472058578424,0.000414716952002033,0.00182842708891441,-0.00617160305982842,0.00644692965165683,-0.000592201684334984,0.00197961242559326,0.0339994699267102,0.258643861033591,0.00365529859089024,0.942923856052657,0.0700787989110517,0.00245126894111488,0.00305954318816511,0.00222401529191871,0.00367400758732066,0.00222425238564428,0.0024530656717704,0.00324589299739215,0.00331976337546624,0.00491866435081672,0.00351593860446363,0,0.0213509575552083,0.520190360973303,0.0308760646606395,0.0570310290606099,0.874687084728951,0.85028467070882,0.973393432037869,0.0262635248340186,0.852090089380822,0.456051639786937,0.0572551996720804,0.0521389536673642,0.904167177709788,0.573407965334973,41,"SMIM15-AS1"
-13.7473344250972,0.28452431452534,-0.0192422023951051,-1.90352038072714,0.368593567560981,-0.00482459009525555,0.00737355275001726,0.00853974096188726,-0.0067434474249537,-0.00476101884018699,0.00900835720025182,-0.0122297852831909,-0.00231722160861492,0.00605408460355067,0.00359791698531976,0.10767857369924,0.780376267413552,0.0123108417115892,3.09147171120106,0.225190815795636,0.00843582251334382,0.0102300524187567,0.00760785279938583,0.0121461234748075,0.00741513561006399,0.00819450670886613,0.0108736016690576,0.0108649762938694,0.0148808868622293,0.0117491833161699,0,0.715410849621116,0.118045777980681,0.538070918101069,0.101671114585426,0.567378223166199,0.471048758205003,0.261654030061959,0.578762392029314,0.520829246715574,0.271629997025304,0.260706611813233,0.831112917894232,0.684128240956058,0.759431827491869,42,"ENSG00000288936"
-7.18098110986442,-0.209909003169834,-0.00065686095825157,1.82733800839073,0.0182388326437747,0.000238315047221887,0.00274011756152459,0.0027414765258325,-0.00177732703825423,0.00343672738502952,0.00253961612353817,0.00224089989771501,0.000709511153130639,0.00075850309785489,0.00489886380218101,0.0100582133527605,0.0509107958737689,0.00108220703357742,0.25702351720445,0.0188464579170974,0.000644194875679628,0.000815715220320563,0.00059677239315064,0.00101292786729652,0.000616521745771362,0.000682523405290382,0.000906134091026826,0.000903989544597297,0.00133362166595664,0.000944953491436487,0,3.73848752104973e-05,0.543874651149613,1.16367908107036e-12,0.333164655007991,0.711425351925388,0.000781799195023769,4.3516435680164e-06,0.079320349832238,2.4841089388711e-08,0.000198497011334355,0.0133971610882808,0.432531817259449,0.569522871468317,2.16899809192243e-07,43,"ZSWIM6"
-12.5319177249237,0.00910434498894741,0.0153561768279629,-1.17671797999102,-0.41915696168327,0.00284995395068474,-0.00802252243616819,0.0107397457239565,-0.00158618175714161,-0.00831148026117106,-0.00964687834036373,-0.004561671226358,0.0142081918095972,0.0048997498355078,0.010451731401018,0.0708148821745546,0.484462445856828,0.00877151201546689,2.08957511813101,0.161414298762053,0.00545222372061561,0.00711144130324813,0.0049615083115328,0.00867007739577663,0.00509451051399128,0.00578467952637915,0.00757243662559527,0.0078268591013397,0.0112324325699127,0.00812396379035656,0,0.985006497799114,0.0799997461672308,0.573341299565105,0.00941029565641742,0.601173258383962,0.259271424524935,0.0304173294619301,0.85483805624715,0.102793701620191,0.0953832511036102,0.546904798686274,0.0694759649102207,0.662681116426524,0.198257800968749,44,"C5orf64"
-16.1865066315183,-13.4215715828702,-0.0187515288816177,-1.83835994384876,-0.320490987619579,-0.0215735795141821,0.0127263206859162,0.0124520564587923,-0.019380635308806,0.00727000333295317,0.00867728932242165,-0.00916872846628698,-0.0042787606184581,0.0166863950170992,0.0379285510275228,79.3146841042043,811.778046364346,0.0190214556726956,4.97005035020615,0.384231370487189,0.0133330910816907,0.0167465141927577,0.0119165344989195,0.0198600729801606,0.0113908634943584,0.0126341372130448,0.0166737164784486,0.0168211894053103,0.0222697621420624,0.0198026294072146,0.838291319094829,0.986808738025199,0.324226675947083,0.711466248808659,0.404219353686482,0.105652283451903,0.447291353820787,0.296050976517014,0.329134233658657,0.523323255553021,0.492200594504915,0.582394061955997,0.799211807139125,0.453685547103238,0.0554505552963327,45,"ENSG00000248529"
-9.63531917088916,-0.2795879486835,-0.00511557719366484,0.826529803361172,0.0731738450733466,-0.00528553045902968,0.000255203474431739,0.000416378466229454,0.00405168211241669,0.00220021671300951,-0.00357325261489722,0.00290236245532405,-0.00410828676399221,0.000801962597685908,0.000851638066219575,0.0162950746089807,0.106902766278078,0.00179370782524793,0.444250728428372,0.0326880785412339,0.00115580284445034,0.00145826611095185,0.00105020583757864,0.00170606847576266,0.00104593202391425,0.00115493626533594,0.00152397872330246,0.00156509199368549,0.00228028405393286,0.00166098892660716,0,0.00891365545780345,0.00434510080190756,0.0628143974731455,0.0251853165426677,4.80702656330433e-06,0.86107591294508,0.691755976781097,0.0175553751609483,0.035413845811869,0.00197546766082992,0.0568497945579387,0.00866619304899225,0.72506763655976,0.608140532458203,46,"KIF2A"
-11.2961970503026,-0.418011465538091,-0.000607807867577646,-0.963138044427243,-0.0407398917538711,-0.00557560128662699,-0.000372066528464885,0.00337527943344573,-0.00506747848781337,-0.000841996595969692,-0.00209288479409821,0.00409355143408062,0.00100119039475079,0.00171352827414339,0.00738677404908486,0.0344693970960802,0.26187655072231,0.00355598051689407,0.892583451162394,0.0656386968542749,0.0023744719767696,0.0029607519606879,0.00213646026431306,0.00346796248210844,0.00207932778599812,0.00228682836371306,0.00301799286168706,0.00316914161173635,0.00461740393953557,0.00337810254913896,0,0.110440640285682,0.864282319135918,0.280567500694677,0.534817556330376,0.0188672433847154,0.899996136701872,0.114142006291402,0.143953308063134,0.685523876743485,0.360091355483292,0.174977632033627,0.752064386192373,0.710561490894503,0.0287670870930224,47,"DIMT1"
-9.38066062664294,-0.444827354668217,-0.00334346753135342,1.03661206773492,0.0589664189131515,-0.00360421774429714,0.00240868010948588,0.0021236119935556,-0.00268333835851436,-0.00287796868759424,0.000885140491817422,-0.000274139613890409,0.0017344053006125,-0.00080142036002293,0.00474591289693829,0.0149371098032413,0.0994495012322475,0.00155265225915409,0.383979275515737,0.0280531320635236,0.00100047342936494,0.00124370144545227,0.000901254983318522,0.00149814229284134,0.000906058926683311,0.000991263002233711,0.00131163254895094,0.001351427423636,0.00200678690476806,0.00142939165599417,0,7.71670291353959e-06,0.031287955726113,0.00694111441608606,0.0355572250775108,0.000315156592954292,0.0527816795933517,0.0184588380714764,0.073275568029791,0.00149136119527269,0.371888166632796,0.834443232531294,0.199356289334348,0.689631655448778,0.000899424486275013,48,"IPO11"
-14.614235925463,0.277615191312993,-0.0175893840586865,-1.16011599977908,0.144251245333895,-0.0165428108541754,0.00718443558209478,0.00110920036072549,-0.0274909975042571,-0.0041305069324514,-0.000693851136670682,0.0005190791056264,-0.00907082600087275,-0.0436209787583212,0.0296321550393119,0.165365337123201,1.20950858458501,0.0170408186980647,4.35742604776083,0.307852778869856,0.0118705882765867,0.0146488444617072,0.0106171208729025,0.0169759142790462,0.0107673201948432,0.0115489584632723,0.01518440614034,0.0157413220563993,0.0348578603023455,0.0167577931159693,0,0.818459135714911,0.301982530355983,0.790055282122791,0.639375472034555,0.163439471298173,0.623819858283302,0.916794151460132,0.105358669298055,0.701263724619159,0.952092628345256,0.972729618273436,0.564450972018272,0.210790121636601,0.0770172504048644,49,"LRRC70"
-14.4847979077659,1.79614286604566,-0.0278213152749073,-1.33508446573151,0.0451856932653588,-0.00860435344618049,0.00442081877486427,0.00465941398060111,-0.0225934369377107,-0.0218841563126777,0.0232367761364944,-0.03503145396235,-0.0186642989692264,0.0300160645662941,-0.00580922734072893,0.166308934019777,1.03758327620515,0.0201454833814474,5.56992008103691,0.40757203540752,0.0136452544247715,0.0169539470652075,0.012898131548665,0.02251470220794,0.0139364671368834,0.0154531559760153,0.0208118440400483,0.0193071078119464,0.0224119707416158,0.0204229380416587,0,0.0834369455363914,0.167272814123786,0.810566367319673,0.911722973226728,0.528318586672689,0.794281798827054,0.717914656289305,0.31562110619042,0.116349973348519,0.132660871407022,0.0923274724596464,0.333690974900171,0.180477208256962,0.776068449667397,50,"ENSG00000248285"
-9.04567441772346,0.00353806824427743,-0.00291810442927144,0.338095813183149,-0.00408922898907995,-0.00138100440421959,-0.000188507403983272,4.64340021997902e-05,0.000147439535508247,-0.00344526314883489,0.00121378284513202,-0.00406442798248024,-0.00170383803430239,-0.00197825622606995,0.00099303539393525,0.0135429459704666,0.0802717537968685,0.00153342206598732,0.379542617503884,0.0278672142131202,0.000962298346675454,0.00121747525193255,0.000887027441649434,0.00148803457588432,0.000907804449903417,0.000999818440515689,0.00133413570424311,0.00133819763915733,0.0020211298083083,0.00139613310770546,0,0.964843719902927,0.0570403548184212,0.3730375361592,0.883337415543264,0.151255628875777,0.87695164182443,0.958251506344109,0.921072046549665,0.000147548262941313,0.224746479685423,0.00231531969590451,0.202935204162072,0.327685076793696,0.476913477537426,51,"RNF180"
-8.72137827893015,0.00327231717522484,0.00525519956613815,0.556174860596352,0.0508414123112078,0.00781268039179283,0.00321094657659033,-0.00101785165809832,0.00614771164014536,-0.00352023443197991,0.00100685235342912,0.00624767122944256,0.00184737563069909,-0.000929312436173947,0.00467836900456214,0.0127476125077441,0.0700268190798581,0.00145483440851245,0.361310332111452,0.0263163641834429,0.000905857367756229,0.001147778233446,0.000835032817195269,0.00142414187269635,0.000873204357988139,0.000946582945887834,0.0012680658766564,0.00128939295676937,0.00193308560174425,0.00132224915767894,0,0.962728830565246,0.000303572651934921,0.123724410654666,0.0533679641139455,6.43028297798306e-18,0.00514946327054983,0.222868440906573,1.58319554228251e-05,5.54460238455288e-05,0.287477993679037,8.35318587205919e-07,0.151929766758373,0.630700980681116,0.000402879747166218,52,"RGS7BP"
-13.9590451063191,0.863873323632775,-0.0087607812135847,-4.08954814325567,-0.273029779730874,-0.00425829170004568,-0.0149369392005003,0.0242327431457444,-0.00716110375090727,-0.00695605523405964,0.0148604930165065,0.0046114717628459,-0.00294131870323552,0.0266154477562838,0.0153415215605847,0.477058489396783,0.595386571080426,0.0365214796203341,3.05226911312328,0.222386251123249,0.00750994024706729,0.00985288863605076,0.00659721717498975,0.0119506252074686,0.00670414909708374,0.00731875080664565,0.00997132265182535,0.0103573852268243,0.0130767906994416,0.0109059828331937,3.28628098071641e-188,0.146795103334342,0.810423101629773,0.180297805487039,0.219549172125505,0.570700106750843,0.12952037822608,0.000239553888928097,0.549023391476504,0.299468119300718,0.0423089393156082,0.643741853734647,0.776423602857052,0.0418187303424516,0.159514311847379,53,"SHISAL2B"
-10.4018545442487,-0.0469025024034694,0.000553024629687429,-0.847963265730083,-0.063165096818692,-0.00284997812702301,0.000150503710545321,0.00330506585535684,0.000119043008317648,-0.00222530518550633,0.00253965149493524,-0.00051592739685298,-0.00203733496819439,-0.00669420489986039,0.00395559732932905,0.0221259953928915,0.14758782096319,0.00252715149388994,0.644059082993046,0.04752719501874,0.0016683882094483,0.00210324630745507,0.00151435512285379,0.00251087429981781,0.00152296881755569,0.00168570042211074,0.00225436320469884,0.00229995774701936,0.0036048578090515,0.00240341178978637,0,0.750641313143065,0.826779989485554,0.187975302298701,0.18383787247064,0.0875950819317992,0.942953812578889,0.0290733425718297,0.96218567900625,0.143970804574428,0.131916984825031,0.818979856820308,0.375717718398009,0.0633117875869223,0.099799611961219,54,"SREK1IP1"
-9.02032293779115,-0.0599557411027098,-0.000973042811510265,1.13032924911448,0.00379697293044843,0.000143666571937004,0.00118578698117139,-0.000751506921537676,0.000748615377162162,-0.00112105895168694,0.00232603943503057,-0.000278876544353725,0.000168936295778306,-0.000993679726188606,0.000577056276228997,0.0133221063609331,0.0776035251666616,0.00149218326737058,0.371143776125641,0.0272333109024615,0.000939868457504106,0.00118332330515564,0.000860841057550283,0.00145604089420983,0.000881015103894699,0.000970215232583315,0.00129853024583568,0.00130588053496476,0.00196670221922079,0.00136633873685534,0,0.439764808257414,0.514340942562747,0.00232271136791375,0.889115230436228,0.878510124098963,0.316303991909007,0.382667713647862,0.607150986565281,0.203208730961307,0.0165097768270913,0.829951925453882,0.8970681983963,0.613382031360119,0.672778588741451,55,"CWC27"
-12.7189327449686,0.0780062775899338,-0.0163339571734577,3.59291096144688,0.511950800354481,-0.00468631178608946,0.0012611956182333,-0.00569396256466048,-0.00355390174724933,-0.000487389998003489,-0.00470498361046496,0.00955363469368485,-0.00241335498987037,0.0103110923650434,0.0051211737417138,0.0885500868022457,0.602729201959336,0.0112392221450846,2.96162445612363,0.206860814516536,0.00761994024498224,0.00875816595509666,0.00686076920872054,0.0110922437506338,0.00693015401238737,0.00764219270704125,0.0100450006271953,0.0102584591715937,0.0148509623795565,0.0105510830240218,0,0.897023925934349,0.146140585223533,0.225070378785811,0.0133289775321359,0.538550513973391,0.885498691576638,0.406578001451204,0.748668757467655,0.943931893270318,0.53811969837661,0.341561972833181,0.814010730708469,0.487491170077796,0.627414273648595,56,"ADAMTS6"
-11.7719715662856,-0.0389854265436075,-0.0253629851064496,-0.808180302331321,0.151611324954251,-0.00570845423796459,0.00215209532977536,0.00440133493535434,-0.011123842976427,-0.00633984063105146,0.00728222655219062,-0.00826963182824627,0.00181513330368541,-0.0143971708251027,0.00924999566511667,0.0453566601751596,0.333351751610889,0.00511214470917567,1.30863836588443,0.0947391301515031,0.00339410809980748,0.00418610947672932,0.00309813658596315,0.00506836079810402,0.00317120422569541,0.00344298198974866,0.00452804587831383,0.00462686427084778,0.00770363216288004,0.00482384659393031,0,0.90689982025371,7.00157827108905e-07,0.536856554462979,0.109531356492627,0.0925937284081633,0.60717933050834,0.155421614874,0.0281807129764527,0.0455877709743171,0.0344220354185412,0.0678030358541374,0.694834256310322,0.0616393895247721,0.0551673420766971,57,"CENPK"
-9.80683487645511,-0.49224609223661,-0.00562889573262326,-1.58550382994802,-0.082403313762256,-0.00303414692723589,0.0023994963071503,0.00251751311912705,-0.00778641916906587,0.0027267166718503,-0.00186382660851992,0.00377358528024957,0.00417022894237062,0.00378903438602678,0.00651280296452336,0.0178560177942853,0.131404280980103,0.0017857869556812,0.440856267547079,0.0328465555992938,0.00117389870960991,0.00144355369479238,0.00104651325241577,0.00172387749726477,0.00101475505728254,0.00110274909578898,0.00145699430072862,0.00154230734044699,0.00217638149363329,0.00165083836498185,0,0.00017964578251689,0.00162126655661582,0.000322628058323334,0.0121164238528856,0.00974707588382521,0.0964697148169349,0.016145052445253,6.27795530369e-06,0.007208210014212,0.0909966207151432,0.0095981664790489,0.00685330326352609,0.0816872668913815,7.97504456333958e-05,58,"PPWD1"
-10.0477205966669,-0.68888526392806,-0.000784303244507311,-1.616697865168,-0.100392193657033,-0.00515834961863498,0.00491720709395193,0.00236671257687204,-0.00373938841019738,-0.00151666815371855,0.00123356822718044,0.00120415865301834,0.00285467902311814,0.000131495896098576,0.0102010418373357,0.0204845024975055,0.154947061690678,0.00196504852095573,0.488270602617633,0.036339715785613,0.00130855257465522,0.00161451912728323,0.00116472931689787,0.00189171312802581,0.00113246421498479,0.00123652636297959,0.00163558345795918,0.00171874012193514,0.0025152636294316,0.00184216796404604,0,8.75085703138106e-06,0.68979988230399,0.000929401462546148,0.00573425346182227,8.07958686107177e-05,0.00232203322705753,0.0421551679108573,0.0480732149360999,0.180484859128579,0.318469623372844,0.461593325840163,0.0967307794380407,0.958306250161716,3.06784772412979e-08,59,"TRIM23"
-10.0878854029963,-0.458938139854894,-0.000788423743689981,0.921350217132632,0.100700993676517,-0.00036011803577388,0.00409610743645861,0.00226009741787402,-0.00684338171220736,0.000777118419128763,-0.000102464684494504,0.00240364197837962,0.00164836972676783,-0.0030635321414626,0.00155880616147617,0.0395264548929993,0.136686352634849,0.00321560834260747,0.534534471021893,0.0402117697627733,0.00140409107384553,0.00172703377791829,0.00126091870120019,0.00216158994461331,0.00127568944362063,0.00137775261536701,0.00181781838692596,0.00189375061006143,0.00288904957315063,0.00201455787515841,0,0.000786222104162964,0.806312031557545,0.0847710882491881,0.0122705519922261,0.797582004910128,0.0177036469762382,0.073065520568089,0.00154602923956616,0.542408292202932,0.940715273197769,0.186079126807436,0.384067655137195,0.288965184740495,0.439066312948188,60,"TRAPPC13"
-13.5366156387875,0.19281184145504,0.00215119312188035,-3.15404877712449,-0.152924649857294,0.00232811640166834,-0.0040186670822511,0.00388470460183081,-0.000819300306069726,-0.00236887574684255,-0.00122223462076908,0.00520274715002225,0.00041721087545867,-0.0147023815826111,0.0188442059816891,0.0899858331645461,0.573989729885022,0.0104350940534311,2.69929587419245,0.19457528604848,0.00697156367622477,0.00885953495837839,0.00620445991651824,0.0103379130568685,0.00642976465214826,0.0070272193390635,0.00937625277220868,0.00970141919707017,0.0169713089625487,0.00997586593920921,0,0.736934858440881,0.836673856678912,0.242616856049991,0.431902188766485,0.738421325018709,0.650118214054384,0.531239600770212,0.93683218302786,0.71255755284063,0.861921553353613,0.578972948150509,0.965697437776569,0.386321252614403,0.0588945793157208,61,"SHLD3"
-10.1435800229576,-0.358106652302204,-0.00153228125070098,0.435736244214155,0.0619346020879572,-0.00117893941867084,0.00645610153324072,-0.00286223441944066,0.00547271396036455,0.00264581036161905,-0.00469284906506074,0.013171605793769,0.00423266569168672,0.000641599900452021,0.0147763796995817,0.0205118236299866,0.136313325301589,0.00223224368267479,0.563363796893176,0.0414487012467296,0.00148445007784291,0.00182927067763899,0.00133164670317591,0.00216400669678417,0.00131203980914274,0.00140234187907062,0.00185844693109792,0.00197989130208179,0.00291251666942471,0.00209230662597495,0,0.00861198927191868,0.492441365139955,0.439253467154351,0.135111043250883,0.427083256324473,0.00041661185120202,0.0316031220542159,0.0114396909613579,0.0437411830417356,0.000818572120230857,1.36628947739374e-12,0.032530761808869,0.82564487902399,1.63835089207867e-12,62,"SGTB"
-9.83347743258372,-0.0777504607523288,0.000130746869795166,0.471322638497424,0.0390040901116418,0.00340794430870629,0.00341224314546416,-0.003064148163241,0.0026823024757894,-0.00268754444088346,0.00251746154000869,0.003746426190373,-0.000329751205036121,0.00248622563294934,0.00476674936403526,0.0175631543908625,0.105735009241488,0.00202551307692457,0.516548997795303,0.0375360361357764,0.00131201745597234,0.00165698665757394,0.00120107158935168,0.00201930558790666,0.00123564995701367,0.00134309545544082,0.00178935146497629,0.00183118324493931,0.00268959886523231,0.00189669423972741,0,0.462136604644484,0.948532295580966,0.361534420088154,0.298753337846075,0.00939095037443902,0.0394649005835526,0.0107359286821096,0.184069393784456,0.0296297655873515,0.0608790648585046,0.0362836729186918,0.857093310660908,0.3552857495433,0.0119645527691088,63,"NLN"
-9.63408272002246,-0.138094662030837,-0.00548954185420669,1.11198555088923,-0.0464969314388007,-0.00423455492878727,-0.00365645877657688,8.50689835516686e-05,0.0017064265806039,-0.0024507202992568,-0.000137942435998061,0.000615051569871163,0.00506986030196323,-0.00456960138552314,0.00695826194985115,0.0415631793324498,0.116591282530006,0.00335224611422834,0.516669864987321,0.0400734389394905,0.00132008896051584,0.00167404053311931,0.00121791522274241,0.00209201083688002,0.00123412709515498,0.00135723132915299,0.0017903650601326,0.0018310554027091,0.00283610440077248,0.00191429125398703,0,0.236241365989767,0.10151116486984,0.031380284983499,0.245929525909795,0.00133763792874511,0.0289467018237373,0.944314615124156,0.414679029244443,0.0470563716254854,0.919046262869548,0.731196641314336,0.00562599450649974,0.107130761994191,0.000278085849775071,64,"ERBIN"
-13.97788207879,1.0649733246626,-0.020450215697431,8.0982198515503,0.0304587120889606,-0.0149128662269317,-0.016657798164138,0.00339797870381148,0.00496863917595759,0.0116052071103091,-0.00890938975851344,0.0175089999172869,0.0125983566284197,-0.00652836925923387,-0.000239172370209403,0.116294331885325,0.650111804109765,0.0121664773618546,3.19675894069774,0.239347306666093,0.00804580950363584,0.0101419905013372,0.00727935964115315,0.0127773652147997,0.0072981114206001,0.00798488202940934,0.0105307598289534,0.0110725199744447,0.0185773649208987,0.0115530116272542,0,0.101392757469821,0.0927889843285195,0.0113007268548607,0.89873668873121,0.0638114681109278,0.100495026866247,0.640645568546,0.69737780621354,0.111797439575576,0.2645153469098,0.0963819059679973,0.255202367860018,0.725276846392344,0.983483240779326,65,"ENSG00000286314"
-13.4588805910412,-0.145672025445578,-0.0219326401149626,1.8815160576088,0.0404240907225868,-0.0035634176639747,-0.00791273690465712,-0.00499380806610485,0.0271423363610998,-0.00901786107378247,0.00215734935999853,-0.00771598236791686,-0.00389796174456924,0.0144769584942764,-0.00463172718762797,0.0925366555792101,0.563057319888164,0.0100204405731909,2.61442383934503,0.19311497890344,0.0064823052521293,0.00829644658539292,0.00601193859237101,0.0101456198580095,0.00635100482456621,0.0068780652411797,0.00930277167581061,0.00916000322418961,0.0115684212501149,0.00964051522005094,0,0.795854253134898,0.0286121069471766,0.471729696580696,0.83419333327385,0.582515159786878,0.34021014476025,0.406172200127186,0.00746676847184828,0.15563361775541,0.753781998900341,0.406862076697875,0.670441956981795,0.210781133735209,0.630911751166682,66,"ENSG00000285999"
-9.42856284938477,0.10315264538575,0.00305539442570461,-1.86683700481183,0.042281350580216,0.000387027518653633,0.00120445518351953,-0.000773495486427322,-0.00264653751125512,0.000707070269765216,-0.00159588877240442,0.0016988221616847,-9.24998205458532e-05,-0.00217193072451057,0.00327226294556145,0.0139359717742324,0.0852316253008205,0.00156040344747884,0.380985292444216,0.0277446020196105,0.00100092565083346,0.00125114478513053,0.000905611807743345,0.00148736790375869,0.000905403030501707,0.000993802038218704,0.00131310392289669,0.00135850688321765,0.00205963454657913,0.00142325891836027,0,0.226178157683711,0.0502206529924047,9.58250409279095e-07,0.127521523023653,0.699000826320267,0.335706883965256,0.393041972608527,0.0751835625470323,0.434834648738333,0.108308691816617,0.195753377444046,0.945714525790258,0.291643819710623,0.0214973323352583,67,"SREK1"
-13.0023613848955,-0.403129275735434,0.00895863461455495,-1.11959064490994,-0.233021682686493,0.00396987907190697,-0.0305941857648441,-0.0112714462292693,0.0114558955598023,-0.0030339395990605,-0.00667114401769896,0.00952620813471812,0.00658224278334915,0.0184105502165469,-0.0280775519183597,0.0887369518891372,0.60093451779932,0.0105610173898598,2.61051951572657,0.199446887776955,0.00650111172366667,0.00873904547009994,0.00659383554372168,0.0111559593445658,0.00649130418527741,0.00705490217549987,0.00961049447984429,0.00981836055384241,0.0133256489598969,0.0104348381549812,0,0.502324197213813,0.39628549143331,0.668013055020932,0.242669837035097,0.541433840073336,0.000463757202423703,0.0873784600273415,0.304474270082011,0.640224299023258,0.344350581521481,0.321573402069242,0.502601934486309,0.167098389991589,0.00712913685960136,68,"ENSG00000251391"
-12.2451893291078,-0.458968300166584,0.00142868425299024,1.45052654656314,-0.0545603301879126,-0.00548106754131203,-0.00843549752407762,0.000520001024599167,0.00973766409814463,0.0119465161022608,0.0022279438625599,0.00324815383001162,0.00750215954848446,-0.00307171054218013,0.00226157597587713,0.0683913493130197,0.448554047416956,0.0080990118509023,2.12261974163959,0.159626583534206,0.00530078418056026,0.006507886068751,0.00483468844288371,0.00805174341024136,0.0047813123675733,0.0054610325090397,0.00752769599345219,0.00745970706514524,0.011801473202904,0.00763651824594884,0,0.306205074067691,0.859977904188748,0.494375484414081,0.732501579621774,0.301131162822491,0.194907880847548,0.914347692241335,0.226514663748571,0.012469018120591,0.683294835527335,0.666109390607086,0.314564279627047,0.794646289225307,0.767113421397284,69,"MAST4"
-9.23874924927424,-0.175250512620867,0.011872125976844,-0.469636214374935,0.0234178237638075,0.00149763584882735,0.00945933617650502,0.0035330372084689,-0.000718624878755454,-0.00403496459562403,-0.000397599607780954,-0.00475971913812265,0.00928468542662735,-0.00139609767970258,0.0153700960607363,0.0397603495952769,0.0971918822342833,0.00311622086505481,0.436435117840876,0.0334624373505353,0.00113319913252221,0.00141576150553946,0.0010181773928583,0.0017467238780802,0.00103923723245049,0.00114111836333796,0.00151145815011692,0.00152743398700195,0.00229938987396933,0.00164320365297527,0,0.0713663241105955,0.000139088690073476,0.281894437845503,0.484037093806073,0.186301420064539,2.36593534031272e-11,0.000520531344656636,0.680769736570268,0.000103336446230015,0.72751744906746,0.00163779230887627,1.21223898577254e-09,0.543744699206329,8.46038332671456e-21,70,"PIK3R1"
-12.3230278845825,0.08098209353918,9.86657928224667e-05,2.38328169319582,-0.204432727401379,-0.000731553142513947,-0.00382174472546279,0.00441534268076035,0.00938612523867841,-0.0088085437707007,0.00498837792696429,-0.00792698019118057,-5.21815848251366e-05,-0.0102441412777653,-0.00277516644958885,0.0522813875716358,0.322461280904226,0.00597200471963919,1.58571896299532,0.116394366204423,0.00392825988263467,0.00509936859058309,0.00359001572561358,0.00623346812505012,0.00379963472574722,0.00421683995693218,0.00567307710842426,0.00562946220752619,0.00935038304510061,0.00575374166942677,0,0.801707867204915,0.986818441168163,0.132847810813109,0.0790235594490275,0.852265735413365,0.453583314299285,0.218736396584503,0.132128042265747,0.0204351581614242,0.236822657263753,0.162323929664676,0.992604216327826,0.273260341452922,0.629575954672728,71,"ENSG00000248884"
-10.3369883322117,0.418850246262442,-0.00980734360838199,1.26503464698605,-0.0678228233521739,-0.00172925728622733,-0.000413508618701074,0.00657993784974332,7.36370840069166e-06,-0.0107371990619628,0.00398392045425236,-0.00620810148853217,0.00167556666374845,0.00054787660154505,0.00307979975035491,0.135895139401101,0.145134229106475,0.0100055108554498,0.721819062510201,0.054099910978466,0.00179132092297858,0.00224412316977753,0.00162216544593119,0.00288880522524431,0.00169951359204944,0.00183185903157609,0.0024483070150924,0.00247470500566167,0.0036280469055113,0.00265437738222681,0,0.00390233141292957,0.326990271911963,0.0796767458804402,0.209966090236728,0.334367961462506,0.853807225629345,4.98630348686157e-05,0.99796615471714,2.65300850530238e-10,0.0296453758849276,0.0112232067926767,0.498356890091053,0.879966688542609,0.245938081301466,72,"ENSG00000248359"
-14.516521259353,-0.109331060246588,-0.0227671885678871,2.42778337080179,0.518854521676515,-0.00916181494708427,0.00571237361142476,0.0119434727146269,-0.0142911488718456,-0.00491797183073336,0.0143092754416455,-0.031769293703212,-0.00505985484569583,0.0186238538324343,-0.0109638536773453,0.16055145747679,1.1935234595909,0.0157560272174877,4.00581049508037,0.284875356890763,0.0107067523491537,0.0131976574178854,0.0098588527960746,0.0165055874017403,0.0100213104777158,0.0112240179585724,0.0148952326639134,0.0144424170091011,0.0163665900832889,0.0156105007222541,0,0.927012981330948,0.148462712629471,0.54447128745149,0.0685553820395784,0.392161313465798,0.665136540101498,0.225724327082592,0.386579535902449,0.623602309834371,0.20235173714489,0.0329370511839001,0.726078433116326,0.255154306424638,0.482468168035667,73,"ENSG00000249588"
-8.86782664917553,0.313998283754317,-0.00664559268861013,1.67061673998679,-0.045655534430262,-0.0026122188082215,0.00135842911858546,0.00391911768885445,0.000944275670723109,-0.00928348552044345,0.000466709906149472,0.000585540365666845,0.00272790206020164,-0.000234279524151243,0.00803471472242031,0.0825957089541025,0.104783167285585,0.00612011972918383,0.522330141367675,0.0397219649313812,0.00130175059425648,0.00161758462595793,0.00119997516857825,0.00209112596237699,0.00124172053634664,0.00132649206051597,0.00175164441868765,0.00180907499669344,0.0026538790720902,0.00194570840811083,0,0.00272965572040401,0.277540973776558,0.00138196107581656,0.250400336249505,0.0447819523597208,0.401026929815481,0.00109078638391847,0.651583637803117,7.64395272136085e-14,0.724959988858448,0.738167992606521,0.131580423666944,0.929655608110532,3.63624643123093e-05,74,"ENSG00000250237"
-8.6519432992761,0.275994499863975,-0.00725122537945105,2.35740047218392,-0.0261395455505679,-0.00337012978723388,0.000938827099211885,0.00560840444951509,0.00221032058946373,-0.00927836730617176,0.00205210718507917,0.000740802431550742,0.00183910338766871,-0.000289589888788998,0.00296800803428906,0.109708800206042,0.10113744067417,0.00800876600632218,0.510047839758046,0.0388897708469799,0.00127688883599676,0.0015797468887472,0.00116463496224543,0.00207039247642907,0.00120690634906499,0.00129346079584349,0.00168724661475847,0.00177991778614503,0.00261368864765015,0.00188773145583646,0,0.00635449456186561,0.365247654604707,3.80204065473898e-06,0.501491709787998,0.00830703096689341,0.552318453433463,1.46765613058883e-06,0.285707613874255,1.4977120482291e-14,0.112620389002465,0.660618090437617,0.301486042834125,0.911777012552451,0.115889851049836,75,"ENSG00000249335"
-10.64152844007,-0.19317385204446,0.00320717271626756,-0.800026612601554,-0.00363058423392715,-0.0021164661559128,0.0022648480376988,0.00135379137865513,-0.000150615295666586,-0.000548966291624922,-0.00485583302424215,0.00343070105545631,-0.00102404780735583,0.005557769226155,0.00501235713347041,0.0246522809834666,0.171922571669615,0.00277590578292496,0.691890362465276,0.051130498734636,0.00184211150608875,0.00229471326856008,0.00166849931682644,0.00272310822680412,0.00165032916378484,0.00180066892802089,0.00235636365216705,0.0024807075195151,0.00353427280824328,0.00261284335124263,0,0.2611786815557,0.247942708953154,0.247562140416712,0.943392792815511,0.25058283505967,0.32364989336611,0.417145965992535,0.955891442959634,0.739405680228551,0.00700339352460902,0.145411910032633,0.679749682870169,0.115826428050607,0.0550662055850377,76,"SLC30A5"
-12.4623048494247,0.175730443654011,-0.0175928143764887,-5.07080878047651,0.00227234057173034,0.00923720487530458,-0.0198645487792857,0.000156633974756095,-0.0126599827339423,-0.000722546330622958,0.00173135721112832,0.000754381773804343,0.0100018793832093,-0.00218472747656689,-0.00441061980619965,0.0586220921030282,0.387339736966074,0.00721779944711178,1.8003465818358,0.134328828341571,0.00455805111854189,0.00575416724926899,0.00436867640230967,0.00721705635088499,0.00444732681285347,0.00480455896499678,0.0066139341955409,0.00663487723399344,0.0102741659547866,0.00672630918490671,0,0.650055164972996,0.0147924549529698,0.00485389094668316,0.986503425853292,0.0427065145405806,0.000556030899874454,0.971398875143657,0.0794004565073121,0.870937673140934,0.718580060869548,0.9091906573518,0.131690189346291,0.831605580661309,0.51200005512646,77,"ENSG00000248664"
-12.423310070942,-0.290806623206254,-0.0061351226647942,-1.31531324018179,-0.0303266323848103,-0.0016082508622202,-0.00190888223058847,-0.000804925282985389,-0.0109157139205055,-0.000201941613876299,-0.00227635471455149,0.0103657829987251,0.0117849799391188,0.00514257187582002,0.00709468117445327,0.0594499629545237,0.451308553132683,0.00608003466814128,1.5528225117553,0.115105314313128,0.00414327355486598,0.00506464764164991,0.00373326591424025,0.00601165452735529,0.00358534529473174,0.00384866380563486,0.00505505783218302,0.00540191019070784,0.00761600686256974,0.00577577693872117,0,0.519339942302453,0.312945632532423,0.396969071930595,0.792189446688754,0.697898025404203,0.706245495186764,0.82929263326628,0.0694073974519463,0.955083560966896,0.55420806815602,0.0403082029539821,0.0291367058619593,0.499528351387757,0.219315246887877,78,"CCNB1"
-13.0321539859629,-0.743454897048649,-0.0104233188816921,-4.34639444212764,0.0149604316123992,0.00271432077764991,-0.0200627699927244,-0.0101305240581535,0.00579078387708467,-0.00412165883224485,-0.00143187357330216,0.00251860601168708,0.00600161042421698,-0.0182148278574194,-0.0021983687002075,0.0779988298630857,0.558793258819123,0.00857123084842249,2.17966430043943,0.158684026284135,0.00549139950653876,0.0069976449587103,0.00508054808690118,0.00820381891148158,0.00526908818290036,0.00574993496679983,0.00762437059876876,0.0077550489659242,0.0136092645905019,0.00794135167538793,0,0.183365096621638,0.223953716488847,0.0461448438214075,0.924888230498446,0.621104354843864,0.00414285369158591,0.0461539652394813,0.480272455923618,0.434077188325959,0.803341978906346,0.74114590333389,0.438991605092926,0.180761575109291,0.781914094853824,79,"CENPH"
-11.0247549549587,0.122934616107591,-0.00388463498799791,-1.55079001672971,-0.067056583981287,-0.00366585524939289,0.0012402830252427,0.00312167500912992,-0.00337218098481139,0.00128925078833093,0.00201560433042847,0.00225504624713504,0.00490854634575261,-0.0060112750291026,0.00240954162436532,0.0291631940815024,0.2076558931886,0.00329404578548096,0.833442387481323,0.0621719168715662,0.00221943427125862,0.00274255489969297,0.00199018378943434,0.00325046845695221,0.00193535056277854,0.00210639872702582,0.00280376257297263,0.00293992120178642,0.00452213054533515,0.00312651678014211,0,0.553843083373511,0.238282751028316,0.0627859153437347,0.280780755055005,0.0985942832792828,0.651098722061604,0.11675608483674,0.299528696633637,0.505309610657211,0.338619794909973,0.421227854360722,0.0949949001983966,0.183748511431269,0.44089707084348,80,"MRPS36"
-10.7305045701823,-0.157282659188867,0.00528318835528928,0.436140426373958,0.0319564518393875,0.00212508167057195,0.0034984487498186,-4.19892024625448e-06,0.000786128177457647,-0.00130884785163762,0.000683826719104601,0.00125298210486288,-0.0017035666253947,0.00237547100171136,-0.00279791156430753,0.0241531608675305,0.156683875687906,0.00278627642305223,0.715111886669586,0.0518659128162072,0.00185134549754305,0.00232467795519848,0.0016774897522749,0.0027991568072916,0.00170511063799016,0.0018695572091401,0.0024856338619664,0.00256703472185864,0.00374508383754029,0.00266556262879187,0,0.315464609868982,0.0579406720562432,0.541933901097378,0.537804817594836,0.251027204576496,0.132345264935079,0.998002819311719,0.778829565449082,0.442723145572557,0.714537194956818,0.614198435878314,0.506925811537391,0.525891272288547,0.293878412598777,81,"CDK7"
-11.8827826052325,-0.118344221684066,0.0138425560987154,-0.0520750213663839,-0.208251250159163,0.00639820976533255,-0.00577164946000845,-0.00528811463918961,0.00913189149941228,-0.0032467726533778,-0.00354352854360271,-0.00905638430809805,0.00197061963840846,0.0163669040002953,-0.0073276628939244,0.045836582598128,0.284309588617147,0.00548797803395309,1.39855420675657,0.10671914314014,0.00353242773983051,0.00461227208767877,0.00329881113645258,0.00548823657538243,0.00342383624374008,0.00379494218842297,0.00508713112491751,0.00508800465687228,0.00654936578190271,0.00518106603847284,0,0.677226161098726,0.0116576391159298,0.970297714381841,0.0510100225340268,0.0700977806401039,0.210800265418023,0.108926597199405,0.0961318810795339,0.342984370010378,0.350432693299227,0.0750344409919281,0.698528970287722,0.012454222304781,0.157269237563431,82,"CCDC125"
-11.7526733623198,-0.468499560905661,0.00200178773498492,0.137349124932153,0.0186237144860332,0.001858038779158,0.00932181834224312,0.00473476306344997,0.00681830767239461,-0.00066917593772131,-0.000117924473176164,0.00571371816864852,0.00579280323250481,0.000202920673990545,0.00120694568851612,0.0413449374077443,0.302981675591404,0.00442328992913626,1.13213729048204,0.0831595481339052,0.00303893835060648,0.00369218011050944,0.0026959423400449,0.00433591679909716,0.00258934701275571,0.00282070061609752,0.00370630120234439,0.0039699533040798,0.00571469020081569,0.00420332519914327,0,0.122032931955544,0.650868270429957,0.90343881839656,0.822794958405192,0.540927861224082,0.0115781815999601,0.0790448235081606,0.115830443482627,0.796071791067169,0.966652712256033,0.123165299350783,0.144520647696514,0.971674185331196,0.774004598986732,83,"AK6"
-11.1440519679035,-0.981794922550025,0.00580064218118735,-2.63974571827272,-0.170027630970402,-0.00397646774037248,0.00704547957030823,0.00466283831491711,-0.00192153162541849,-0.00335936880838207,0.00228450433704758,8.74636018532201e-05,0.0036634832173561,-0.00222827638849137,0.00602464990124467,0.0358347329441446,0.297105699607039,0.00319537594557854,0.796870827595199,0.0595405208162736,0.0021729593013753,0.00266637013675957,0.00191963413173029,0.00306972654849006,0.00182756528823387,0.00200225680126577,0.00264988593424442,0.00280710455526816,0.00414564891481753,0.0030377763019066,0,0.000951355363853841,0.0694741550533074,0.000924200482985259,0.00429471427441227,0.0672532269721264,0.00823332502585213,0.0151395097225862,0.531339982572103,0.0660379132944473,0.253884611713696,0.973669361554321,0.191867160222193,0.5909239345655,0.0473402445773515,84,"TAF9"
-10.8856077486938,-0.0633034746022993,-0.00269784291994218,-0.591347697123423,0.00678508484530308,-0.000531381133676781,0.000721422673418853,0.000752315093394823,-0.00113220637815928,-0.000452124851506677,0.00133303944030369,-0.00270635742104194,3.5727826063549e-05,0.00105808807174785,0.000269056897955057,0.0263336977931605,0.178068117168009,0.00302624061002336,0.774672402149035,0.0567481547670662,0.00200535359839065,0.00252182237405266,0.00182068064054128,0.00301893879000649,0.00183869603614787,0.0020321474767107,0.00269074932689978,0.00275596837077319,0.00403935518071728,0.00288906920463663,0,0.722213955678307,0.372669954889809,0.445253521401792,0.904827862306525,0.791023894296553,0.774823005922826,0.679456123637626,0.707634764841888,0.805764066106909,0.511839735116772,0.314511474738927,0.989656672893352,0.7933640022383,0.925800866595084,85,"RAD17"
-14.5512586318383,0.32947147248002,-0.0274333961095334,5.17549232692827,0.318496534968104,-0.00354519023863458,0.00858705994238494,0.0143462964203592,0.00565802728139521,-0.00445272280670399,0.00365745175716276,0.0129658092616223,0.00636885170110703,-0.0314594631228637,0.037109220079144,0.161960810223034,0.972239372381905,0.0168621131794079,4.5901432670054,0.313069511951313,0.0117051801594104,0.0137270149574744,0.0100505891205476,0.0173066523080714,0.010703936060602,0.0114505142686498,0.0153158563272907,0.0154108475591478,0.0307009254213608,0.0166775938003884,0,0.734700911152394,0.103752994549138,0.259521401451517,0.308994148117832,0.761986179062037,0.531604133439245,0.153462179918487,0.743722427769306,0.677417837199833,0.74941278185429,0.397239764600423,0.679408296946194,0.305501306363342,0.0260749035896645,86,"MARVELD2"
-12.5969489166633,0.277066284312993,-0.00548634827252828,-0.478152058159893,0.194295475914618,0.00698773590001148,0.0036935207391772,0.000191394697276955,-0.00689026025172402,0.00868872369815422,0.00710652835190023,-0.00544688024096214,0.00990951311661499,0.0144923968470341,-2.87396040984948e-05,0.281730312292405,0.372917296906321,0.0199320978705078,1.64406493413892,0.133586086761571,0.00445827650190917,0.00528988397065678,0.00396535048088059,0.00716782181498724,0.00406382243753729,0.00436567568720594,0.00571476824544899,0.00587883362957633,0.00725154236817566,0.00617240303202534,0,0.457499973050796,0.78312269799385,0.771177314223339,0.145819113906354,0.117029958071675,0.485037498554879,0.96150362980558,0.336413049445535,0.032511324757014,0.10356334243317,0.340527471489067,0.0918679138088882,0.045659650843954,0.996284947139821,87,"OCLN"
-11.4966413767379,-0.251366612714541,-0.0136378402352892,0.490179738101295,0.303527699235959,0.000138803067995901,0.000618253223770947,-0.00129871667743759,0.00347507764778926,0.00227021195372653,-0.000960530516363643,0.00112788278675575,0.00612696821629555,-0.00224482475187867,0.00081853873800484,0.158660255391198,0.257174136959969,0.011385447449085,0.969576858013869,0.074138526945221,0.0026190292944645,0.0031162577038332,0.00234182832099307,0.00404889592403668,0.00235785339988239,0.00250913291387339,0.00329760009355995,0.00344857839204789,0.00508756278526476,0.00366574707822154,0,0.328362289723786,0.230982873161087,0.613165233503208,4.23881542192947e-05,0.95773357625103,0.842735206525086,0.579186200234689,0.390739062856841,0.335632850398622,0.701857884488415,0.732327259664806,0.0756233890708996,0.659040887352906,0.823306821970795,88,"GTF2H2C"
-12.1836921814812,0.0743909707511783,-0.0190459037579167,3.97222224738012,0.429637713405683,-0.00106125200406794,0.000695506735616458,-0.0066280819599551,0.0131036609851123,-0.000382653509138549,0.00324208968767662,-0.00250810670784841,-0.00252415544632559,-0.0184161164805911,-0.00220692822550858,0.0459737896471292,0.257611812422407,0.00504406392900757,1.34743283937036,0.0921550801748748,0.00338231160784787,0.00421830806668124,0.00307411900414341,0.00521044974090713,0.00329419339064721,0.00361818082126828,0.00484156297544237,0.00476076139327554,0.00857793215329273,0.00487057134334425,0,0.772756179942595,0.000159428061205442,0.00319844561295915,3.12974034423459e-06,0.75369930373484,0.869039908425148,0.0310765184277282,0.0119072571727637,0.907525736293317,0.370223290080569,0.6044327499477,0.595973306639173,0.0317998146281705,0.650466039491519,89,"ENSG00000290560"
-12.3533771402138,0.304161398838028,-0.00297867510146049,-3.39554491682981,0.333420407296093,-0.0041357332625507,0.0120036433007717,0.00611646009345418,-0.0133230865848869,-0.00945509164115474,0.00883457959893516,-0.0114186382860153,-0.00165392485127911,-0.0167375508569073,0.0146923983194356,0.0512067091946605,0.35758849153246,0.00581666025347473,1.46159505537976,0.102127798888033,0.00405375347013626,0.0049274609420952,0.00359435142146967,0.00566092110269688,0.00358939372996312,0.00393831737592441,0.00520419701841716,0.00532072072030074,0.00917724002303032,0.00563945904719648,0,0.394996829592844,0.608585429812724,0.020169612722345,0.00109565745085569,0.307622625836611,0.0148477815595654,0.0888141105317806,0.018596646744951,0.0084341976334409,0.0248815298953838,0.0282267075247376,0.755917683755226,0.0681806576819581,0.0091797854181265,90,"SERF1B"
-12.5556474168368,-0.0444406724882257,-0.00692750381674468,-0.905404572473783,0.534759342219648,0.00212952267453103,-0.00164269667593043,-0.00262859325617832,-0.000570689316870142,0.00106914928724381,-0.00153524959138784,0.00234169471089806,0.000768341351922955,-0.00480981131354013,-0.00121138777752697,0.0544511552075011,0.356577004429795,0.00623504411500304,1.57556630873318,0.109186825163037,0.00423694472792909,0.00517798797205357,0.00382539507713092,0.006105895750272,0.00386458901940845,0.00424618331800743,0.00558277133552482,0.00574584030837477,0.00884460243996852,0.00596255103251911,0,0.90081541029983,0.266542820552458,0.565525713809507,9.69873859208087e-07,0.615239844045511,0.75105684512543,0.491992651301245,0.925533923539558,0.782046734874063,0.717680939512618,0.674887122252669,0.893622945462861,0.586570043231552,0.839005269055731,91,"SMN2"
-11.7992237232824,-0.122801232479905,-0.0123900080726773,0.99691990384853,0.449984431732876,0.00323397187013751,0.00217778394659973,-0.00259011677846462,0.00520704110336961,0.00359889911843846,0.00152791725468233,-0.00116955893886449,0.000606362088100735,-0.000883413618630447,-0.00419407332161496,0.444396451678478,0.277682215977854,0.0300915648664761,1.09899608447273,0.0902947996594541,0.00305911148170338,0.00353440893782718,0.00274637146484755,0.00480796047187063,0.00286300150038673,0.00296824153189648,0.00383637358209924,0.0040422897429388,0.00571453656578528,0.00423385791229333,2.49281747213775e-155,0.658318020912779,0.680527392873282,0.364344028104592,6.24432495299744e-07,0.290438336709068,0.537784717676687,0.34562717652515,0.278806584764473,0.208740199821223,0.606724214554983,0.760472367122764,0.880760979780483,0.87714408347522,0.321879360072259,92,"ENSG00000291220"
-14.7103635613603,0.129066077858972,-0.00774260787642038,-1.84700364774377,0.376036501417063,0.00795645141251284,-0.00649154059062128,-0.020037018593016,0.0296802859312348,-7.5019283915165e-06,-0.00382075709002645,-0.00314959351832578,0.00313561719856836,0.000193691492425531,0.016891694996974,0.468667839612487,0.835545888285286,0.0354633974983529,4.50153303074033,0.342918440210582,0.0118727461111661,0.0143340748337271,0.0108298526704901,0.018642965986322,0.0120400247782742,0.0123395082026992,0.016423249360046,0.0164882692639038,0.0230302289517602,0.0161992734303492,2.9865515539694e-216,0.877239820101892,0.827174543396322,0.681581876431549,0.272826311874991,0.502765899399859,0.65063893213875,0.0642897155750586,0.111376459981458,0.999502852148333,0.756837707219577,0.847917268234645,0.849173873573924,0.993289618187872,0.297066878677891,93,"SERF1A"
-12.4387973738695,-0.147015097639625,-0.00920742743213389,-0.14447307718371,0.272504617628826,0.0108354402268327,0.00551828164980628,-0.00233892250918642,-0.00721933341486406,0.00267615206533559,0.00147895300513422,0.000881666621406255,0.00984869325369059,0.0117856901172413,-0.00396045485430141,0.0525715528662172,0.34002672007738,0.00587892439647199,1.52427220385929,0.10930704320403,0.00401106764613225,0.00488424363136649,0.00361520228368061,0.00607338511653901,0.00366481124950085,0.00398283932468944,0.00522124092633791,0.0054117870332514,0.00701399815844492,0.00563282799546689,0,0.665477338443707,0.117307533681343,0.924488240198239,0.0126661800338683,0.00690512386471042,0.258555055095469,0.517652239170369,0.234564188085886,0.465250116986094,0.710390768917186,0.865905575765595,0.068780369850701,0.0928970477089514,0.481991939715633,94,"SMN1"
-11.0610485981349,-0.194281895079868,-0.00595566980315923,2.06314684158248,-0.0117205133833109,0.00324326085819221,-0.00362621881084523,-0.00473208320583623,0.0049604411840543,0.00427917196743465,-1.160597537307e-06,0.00270705368458349,-0.000684275419514069,-0.00169702287275288,-0.00452223031476111,0.0720630959498223,0.157247543204397,0.00565932488452029,0.786172911896452,0.0581908273065376,0.00193917260805742,0.00247213770718591,0.00176201880645242,0.00318825639344604,0.00185577469739608,0.00204912615825949,0.00275116317446384,0.00275033481527781,0.00435638977701734,0.00284959531592407,0,0.216638432067924,0.292632576353445,0.00868294524392695,0.840373981079106,0.0944263092873907,0.1424208693179,0.00723990297500749,0.119744326741101,0.0211179947895621,0.99954808892411,0.325131754943143,0.803517708170982,0.696870819050017,0.112518800593434,95,"NAIP"
-11.2665046864352,-0.057465966588967,-0.0132491721476324,-0.606029099747573,0.254917607721514,0.00488666486320891,0.00322026965104756,-0.00145709692573935,-0.000858096969012927,-0.00220571553412627,0.00666181342217895,-0.00398085508510984,0.00410989399339617,-0.000305837986397339,-0.00205635352820855,0.117705785803906,0.19936103200065,0.00864549554031955,0.875570250506399,0.0662527838232976,0.002324228434837,0.00280086186121531,0.00208947886766184,0.00365702869609659,0.00215928911767143,0.00230523820805389,0.00305281332498308,0.00311267113350247,0.00455787678382924,0.00327343419223546,0,0.773154805190765,0.12540051704354,0.488840874967719,0.000119255643643561,0.0355104567528515,0.250249983492588,0.485584132396897,0.814485665396688,0.307017236188351,0.00385414632673852,0.192235089097393,0.186709755545512,0.946501315914639,0.529876498330679,96,"GTF2H2"
-11.054080715575,0.466407690583904,-0.0126629751433531,-1.28912810488503,0.280128002385505,0.0105402779695507,0.00944689346995427,0.00367429266568113,-0.00907749892508433,0.0166604688641534,0.0246447006149119,-0.0207756525896018,0.0210024377607042,-0.00057334906385534,0.0168007526787781,0.0353736890665692,0.217580953919426,0.00401627153242382,1.11185150050456,0.0809580585555574,0.00271006851945734,0.00340962872060466,0.00251983297126467,0.00429836896065284,0.00266226983678709,0.00301529578471923,0.00402743847659049,0.00384871993762702,0.00591404314901734,0.00399983099768883,0,0.0320645240707642,0.00161647161020226,0.246275780432909,0.00053985038671997,0.000100532484474108,0.00559442407657338,0.144799396920488,0.034699547963119,3.89960632892728e-10,3.0024524409677e-16,2.48899405312244e-07,4.84265436322988e-08,0.922768440633422,2.66484275123723e-05,97,"LINC02197"
-8.47573542197119,0.451864841150441,0.00273939481073245,-1.95814937006517,0.083949570398173,0.00307142232011375,-0.00303966845263835,-0.00232712129351949,-0.00277721912986088,0.00392418523307155,-0.00074051625500036,0.000728663154951766,0.000628179017026571,-0.00364482971455127,-0.00487480949444048,0.0347374895713109,0.0532445663604847,0.00258856351540793,0.261504014910566,0.0201543933173056,0.00067763264417619,0.000847471945140835,0.00061971551989178,0.00108921256738439,0.000636346817873153,0.000689553981533774,0.000911489814683788,0.00093856505181856,0.00143119321392317,0.000982052228547497,0,2.1278761360593e-17,0.289933123182642,6.99161458397206e-14,3.10911226188384e-05,5.82683507943937e-06,0.000334827392477815,0.000173241535677365,0.0107800364685073,6.97123395928367e-10,0.282864750908815,0.424046938119952,0.503305874637036,0.0108744708673513,6.90913689247008e-07,98,"BDP1"
-9.91565945918139,-0.194514712689407,-0.00440124374896394,-0.671649313472544,0.000179713326754733,-0.00681100496317026,-0.00129498296531789,0.000760069402924606,-0.0113864355246282,0.00168990375456138,0.000963658184539596,0.00312337397734218,0.00675787477307808,-0.00377164395669875,0.00473392294119374,0.12658538967492,0.127586991006081,0.00918380865157837,0.497116301034504,0.0376960083222674,0.00129752126907848,0.00160084572756124,0.00114157714416345,0.00201266848304165,0.00113992528241699,0.00124259506145489,0.00165538268907278,0.00172346113275648,0.00262199467206073,0.00185521752836617,0,0.127367531555814,0.63176826575507,0.176666314272985,0.996196150414915,1.52725169627035e-07,0.418551519748434,0.505534834427171,1.53698939160439e-08,0.13821557860302,0.438032042107307,0.0591874002358711,8.81432672951966e-05,0.150302551622177,0.0107204686406206,99,"MCCC2"
-15.3647906955225,-15.972997203742,-0.00402311020316336,-7.61916699477506,-0.408497296156293,-0.00518915453547405,-0.0105831717650051,-0.0211320643126915,-0.0268505463568651,0.109155232654518,-0.0325114064172175,0.0397837794093608,0.025097663947414,0.0228800590954383,-0.0505698564985337,105.289925760627,1077.62426653991,0.0354757666737288,3.80379764701185,0.277072985496864,0.00992485939063388,0.0111377635640459,0.00901814294134735,0.0143088580773675,0.00872882371339241,0.00861807619969845,0.0106626551460669,0.0117645918140454,0.0139498266236367,0.0131875212210916,0.88397790941645,0.988173854657891,0.909709903051585,0.0451727651054705,0.140392488187442,0.601082722543262,0.342007499309481,0.0191148594476702,0.0605869023008413,6.99693638884651e-36,0.000161641474792089,0.00019062091005846,0.0328983108797615,0.100970242891268,0.000125730485158378,100,"CARTPT"
-13.1361347040861,-0.549458972891731,0.0190234603221301,-3.15663827455405,-0.157604465595633,-0.00111974939499783,-0.0076275005831721,-0.0010939884548983,-0.000893987062995328,0.000984076270422223,0.00123359325971182,0.00734252368628372,-0.00193359966037117,-0.00930789606501861,-0.00702561731830841,0.249780659434318,0.506828139798891,0.0192527707093205,2.08969212341923,0.152247214969247,0.00538495443982668,0.00692512067963068,0.0047364266950054,0.0082357395804903,0.00472520592488748,0.00530722297180242,0.00709679518434012,0.00732787531943013,0.0120454055975845,0.0079250516420772,0,0.278314701481715,0.323108824303038,0.130896572851078,0.300581196543924,0.835275530776094,0.270711758741188,0.817335487175241,0.913559658269723,0.835025155138569,0.816198866478328,0.300843944464506,0.791880808202404,0.439679741041643,0.375344141675371,101,"ENSG00000285804"
-8.02145634754644,0.109098066396538,0.00290211202587144,-0.606148829132196,-0.018063614185881,-0.00724804118539485,0.004167592044909,-0.00414519502588518,0.00896168150581215,0.00158447825525454,0.000752430583688381,0.00146383058699338,-0.00485032071662486,7.85735012683629e-06,0.0101947993796754,0.0102835526244464,0.0544772729904207,0.0010831903854707,0.252919652258869,0.0188414157733265,0.000650583923537803,0.000820767764660548,0.000587925645548616,0.0009807855715615,0.000596106764593915,0.000654009515068337,0.000868776040439385,0.000890155890177278,0.00130434942318167,0.000937778025646595,0,0.0452165338864854,0.00737925323605154,0.0165476933995906,0.337700567596995,7.93811934017979e-29,3.82081323439568e-07,1.78220968117015e-12,6.40614398157029e-20,0.00785955347411465,0.249942628786121,0.0920012396926156,5.06982126983964e-08,0.995193603548846,1.58057754066838e-27,102,"MAP1B"
-10.0887181842333,-0.533855112306452,0.00191243738419413,-0.223337943145569,0.0176476851106831,-0.000746372109163519,0.00202635313253663,-0.00037862508162731,-0.00417166533040561,-0.000248395264969315,0.00065625677605912,0.000801921396663344,0.00225082545835493,-0.00166464889321409,0.00244489075857916,0.0205482024374616,0.145021952337652,0.0022558141001699,0.570862029731914,0.0420045980197023,0.00148214591263661,0.00186121877765699,0.00134239875296539,0.00221982234583951,0.00134506972000456,0.00148097849513618,0.00196818117077689,0.00202438896777474,0.0030511253955983,0.00214127975915307,0,0.000232136925927321,0.39655968695215,0.695627764378051,0.674385386560182,0.614559835988025,0.276275714460077,0.777904307075937,0.060206419112561,0.85348715496288,0.65767621196573,0.683682741563992,0.266200826132381,0.585351092366499,0.253541525353684,103,"MRPS27"
-10.8651546574614,-0.377859514665378,-0.00937572133254458,-0.228974116327755,0.0753401874904536,-0.00193162987779616,-0.00200340966508667,0.000234574303368195,-0.00163366856610882,-0.00348033161506997,0.00130481603657537,-0.00209268714334675,0.000520285661298018,-0.0163170626970626,-0.000351503172836499,0.0278708444613393,0.198812932526193,0.00310592966288531,0.801216777621904,0.0585005285644611,0.00206031693144093,0.00258997331429916,0.00187624622184832,0.0031286689845224,0.001918827972032,0.00208626311426129,0.00279433977370578,0.00283070582725173,0.0048576800686461,0.00296567469026334,0,0.0573572902743747,0.00253901851572574,0.775044346627272,0.197796506326666,0.34848077291862,0.439211611899719,0.900505184879685,0.601558317574186,0.069711617585659,0.531687463246111,0.453916167331724,0.854169821175737,0.000782183461387307,0.90565260120229,104,"PTCD2"
-12.4346346026011,0.170412966698104,-0.0343795792291482,2.31425752907368,0.142819957917372,-0.0109011591154667,-0.00714434447939082,0.00740310112749688,-0.00514034437222851,-0.00118395666942061,0.0060143366953404,-0.0144742160158799,-0.00562727864172846,-0.00357731921777906,-0.0185570809381589,0.247958604198944,0.438560360029778,0.0190745577601265,2.08836057601162,0.149450139986426,0.00523673018007258,0.0061904854548372,0.0046926888282357,0.00828912217048866,0.00473935240144845,0.00526407155699672,0.00696724714839791,0.00700345654328156,0.0102804899656,0.00755990642208766,0,0.697591618062708,0.0714858225233268,0.267788613298274,0.339256085960596,0.0373723608328151,0.248465450012375,0.114661684945267,0.535171325719597,0.80273117805844,0.253235596922298,0.0377586104979306,0.421685688753956,0.727861462774755,0.0141013689332676,105,"LINC02056"
-11.5148417017523,0.089469162518295,-0.0274113019842727,1.88968583550913,0.279249927815594,0.00258340331635363,-0.00355499862482404,-0.00221228890107905,0.000698130906770425,0.000265473838114122,-0.00555813788843961,-0.00292382803752935,0.00488925329664537,-0.0110890726496245,-0.0143195990188176,0.214778908123424,0.283488049814643,0.016153871301371,1.38544624963326,0.104440239029097,0.00359014603433099,0.00435062819417956,0.0032804507344728,0.00548694684262903,0.00336124565507268,0.00364419732407825,0.00485121885855905,0.00477592271922991,0.00754050086635225,0.00512718468879931,0,0.752305243308587,0.0897179352602082,0.172581843445131,0.00750022665412843,0.471782594759335,0.413858105714763,0.500066163487365,0.89875451624346,0.93704790247309,0.127208664344362,0.546708496696489,0.305963026035062,0.141398890619897,0.00522414632637077,106,"ENSG00000251613"
-11.8867588697759,-0.486829423790496,-0.0192800839180703,-4.47903072218593,-0.165532105470627,0.00627705445761408,-0.0139251817320025,-0.00337288393507389,-0.000411003118994124,0.00535007632195094,-0.00585456419244554,0.000428043805881103,0.00982478566754629,-0.00220907103511182,-0.00715781823971449,0.125662643275824,0.323538675110591,0.00993702592232448,1.32670982934019,0.102928846869068,0.00334981742672512,0.004176071563155,0.00307723972869243,0.00529011966614851,0.00310671220661335,0.00338669439326221,0.00453827243682451,0.00462501152592244,0.0070026403003182,0.00487384053212137,0,0.132400603513442,0.0523521339479352,0.000735361654749056,0.107787269520778,0.0609511407926661,0.000854476690096584,0.273046181759985,0.938072585497786,0.0850509835614711,0.083863563020042,0.924856022041824,0.0336473481359553,0.752410452048793,0.141935967394883,107,"TNPO1-DT"
-8.84890691522033,-0.334327500827059,0.00575673654795159,1.98675559251283,0.0495116510491552,-0.00611526863968146,0.00540280185605941,0.00412043749309781,0.000273773439365709,-0.00468828535521442,0.00454204647956769,-0.00303856468249705,-0.0023808178065763,0.00172287515089145,0.00749436932664553,0.012770060845137,0.0766001749881544,0.00133887276176624,0.329635876447938,0.0239733760266125,0.000848467444697086,0.00106866068466777,0.000767044015860163,0.00127958456300154,0.000774299018653897,0.000855669199312717,0.00113483240985915,0.00114653874683488,0.00170730345733823,0.00122159363105876,0,1.27367923873663e-05,1.71037923065501e-05,1.66905174279299e-09,0.0388968421763365,5.70182638838957e-13,4.28869576097025e-07,7.79373801188278e-08,0.830582195549812,1.40524956686023e-09,1.10725021196356e-07,0.00741639210751424,0.0378453057364322,0.312916782309512,8.52063902343728e-10,108,"TNPO1"
-15.0473699260543,0.360995929263211,0.0196270416334257,-0.99223296002257,-1.27368357967702,0.00221555664298053,0.00412523770811078,-0.000928389965167525,-0.0453747839245817,0.00382910535366239,-0.0121202863074565,0.0179843071476796,0.0145201742472148,-0.0439056038380995,0.00432464733852125,0.203003438505878,1.34860599594467,0.0213439712684363,5.59731589401064,0.527640993375179,0.0145317139011931,0.0185666775178295,0.0133160997772461,0.0231156802006896,0.0130170105749736,0.0137772435586862,0.0179273440156462,0.019649053129531,0.0455221022496084,0.0209557219245965,0,0.788945031526568,0.357803241934421,0.859296767150724,0.0157818915478479,0.878821339683757,0.824169851121855,0.944417031567198,0.0496526905813164,0.76863438107203,0.379004341545143,0.315775253968477,0.459921708107367,0.334800413814537,0.836501343699704,109,"FCHO2-DT"
-9.72683525440456,-0.103297296150955,-0.000883425879335481,1.21663834654813,0.174306072702204,-0.003437182433129,0.00502970533771155,0.00240918596647928,-0.00323241256163689,-0.000578214454398794,-0.00103025800579948,-0.00218099461999774,0.00143611081693316,0.00160083189499447,0.00476329322956818,0.0170066541329295,0.110323313642705,0.00187760273911088,0.477817609787852,0.0342728259350774,0.00123745788567959,0.00153772307395326,0.00111900407169918,0.00186033563361236,0.00112059415857072,0.00123569408821267,0.00164249659781159,0.0016895001062002,0.00245647341000631,0.00176874904424644,0,0.349111387803693,0.637992587983528,0.010889027132282,3.66004559669945e-07,0.00547593432242882,0.00107213963385518,0.0313207715373969,0.0822914274633428,0.605861970370372,0.404422761143791,0.184226556333474,0.395313329651764,0.514608335665316,0.00708060187290383,110,"FCHO2"
-14.2303128165282,0.547085320911246,-0.0014437475233159,-2.99933390880738,-0.0872648191895142,-0.0156046255482925,-0.0101445637682734,0.0087959246506128,0.00199328699916023,0.0220202273878709,0.00459951980791235,-0.0204960026549892,0.00592294575820067,0.0125600228385048,0.0227160033831296,0.146905378520175,0.958511433634935,0.0150526877785424,3.74229203134492,0.287969343101713,0.0100654024436154,0.0129471091198931,0.00862957492512047,0.0148812718514784,0.00838317241383653,0.00989451154797202,0.0134602742873357,0.0132254318631236,0.0191132426066578,0.0145274185454519,0,0.568158567348492,0.923589718196126,0.422859741848108,0.761863111182549,0.12106399444323,0.433310713760579,0.308071622448937,0.893445266774752,0.00862128241593414,0.642034817103984,0.127832978426657,0.654264942807295,0.511092697638258,0.117896464104408,111,"TMEM171"
-12.8683916060533,0.0707912859241324,-0.00938252751709857,-8.85572343136253,-0.268681101429878,-0.00676183099977699,-0.0121834939992289,0.00532079490166843,-0.0336409776788021,0.00182652393476631,0.00367251645608958,-0.0023972023025745,0.00842204505392811,0.00523651767122029,-0.000638035201529596,0.0810078946184458,0.67212194981509,0.00773459420994543,1.87415001686319,0.146132254279681,0.00524199956416102,0.00642836106217432,0.00476331080906534,0.0075129512443196,0.00432035639435236,0.00480863141575296,0.0063366212825106,0.00660288768580842,0.00913017470220348,0.00730271887048039,0,0.916117877107011,0.225106848796775,2.29895161580458e-06,0.0659716856486645,0.19707373792269,0.0580563494799493,0.263978461829644,7.54404366034988e-06,0.672461918798144,0.445025632333157,0.705200891346365,0.202129012910079,0.566279325908225,0.930377778906225,112,"BTF3-DT"
-11.3331587925601,-0.230724457188566,0.00113956206657941,-0.233099011517572,-0.0990369660872802,-0.0143459136934966,0.0182568701282574,0.00790340920323794,-0.000165780729899053,-0.00527484178365858,0.00596899283385294,0.00304571755862329,0.0144135005643538,-0.00815390974103133,-0.00587541972187113,0.0417316430929407,0.332909440207848,0.0032820854964206,0.791107102848482,0.0615810403893283,0.00230713504023174,0.00264521274808105,0.00205168497146343,0.0031338302565258,0.00173567267695638,0.00189436974705957,0.00248931888104205,0.00269261250031248,0.00400891903607149,0.00312731042265389,0,0.488275215235835,0.728436039488525,0.768261934859536,0.107783074801464,5.03325780468832e-10,5.13284563209745e-12,0.000117082710421539,0.957811302353701,0.00237304705169812,0.00162761384390819,0.221135459360088,8.65174679243557e-08,0.0419574200269733,0.0602792807677695,113,"BTF3"
-11.1411875173478,0.0576586222870454,-0.00819672847808406,-2.69292771064646,-0.0167507974668365,-0.00716852826104624,0.00116978502328152,0.00615410264820655,-0.00800348241793447,-0.00271055561277365,0.000584849431154449,-0.00196566557369832,0.00259371991904714,0.00635195401363142,0.00930924179750093,0.032086567572337,0.238712503547013,0.00343199534693202,0.855531669111787,0.0634157128007684,0.00231634561059013,0.00284686583589147,0.00207370746023,0.00334173784672688,0.00199280898451955,0.00217883705870733,0.00288229264644774,0.00300888856378653,0.00409867467522053,0.00324743469590308,0,0.809136604928839,0.0169252569803782,0.00164579783256985,0.791669963724017,0.00196973782273684,0.681143840103456,0.00300055363155476,0.016620090253511,0.173776670877691,0.78837393126783,0.495251677575641,0.388676914640856,0.121199602683798,0.00414848326902977,114,"ANKRA2"
-11.4710860289482,-0.61660462263914,-0.00512858430683922,-3.09079502709971,0.0285733583961187,-0.00510662479563867,-0.00126596691596519,0.00168317532752355,-0.007932518767752,-0.00181145288098458,-0.00442908390427464,0.00657749716148882,0.0012982345673109,0.00534317564348451,0.0105518521319843,0.0400667418532839,0.322261416590388,0.00391540778425122,0.973141124863981,0.0713275609841292,0.00264814402098236,0.00325290379643098,0.002362406309134,0.00377069283934106,0.00228279630791381,0.00246874548501823,0.003215282484174,0.0034229262573522,0.00474078612193977,0.00368088273221073,0,0.055700981624768,0.190247671684603,0.00149268692838496,0.688719420727781,0.0538080265029398,0.697142584173416,0.476165474589179,0.0354020263297299,0.427472790124834,0.0728031802232833,0.0407860860896404,0.704482748894751,0.25971486328185,0.00414823838737923,115,"UTP15"
-10.7934855095079,-0.196538802641814,-0.0382434549943637,1.06431879348074,0.0722141127372556,-0.0118364302493291,-0.0100407942586274,0.00325134705857759,-0.00835119007969995,-0.0104635064438998,0.000128131488601121,-0.000598440643471209,-0.000271167839176418,0.000210256162564168,0.00406142174841111,0.118237519267559,0.241083416739304,0.0089815613154746,0.980847182385093,0.0734955034469439,0.00249501329422499,0.00310458874371851,0.00225512126299102,0.00393210391925408,0.00233997248777735,0.00246143538899804,0.00328581213332868,0.00335577045368679,0.00482998738315793,0.00361767267439868,0,0.414939793146996,2.06267347324228e-05,0.277876682921073,0.32582155463028,2.09502686722168e-06,0.00121993171284362,0.149369661921937,0.0336828763070304,7.76232795192217e-06,0.958484393441969,0.855481737708255,0.935595892282133,0.965277926444356,0.261581294799752,116,"ARHGEF28"
-14.3050785202405,1.09920093733166,-0.0344520154469668,1.39941570895702,-0.749378200115687,-0.000987141416658277,-0.014193428082355,0.0246469701481263,0.00955108184582104,-0.00145809501069844,0.0110317410974665,-0.00588855310770319,0.00736656147598383,0.0112917473195904,0.00448816377541166,0.148517314443809,0.84996282655038,0.0156250689112409,4.27845330862011,0.363519330653977,0.0103065744556796,0.013767919857819,0.00981473677524739,0.0169503144051662,0.00952040108654455,0.0107890724199985,0.014703283612322,0.0141888443381819,0.0197246757242019,0.0149904111263843,0,0.195930094393136,0.0274597604406651,0.743603984068126,0.0392597943741814,0.92369701928614,0.302585008496963,0.0120314451385279,0.573111340994165,0.878276210843648,0.306548059368539,0.688793891796883,0.603635358655954,0.567004902127752,0.764633096971127,117,"LINC02122"
-10.4272582151303,0.283907404552964,-0.00776793564226104,0.295469061154684,-0.00208523265941241,-0.0065971816988298,-0.0125657819455055,0.0119697389501847,-0.00017509123498748,-0.0192304428236003,0.00814358115108248,-0.00770941712055154,-0.0041950259004162,0.00205250188760162,-0.0021452994134924,0.178050633852514,0.213016695012525,0.0132727077289375,1.0583904452428,0.0799995170484443,0.00256722832694252,0.00330008664926246,0.0023758815371758,0.00412390579297607,0.00249671076260933,0.00278416371752031,0.00366060584033524,0.00364098092842599,0.00512948982871028,0.00383069789144137,0,0.182599366665298,0.558375402726811,0.780115669955475,0.979205042397524,0.0101766585661743,0.000140258069596152,4.70372046402022e-07,0.966133893688802,1.33627154915023e-14,0.00344495076885997,0.0352000523014914,0.249251572171837,0.689055151766333,0.575460101623677,118,"LINC01331"
-14.5207334827343,0.9638420490757,0.00169744838070385,1.84982608335631,-0.528559998179632,-0.0014522189289385,-0.0164857347498146,-0.0071089529878645,-0.0109777243152561,-0.00706663059987107,-0.00331353618074039,0.0122492618981705,0.0212516244780507,-0.0162923807583887,0.0179781070091818,0.153605225930577,0.791727607214254,0.0161110795058315,4.38063342075435,0.336110490252701,0.0105562998609148,0.0138087135725777,0.00988517045525678,0.0174839135673594,0.0103612562174669,0.0114240201112187,0.0152587922006785,0.0153213411654094,0.0281231550186588,0.015509722589605,0,0.223455492598537,0.916090891311758,0.6728252857327,0.115816540531448,0.890581108358576,0.232530924368584,0.472046467643108,0.530085376587961,0.495223458517597,0.771778043512062,0.422109151754718,0.16542336832022,0.5623714835713,0.246394730945449,119,"LINC01335"
-16.8011684060271,-15.2712667464626,0.0399048216969646,-9.58940441945738,-0.342838564664849,0.0327527772240151,0.023912963014542,0.0120000264927801,0.0141430049766326,0.000817392885560688,0.00592158944974453,-0.0344406568488736,0.0249418709765884,0.0552114028035479,-0.00939361854072708,91.1330369243798,932.737358655687,0.0265437510272726,6.61710371603225,0.501210942952004,0.0182217370656631,0.0222458772150707,0.0161951382198757,0.0263369918442974,0.0151523718777284,0.0166201955021276,0.0213897914558007,0.0237742395568408,0.01979825754264,0.025122296950019,0.853732065410682,0.986937197809888,0.132746156389782,0.147286053171077,0.493962214814561,0.0722631998333162,0.282401999300239,0.458714815561067,0.591266555614461,0.956979079477757,0.721624298814041,0.107366296073578,0.294125974360702,0.0052920044344413,0.708467115649576,120,"ENSG00000288883"
-9.37054451474045,-0.371413213874959,0.00876988728538955,-2.01926315500056,-0.0496109649382197,-0.00724225887056102,0.00922159561598942,0.00573471753825815,0.00379569093244997,0.00239272783472378,0.0108053973896289,-0.00237299590797558,-0.00420301999724847,-0.00375441610670176,0.0182465265216439,0.0157737371952403,0.10092143048584,0.00166885576405438,0.413187041519231,0.03053055260262,0.00109371207043004,0.00136109556922035,0.000962961493162423,0.00156072093496754,0.000950761462180829,0.00106883806254773,0.00143025128020123,0.00146067281333196,0.00222496668803065,0.00156518432793415,0,0.000233031485647484,1.48000257958994e-07,1.02361345958122e-06,0.104170815681416,3.55034805960306e-11,1.24296850697891e-11,2.59606796869538e-09,0.0150152393248887,0.0118478578201132,5.01495643678325e-24,0.0970863452369509,0.00400897339223001,0.0915258318988467,2.09507298484637e-31,121,"ENC1"
-9.70690992553441,0.196775373251214,-0.00272898359203569,0.498369269093538,0.0236236786696599,-0.000303630779486309,-0.00207253846076837,0.004038562367593,0.00234552195745011,-0.00359354456174956,-0.00148537189151227,0.000695663158101785,-0.00517426894901598,-0.000958789136687912,-0.00485578305731452,0.0172621752584714,0.107785971241758,0.00205411524487677,0.51982209766742,0.0380424291276662,0.00132632862939856,0.00168392938085891,0.00121156222881187,0.00205709845015548,0.00125846753433774,0.00136611259222259,0.00181221087949405,0.00184833478243319,0.00279441338321842,0.00193521467271013,0,0.0679087119631314,0.183998279877464,0.337694558817156,0.534611208031134,0.818926624446529,0.218406966712393,0.000858065663403348,0.254199281221344,0.00429701424880639,0.276905002130626,0.70107080745789,0.00511941922547276,0.73151625733914,0.0121015147996609,122,"HEXB"
-10.2565254580972,-0.546289570972907,-0.000249603684356866,-0.674718833122021,-0.0227213935522917,0.000970987203692805,0.00447102345789767,0.00118045728132182,-0.00266853745254945,4.21103866750587e-07,0.000363503036845336,-0.000287925835618996,0.00408181976029977,-0.0104543528967303,0.0070698812575409,0.0206670699772045,0.147171901023218,0.00219165107748007,0.557137926325293,0.0408466421265721,0.00146134225225068,0.00181158500066678,0.00130413829535685,0.00215970174119213,0.00131278468397572,0.00144138507534938,0.001914968084564,0.00197514821800355,0.00325220036812346,0.00207424039392172,0,0.000205697158239487,0.909326243185433,0.225878342211803,0.578032451445011,0.506403065356681,0.0135863682865865,0.365379223304317,0.216605565994776,0.999744061404651,0.800894134949773,0.880484209001783,0.0387728896231389,0.00130650250142839,0.000653403779168646,123,"GFM2"
-10.8068077826979,-0.59617228919846,-0.00463839919707898,0.0800297714016021,0.166835343504407,0.00208595072066622,0.00671929652844653,2.825327350373e-05,0.00853689918412427,-0.00286901276826381,0.00458410704423882,0.00502799957739687,0.0113735857392916,-0.00160653648430452,-0.0116035145997331,0.0272425080854546,0.198120849456805,0.00274241731509155,0.686210658320692,0.0506263852759945,0.00185735081382555,0.00222858444960924,0.00167617519997554,0.00266487151274252,0.00156591358925645,0.00170181253593419,0.00225709042116344,0.00238755008785096,0.00341284796885156,0.00258830977651894,0,0.00261993077332452,0.090769163438561,0.907156702192305,0.000982737066548958,0.261404166781506,0.00256935761117579,0.986551654448155,0.00135770996096618,0.0669267753507706,0.00706718811247671,0.025904097227533,1.90069749592056e-06,0.637832185305317,7.35846847592419e-06,124,"NSA2"
-9.35231062838239,-0.168064542689566,-0.00297317980345031,0.936906046520718,-0.0203129025391214,-0.00352792044933164,0.00301221561991898,-0.000411040622180667,0.00588410558145069,-0.00422325400767136,0.00338633565385643,-0.00192977313046109,-0.00308143241532462,-0.00182521093567915,0.00549546832364443,0.0148081458040081,0.0907512693946551,0.00163829917939516,0.411111935235292,0.03023373065137,0.00105234541602946,0.00132209777365147,0.000954482382505645,0.00159242615518824,0.000972771058071582,0.00106334687050466,0.00141997555753009,0.0014439951881351,0.00219806609691409,0.00151721377014503,0,0.0640365964256862,0.0695551709602854,0.0226696759229829,0.501671389687826,0.000801038165356182,0.0227050953875164,0.666728377404242,0.000219837371749472,1.41534167286733e-05,0.00144953648521283,0.174140709040257,0.0328458033529166,0.406328904234809,0.000292244696869992,125,"FAM169A"
-13.5960656375747,-0.204902279695244,-0.00803381351311747,-6.04170974471981,0.12542920736095,-0.0048489705933418,0.000536244126826753,0.00572325764437398,-0.0147079203474517,0.00645694669236005,0.0010203778896813,-0.000985250417139237,-0.00127015516554828,0.0141117721286765,0.00483288430817724,0.109945512481502,0.868045392863808,0.0118386585645862,2.87227506964512,0.209032805519511,0.00800448738723427,0.00976651649714192,0.00711607015494076,0.0110206409774073,0.00663851970342473,0.00738829021029816,0.00976390425209144,0.0102715296688481,0.0129029438720479,0.0110118918798094,0,0.813393724586082,0.497385999423222,0.0354257599498763,0.548475870848639,0.544659838054648,0.956213044087357,0.421239769327412,0.182014046188134,0.330727994619108,0.890155501282737,0.91962395043437,0.901586194701948,0.274092612546529,0.660749463097659,126,"FAM169A-AS1"
-13.9948715727719,-0.00262847514653549,0.0351227352582212,-2.05576927947776,-0.413711059507468,0.00331070162010454,-0.0160931769285646,-0.0053494592091316,-0.0057542869565987,-0.0214333635951784,0.0231144078615085,-0.00162657194625291,0.00258659154844833,0.0168851897386766,-0.0102589310538823,0.135270084419822,0.751611428905716,0.0155916019702547,3.65371062068374,0.285264380511799,0.00945935632107978,0.0122067918528707,0.00952083901691165,0.0159377693038865,0.00954010056005932,0.0105247690233343,0.0146931827730708,0.0141819206945996,0.0206383763444546,0.013784278212811,0,0.997209707859077,0.0242799588064437,0.573671560234991,0.146982570739158,0.726344496607206,0.187376837431118,0.574205640358102,0.718064164095283,0.0246617559354211,0.0280782422824625,0.911852269914015,0.855279382505205,0.413274248840065,0.456726034213411,127,"ENSG00000249856"
-10.967149628527,0.0518373208674473,0.0141610151527723,-0.493841559192997,-0.0520899798001028,0.00188746599323141,-0.000743558151965408,0.00292922268596433,-0.00351882646895447,-0.0212720675439688,0.0128885604061282,-0.00032672270980571,-0.00728991142763207,0.00246909508562553,0.00272165981484275,0.0296231918463939,0.179373536175699,0.00345202483498521,0.892135921587696,0.063686112251358,0.00224992847578587,0.00294526717235895,0.00209188205208851,0.00351096076775506,0.00218709463128849,0.00237803621508292,0.00321817859836383,0.00317783007007625,0.00461465693781793,0.00327947443829515,0,0.772588336175999,4.09179368218444e-05,0.579887067840944,0.413404350021083,0.401525179650362,0.800686577487287,0.161429189014745,0.316227535097104,2.33194775209875e-22,5.96545588751966e-08,0.919134421450031,0.0217910546193699,0.592611853097256,0.406591190619282,128,"GCNT4"
-11.4090293006273,0.106356781268962,-0.0112659510058556,-2.59993738795002,-0.0402230198520458,-0.00312927615488491,-0.00239201824282561,0.00535090522479926,-0.0152835107674018,-0.0123795599725604,0.0141077810312681,-0.00779544926638283,0.00492893498252606,-0.0117806848064175,0.00571243947281109,0.0407449854368953,0.286624503788524,0.00493632032611924,1.22875646217478,0.0920556078175555,0.00325718926856111,0.00396157245865603,0.00293513556240354,0.00485525103242156,0.00295451725031108,0.00319982724886362,0.00431275087004962,0.00440877311605547,0.00695881123198209,0.00462136175480381,0,0.710587924224955,0.0224741789488021,0.0343525110916744,0.662152950942025,0.336688451107708,0.545973129609812,0.0682954913990026,0.00164486639033849,2.78899246223905e-05,1.03887587208966e-05,0.0706788620738111,0.263574100187248,0.0904714045228825,0.216423469198239,129,"ANKRD31"
-15.8937287625382,-15.1376964007907,-0.0160429467822625,-1.36679094507626,-0.696932439359001,-0.0148736534353218,-0.00216526744070351,0.0127919978775882,0.00555925900245393,0.0155372510981866,0.000919330240839191,-0.0159965078026779,-0.0146129511935398,-0.00355959586648721,-0.017781587398168,118.021903696439,1207.94437348481,0.0177620008318861,4.4203514962734,0.37414885224968,0.011633393931955,0.0144047250464193,0.0102730604252388,0.0171989418631696,0.00917816579435494,0.0105790110985607,0.0143847980063048,0.0149611290152318,0.0227563217941591,0.016760493215085,0.892874676205327,0.990001345773354,0.366410567524341,0.757166251358836,0.0625024646301939,0.201062302145418,0.880514938324587,0.213058849461167,0.746519080158045,0.0904841650640388,0.930749934348114,0.266119845621501,0.328703909674576,0.875700172032841,0.288725040736133,130,"ENSG00000247372"
-10.3226781421905,-0.683870820958036,0.0151324210609872,0.641925377394677,-0.0391519538781873,-0.0134977999298231,0.00316735493952684,0.00410650986954465,0.00722758162777468,-0.00196116036412871,0.00121645187819972,0.00123178794596698,-0.00813831464892786,-0.00116800616468693,0.0108363348301416,0.135918515155406,0.182444602702829,0.00958832866452873,0.601492971039065,0.0475678630987097,0.00161595943028838,0.00200810828520429,0.00141859357827042,0.0024482093275206,0.00140724985088431,0.00154412838484213,0.00204064059863199,0.00212634987722835,0.00313235300603651,0.00230302946934582,0,0.000177983874983342,0.114516777761909,0.285872466631991,0.41046492663296,6.66585833507314e-17,0.114730436100259,0.00379429845338296,0.00315527657599189,0.16343478459588,0.430818423072318,0.546090946285542,0.00012952298564147,0.709234342032403,2.53552122296685e-06,131,"HMGCR"
-8.91063361010124,-0.215330642836959,-0.00361429132484553,0.547121455761719,0.0119691950303584,-0.000839527999804431,0.000602606331623925,0.000851912685186861,0.000820246654833612,0.00310645261202103,-0.00186888828271866,0.00221476888523613,-0.000273271801188025,-0.00104442326691379,0.00235309797476115,0.0120046161853408,0.0709661333291217,0.00126568422095472,0.306963099652188,0.0225955092944416,0.000790106130032256,0.000987964353713776,0.000714671968002555,0.00119853348401605,0.00071805563262728,0.000792352692885411,0.00105141618334263,0.00108375038868575,0.00163696995798303,0.00113387390142206,0,0.00241115900965124,0.0042955223082086,0.0746891077072944,0.5963090913609,0.28798565195089,0.541896623222114,0.233248242853661,0.493738239434846,1.51703371362178e-05,0.0183411960211382,0.0351641870564623,0.800922170688838,0.523459191993094,0.0379612336519734,132,"CERT1"
-9.23334507095816,-0.182641705298624,-0.00313466727819565,-0.266832141282549,0.0425318044833193,0.000149539215789223,0.00147068618638348,0.000547221468809486,-0.00507348273426727,0.000917595968113617,0.00151786369820042,0.000981845932304505,0.00311835110200757,0.000657471087519419,0.00340168357408982,0.0137129710362499,0.0853210570902581,0.0014833940349162,0.366893660630861,0.026829477691033,0.000950371664813083,0.00118335755604636,0.000857400928928496,0.00142996652301182,0.000866878911101017,0.000951357115716338,0.00125998084618992,0.00129578943379019,0.00191769905086431,0.00135896882105507,0,0.0323030448698736,0.034586017846371,0.467058253849994,0.112906370182601,0.87497048083238,0.213938609744572,0.523322093226549,0.000388207891259649,0.289825111453136,0.110606712887053,0.435829723660975,0.0161050528625919,0.731716028902007,0.0123098284020591,133,"POLK"
-10.3396235554922,0.47968058229708,-0.0122571117917889,-0.281654488827801,0.0947453824979641,-0.00292767370087609,-0.00633102345181229,0.0050715276222534,-0.00493236745348446,0.000259490338716693,0.00836729029760733,-0.00816179455396743,0.00440125466790598,-0.0063376309221788,-9.9868165233493e-05,0.0247587683898972,0.163576219002755,0.00300054016347191,0.781738514288903,0.0566665841538877,0.00198065261861568,0.00248259618686846,0.00179922356691644,0.00305397430086904,0.00183026481373422,0.00203442858101825,0.0027313967895903,0.00270663513362942,0.00419586197986645,0.0028656210205243,0,0.00336289145491921,4.4082812864321e-05,0.718628440696013,0.0945283107623809,0.139371412163343,0.0107672749782159,0.00482138733810136,0.106296587586008,0.88725577025923,3.90812063073515e-05,0.00280681437295011,0.1039287551838,0.13092917364962,0.972198996450733,134,"ANKDD1B"
-10.1715825370251,-0.393719140358571,0.00160004051355345,-0.71153838874095,0.127991836825472,-0.00478967854021061,0.00324640756880824,0.00511247953775001,-0.0081354493205606,-0.000283166310546589,0.00633130131406103,-0.00859285336289216,0.00353429148525216,-0.00410863025097576,0.00430340551907377,0.0218497864559734,0.157822322194716,0.00232309197503105,0.590255429699142,0.0429623682525375,0.00155824473015665,0.00193033012765318,0.00139214438787661,0.00229464422092323,0.00139327129171979,0.00154702715368407,0.00206482460852578,0.00207026506189771,0.00319522693231689,0.00221237040181,0,0.0126064126904105,0.490977647933221,0.228019836631395,0.00289038317162387,0.00211375670438841,0.0926098033281352,0.0002403044792666,0.000392006228945577,0.838948653988058,4.2663696165431e-05,3.16106493517128e-05,0.0877907214591263,0.198490205432073,0.0517562079671526,135,"POC5"
-12.3899284286979,-1.19984061388428,0.00103691200894907,-7.05933430158055,-0.209981816293224,-0.00452774986205731,-0.00797906811607822,0.0208339887193372,-0.00946633930917613,-0.00546501821662659,0.00550917749344529,-0.00691411987929155,0.00749245236520796,0.0061293109756732,0.00884491254726576,0.0847920115510894,0.762685049705012,0.00622382131933879,1.5486942047181,0.115121983094165,0.00424208464165035,0.00529266857096631,0.0037611035842831,0.00596667622888097,0.00351936859139482,0.00392382344886402,0.00521578099432988,0.00545615654089169,0.00751281099769213,0.00596531623742838,0,0.115677221634005,0.867681838087377,5.15817836947264e-06,0.0681529663779994,0.285817986837848,0.131664627362371,3.03633420149077e-08,0.1126180508122,0.12046123536394,0.160309031766714,0.184967105405469,0.169686864370456,0.414587140950428,0.138147978459943,136,"SV2C-AS1"
-7.39012049942149,0.154045922627046,-0.00084484371952681,1.68535693887043,0.0125434243714066,-0.00147238100187532,-0.000183083354915781,0.0060732782007589,0.00285928131970624,-0.00146006658203662,0.00129141997231905,0.00332300800056264,-0.0021680771548828,0.00012766245404005,0.00145186726686077,0.0099124702890823,0.0494761071379937,0.00106694147436267,0.249540024934048,0.0184414248496629,0.000625152730772191,0.000789134311184268,0.000581070899916063,0.000986903300406088,0.000594308517730227,0.000653256821668734,0.000862975770757091,0.000882890531191673,0.00130798246293176,0.000918755582689279,0,0.00184856386713834,0.428455734255398,1.43968456304383e-11,0.496392691018504,0.0185110419898343,0.816533885188544,1.43662382726333e-25,0.00376479147391887,0.0140200784979347,0.0480535299196938,0.000117810132121843,0.014062693692045,0.92224788117235,0.114048689203771,137,"SV2C"
-13.1614059300256,-0.446889520556998,-0.036446089934815,2.70043433478329,0.540966567505036,-0.0157710250394472,0.0165134303316936,0.0231686595410357,-0.0338650948302953,0.000804568579551023,-3.75045868237141e-05,-0.00016804204717575,0.00526479167075787,0.018871839646569,0.0204170016089788,0.117792722174486,1.05613977563749,0.00808247287731572,2.03143979168943,0.142522901113467,0.00578699772980661,0.00660657470973785,0.00513193916743826,0.00821367007633703,0.00476111637622423,0.00504175039575822,0.00640782893742123,0.00704750656057487,0.00806901464984742,0.0079295468467797,0,0.672196894270708,6.50496551615898e-06,0.183742290249054,0.000147259134760092,0.00642524964890836,0.0124352928765963,6.34359770713181e-06,3.73943379430652e-05,0.865806568393067,0.994064748855411,0.979078282242434,0.455037500103431,0.0193456058791115,0.0100297903746026,138,"ENSG00000250348"
-13.4669846191792,-1.15992116861526,0.0187450602753318,-2.86700586940593,0.491452475195467,0.0235127522098527,-0.023079694126173,0.00419955098320387,0.00226533843160543,-0.000260621668417391,-0.0225602098112019,0.0122359818820725,0.0352056387280132,0.00339021207730156,-0.00617937481408312,0.118756940320818,0.845353291208074,0.0128969407099276,3.26906119842632,0.259877407704583,0.00853831542072739,0.011582782935292,0.0083300548391414,0.0141755022128372,0.00797898974638831,0.00887629981747634,0.0115928596288132,0.0125031515034117,0.0199523961319401,0.012918638753059,0,0.170027921373855,0.146098813848289,0.380480125259368,0.0586118647297068,0.00589090356363246,0.0463067710002802,0.61415986731389,0.873033445990772,0.973942937442986,0.011033904297696,0.291207807535078,0.00486648524429045,0.865076957225496,0.632415218329878,139,"IQGAP2"
-15.9520371331621,1.46804249090272,-0.0602895290173179,6.44148845861571,-1.5802036376686,-0.0168174247682558,-0.0283858100027411,0.0288706432759045,0.0768274871421819,-0.0277079215253942,-0.0409231150857624,-0.0212672618851644,-0.00156431629280236,0.0207494306631275,0.0160150542502136,0.345385735671866,1.27765458527883,0.0283660808872866,7.46755185878704,0.813767207596747,0.0174874393011566,0.021581276712036,0.0163411188816176,0.0289076293879984,0.0170049831107104,0.019184359037862,0.0242389663330433,0.0246607066975993,0.0331952027621934,0.0247307439372735,0,0.250550373984545,0.0335524840734031,0.388359034138448,0.0521567818601695,0.336207379470047,0.188409771502109,0.0772703979831041,0.00786784726962068,0.103228343360716,0.0329124249374136,0.380269573896586,0.949421268078082,0.531923035253995,0.517258752980506,140,"F2R"
-15.9231128661031,-15.9122756149315,-0.0239607771688114,-2.15666087711087,-0.348980394614236,-0.00697122992901403,-0.0132268280304637,-0.0204265440924352,0.00928163069864921,0.0167072394722253,-0.0088427517028823,-0.0147953605265563,-0.00180607036212026,-0.0272046147422184,-0.0106737679992817,111.041374395539,1136.4990648192,0.0166222762147675,4.07093494948572,0.334080375493214,0.010435617781668,0.012970444895728,0.00999055734979299,0.0164497126699045,0.0101703663390181,0.0109641928094584,0.014791212954715,0.0149291445094172,0.0273097049978412,0.0153008463064898,0.885975849188679,0.988829076382717,0.149447451489617,0.596271123385442,0.296207832032723,0.504119080396865,0.30783911084253,0.0408957856814619,0.572588954687079,0.100437311416462,0.419947763588824,0.317174825919977,0.903709929336767,0.319176342099313,0.485431567456562,141,"F2RL1"
-12.1358429030627,0.691597406908578,-0.0121565332341703,3.81286054942601,-0.140364620017945,-0.00612825174545681,0.00592574108219159,-0.0324019362349718,0.0359909116646415,0.0110350790090636,0.0255173105114106,-0.0301525516218536,0.00192962512881006,0.00883707127943949,-0.00822127450258714,0.0638398793110563,0.376384099753761,0.00703477179896726,2.03459598899717,0.147182734604957,0.00484317472586603,0.00609349523127322,0.00459407269500932,0.00773371042116692,0.00467352621112603,0.00532520848702428,0.00706036755029035,0.00679769461800691,0.0104505279715904,0.00731467538340699,0,0.0661393989149331,0.0839768186067708,0.0609285509429973,0.340247746547343,0.205750284519852,0.330816800884765,1.75116877632776e-12,3.25919908789699e-06,0.0182164405698434,1.65295270767545e-06,1.94880196361184e-05,0.776514116217178,0.397770327941733,0.261037421965066,142,"S100Z"
-13.784304751565,0.514546865602653,-0.00951766859171496,2.8919739022758,-0.579503985216201,-0.019878184949986,-0.0209725337089902,-0.0149535391059308,0.0279079251621634,0.0196167553243584,0.0141763773072541,-0.0116656665313617,-0.00316140234497675,0.00734138573597928,-0.0298886522115016,0.116376146561035,0.670681583503945,0.0116302506824442,3.27231536650879,0.264782073455075,0.0077937610756663,0.010089148539412,0.00717864195547484,0.0127764491996458,0.00720059781323048,0.0080687606021593,0.0108679566562852,0.0108785490542374,0.0155191071361626,0.0117395172910372,0,0.442962653028338,0.413154764630551,0.376820425194741,0.0286253930437139,0.0107560711193264,0.0376429217304423,0.0372457904534131,0.0289383303705691,0.00644334276342936,0.0789270003435633,0.283091607919575,0.771350510820309,0.636174192839464,0.0108969411199977,143,"CRHBP"
-10.3247823003254,-0.360348925650073,0.00306091810071616,-1.92776110566726,0.10537047169365,-0.000569420395813669,-0.00152690155492381,-0.00117236230749886,-0.000413280768566181,0.000974187122011346,-0.0015986392384728,0.0038395051968987,0.00342715077372184,0.000532111283611638,0.000906800475061063,0.0210783644674267,0.147225722820112,0.00229493230897886,0.574652278593723,0.0415858707418732,0.00152220618442867,0.00188717146221114,0.00136633062960975,0.00221584802672634,0.00134197667666916,0.00148190442616107,0.00195991384744666,0.00203811275706919,0.00297751167763395,0.00215088771310132,0,0.0143813254336699,0.182278355021773,0.00079463538273401,0.011283162096356,0.708347971698466,0.418460333177696,0.390872003405446,0.852043792559787,0.467878946369783,0.280688706754111,0.0501107570175425,0.0926597259088997,0.858165371448871,0.673321684989901,144,"AGGF1"
-12.4699306921859,-0.278676784551635,-0.00478695272495283,-0.356888599587853,0.126907564191052,-0.00441153611301338,0.0106933562662973,0.00285374934572839,0.00935068567587084,-0.00856585112922346,0.0138097925780199,-0.0193010661386155,-0.00501764282149816,0.0113983218844871,0.00976969478991732,0.058642703008122,0.401297851488444,0.00627478607703721,1.66525092157074,0.117590182255555,0.00433168268534436,0.00541427625118259,0.00386405102745409,0.00632613204575538,0.00394193691721023,0.00436498506627951,0.00588671768748667,0.00578091217175562,0.00786894369306704,0.00612253551382858,0,0.487407090045364,0.445530789893352,0.830301258365488,0.280482511383851,0.308471401476281,0.0482647804727843,0.460187454160397,0.139379749253847,0.0297798932652564,0.00155741807781655,0.00104268557144172,0.385412225433484,0.147471692110545,0.110557070293684,145,"ZBED3"
-11.0582122052601,-0.0348999428301344,0.00952005881683003,0.466386885559289,-0.0668270078074887,0.00102534546428408,-0.00674075395357421,-0.00479227877783323,0.0109445125765238,-0.00726805052913477,0.00289317569203345,-0.00316602896154826,0.00562975991895224,0.00435192397764303,-0.00269545046165761,0.0341960699322023,0.2127727388558,0.00414276304018047,1.04405593197397,0.0781605651002734,0.00266114086764128,0.00343932004034135,0.00243561398391922,0.00419553690934974,0.0025384264846759,0.0028592134123056,0.00377574601783837,0.00376362314555788,0.00560781331526274,0.00390665142663476,0,0.869711854117186,0.0215619354355168,0.65508677061609,0.392553098056909,0.700012965692079,0.0500064393040641,0.0491157485294984,0.00909112283081571,0.00419371244072381,0.311596298641787,0.401740145685975,0.134696610303775,0.437721522084753,0.4902165664535,146,"ZBED3-AS1"
-9.38343011478555,0.709896567607024,0.00807246738237081,3.99246870244441,0.04298691504292,-0.000463010146281051,0.00339335490476567,-0.000416152671844527,0.0254195999538524,-0.00776544768506484,0.00708159972242688,-0.0029269541367566,0.00647122271233444,0.00317785275726605,0.00373505214378583,0.0194329790493442,0.115480965519071,0.00233444238141021,0.607782304138195,0.0447433515034895,0.00149000821909322,0.00189946872004571,0.00138948970950304,0.00237497165758391,0.00139817458354281,0.00158565193776322,0.00209751127199225,0.00212818946160635,0.00330163431390243,0.00222036347944139,0,7.88111381173374e-10,0.000544231127292858,5.06840956065052e-11,0.336680805818981,0.75599573862887,0.0740222518337199,0.764558295392644,9.84108437308243e-27,2.7922142795249e-08,7.96772575993742e-06,0.1628827641145,0.0023601524250452,0.335793982143069,0.0925338445696529,147,"PDE8B"
-9.98233132394104,-0.262595312288695,-0.00566439675468291,-0.105327973297628,0.00505270889284547,-0.00254783345850799,0.0013685612393253,0.00127967615487456,-0.0027852248398114,-0.0028187743859708,0.00105008404997272,-0.00224069676800964,0.00602710034313932,0.00011416170731588,0.0067247978395183,0.0193050487596944,0.132103935257152,0.0020863148588875,0.527241581714455,0.0387559810262203,0.00136554803959151,0.00170947020312332,0.00123478183097765,0.00204468477960038,0.00124252206229735,0.00135878231891164,0.00180979750449656,0.00185283308851777,0.0027537983816425,0.00195872590453201,0,0.046834559333892,0.00662707910388988,0.841659096413417,0.896271829731118,0.0620699748679311,0.423377006437674,0.300035109197135,0.173141683670039,0.0232932085398981,0.439633315756286,0.215681754024221,0.00114229440580614,0.96693229964693,0.000596389525165687,148,"WDR41"
-9.54982387999644,-0.401211239155909,-0.00293350261234967,0.802333960836128,0.0427868984369569,-0.00361166848873318,0.0046233228864089,0.00174297105275144,-0.00268533427200163,-0.000649527861154345,-0.000643165895989108,0.00159581326938319,0.00215449023325788,0.00387927153048917,0.00445754380661185,0.0163495696089271,0.109969401409178,0.00173188770477647,0.435151169421899,0.0319629135205958,0.0011313945232795,0.00140473236985201,0.00101859884153296,0.00169733862330194,0.00101781971224092,0.00110759971523428,0.00146502327863302,0.00152124372824851,0.00217621715262759,0.00161555782353011,0,0.00026388908022153,0.0902998677595557,0.0652115440521466,0.180687246718728,0.00141180183633287,0.000997438661310813,0.0870542150974738,0.113630127603505,0.523372068955826,0.561453165400725,0.276032622570086,0.156696779839139,0.0746554196174217,0.00579544045417821,149,"TBCA"
-9.6645757506893,-0.213781881987571,-0.00106136059048204,-0.485898776830663,0.0744184386001006,0.00144932635280806,-0.00509904227364934,-0.000621035129943477,-0.00170116319868211,-0.000233114507342401,0.00274469737355517,-0.00390844719675079,0.00081953169671117,-0.000641799754289319,-6.46236627955814e-05,0.0169319273472215,0.105530727234448,0.00193918925270452,0.490851080224716,0.0357358186119786,0.00124370221331463,0.00158237041984953,0.00114079506381938,0.00192228214071312,0.00117515762729205,0.00130984575207669,0.00174224410371089,0.00174756118423388,0.002636305857632,0.00181300091111767,0,0.042787484548153,0.584157655912784,0.322217728824964,0.0373004070723927,0.243884512027852,0.00127118212957252,0.586174509740073,0.37617248284691,0.842756593596836,0.0361322907652475,0.0248748493962445,0.639100107723375,0.807659431163309,0.971565758208668,150,"AP3B1"
-11.9489537612311,-0.141783144617958,-0.00702974409391796,-5.09044709104975,-0.169803475919573,0.00156882204914099,-0.00978068643583443,-0.00269076568795832,0.000124145147792977,0.000702401654636395,-0.00105835373293367,-0.000353797212983978,0.00247522685596525,0.00959637809944765,-0.00181536309228111,0.0442477863451009,0.316004651229998,0.00511109125691461,1.27529763529686,0.0970402056692776,0.00333178936595646,0.00417488543380996,0.00306487918784944,0.00499706369468516,0.00301189491325268,0.00330608507974297,0.00436908620648893,0.00451777743062481,0.00600798195161086,0.00473537541067742,0,0.653666674773745,0.169010549966349,6.56357210790292e-05,0.0801483410378636,0.637737347207824,0.0191425293671938,0.379978820789067,0.98017969865408,0.81559894896783,0.748875123219334,0.935459930824197,0.583770205086366,0.110205209865997,0.701451358352674,151,"SCAMP1-AS1"
-9.11569004663256,-0.454640383472584,0.00214697006003687,-0.44810329454392,0.0291551319945652,-0.00581130808802411,0.00454385381644176,0.00191525226112051,-0.00215435648466196,-0.00136325561182988,0.00375647489091663,-0.000670839066249936,-0.00109587813369634,0.000956492748693334,0.00770277131842051,0.0134875097744361,0.0873251468472394,0.00136034991691159,0.331591071616857,0.0241310408293344,0.000874015373345007,0.00108905020124016,0.000778161024702669,0.0012810367737101,0.000773648517351238,0.00085231358686587,0.00113178133280582,0.00116712862380948,0.00171008310302513,0.00124706017185462,0,1.92649392949835e-07,0.114508558409601,0.176575907512471,0.226970206893577,2.95137170629207e-11,3.01528504593979e-05,0.0138452146592782,0.0926214333735886,0.0780503160268553,1.04625680880459e-05,0.553362856346409,0.347755222940271,0.575939730178215,6.54370856119499e-10,152,"SCAMP1"
-9.9715009187234,0.126329160941947,-0.0219599396258498,0.770794173519408,0.0251833113672073,-0.0050188159461468,-0.00705307826110677,0.00240379911985072,0.00569723392505591,-0.00652832936204358,0.00593656546312503,-0.00850797799361061,-0.00954632011122803,-0.00488330743633413,-0.00688014248808308,0.134120928672186,0.125125033279128,0.00982994420477444,0.636053078717122,0.0480207846032827,0.00156778546386845,0.00198502859339385,0.0014303743448927,0.0025380410970666,0.00151045824249043,0.00165361451491689,0.00222475810164898,0.00219818193535343,0.00337282739263131,0.00227898835303534,0,0.312675756475103,0.02548411545864,0.225573867694786,0.599982806904226,0.0013685010541404,0.000380666366003809,0.092852595020474,0.0247850423583945,1.5456140929554e-05,0.000330609418127267,0.000131183491140684,1.40661989252721e-05,0.147662381607121,0.00253655843491378,153,"LHFPL2"
-9.85731144914579,0.0569700400184098,-0.00445099095562067,0.434944691747877,0.0203750584075083,0.00130611975157429,-0.004693263210567,-0.00244640222696933,0.000597741301746654,0.000987743490217497,0.00773499235898838,-0.00531355342922247,-0.00297329206884028,0.000365075338816675,-0.0059956912328919,0.0205217294078294,0.126201160565969,0.00249202337771034,0.643890732993081,0.0468059834086311,0.00159181628260813,0.00202516724382566,0.00148561893133157,0.00254826618661761,0.00154785594704619,0.00172680224277021,0.00230431633014976,0.00230120414754906,0.00352228867516038,0.0023540953578049,0,0.651685089271558,0.0740838476670357,0.499361602113951,0.663338268176561,0.411918782010134,0.0204781731748718,0.0996150825732077,0.814544171101789,0.523384780677199,7.48624092094679e-06,0.0211154832371986,0.196336631996459,0.917449333662237,0.0108678518468733,154,"ARSB"
-9.57731165064992,0.172408984280217,-0.0124450039805007,-0.321827689361127,-0.0925036523568269,-0.00459745418012651,-0.0105135355864384,0.00238134043652917,-0.0083405535510845,-0.00651613480247733,0.000499559193984948,0.00204313919236242,-0.00314078571321531,-0.00130739231835924,-0.0062450650963202,0.0178253726016807,0.115353569708209,0.00212875741941761,0.528904797287061,0.0394388109823908,0.00135760237311851,0.00171083482349167,0.00125385600068605,0.00208856684056822,0.00127113466789398,0.00138424523253291,0.00183090048741063,0.00188578890874141,0.00279067542145088,0.00196694973974854,0,0.135015382208139,5.03124750992454e-09,0.542869544951396,0.0190016804375329,0.000708028687716101,7.98294686513152e-10,0.0575363902281708,6.51232486494621e-05,2.95593890516889e-07,0.718182256165733,0.26445621154495,0.0958125905998471,0.639437092453727,0.00149836587210494,155,"DMGDH"
-11.4483148767455,0.296168816694973,-0.0114675096018088,-2.99582482090582,-0.0830506835623253,-0.0065543634440934,-0.0150084557969944,0.00645713472143427,0.00615230369364117,0.00878224133327422,0.0237647092232957,0.00179891953869455,0.00585855785768831,-0.0173410362797919,0.014459347900293,0.0444705873036466,0.294074263277868,0.00514017635991524,1.35085171783115,0.0984065823482059,0.00338860057797429,0.00438603133947577,0.00296622737027688,0.00507513683189929,0.00305678811782719,0.00349673702938017,0.00467745991358426,0.00464099308678988,0.00789268396606473,0.00482265931765537,0,0.313875894480332,0.025684013935431,0.0265732252043971,0.398694800028335,0.0530837475086293,0.0006219064741176,0.0294891777494948,0.225419029374977,0.00406556616440407,1.07375213302099e-11,0.700538791344,0.206822854222042,0.0280131211332606,0.002715700115265,156,"BHMT2"
-14.3301309018938,0.450990121600161,-0.00974727044350123,-1.88215620572936,-0.278441443601628,0.00309773337742325,-0.0215469512244327,0.00957612558706749,-0.00989063381867854,0.0184837667890617,-7.32708277917021e-05,0.0243485711849261,0.0213988051407951,-0.0128668619804992,-0.00573235416136478,0.141803512472106,0.946961981919929,0.0149636878755404,3.91256442813115,0.306216971558531,0.0100841993142351,0.0128068029334582,0.00910038266724824,0.0153017016123548,0.00853416427974945,0.00942851760531002,0.0126737394260005,0.0134119796163228,0.0234956017947842,0.0144706590918715,0,0.633896674909358,0.514791581428772,0.630477859068674,0.363194631762821,0.758701157518843,0.0924794094306675,0.292672369216152,0.518036677565807,0.0303222294041573,0.993799547683507,0.0547086559731682,0.110600608894142,0.583946992247651,0.692004439247941,157,"BHMT"
-9.31096573862389,-0.0783751384895077,-0.00862535502049101,1.33687169179725,0.119287940048876,-0.00130161664534129,0.00144371158398014,0.000554356312922754,0.000803827953859562,-0.0039000637231956,-0.00246921401910064,0.00402620834189918,-4.82279150874687e-05,0.000230375047144008,0.00446175152363451,0.0514241470115793,0.0829031051983523,0.00383864544966184,0.374572630192335,0.0279135597518394,0.000961897942211216,0.00120120751309086,0.000866579995502748,0.00151788076399713,0.000893206569880815,0.00095855443652641,0.00126718209873015,0.00131170503035057,0.0019317933863695,0.00138447098862085,0,0.344463672354685,0.0246413807740835,0.000358266200383642,1.92448624917151e-05,0.175999598017231,0.229408637752992,0.522363836277228,0.596408345632351,1.26332719077885e-05,0.00999573441189098,0.00148656957984853,0.970670509101392,0.905073732889811,0.00126983077006597,158,"JMY"
-8.24080118242785,-0.341173072589396,0.00963246807279682,2.28387215055255,-0.0121291758379194,0.00116454114917249,0.00570622340947209,-0.000699206115368922,0.00413501624240256,0.00572925791794042,-0.0118688258249201,0.0166300504096735,0.00333352035691555,0.00490148320467758,0.00979944845158189,0.0820109732491665,0.0679829338741781,0.00582009043262166,0.315526188656187,0.0251609718739135,0.000812288636841363,0.00101941385834607,0.000743631136600877,0.00130691043863034,0.000761145569349951,0.000806519833223007,0.00104743869252593,0.00112477367816118,0.00165337594670233,0.00119341407783925,0,5.20736273450993e-07,0.0979168860389752,4.54354835615101e-13,0.629761129303725,0.151670921328108,2.17398023707816e-08,0.347084554729613,0.00155636592329557,5.18592379211818e-14,5.08138424245914e-49,9.16350981075971e-57,0.00303939344413627,0.00303145320527419,2.18856172656361e-16,159,"HOMER1"
-8.92203549517029,-0.453303991614615,0.00350980508966423,1.69231321965401,0.0629009228374321,-0.00386878686891036,0.00640580878787819,0.00535038368936057,-0.00281179384847685,-0.000158696699142321,-0.00156321640587371,-0.00363156909445264,-0.000490563691349314,-0.000235310913405138,0.00450084293978165,0.0128971499478767,0.0813246451609537,0.00134268799296199,0.329767219738062,0.0240978425832252,0.000857062609534219,0.00106382498718214,0.000765425499616883,0.00128490747405534,0.000775456488254632,0.000856134573091342,0.00113077176854683,0.00116187260793591,0.00172313611073324,0.00122464232807012,0,2.48948358018164e-08,0.00894853933828858,2.86920534946982e-07,0.00904812430544088,6.36140281647891e-06,1.72821446772901e-09,2.74734114390105e-12,0.0286460107297817,0.837846062464379,0.0678652753759036,0.00132005139196243,0.672865802158486,0.891378849679456,0.000237634692000595,160,"TENT2"
-10.7782206265312,0.818999873014306,-0.00484708800935888,-0.574423704617142,-0.0094823680950136,-0.00203905651390383,-0.00664410647461085,0.00498625852441012,-0.0135736501928083,0.0115739746960575,-0.0164104177044299,-0.00832674397704246,-0.00259584197974015,-0.0057513750199066,-0.00603881723538113,0.0313249910834204,0.206246235439433,0.00403082525245447,0.991440941279377,0.0765769617285791,0.00257487207027097,0.00327670155921665,0.00242589610802918,0.00414618701739787,0.00251869602859598,0.00283812247668216,0.00363408101062544,0.00373545107855876,0.0055914583606185,0.00379752422700654,0,7.15773016194884e-05,0.229167883097059,0.562330991556049,0.901451502185209,0.428415517143204,0.0425927854830861,0.0398375346182331,0.00106124081912444,4.32282775624363e-06,7.37568713567026e-09,0.0219464796225891,0.48710504951385,0.303667598082319,0.111790074114139,161,"CMYA5"
-16.0149025577356,-13.8461595188152,-0.0324792607313308,-0.123319613461126,-0.145111279436537,-0.0194684446198733,0.00393509484384722,0.0202568834874235,-0.00817638411500398,0.00796643929785983,0.00344042277288553,-0.037016423386611,0.0151927354887129,-0.0426495760297386,0.0118236109482846,110.28243013873,1128.73127876533,0.0167935679849925,4.15102993093381,0.333321300355722,0.0114510215551536,0.0135866507768742,0.0100952917478145,0.0169121682484155,0.0094474976940295,0.0106648211514732,0.0145374793382337,0.0144756041783951,0.0296378482916899,0.0161679032114427,0.884539408839989,0.990212586426352,0.0531094654780992,0.976299774832211,0.663308720946705,0.0891028733101293,0.77209969765969,0.0447957435900205,0.628768010769665,0.399098295217674,0.747001640429037,0.0108879308195962,0.293929341465513,0.150143713167156,0.464595049309766,162,"ENSG00000250258"
-13.3026513873595,1.5784009435202,0.00265815246553531,-3.27883545273344,-0.0299891457311878,-0.0151506224718137,0.00036902738827191,0.0199780571627173,-0.0236358158573928,-0.00215804389571616,-0.00610010732245472,-0.024665885407283,-0.00219146929547077,0.00390451375078499,-0.00371798007563537,0.0837637710069083,0.57324904012,0.00987716697960697,2.34504689186906,0.17952367140288,0.00657719893808403,0.00818958573887304,0.00595161869014213,0.00974435463852453,0.00576778067848655,0.00657656109703954,0.00838335947112813,0.00863309300642444,0.0115916457094872,0.00939998405991844,0,0.00589744309880421,0.787836616629342,0.162054183230228,0.86733195018544,0.0212503450649088,0.964059031344226,0.000788662498844673,0.0152834967718835,0.708289012106707,0.353639617749363,0.00325843537427186,0.799615145610465,0.736238570608982,0.692451442117201,163,"ENSG00000286818"
-10.3041556213579,-0.466814971355064,-0.00889438893808317,-1.56450033247455,0.0768439069533081,-0.00437365239127109,0.00100069278440974,0.0021421245013829,-0.00333664135652837,0.00206559494994447,0.000259078314961426,-0.00266114075027848,-0.00118440869894629,-0.00296406821235203,0.00665097954944878,0.0221475542422311,0.16228950754104,0.0023600410863594,0.595779806517823,0.043190048934089,0.0015637170008119,0.0019427380866451,0.00139621177149353,0.00228231597089653,0.00139217952224202,0.00153832093399767,0.00203440834186501,0.0020908645035846,0.00315611105926996,0.00221632538095586,0,0.00402196970243678,0.000164071538493921,0.00864022472904754,0.075206326137458,0.00515860736947812,0.606487316408504,0.124970523020179,0.143753768467809,0.137885057969471,0.866255788244931,0.19085086297348,0.571075399039376,0.347652677012131,0.00269179474243841,164,"MTX3"
-10.4392680569287,-0.213646317569979,-0.0110261902931454,-1.21686004934985,-0.196518981686614,-0.00353538708537314,-0.0124835037235487,0.00222734551097732,-0.0060786291652978,0.00479727312702455,-0.00145320378462321,-0.00552403677122362,0.00165273893442174,-0.00524770690032615,-0.00548870603517549,0.0252771688309013,0.179170296586504,0.00291172243214986,0.753867629643956,0.0566812716489154,0.00188461824813452,0.0024070113063639,0.0017243500969924,0.00293705518965508,0.00175611399780346,0.00196325011576454,0.00259287890321007,0.00260255247797993,0.00408814304844314,0.00278075047810239,0,0.233096443403813,0.000152583008231255,0.106493566754727,0.0005261287520947,0.0606667015790194,2.14503121473326e-07,0.196460557066548,0.0384866352822499,0.00629979759647378,0.459176778341178,0.0331332736251614,0.525398816811369,0.199267693835593,0.0484020041607456,165,"THBS4"
-13.7744852630602,-0.74095356426468,0.0260640367496722,-4.41115939836831,-0.436725212543827,0.0222352782943284,-0.0176644612294372,-0.00540008408193403,0.00248712421491659,0.00948103157567936,-0.00808733306372191,0.0137935705835527,0.0368588420589547,0.00931136163683843,-0.013677887393563,0.10931806633242,0.750184488706847,0.0117304337601987,3.02782073637565,0.235492298281477,0.00776836232989326,0.00972610481254762,0.00709599096030242,0.0120590802760383,0.00664089127551446,0.00753563512650524,0.0100287700655637,0.0107694582124268,0.0146734145957535,0.011085298822954,0,0.32330198149614,0.0262889927540274,0.145150608840335,0.0636647799694006,0.00420596577699403,0.0693411222765677,0.446654124472069,0.836599590054998,0.153385549871525,0.283176066224834,0.169007461717748,0.000620402287855736,0.525706545765428,0.217249005536108,166,"THBS4-AS1"
-10.3250771469286,0.17344968208582,-0.00759828759077034,1.47129404522243,-0.117748127528957,-0.00425282489927152,-0.00879303617931255,0.00757470405739115,-0.000924219427857305,0.00305174841808222,-0.00681917657341614,0.0102690612517434,0.007833923912851,0.000393807864888763,0.00589913969472952,0.0229609594603477,0.153289857117054,0.00262141359164409,0.666934591966067,0.0494501187780806,0.00170928182565086,0.00213953328094423,0.00154415856944334,0.00258947470450782,0.00151586365173962,0.00164997233046196,0.0021773929666899,0.0023053382919961,0.00345704457426355,0.00243492864788869,0,0.257838642217714,0.00374897442579851,0.0273801853025928,0.0172587042705302,0.0128435900417359,3.9601613067505e-05,9.32406376074112e-07,0.721156288824822,0.044092780598258,3.58209003185336e-05,2.40268262442739e-06,0.000678390589852351,0.909305488335196,0.0154049802717821,167,"SERINC5"
-14.0169576503453,0.752209324734559,-0.0360343544706483,-5.83845237614138,0.111870503950122,-0.00919136047590108,-0.0111418822433994,0.00155076261331777,-0.00652540237675348,-0.00353785350511525,-0.00452143088877608,0.0010295607833922,-0.0107654141011524,0.0240619591693483,0.00266128266202124,0.116731175012367,0.786060110213557,0.0135421441998562,3.21851915197005,0.241100158134892,0.00881414585654184,0.0107458235191127,0.00819151306251104,0.0127541172328158,0.00782360053606131,0.00828893955245942,0.0108342520232754,0.0113949919252507,0.0117241745645187,0.0122135229222603,0,0.338599490446889,0.00779310226338317,0.0696749210684671,0.642647654772867,0.297042551321065,0.299802510390467,0.8498472486218,0.608909251113848,0.651122943112421,0.585425079505213,0.924292331484618,0.344786726428764,0.0401369066657959,0.827509833040229,168,"ENSG00000288741"
-14.1027720307413,1.63245328868454,0.0119393877469996,-13.1120776410739,-0.829927821581368,-0.00094458843026325,-0.00108206999700461,0.0124963112405464,-0.0543853594748402,0.023573776249872,-0.0110007800480932,-0.00253257138362907,0.0250615585686622,0.030119828396995,0.0254181230778314,0.134190070789817,0.874822228375905,0.0142349674640487,3.40716381009813,0.291438242404911,0.00977082502967741,0.0117185736918614,0.008702923791811,0.0140603934292529,0.00781446447286179,0.00867180072977145,0.0112245088990719,0.0119095088269688,0.0135466035404277,0.0130875997752335,0,0.062035766558009,0.401617153420167,0.00011889915495635,0.00440368234333935,0.922984988061246,0.926429474673448,0.151037895762124,0.00010973941841191,0.00255555386291786,0.204594725064008,0.821490214758486,0.0353495108896348,0.0261872976150826,0.0521185632708598,169,"ENSG00000289317"
-9.40761190460543,-0.0842481873175942,-0.00364282618926063,-1.33024506702185,0.0437037386039775,-0.000284767910035991,-0.00199989075685857,0.000700692654166221,-0.00419687220417607,0.000700902504738728,-0.000476541738446473,0.00182570988306599,0.00171828385933452,0.000879654432943656,0.00321336968823946,0.0143463640799114,0.0902269183986019,0.00158418977528303,0.387928960721919,0.0283435803851322,0.0010100462976954,0.00126305148480624,0.000914241790509717,0.00152274888424244,0.000917229984273285,0.00100700232148779,0.00133325263988881,0.00137833099511344,0.00201314577636109,0.00143995726506432,0,0.350439715868162,0.0214772149675805,0.000605598620007736,0.123091276237918,0.777992966586677,0.11333482515863,0.443426786889408,0.00584922910944718,0.444777071358129,0.636050492388354,0.170885119609767,0.212529180021864,0.662143868037533,0.02564320080304,170,"ZFYVE16"
-10.165130796606,-0.36578887677181,-0.00869623020012463,-1.3488034780163,-0.0345567960418159,-0.00396931410228495,0.000576381732439926,0.00341969721745445,0.00222650269230717,-0.00314188132033308,0.00395330546913152,-0.00443269758324994,0.00186634998461367,-0.00407403989799367,0.00184971888266602,0.0814905235262822,0.149884861939526,0.0060919927497216,0.596170063588015,0.0453925972387594,0.00154092301959299,0.00191246167180876,0.00137632379665292,0.00234376494579564,0.00137858660489679,0.00150271516899906,0.00201634212281405,0.00207915522789214,0.00311498207751603,0.0022095101735261,0,0.0146683355125475,0.153440054521677,0.0236697681798738,0.44648563905439,0.00999700820083207,0.763123135261068,0.0129675079008611,0.3421282970817,0.0226635104031414,0.00851904206564864,0.0279216356065996,0.369373124158513,0.190912147683345,0.402501278303597,171,"FAM151B-DT"
-10.9732140906532,-0.179910080352718,-0.000785584205763139,-0.0921894699978133,0.0421993506081611,0.00967425655120424,-0.00350655915074558,-0.00613912080502037,0.00483224697026738,0.00423694281772808,-0.00556133224355231,0.00564226189264975,0.00787192997833731,0.00283829333137947,-0.00358263842659937,0.0309403109972325,0.195592915052787,0.00379772488566724,0.961410543500441,0.0709320906821676,0.00247251000027131,0.00309858344828617,0.0022891430468726,0.00378592050603279,0.00229993822533699,0.00255835564416199,0.0033510813682157,0.00344487063446284,0.00511403422772529,0.00356785610286179,0,0.357667350548977,0.836121903346377,0.923608091321752,0.551892883841013,9.12596976978491e-05,0.257775204757215,0.00732179514811723,0.201823672055353,0.0654461154021592,0.0297207827849709,0.0922369960484505,0.0223060103004715,0.578894080645279,0.315309597721066,172,"FAM151B"
-9.38221417969296,-0.226907840179882,-0.011071631320188,-0.437111767131642,0.029512960581849,0.00241037981354231,-0.000519818650648529,0.0109110216473319,0.00283834729410997,0.00279905635088553,-0.00817143789413315,-0.0162824442315427,0.00547184787590659,-0.00216912624833106,0.00309741477404036,0.129022298977454,0.0918188718199757,0.00932886084025699,0.396327742434689,0.0300316709760703,0.00101149572270804,0.00125514146409061,0.000898599451008805,0.00161578640657393,0.000936860982319237,0.00103908160312725,0.00137910202444976,0.00139449524530079,0.00209476572263882,0.00146306786546031,0,0.0134639797459643,0.235300628649103,0.270068512136425,0.325741381450437,0.0171728627517899,0.678763198969703,6.30654711142136e-34,0.0789800073745437,0.00281088463222666,3.71771179084544e-15,3.610527450581e-32,8.7130030944505e-05,0.300436281418448,0.0342540414298005,173,"ANKRD34B"
-15.5592488791329,-15.3025044595571,-0.0154006472510921,-1.70579041777573,0.525508186417157,0.00320704227784847,0.0148412149895308,0.0221576063651504,-0.0158693567909687,0.00106888544151022,0.0152035266603917,-0.00758616688862591,0.00517976482070266,0.00528668836267813,-0.00200117589681062,94.7480489855506,969.738337897982,0.013240250816691,3.39580273531686,0.236605841111624,0.00961492141210547,0.0111399556600716,0.00840738624735054,0.0131711815615409,0.0077679460524178,0.008625818545289,0.0113030393255927,0.0117598520582032,0.0157088760155273,0.0131425572737752,0.869560247937964,0.987409876589754,0.244761004213263,0.615440208633772,0.0263490683204737,0.738720312041132,0.182777784111266,0.00840151951202318,0.228259493339688,0.890554920991058,0.077974651641285,0.502117535903923,0.659602721845566,0.736462578260947,0.878976463886747,174,"LINC01337"
-11.2259782273053,0.119370355907208,-0.0141378890574475,-1.50657851126935,0.0710516348238434,0.000641447319163672,-0.000728296893727071,-0.00220259885412386,-0.0020868730721174,-0.00285645086577261,0.00902281777021364,-0.00661527491585375,-0.00274544430561329,0.00515105942756573,-0.000611476828219818,0.031967664873794,0.206160594362777,0.00382172980805277,0.989683264508947,0.0726098937648947,0.00252173352363529,0.0031418700708465,0.00228049511715295,0.00383190804496574,0.00235418568456034,0.00257622256018122,0.0034139614903092,0.00350266697787641,0.00482807149661413,0.00362494108651816,0,0.562578137629641,0.000216158386457374,0.127938058693048,0.327807662559512,0.799211574802925,0.816690535949662,0.334123053405727,0.586025791206667,0.224996088359326,0.000461183664670226,0.0526583416028105,0.433148438343302,0.286017935126508,0.866043627856133,175,"DHFR"
-8.82483131528713,-0.212305497710768,-0.00384130952750373,0.593964017492656,0.0552284695552139,0.00327328665174137,-0.00209136878246343,0.00152222167060474,0.000216891446698882,-0.00024867175034014,-0.00250432265553491,-0.000431188994240118,0.00493911120134959,-0.00277111793456732,0.000711084110393655,0.0129208637057282,0.0761970043794168,0.00144652152111818,0.354899046171038,0.026125254901547,0.000904043542403075,0.00113846502514469,0.00082976301865253,0.00140215492460826,0.000853254617853811,0.000939942816672188,0.0012492542450799,0.00124974833728383,0.00190467611211488,0.00130621984291631,0,0.00533182887198069,0.00791793078616935,0.0942064823669423,0.0345163112291112,0.000293786685820809,0.0662087891381556,0.0665759807317402,0.877070155111764,0.770715521022,0.00771406721760321,0.729976255239713,7.74733283564722e-05,0.145696270549541,0.586177818670071,176,"MSH3"
-13.2847903876364,0.352745087625523,-0.00800839737493477,0.0987136595970271,0.0270093264045467,-0.00200096540557135,-0.0105422555099443,0.00227513615864035,-0.00190382503972926,-0.0175212579782522,0.00211709855584921,-0.0051118375423369,0.0100618087000938,0.0155368713474232,0.0206480650784929,0.089733929240133,0.557156420018636,0.00974548848602416,2.50432084523765,0.184123662677675,0.00647257702057947,0.00813856126769255,0.0058847500812426,0.00985014992357288,0.00615648367784132,0.00684380896875812,0.00897049729997295,0.00903377133801753,0.0115792566888742,0.00951696403137104,0,0.526657374658979,0.411216730220599,0.968557657442187,0.883375741789497,0.757211161056693,0.195200781822997,0.699040810369271,0.846740637759393,0.00442743305492872,0.757059051137471,0.56877946575126,0.265365273249738,0.179665761675528,0.030036684042073,177,"RASGRF2-AS1"
-9.59376625697127,0.538284705410894,0.00161862678646952,3.47743927771499,0.168328076574386,0.00172798638024185,0.00406808433638731,0.00246163496847601,0.00698311767433597,-0.0154536210244177,0.00751276711500162,0.00475116943468485,0.00478449010105746,-0.00438610962184754,0.0230701980374534,0.0223330392308975,0.137843418889891,0.0027288073674125,0.700138065220857,0.0516095694127764,0.00176621506223643,0.00225732563078475,0.00162233701775098,0.00279180018448096,0.00173152337425398,0.00192050543443688,0.00257477041657919,0.00255992276173663,0.00396665618802259,0.00267269776997474,0,9.42079896559779e-05,0.553072262556302,6.80699614073045e-07,0.0011079818406641,0.327898484406237,0.071518676751598,0.129181156792376,0.0123739828464963,4.46222957769779e-19,9.15843043038047e-05,0.0649969831484659,0.0616231155023382,0.268836974879644,6.03928468569762e-18,178,"RASGRF2"
-9.49949702721621,-0.163763808913135,-0.00161006908542912,-0.0993621949985776,-0.00260695968378679,0.00352100534114967,-0.00456219132120295,-0.00224917691850993,0.00253020162219657,0.000785876667133887,0.000597000694404842,-0.000179293620081248,0.00387526874078186,0.00397570657750933,-0.00700303773912946,0.0475252823227279,0.0992115089360664,0.00370182768448899,0.476653237313442,0.0364135658892517,0.00120176895771036,0.00152026398118686,0.00109781429561986,0.00192761265440636,0.00112525150568007,0.00123658483759721,0.00164933189160527,0.00167388807950667,0.00238177811726957,0.0017554983894891,0,0.0988093798834428,0.663606733827759,0.83487134971306,0.942925739699258,0.00339123337638814,0.00269164843411121,0.0404839044613203,0.189314752234246,0.484926512109938,0.629250651473764,0.913435034733522,0.0206058111118493,0.0950742113665349,6.62959399329531e-05,179,"CKMT2-AS1"
-13.0248894455912,0.5720612403264,-0.0120543173038963,2.28990246158212,0.376072209677224,-0.00384504502665035,0.00850627806796129,0.0020010691315895,-0.000927899853061668,-4.9818509977795e-06,0.00122239493196936,-0.0105798002214361,0.00686710304174852,0.011643904476296,-0.00720222216460026,0.073458396262124,0.49156354274229,0.00844321705353704,2.1131119647808,0.154741063772519,0.00577125466044371,0.00687269870885525,0.0052161464593309,0.00860082539055928,0.00515622571059182,0.00560491206737984,0.00738046739400358,0.00778033051048147,0.00966787565890875,0.00817012199597999,0,0.244521903485751,0.153380398102411,0.278513992414022,0.0150849840388654,0.505257230930704,0.215830618131138,0.701252862736108,0.914086933844505,0.999229098646953,0.827356255925202,0.151718860072126,0.377439692817849,0.228438407318402,0.378030062286225,180,"CKMT2"
-11.205159173116,0.00103489519754368,-0.00348726929747796,-0.454724358803706,-0.0500188479311479,-0.00364893264350983,0.000431870948940855,-0.000779310974206829,-0.00247421200992517,-0.000433831916466135,-0.00279373703565852,-0.00179195773803118,0.00136296285057577,-0.00470674279547489,0.00233820281298776,0.0312353099403061,0.219763007839013,0.00358592177626657,0.919507003005725,0.0674985816276828,0.00239989465482433,0.00298042445551035,0.00217650790552704,0.00361706470832102,0.00215239894749489,0.00238028641630435,0.00313433425623232,0.00324137252127353,0.00500064234138864,0.00341649828082155,0,0.996242662236881,0.33080736024876,0.620931494275694,0.458671891244004,0.12839657494913,0.884787854071987,0.720301660476432,0.49395076890595,0.840262758462985,0.240516074019807,0.567512513475122,0.674127956942907,0.34658821457668,0.493731598113988,181,"ZCCHC9"
-13.5800303378558,0.255509004873267,0.00673698466243775,3.50347393120259,-0.0234208055077591,-0.00452415641817184,-0.0122094151248282,0.00286782601679485,0.00509004158265163,0.00875085095014005,-0.00140491512303797,0.00213886782041997,0.039848155852139,-0.043147771676368,-0.00335025683893372,0.113973505134568,0.799718024973152,0.0120253442477252,3.17866722312889,0.23452503123926,0.00797077019249176,0.00983390554595828,0.00728298066604062,0.012299441673642,0.00705815874649571,0.00763742952152468,0.0103415170477698,0.0111961599522746,0.0221906567752365,0.0117357623127467,0,0.749348248536133,0.575321089086994,0.270381990499778,0.920451627719069,0.570311101305594,0.214397770731249,0.693750173914041,0.678988867534825,0.215041739301307,0.854051656354909,0.836147772879873,0.000372140110064452,0.0518458294467955,0.775280901657583,182,"ACOT12"
-12.1348780047125,-0.542202747967235,0.00201105751402807,0.789954254058233,-0.0653850755107003,0.00438562383123976,0.000952617386678215,0.00277305739769401,0.00227150489044554,-0.00589104041455235,0.0123530527860817,-0.013730032695179,0.000755049918235894,-0.00160742188765044,-0.00645905176373984,0.0470433237492783,0.309933651785912,0.00509803284533642,1.36246279636676,0.0985658486719366,0.00340844883801192,0.00434698929029483,0.00310591177081189,0.00529037442126753,0.00324366730050509,0.00364560492706528,0.00490427105670703,0.00481391355402351,0.00735059606295769,0.00497760325329296,0,0.0802192159498748,0.693228787290263,0.562050326881549,0.507097197441489,0.198201664726688,0.82653773943479,0.371947150410696,0.667657169782378,0.0693448103440676,0.000702816178826018,0.00511648202707111,0.875365100037005,0.8269000141939,0.194416963245711,183,"ENSG00000286721"
-7.79242953695252,-0.334156051463963,-0.00309271889004242,1.51747797273502,0.0477952927700022,-0.00443242796575851,0.00334955223879089,0.00344215618527501,0.0056372697942515,-0.0066911855536588,0.00764333087443973,-0.0106649948140308,-0.00277442428249467,-0.00147076910772177,0.00811848778734599,0.0375387701983749,0.0601610153550221,0.0027926428958294,0.287252236326827,0.0221448475834026,0.000725327709912834,0.000905518622695731,0.000662950761227532,0.00115204221337933,0.000683259012862285,0.000763792231093722,0.00100994102380123,0.00100108921719286,0.00148743461776554,0.00106912637947983,0,2.78627693098853e-08,0.268098410368961,1.2726814015577e-07,0.0309042753382929,9.90512643526154e-10,0.000216414016354708,2.07851801206331e-07,9.91671144124761e-07,1.20609147962609e-22,1.41876637376126e-23,4.56577042836285e-26,0.00558148502602197,0.322763057973553,3.11205930085066e-14,184,"SSBP2"
-9.53559112293465,-0.151901045949457,-0.00404007849522627,0.541864617513643,-0.000880727759348791,-0.00323521104834894,-0.00205267236894097,0.00108690053470827,-0.00319103636610281,-0.000495123546821117,0.00321071889605824,-0.00431931425774698,0.000398719825229817,-0.00154419449343033,-0.00167257599490328,0.0184940934774265,0.122110059520488,0.00221032200203772,0.553393053300937,0.040853246635392,0.00142080004218385,0.00175750706047224,0.00129055237881126,0.00216889555127357,0.00132031868961356,0.00145820158666733,0.00192563104329816,0.00196256000754888,0.0029003668012393,0.00204047696618394,0,0.213511221653089,0.0675760453120423,0.327497112501782,0.98280027389951,0.022784151433818,0.242828770676848,0.399677175447977,0.141217438972465,0.707658192006239,0.027676984901062,0.0248926680697494,0.839007533305373,0.594439624339798,0.412387981186377,185,"ATG10"
-10.3466875009949,-0.273474918596386,-0.0129210153608171,1.53505669140063,0.155911340399214,-0.0148539703771482,0.0310448480910275,0.0158852263256771,-0.0137057665004936,-0.00765530096393749,0.0145360849778431,0.0037322774081406,0.0318075957690092,0.000764162935756823,-0.0227782644665034,0.0442478229448214,0.283322129703545,0.0027335123831603,0.418911404092697,0.0335851960049479,0.00129302147083551,0.00139807821647998,0.00117095052233984,0.00175256307027159,0.000925936022555344,0.000998223354219809,0.00129640069892427,0.00140751616283709,0.00182063289273122,0.00176190685234346,0,0.334422732013379,2.27983450604766e-06,0.000247924297871021,3.44612445952847e-06,1.51934201851786e-30,3.04755484465995e-109,6.36221698826956e-42,5.26504334096822e-15,1.36642603317805e-16,4.90341481793121e-48,0.00398997083079727,4.49486844766868e-113,0.674687244678386,3.12084219845652e-38,186,"RPS23"
-14.8812318338127,0.344997640110551,-0.0292943057875464,-2.68188131414767,-0.261710764206132,-0.0143565352874798,-0.00362578900613381,0.0108420131813859,-0.0389169801528795,0.0299333845082265,-0.00613826837669097,-0.0224480120790301,-0.021941931282139,-0.0524399721260876,-0.0590830601618475,0.201594118054845,1.43813452311763,0.0215560218056486,5.42621884386633,0.43904027708652,0.0142103995983462,0.0166382280751946,0.0141008087176265,0.0227849654658358,0.0130029012691857,0.0140981295453973,0.0191358820251003,0.0184620422996086,0.0404895630442672,0.0208041394051937,0,0.810413620036024,0.174151408196136,0.621133191162466,0.551110166263976,0.312359381387974,0.827492083372268,0.441956830586409,0.0876342321898398,0.021332111352123,0.663275056264974,0.24076180672418,0.234640873047361,0.195269217213052,0.00451182636079412,187,"LINC01338"
-14.8565300595243,1.05704354790585,-0.0245249375461657,5.61788027530168,0.268767807998895,-0.0148104072391258,-0.0198339927168093,-0.0011611738881596,-0.000840132079544939,0.0140618517670456,-0.0160275329668186,0.00760962340009608,0.00484735308793254,-0.0160087670642352,-0.0127526111016395,0.177364135453932,1.0861772307657,0.0204159282735251,5.19953140118316,0.378369133136854,0.0132314687498552,0.0160815365669724,0.0120391963461655,0.0208463133680625,0.0122940340995958,0.0134672769348669,0.0175182648325883,0.0186608173132916,0.0324456427550021,0.0189267704888694,0,0.330464951434668,0.229648470636645,0.279937854005654,0.477498108502521,0.262998501225132,0.217449162647959,0.923163618270645,0.967852972802503,0.252708763989484,0.234003393410203,0.664010880712402,0.79504811440212,0.621728089655179,0.500446767998893,188,"ENSG00000271862"
-10.7527567709406,-0.683327517003784,-0.00720336903504909,-2.47929831968684,-0.0686372615246887,-0.00885966287259161,0.00157560451805663,0.00548773315085423,-0.00377648885336798,-0.000260089657578943,-0.000918910711215977,-0.000176081177110672,-0.00190572666151596,0.00659941304808215,0.0108382875961101,0.0293258842830926,0.23633178121273,0.00271217539986563,0.674794011417227,0.049834085133065,0.00182470130053374,0.00225043265256349,0.00161568596527307,0.00259580759087378,0.00155061518582203,0.00170447061347903,0.00224862322181891,0.00237499385054336,0.00322341610353795,0.00255023272013198,0,0.00383540964727167,0.00790882116167057,0.000238637110467556,0.168414702509144,1.20141255846806e-06,0.483843595656942,0.00068244949430294,0.145713120167254,0.86679317105471,0.589805467342742,0.937584472500071,0.422313920089553,0.0406251902616667,2.13845922130026e-05,189,"TMEM167A"
-10.6979071411216,-0.320688097247903,-0.00670275515789021,-0.736931004057849,0.00609166481862576,-0.0046313869287429,-5.45008194761746e-05,-0.00245092025837179,-0.0205899780462519,-0.00570334773267927,-0.00416507545500019,-0.00163698046226964,-0.00814209611771337,-0.00236558475515089,0.00113427370734807,0.0327011825814386,0.228756589223229,0.0039960772888319,1.02430161013552,0.0753312928593144,0.00260039948385884,0.00332266431220743,0.00238618217678645,0.00406015355075436,0.00248468882175256,0.00279891167266218,0.00355861294239182,0.00358644640172334,0.00562996015363438,0.0038334900259294,0,0.160952637505538,0.0934772435382816,0.471865376318959,0.93554931661416,0.0749077110064742,0.986913088880707,0.304359064759847,3.9524989030658e-07,0.0217103724058964,0.136723110843672,0.645512487242935,0.0231929907989867,0.674355508380577,0.76731760568401,190,"XRCC4"
-10.3950654461969,0.256338405559959,-0.0193120223203761,0.165352436373287,0.0563488722207805,0.0113541874745475,0.00341358195866624,0.0199495593646148,0.0219814268417531,-0.0447739318666444,-0.00604631334266984,-0.0214580922273203,0.0162534746232083,-0.00211857012195136,0.0328728726403978,0.0311881349775601,0.186840782785646,0.00386317417494734,0.959195614463761,0.072199604683517,0.00241804943179482,0.0030524025133383,0.00226754445272358,0.00377492004766074,0.00247110915257679,0.00269010878881121,0.00365753474251372,0.0035113160711936,0.00490827040922351,0.00357617165233614,0,0.170075348463302,5.76272719304604e-07,0.863133634274318,0.435120417801921,2.65828205068091e-06,0.263427665339625,1.39438502687757e-18,5.7794377801714e-09,2.25816691155914e-73,0.0246011185188839,4.44236686804124e-09,3.67641703389149e-06,0.666008371419875,3.84900071702123e-20,191,"EDIL3"
-11.8816308118823,-0.0539495481012364,0.0134645475482491,1.90548822302854,-0.0719115968193629,0.02422461184434,0.0154716217164948,0.0123787696304181,0.0362395158206499,-0.0307963767446543,0.00102961579281094,-0.0102919637274328,0.0267153363280802,0.0022509436124572,0.0373031643899046,0.298429529535354,0.356053037298623,0.0213722789247571,1.88072362921163,0.148193605336337,0.00472854886775358,0.00564419886597697,0.00423819816620026,0.00805403098613179,0.00475806806304234,0.00496021793896055,0.00646267606079232,0.00666314557162801,0.00945636620681666,0.007162480112291,0,0.87956466708737,0.528694222214733,0.310980119240096,0.627495908215196,3.00625986786292e-07,0.00612236918455127,0.00349176070536844,6.80974341889899e-06,9.64238707691386e-11,0.835561053910086,0.111267119227343,6.08685646088361e-05,0.811854154668104,1.90747980658924e-07,192,"EDIL3-DT"
-10.3840653155587,-0.498883352806428,-0.00744433015361563,1.2827587566645,0.0246589707185551,-0.014596829623292,0.0257679142633067,0.0138194849475412,-0.00404535864980245,-0.00770022042241509,0.00779799344412514,0.00601084703966635,0.0233550724518272,0.0022652835270592,-0.0159109177561128,0.0320626685915014,0.272706231400634,0.0019147027710681,0.440951811288697,0.0347441699808763,0.00132930328843295,0.00146487382170145,0.00120004429387533,0.001789519606814,0.000965301497012566,0.00103715154903152,0.00134759239454133,0.00147733188829019,0.00191710595670269,0.0017947322136943,0,0.0673426866779071,0.000101081067549539,0.00362508125949231,0.477871746194978,4.72655539736481e-28,2.91116060280201e-69,1.09819651984007e-30,0.0237850551178168,1.49919768027214e-15,5.53390317893858e-14,8.1793815986984e-06,2.69909301544304e-56,0.237358007799442,7.6268499629131e-19,193,"COX7C"
-14.064553436156,-1.71517166520968,-0.0243479213749668,0.100791347718403,0.593651566385943,0.00743780759160219,-0.0276267450105429,-0.011346091114397,-0.0196772753211834,0.00309269422844502,-0.0229116834983901,0.0134042367964846,0.0111877915906374,0.0117945022098105,-0.0148142402820044,0.155658678501535,1.20603467190274,0.0151274343088487,3.81333302893537,0.269046907408119,0.00985348602545391,0.0125648961492173,0.0093768680992725,0.0155791711604197,0.00942229518457076,0.0108068843968509,0.0137906972768114,0.0142007085209576,0.0173157900000374,0.0141466305484508,0,0.154980434508029,0.107502493193446,0.978913329404122,0.0273491232664345,0.450344856117378,0.0278975177362242,0.226275589914528,0.206571137786409,0.742736620659955,0.033997551421442,0.331062126938741,0.43079419808604,0.495781995143359,0.295010970854974,194,"LINC01949"
-9.33638233294872,-0.612531326224779,-0.00428520441270913,1.26203980459238,0.0940687832258641,-0.00512959762810147,0.00566488215675129,0.00119260258226242,-0.00189545721056568,-0.00192789492160765,0.00150428888365233,-0.0023615691444722,-0.0015748282356066,0.00209966001422902,0.00506391223457342,0.0154482109771593,0.104558149984689,0.00160349216427941,0.401974627259485,0.0293886603290906,0.00104333623540001,0.00130009049676781,0.000937276600233156,0.00155254813379331,0.000950465744311334,0.00103991358411407,0.00138033445587537,0.00140704480117174,0.00205270165987552,0.00150405984479371,0,4.67674674605023e-09,0.00753063446158301,0.00169178281911582,0.0013702139015447,8.80900970258033e-07,1.31677729173702e-05,0.203226549556833,0.222135788617929,0.0425226369154001,0.148022489643211,0.0871056041847311,0.263035518223106,0.306366305267653,0.000760378345079099,195,"RASA1"
-8.27578597330905,-0.132832313887153,-0.00144625638360999,1.14454377575601,0.0692814861427315,0.00157458382110765,-0.000723385942131626,-0.00166445980540066,-5.7954876556786e-05,0.000301418654433167,0.00027449360106951,0.00355541249745599,0.00262908024896494,-0.00261143182267864,3.58586931419143e-06,0.012148546993723,0.0688188876584101,0.00137827271494027,0.339944588363465,0.0249161541680414,0.000851771358704352,0.00107768648416769,0.00079116866521531,0.00133387194006306,0.000805535940638012,0.000890334795668826,0.00118122231836633,0.00119033906278563,0.00177721037624397,0.00124983803969876,0,0.0535854867166935,0.294028441108778,0.000760309466792836,0.00542610419134319,0.064515713598148,0.502067847668153,0.0353959886378225,0.965343932166864,0.708267432481942,0.75785117455608,0.00261296248847546,0.0271967797388216,0.141724495749824,0.997710818724706,196,"CCNH"
-12.2664698628549,0.150350061371685,-0.00764132327673348,-4.75888095203863,-0.0296633728582655,-0.00094368803481727,-0.0108398591446535,0.000616428827249283,-0.022985685706056,-0.00155935224597277,-0.000996415229039524,0.00541237518300459,-0.00130116243891391,0.016648705448813,-0.000451112358890804,0.0612191318711149,0.433312723434753,0.00729334357086387,1.91449776775521,0.145400529336207,0.00495250938355377,0.00650069772096157,0.00471241633326797,0.00751391179253873,0.00466410004511866,0.00503239572118942,0.00661523479299522,0.00666303782580427,0.00913503693646433,0.00688062745230196,0,0.728607709330469,0.294771336232086,0.0129294283226453,0.838344551073406,0.848880164396348,0.0954166841296025,0.895926007175047,0.00222015050853771,0.738129959889192,0.84304492749905,0.413261112500453,0.845173234962731,0.0683774837762355,0.947726004164359,197,"ENSG00000285190"
-12.1375495637972,1.09116520414554,-0.0138699384469687,-1.06743153562634,0.103513606677869,-0.00964083388617983,-0.0100806006689285,0.0094782058139841,-0.0181829978051228,0.00308221284123345,0.00282256540481645,-0.00650871080275377,0.00469907045564458,-0.00480938967225013,0.00173011795765954,0.0596996292940175,0.41971912943041,0.00738277197780377,1.94659847467451,0.139800709005786,0.00485540441098692,0.00630845032834944,0.00448408128859318,0.00754558359719905,0.00461955551577021,0.00511958925567764,0.00668204802695311,0.0066997290663194,0.0104638466777199,0.00727098649655927,0,0.00932914400107738,0.0602868606927944,0.583446571653108,0.45903492225129,0.0470790636081765,0.110053665308178,0.034537025916843,0.0159632942037278,0.504638114307453,0.581409851640072,0.330027112791502,0.48306455126757,0.645789243675346,0.811921291150364,198,"LINC02144"
-14.9299408544801,-15.8741740735858,-0.0254122631123351,-2.65483576951115,-0.311927044834037,-0.00482847111537676,-0.00626578461206521,0.00859186718565495,-0.0136075792551364,0.00655907367576905,0.0104714671139205,-0.0135924218944459,-0.00402703616865551,-0.00636433762661565,-0.0149616655260823,91.7160655605267,938.706338634407,0.0133542901624734,3.54475043999603,0.261018990574034,0.00897112428720747,0.0110295656403924,0.00853234761177324,0.0135702902021797,0.00770538810026397,0.00899913270740548,0.0117524769016443,0.0123116876502545,0.0184111856238208,0.0127867917542992,0.870688224460764,0.986507862747814,0.0570498387640537,0.453888204845297,0.232073033289418,0.590422665442912,0.569973939652324,0.313946424945393,0.315982538846325,0.394640435944542,0.244582714043267,0.247452965326055,0.743599430780873,0.72958489097029,0.241965747912603,199,"ENSG00000287862"
-13.4062969248862,-1.00193583569249,-0.00972341706948426,-3.88088588877826,-0.329969344699835,-0.015503068472499,0.00692428160653709,0.0121267948573792,0.00357237835447492,-0.0103195120127225,0.0140859328002123,-0.018998169544824,-0.0126838630967238,0.00178610965573857,0.00618852798649051,0.122736843032145,1.07828248473824,0.00963395472087283,2.44963269307683,0.185474664140391,0.00659788396603532,0.0082222965264527,0.00576764991245581,0.00925060658974531,0.00554127804312252,0.00614264871301317,0.00831424436195172,0.00843789098261516,0.0117585546900836,0.00928062341380403,0,0.35278748927825,0.312837420437888,0.113131704484301,0.0752309962508938,0.0187883903835722,0.399712533625515,0.035504782718825,0.699365037743277,0.0625610719319419,0.0218401398061626,0.0223119731690125,0.132786702395901,0.879266801151616,0.504885554755175,200,"ENSG00000289462"
-9.853612352397,-0.26126781702613,0.000325022739943047,0.215993936283993,0.0389522462052549,-0.00364158436502525,0.00467331666964033,0.00260645536141679,-0.00450854348475966,0.000405079439871185,0.00158062280338703,-0.00187003126554286,0.00350551574196823,-0.000666045265613351,0.00745913176988635,0.0172857432214053,0.117643143936336,0.00179998452456062,0.453417520876248,0.0328586025047997,0.00119631819797868,0.00147639899596962,0.00106680997805728,0.00176215660366912,0.00105575144817432,0.00116600209423982,0.00154741140212234,0.00159602472557202,0.00239451716874365,0.00169301158866016,0,0.026361099222697,0.856705308362215,0.633811696050386,0.23583938180412,0.00233460478771872,0.00154897547364974,0.0145567134969132,0.0105113528264559,0.701209512407482,0.175229102603081,0.226858825030799,0.028063010465287,0.780893908321257,1.05376565216524e-05,201,"TMEM161B"
-7.59821882387148,-0.0706743893758399,-0.00142071723518036,0.376641129828915,-0.0138219823145035,0.00369616796523857,-0.00447489942362741,-0.00262909033287106,0.000993843246524109,-0.000728846726977332,-0.000976937217935722,0.00129443186697664,0.00192493912580507,0.00100356691945042,-0.00501885907547051,0.00943635195841896,0.0449516073751734,0.000980736513902281,0.226267732390706,0.0166881973036442,0.000563537067117439,0.000715999928717076,0.000521817245431627,0.000892316278594848,0.000535938237635881,0.000593033970556828,0.000787745252002553,0.000793783993475105,0.00117427624185118,0.000825287283746444,0,0.115896582328067,0.147442961662096,0.0959962360275151,0.407529513017946,5.42160071397226e-11,4.10820365642055e-10,4.69597860696706e-07,0.265373953323291,0.173847210937837,0.0994851886820846,0.100339231279664,0.0153076992803073,0.39275827062843,1.19176399636398e-09,202,"TMEM161B-DT"
-13.2297487348477,0.408870078853369,0.021795491190086,-2.54807442433487,-0.0807337134438301,0.00597381221092422,-0.00670533405545411,-0.00163507578460406,-0.00911327594369008,0.00867451714950636,-2.63712345736515e-05,0.00281508362563216,0.0159320720916315,-0.00786609884079245,-0.00334291499940216,0.291107830061178,0.571078295201642,0.0216308007231301,2.50547584996273,0.214255883749464,0.0069174182340662,0.00841829319043031,0.00628158882161338,0.0110752322370122,0.0061367262068598,0.00672755737793188,0.00880520643194291,0.00927961369786329,0.0146280778013461,0.00974038627023945,0,0.474015115474914,0.313639948502727,0.309152387989629,0.706314968635203,0.38781323906435,0.425730189327531,0.794635047632002,0.410592215711713,0.157496569000966,0.996872394265996,0.749190668714279,0.0859993485893341,0.590756735308832,0.731446890134768,203,"LINC02060"
-11.9775121504151,-1.06590688375434,0.000682205132235416,-1.28269981123021,0.149575076656003,0.00502596094497864,-0.00576837608030187,-0.00826147573127381,-0.0110302901088867,0.00786623714902292,0.00654659882329029,0.00348418384461017,0.00609845685898995,-0.01927939529536,-0.0157770320417748,0.0596290426345668,0.430041595694372,0.00705546142665015,1.77565101276521,0.133779608226954,0.0046501312863535,0.00589391500316358,0.00427987415535649,0.00710185437727415,0.00446533493871791,0.00496219843321519,0.00648153713823724,0.00647180076955656,0.0107211871344405,0.00686350999506733,0,0.0131894158256498,0.922971166932978,0.470059137697252,0.263536746599772,0.279776611459259,0.32772810909549,0.0535686745332587,0.120385790425074,0.0781329994447436,0.187070829230569,0.59088418204885,0.346032820844949,0.0721370959797594,0.0215229606690162,204,"ENSG00000271904"
-8.93601368771619,0.108952159100182,-0.00240814286252503,-1.50250418199656,-0.0113308597317665,-0.000796020176022679,-0.00275578399602664,0.00148467554490609,-0.00554348271683108,0.00134852592930941,0.00384930301700838,-5.26752933625194e-05,0.00116571790709529,0.00277931249713401,0.00057816783560649,0.0137946244700451,0.0831649483462466,0.00158773627035347,0.388921251243187,0.0290164656269627,0.000994792438036213,0.0012615084774667,0.000918024619099936,0.00153601111452271,0.000929705409867038,0.00102610575452621,0.00135840236160754,0.00136073734798113,0.00197209904209304,0.00143900440655284,0,0.190171118057085,0.129338743735685,0.00011188349623708,0.696168641272484,0.423602344509546,0.0289244376607793,0.105824273409131,0.000307365260227459,0.146922666335621,0.000175870476079225,0.969067874251274,0.391621176126973,0.158741485486888,0.687843566519267,205,"LINC00461"
-12.0219122637565,-0.732940536417997,0.0179558883702987,-2.35317240879632,0.237153355812855,0.00910048566103759,0.00101655853700814,-0.00579177833751973,-0.00295803350381744,0.0104092446186554,-0.00615265074331513,0.00606464636720966,0.0120394824380559,0.0182110771447558,-0.0040421251941298,0.174066148940065,0.38105439624237,0.0128930013407528,1.50907579272226,0.116893889997075,0.00406496872115586,0.00489570917488694,0.00360692089356741,0.00601289706201944,0.00352437954894986,0.00390393808874288,0.00511728741112619,0.00535416641577522,0.00644926779333423,0.00568947142360587,0,0.0544230800209747,0.163715094715687,0.118914336145561,0.0424795093010061,0.0251715956805122,0.835507918800492,0.108330976596987,0.622756007978427,0.0031419560640157,0.115023187178391,0.235966395980618,0.0245367214890478,0.0047466374780535,0.477420744030043,206,"MEF2C-AS2"
-13.7223082928038,0.364219042487979,0.017337207171732,-12.6370041994879,-0.453831985877891,0.017583245202321,-0.011206186948951,-0.00969007561375324,-0.014490249052744,-0.0169015071821807,0.000625565687070758,-0.00219705572746072,0.00946275356577328,0.0389855064815432,0.00863558629424017,0.106907326341679,0.641038505340722,0.0129249235422672,3.18494042770173,0.2544074800384,0.00820730538935921,0.0108490275231319,0.00814800717953167,0.0126679965759637,0.00831860287212502,0.00869076553808157,0.011121266019224,0.0111284467264525,0.0123058135029796,0.0118540308037307,0,0.569919333518863,0.179797779793261,7.25585119818769e-05,0.074443440884476,0.0321621490527411,0.301640931154229,0.23433850043579,0.252687121294055,0.042176709105669,0.942617422833296,0.843393666404769,0.395146563539932,0.00153461949641235,0.466311447842756,207,"ENSG00000289008"
-11.832508440333,-0.971891071049828,0.0080374157990247,6.52390864052395,0.157261093899816,-0.0112772566220354,0.0181850781762139,-0.0300353048932502,0.0196092226163653,-0.00315411951904239,-0.0279603675821257,-0.00277174170240283,0.0147726836455606,0.00431253910949908,0.00576195925791002,0.394361297464572,0.462161491640068,0.0270098335812561,1.40585589553835,0.115639524671981,0.00388603967324374,0.00443006859067686,0.00370153395813155,0.00576174718120954,0.00341731495727885,0.00376621595433381,0.00476793887755931,0.00496894901048234,0.00664438288461514,0.00549129278738353,8.64168690014175e-198,0.0354723040939606,0.76602855897753,3.47526071267085e-06,0.173853622395661,0.00370797833124745,4.04454420615923e-05,4.8864963499893e-16,0.000665657828184307,0.356016688561756,1.13639641182946e-13,0.561018659577395,0.00294904792181769,0.516305825212687,0.294044612690369,208,"MEF2C"
-10.7574383428089,-0.168702939214075,-0.0136524857901606,5.33750358862495,-0.00636966406524572,-0.0179441600269496,0.00996212978916434,-0.023338728282015,0.00310346238184555,-0.000794970215496932,-0.0215433117448406,-0.000958344553160229,0.0154018843922666,-0.00859760535646888,0.00171873043079612,0.225661311512343,0.28204185425313,0.0159023603037321,1.11087702459733,0.0890609296175387,0.00302053086793772,0.00358239380340003,0.00281463469662109,0.00447253335582949,0.0026542807868702,0.00296196701645349,0.00383996392081979,0.0038601271402097,0.00599307832993686,0.00431074982086346,0,0.549740786901967,0.390605689349341,1.54932993905793e-06,0.942983671895376,2.83754669875906e-09,0.00542153841406813,1.11434023657787e-16,0.487748921998926,0.764554801145551,3.5077754691993e-13,0.802918942867564,6.60749476756432e-05,0.151404198279773,0.690108373996503,209,"MEF2C-AS1"
-11.5619814941663,-0.289070320278542,-0.0204673567378418,-2.03398968385661,0.181555391972953,-0.00486706005352463,-0.000920364259433754,0.00210139048243126,-0.00459789539978576,0.00152774806502955,-0.000310356976646878,0.00512229828098988,0.00874355429886664,0.00411677349737804,0.00973349884464581,0.0406574320573364,0.30800033352447,0.0040818739021909,1.01979242971462,0.0743056944036046,0.00276404679494962,0.00332827497653505,0.00247542434976456,0.00395739085429933,0.00236133128205086,0.00254968365147863,0.00336797618104842,0.00355790910245309,0.00488314830899439,0.00382639521843117,0,0.34796749228189,5.32529010653803e-07,0.0460959751706521,0.0145513060539588,0.0782645139377686,0.782141856164235,0.395936320221891,0.245296314220357,0.517641063506707,0.903117827774377,0.128289158836373,0.013990861215953,0.399196436136427,0.0109660848502205,210,"CETN3"
-13.5686233033913,-0.0613542638968347,-0.0115408900097098,-4.92782335688637,-0.039112788649745,-0.00698703095433768,0.00811759329781788,0.00784668324028579,-0.0148279729648706,0.00479050896593362,-0.00289322762609839,0.000414581463836889,0.000894073127289179,0.0348160094193654,0.00710737572375344,0.111780156351829,0.858531443369672,0.0110146651332274,2.62609041715427,0.199980097975787,0.00748530075578798,0.00903361931982917,0.00684129488493651,0.0105254816056481,0.00620320218084121,0.00675669461506408,0.00869715859353581,0.00926528631118971,0.00965337040927836,0.0104929059250423,0,0.943028314903053,0.294742314716454,0.060588499352668,0.844936249699843,0.350596158033553,0.368866762809188,0.251398656978659,0.158903462843615,0.439958155537096,0.668504331994034,0.961980350992258,0.923125788393854,0.000310215068130602,0.498183557691101,211,"ENSG00000255647"
-10.6808375782346,0.0003626079527264,-0.00647679589472399,-2.6667463675555,-0.0316307855176069,-0.00345914748240467,-0.000761419299549938,0.00235139854401661,-0.00307360322883649,-0.00215331789181568,0.00554593554777547,-0.00721805127867037,-0.00439143277477851,0.00173511903098311,0.00125757393322719,0.0237312682962612,0.164901606729119,0.00269191682566297,0.682289702569108,0.0498076327642939,0.00178685064788003,0.00224298962164677,0.00161278114694037,0.00264375322972833,0.00161350015423528,0.00178062682881569,0.00236853336707314,0.00241453972243273,0.00349606687476931,0.00254712867874147,0,0.998245504942703,0.0161275429205023,9.28613349020992e-05,0.525389935101637,0.0528810937605655,0.73425850977759,0.144846758716014,0.244995558099023,0.182019356648835,0.00184196182210481,0.00230771082374764,0.0689502969166566,0.619678520677957,0.621502396183351,212,"MBLAC2"
-11.0812506938654,-0.471502970147765,0.00195769937436585,-0.154000316248416,0.0558304704043306,0.00139247930064602,-0.000721003756775278,-0.00181238721115046,-0.00283381416894245,-0.00250718816523717,0.000916798324835315,-0.00228753149376013,0.00522550760453788,0.00161784801034191,-0.000169081374645099,0.0314160892880613,0.219440284578128,0.00351307281614152,0.905117835191812,0.0660836891934123,0.00233369011374231,0.0029182992938618,0.00212452975718211,0.00349493942559476,0.0021556826766245,0.00237493505419645,0.00311672796901609,0.00321943692529564,0.00464048647673968,0.00336855864806968,0,0.0316612140969121,0.577348941976787,0.864896936751182,0.398197419702492,0.550717304219581,0.804859473681114,0.393616673147756,0.417461260291677,0.244805183887918,0.699473781654857,0.462977451862423,0.104565405227522,0.727361405384669,0.959967806588263,213,"POLR3G"
-11.1609395177444,-1.03722844098336,-0.00202365387646103,-3.09259578052433,-0.189544409873519,-0.00486148438428145,-4.6945761826331e-05,0.00117227828799153,-0.00364121224122571,0.000768193075325768,0.00537385339704704,-0.00308032641386493,0.00142097700379668,0.0024851054022419,0.0123252575646329,0.0368267033415711,0.296400710561921,0.00340765717937409,0.879244569150493,0.0652011766636095,0.00230171258993707,0.00289241654414825,0.00205124980531797,0.00334326234443501,0.00202235614478299,0.00223178400506923,0.00297877880911647,0.00306374323838432,0.00446418967222474,0.00329763928002002,0,0.000466284087423984,0.552609173211848,0.000435906842400418,0.00364831095930094,0.0346764862290751,0.987050394206819,0.567664386383555,0.27610118806726,0.704056363011029,0.0160457430395631,0.301093928313804,0.642788028788845,0.577749100268588,0.000185784984044934,214,"LYSMD3"
-10.1852455915799,-0.186965090833658,0.0103172803658258,3.10727324875758,-0.225625548630496,-0.0035614690639908,0.00505657653663902,-0.00598437958820986,0.00556951559156816,-0.00826675700787908,-0.00479611968647369,0.0182310514746378,0.00358094916403847,0.0036674795434625,0.0195590068172557,0.17928951074166,0.178526562446727,0.012696081866102,0.835069677405929,0.0667557474476897,0.00211451144077959,0.00255948991441135,0.0019284948165087,0.00345000863584913,0.00199937316363105,0.00201790249506068,0.00267205996668692,0.00289530251518599,0.0043716771961926,0.00302133444242214,0,0.294976158823698,0.416427363908184,0.000198455221850499,0.000725209110213388,0.0921239388771865,0.0481979613940469,0.00191482329893886,0.106451898058806,3.55458255505634e-05,0.0174642804966837,8.92548301963228e-12,0.216156338402732,0.401515216634797,9.56748624014823e-11,215,"ADGRV1"
-13.7719910113474,-0.125820817746683,0.0234765563391782,-0.0676106133773151,0.525739747596537,0.000118878235642145,-0.00685987211358624,-0.0120460170875873,0.00610282926418615,-0.0120267802504928,-0.0456937417048864,0.0260285889056282,0.0088078031138331,0.0450798734289917,0.000443552881722833,0.132328604370702,0.916683802832281,0.0153718523876419,3.42768339905042,0.272104043977921,0.00940566852162932,0.0127284081815272,0.00977005497304995,0.0129000767655819,0.00941614627013196,0.0107301719940557,0.0125759204695715,0.0141812578681467,0.0169886358284503,0.0151307675156142,0,0.890828046560666,0.126700558884092,0.984262850331878,0.0533437520828784,0.989915806265538,0.58992696502606,0.217593357250561,0.636152734393283,0.201513721379812,2.0586291076349e-05,0.0384789095685686,0.534542001431057,0.00796544311422821,0.976613657262729,216,"LUCAT1"
-11.7212279075832,-0.543393429241569,-0.0220848432663149,-3.13324201616964,0.112443078382398,-0.00443689692252862,-0.00396290760919105,-0.000234519614784869,0.00512372488765876,-0.00806608472239854,-0.00311763336312255,0.00605575543073916,0.00469336130644975,0.0124344906488142,0.0112080833823214,0.0453396975539754,0.343332888498257,0.00447007507696581,1.09172737919579,0.0814014156311757,0.00298319155748583,0.00362739862542927,0.00270255416242287,0.00423600471331531,0.00260058614822468,0.00276087342039348,0.00361361210653599,0.00387426863703741,0.00477695066364448,0.00416008129935507,0,0.113489548403716,7.78833996732731e-07,0.00410490303747989,0.167174267659253,0.136935937969852,0.274616465266581,0.93084874874148,0.22644568779089,0.00192451170353988,0.258805057225352,0.0937738896941778,0.225734992789599,0.00924069842481161,0.00705582019003788,217,"ARRDC3"
-11.2493046432934,0.220915052217152,0.00574056704992396,0.898458885536273,0.169084752053691,0.00386168751917851,-0.00447557870453952,0.00193913543953935,0.00496487649325334,0.00354730341776107,-0.0116529833811854,0.0242642463499545,-0.0017444264343177,0.00223869352784023,-0.00239666686068039,0.189050002731595,0.297463721701736,0.0139370986050035,1.48659227233254,0.11577273947803,0.00381216334477504,0.00469279384646134,0.0035455451213567,0.00607665350262621,0.00363508561621126,0.00393608861203999,0.00529408091318566,0.00520122074839598,0.0078828348066334,0.00546900795707109,0,0.457686240319858,0.68041923523994,0.545594495695958,0.144155871933783,0.311064414647534,0.340228915584724,0.584432551076642,0.413904862687334,0.329138104869815,0.00307091222434128,4.57742091376147e-06,0.737332504481152,0.776413448553389,0.661221749797592,218,"ARRDC3-AS1"
-12.6713186110557,-0.061020006228032,-0.021971407148796,0.544499956015587,0.813645436452777,0.000195732789397554,-0.0218514452068666,-0.00891723236541668,-0.00897529680844646,-0.00292228638236647,-0.0086006006311339,0.0253401763280168,-0.00340945003408788,0.00130044927784858,-0.00581155108551245,0.0942749376064306,0.640574617661486,0.0119131750265199,3.0852074335663,0.218644876095159,0.00827058097995705,0.0107668055347672,0.0078625294844193,0.0118482937246292,0.00763544947696992,0.00853390255270946,0.0120455637873602,0.0117673832472355,0.0172412210157921,0.0116917178062817,0,0.924109716921775,0.0651401840783893,0.859911118562118,0.00019819169675565,0.981118908818548,0.0424053725490931,0.25673459098305,0.448739533421062,0.701922803706358,0.313542966692854,0.0354051767239652,0.772017206449718,0.939875175915946,0.619142770321309,219,"ENSG00000286121"
-14.9543353168373,-15.1661805289698,-0.00750347982939807,1.73201188567788,-0.0897583708261193,-0.0199083428326201,-0.00217136849219719,-0.00175853989547894,0.00858526498280944,0.00891498008654548,-0.0193237224184764,0.00186273607078989,0.0277775290116447,0.00107650243892517,0.0138427285142454,103.337284157655,1057.64861343417,0.00986736032923287,2.51076676243539,0.193067820565133,0.0069532931123653,0.00808511038523838,0.00616981442506476,0.00963406825176041,0.00541373036586126,0.00622072289322047,0.00808826624882644,0.00843332021718074,0.0121554971612874,0.00943859917441479,0.884936810601057,0.988559105123476,0.446994991748308,0.490298683111714,0.641998837992587,0.00419447815499227,0.788265322653889,0.775626411901646,0.372856217298222,0.0996124959811795,0.00189414452573904,0.81785785810962,0.00098848685153255,0.929430839386945,0.142482622855437,220,"NR2F1-AS1"
-8.59025569173869,-0.0761627361205942,-0.00238826626443115,0.822467081050128,0.0407194412468693,-0.00321624618692048,-0.00116359579725123,0.00120565566804718,-0.00456416816512804,-0.000389608288682439,0.00106694711079439,-0.000994245746846646,0.000875855907917919,-0.00283585218658825,0.00152699117555942,0.012157951870486,0.0708204999757519,0.00133815043855675,0.324940490596997,0.0240026663400977,0.000819447587645461,0.00104637924649804,0.000758168144795246,0.00127598102027125,0.000776526073510027,0.000853611116475896,0.0011318954083158,0.00114392869296428,0.0017588350999457,0.00120117025904763,0,0.282180703046786,0.0743016016085261,0.0113695244778174,0.0897997617656958,8.67673793162521e-05,0.266129079711804,0.111784771866469,0.000347576782203109,0.615855771945122,0.211328128918397,0.379732042625815,0.443880993057972,0.106886489489344,0.203638692440627,221,"FAM172A"
-12.8257391215901,-0.544636409142561,0.0141401980720984,-3.96305334840145,-0.16688584285229,0.00146116180793456,-0.00271602841333638,0.00119209247633338,0.00278997741792626,-0.00256129150434029,-0.00643308324618909,-0.00721107884453803,-0.00181133836459844,0.0060758284442995,-0.000908247817495425,0.187262046517786,0.565619918723568,0.0146203660869354,2.08733111218134,0.166910986297946,0.00554243019112073,0.00692706113724904,0.005006916977662,0.00832847279621435,0.00506108623977126,0.00548446300238355,0.00709213192605016,0.007429009728958,0.0100503501104287,0.00786524311047566,0,0.335596831668974,0.333465258076775,0.0576141572961436,0.317383414220271,0.792063518754509,0.694992034716076,0.811811970142217,0.737630608435734,0.612803682995876,0.240809834159146,0.309262060591349,0.807370520563703,0.545485358998455,0.908067741250094,222,"ENSG00000287180"
-12.7268449473388,-0.250254504330397,-0.000839815752032155,0.541285303402472,0.00704700233649242,-0.00313111940879249,-0.0108819303725242,-0.0074435759109839,0.0121910904040417,-0.00249299685010959,-0.00126449053154738,-0.00334461862635465,0.00315402896182653,-0.0333543833541457,-0.00321364312756082,0.0621529149105663,0.407403836091729,0.00691217802852421,1.79566517131894,0.12923965354054,0.00454341589477444,0.00585346195860289,0.00417019500304194,0.00685762848062802,0.00432738121088566,0.00479641579065364,0.00647218995526531,0.00645209698035102,0.0130138719224092,0.00664806818350577,0,0.539039274993703,0.90329660493468,0.763078998792267,0.956515595144779,0.490725506286759,0.0630187944082535,0.0742699587708719,0.0754463284829577,0.564548757472482,0.79206320190192,0.605318340021854,0.624956526813721,0.0103775961722796,0.628815275498075,223,"POU5F2"
-13.6541124431308,0.283267162593817,-0.00446013959909598,1.3635302849246,0.292398162005395,9.766350381653e-06,-0.0056381972642845,-0.00409636373667414,-0.00323332485445882,0.00361029595443594,-0.000614732180793677,0.00237190085778732,-0.000201177094554467,-0.00332246162067605,-0.00789228669157326,0.0949701924119108,0.589832847322062,0.0111974696661375,2.88790989675413,0.20498123142741,0.00746349897546785,0.00934044913192381,0.00687441733420965,0.0114858279320342,0.00711845062346243,0.00781179586879465,0.0103506380164803,0.0104868521764945,0.0165885451880153,0.0107162396600411,0,0.631049712570807,0.690396723416337,0.636818829255803,0.1537347120502,0.998955929653545,0.546088099722848,0.551251902609384,0.778322635442648,0.612032452631777,0.937276963238397,0.818748416488051,0.98469452509129,0.841256521736457,0.461439173558641,224,"ENSG00000251023"
-12.7453221938375,-1.53878288579229,0.00429789353158957,-7.1464527213838,0.0338779336599664,0.0123788916027355,-0.0170308508476353,-0.0123532915222516,-0.00441898216434358,-0.00430447659822852,-0.00052572904803484,0.00427433223999037,0.00627301097330256,0.00425510658131316,-0.0141535143993538,0.0831748598538121,0.630161902675707,0.00959570459080007,2.46069944816287,0.182252412324484,0.00635452363370141,0.00824866870408658,0.00574693744583927,0.00966771319477611,0.00597432759168261,0.00623781087589844,0.0082281442353941,0.00887298822468925,0.011901634481446,0.00909986099974648,0,0.0146108007947928,0.654227064826851,0.00368150156364122,0.852535186443598,0.0514096992153087,0.0389534081468912,0.0315913487124592,0.647608800605974,0.471219922727809,0.932833004481701,0.603428100621401,0.479579904146186,0.720700404233156,0.11986154266318,225,"ENSG00000286577"
-8.51153999124173,-0.0507527356526486,-0.00531381679878041,-0.315646473436911,0.00781384332020784,-0.0042510224749271,-0.0069838999555085,-0.000146155011429212,-0.00587690525733778,-0.00185677738829165,0.00220442630103002,0.000343209010794564,0.00203250725582485,-0.00375484370828605,-0.00282225409624837,0.0134779665731634,0.0826529720981933,0.00156240389418798,0.382432119204365,0.0283572459287823,0.000972049457105611,0.00122511436068249,0.000899886541219725,0.00149906201385757,0.000898620834448926,0.00100057749295825,0.00133282596528156,0.00134799235142274,0.0020154938920445,0.00142696137881128,0,0.539184860452099,0.000671270715775558,0.409163824422012,0.782893603580232,1.22406260527926e-05,1.19379024147847e-08,0.870979112892313,8.84063871271035e-05,0.0388046605022149,0.0275838965768346,0.796789152527342,0.131604888721802,0.0624637609644782,0.0479504920153559,226,"KIAA0825"
-14.8762543541735,0.499472477168886,-0.023236519728634,-5.29234663250816,-0.16126287753581,-0.0172960451439447,-0.00372118323703523,0.00854505718029071,-0.0199114442946169,-0.00110751637117751,0.00779877717391487,-0.0343119365291941,-0.0272228217536547,-0.0163294356859652,-0.00870349144073343,0.176611965395172,1.33804088668773,0.0204924917875419,5.07395808333474,0.388025356051889,0.0135700187773096,0.017386875991041,0.0124608227580696,0.0203384432781478,0.0126956503357444,0.014096287080862,0.0188032759788626,0.0184880655462316,0.0311881598587373,0.0198251991454182,0,0.708935290958083,0.256834792036312,0.296929275090215,0.677703595136488,0.202458707142571,0.830529485647226,0.4928683428066,0.327577347855223,0.930484011051414,0.580091925293831,0.0680334757172998,0.14089838309423,0.600572056970994,0.660653166082525,227,"ENSG00000270133"
-9.55711299141772,-0.231347275783025,-0.00505297516432817,-0.780060827606012,0.184157717656002,-0.00963647866262103,0.00228770853844615,0.00442955216101298,-0.0122615287428509,-0.00720323157506708,0.00113539761995849,-0.00123710814388955,0.000765851105383204,0.00185479879007213,0.00698321057460847,0.0167740804519754,0.11946975238114,0.00170166467582311,0.411696312288251,0.0299590326426939,0.00111265585274324,0.00136628015470851,0.000999586659797003,0.00161806700457759,0.000981677614391727,0.00106521201023194,0.00139842528187308,0.00146015425334427,0.00207875060573268,0.0015785558449142,0,0.0528125351491472,0.00298352193266713,0.0581257748854901,7.89697036420495e-10,4.6850600923245e-18,0.0940507122743719,9.36302520759964e-06,3.51228390034948e-14,2.17335657015127e-13,0.286473883373805,0.376348818569068,0.599930724804419,0.372250295752101,9.69811627542408e-06,228,"SLF1"
-6.70702242184679,0.0210393968496577,0.00274453313754115,1.36522208705113,0.00417270588011282,0.00101435759631062,0.00514934918174235,-0.004882347466868,-0.00522919792103878,-0.00177419913136839,-0.000629261175624339,0.00278270938793802,0.00430755556775928,-0.00189371410551731,0.0100922897532038,0.00905861151615222,0.0419767841865498,0.000939630411864715,0.211649668255621,0.0155987428634679,0.000531509787712993,0.000667287550477359,0.000489551737213708,0.000837450437976194,0.00051564312622499,0.000558174655187778,0.000739954640194444,0.000757683413347486,0.00110431216781331,0.000788471076901843,0,0.616219769047549,0.00349061577733811,1.11565523168257e-10,0.789082133250864,0.0563336283288709,1.19252105876684e-14,1.99894455299926e-23,4.26007533713358e-10,0.000580104068129407,0.259592275222768,0.00016947335736454,1.30686073521155e-08,0.0863753249458035,1.64326612148957e-37,229,"MCTP1"
-13.7655894327435,-1.99294396483469,-0.00228759339863723,-1.92568413982567,0.247353196106974,0.0122378680302278,0.0190721390795696,-0.0115384015173191,0.00105875021445479,-0.000436034639387848,0.00587783644555844,0.0020393007960385,0.0118230314260789,-0.0331160941611816,-0.00138383323075124,0.12882446117863,1.08841258024755,0.0107266145056777,2.76251883685543,0.200164273959009,0.00758201590085195,0.00897422586971448,0.00676367191477954,0.0106926621552348,0.00662632711268802,0.00707351332435465,0.00936369105384507,0.00988952022683769,0.0194910687050308,0.0103834296006327,0,0.0670922426866328,0.83112158350847,0.485755559310211,0.216551144286236,0.106513284195454,0.0335688661182326,0.0880197179302914,0.921125152139226,0.947534375026072,0.405993845410611,0.827594190850835,0.231887393308105,0.0893117555188803,0.893977295843571,230,"ENSG00000249175"
-9.2179533370758,-0.262634286222922,-0.00155585110362018,0.276321415744837,0.113243095875176,-0.00194295860629875,0.000746960280518801,-0.000211106333505227,-0.00496099178820193,0.00155759249851378,-0.000562650185588988,0.00576975744980008,0.000699446210557207,0.000111360205090263,0.00273506231570869,0.0140431479216335,0.088298924754672,0.00152845099033751,0.378014384488946,0.0273944286327912,0.000977612935370382,0.00121835751586349,0.000885743852359964,0.00146443265678088,0.000883746276808849,0.000973335899748638,0.00129179892583744,0.00132683779547914,0.00198333078979133,0.00139894758588531,0,0.00293584181029369,0.308712782228338,0.464790624332508,3.56813624232965e-05,0.0468723501713777,0.53981820436651,0.811619024870487,0.000704930180782916,0.0779868265887612,0.563221089917962,7.95276234781392e-06,0.598087508357903,0.955223846344226,0.0505729646351784,231,"SKIC3"
-11.7123695289468,-0.363626405474504,-0.00050673533643955,-1.42911076495169,-0.175138988483364,-0.00018077349360942,-0.00497499209801975,-0.00524752998041072,0.00190708912033641,0.000984770731598226,-0.000708160046839921,0.00924967187549403,-0.00272594267232568,0.000974408113649052,-0.00032473178335462,0.0425587593582904,0.295543834321278,0.00493125788641437,1.29557022200803,0.0965326328337678,0.00324698442602129,0.00419629597275297,0.00299890678150909,0.0050491088793208,0.00303044842243761,0.0033136859389425,0.0044164988189575,0.0045493553735888,0.00692139483796979,0.00474427370898832,0,0.218560940312222,0.918153569042242,0.269994716364228,0.0696318181960366,0.955601295797441,0.235793145883222,0.0801503617691617,0.70564747947677,0.745212291463047,0.830775042502555,0.0362292653319618,0.549044076158382,0.888042128470818,0.945429728269224,232,"ARSK"
-11.7769327319897,-0.530192589795134,-0.00516918138553455,-3.39227396412648,-0.0898588680480734,0.00735621357290092,-0.00016570143093937,-0.003823794205939,-0.00807324115431628,0.00208014322249247,0.00561492935616653,-0.00798709900137182,0.00687928124164771,-0.012795097823854,0.00855327045822935,0.122660157662376,0.283346356186276,0.00969188796316065,1.34360868774631,0.100268544789627,0.00337900918767416,0.00420262675617696,0.00296888482751944,0.00519561475758319,0.00319633082561766,0.00345379347073486,0.00463542385722351,0.00468911608424127,0.00774345009548725,0.00484435640745505,0,0.0613198645229338,0.593790398051562,0.0115781128722279,0.370155551398846,0.0294781260032154,0.968549106559161,0.197761141800604,0.12021858596145,0.515181433310449,0.104007493588608,0.0848782382315201,0.14235587088537,0.0984577479070547,0.0774603882928072,233,"RFESD"
-14.1529885233134,-0.253217993537563,-0.0361925977031684,5.09782594343909,0.241127595255266,-0.0115571550952214,-0.010974811787093,-0.0101391521794282,-0.00235323783567574,-0.00590034616392614,-0.00534596427469114,0.00804451597016606,-0.0204005889738762,-0.017241506044363,0.00141847912278646,0.140577729899579,0.824254392332621,0.0158651397845924,4.36792046227521,0.304056328405835,0.0104597540168297,0.0134971036854135,0.00970171641652163,0.0175988734192923,0.0108213600827464,0.0111184783762781,0.0146413412521312,0.0151388156742587,0.0261700739532259,0.0156133317728963,0,0.758684640965223,0.0225327347320898,0.24316758690201,0.427756885457572,0.269195759844468,0.416147271245942,0.295982072309892,0.893627742259237,0.585581614117225,0.63064587275574,0.582704587348995,0.177797253553544,0.510007978005519,0.927611376394946,234,"SPATA9"
-14.553016770769,-0.402678003282593,0.00338819751485139,-3.38050035266449,-0.870952894906767,0.0141035059735003,-0.0108838315501738,-0.0151089095749235,0.0179749436878059,-0.00595631675919027,-0.00810991755879842,0.0166904148345064,0.00317813978407423,-0.017240554255192,-0.0130129718530626,0.15586612829938,0.955726921963667,0.0183615307917106,4.98372958310749,0.410567115397103,0.0121510320247565,0.0154807923870459,0.0111205705951185,0.0186980430265398,0.0113802770700676,0.0124399866266332,0.0168129942769049,0.0171425466696689,0.0301010487242563,0.017833945994961,0,0.673512920139687,0.853600076831852,0.497576846266972,0.0338931082858627,0.245770513985458,0.482022156385616,0.174259053003492,0.336387505316899,0.60070327643786,0.514450631079493,0.32085166885703,0.85291935136969,0.566809959868927,0.465589301060678,235,"ENSG00000250240"
-10.7287505083594,-0.333885919040875,-0.00188834920848514,-0.0600325820959661,-0.135905522253984,0.00807000225800558,0.00621354493205872,-0.0175703769671167,0.00494497612986732,0.00295140756221817,0.011688317269784,-0.000646593905071995,0.000726855195243573,-0.000769368403394167,0.0119194010349041,0.02678077042754,0.150288758243053,0.00298912396177537,0.81133713648809,0.0590855594131967,0.00198571837161459,0.00254497936021309,0.00181078618159781,0.00314198816726001,0.00193676489863746,0.00214426175313586,0.00286371972319754,0.00282371447110824,0.00443931000330619,0.00288989595291727,0,0.0263083634521597,0.527556777724866,0.941016628597385,0.021439845350547,4.82343692468188e-05,0.0146267413078774,2.9225676938515e-22,0.115525218773268,0.127537365727206,5.00944050032874e-08,0.82136621395591,0.796861504084359,0.862409253365014,3.71526930253041e-05,236,"RHOBTB3"
-12.0008771998099,-0.172906947438985,0.0140767773104459,-0.57241268468862,0.102055811073999,0.00273297114829734,0.00107154071194891,-0.00226642813138745,0.00482804862886418,-0.00523257862481269,0.00126941878434297,0.000680566538264056,-0.000406489786266733,0.00103936111116891,-0.00122964799451447,0.0465584200487682,0.30087491789149,0.00551360296826212,1.44222636419398,0.102213762537282,0.00366631331079113,0.0047126445093088,0.00334686639900527,0.0054294147814269,0.00336126697149274,0.00373255363454908,0.00499036499357228,0.00508925222630613,0.00731771646240309,0.00533802985065464,0,0.565507399684793,0.0106768972053039,0.691444762671882,0.318058922940209,0.456013261331556,0.820131635872006,0.498292297135433,0.373874522548297,0.11953506271014,0.733785802907553,0.891523962957805,0.936338898075714,0.887053519918838,0.8178150336687,237,"GLRX"
-15.1866257705069,1.73436848035928,0.0358860378322655,-6.88216607577287,-0.496285543691837,0.0225177934902191,-0.0207479947578052,-0.0118579195477205,-0.021973301831738,-0.00303262275983635,0.00623950805295987,-0.0217906433034912,0.052704363390782,-0.068212729687436,0.0233471809043421,0.229670479259014,1.01490239670715,0.0219867833776435,6.49632760437699,0.473430166068838,0.0151801356770558,0.0199463670295147,0.0143905193795242,0.0260595321159218,0.0160262481618906,0.0181342229483799,0.0245984548143047,0.0235166989949685,0.0619531426744677,0.0238456109099506,0,0.0874691505772897,0.102644927718163,0.289420690127077,0.294511402605383,0.137975510218866,0.298252026882287,0.409934362659788,0.399118650839074,0.849913738264757,0.730790908097785,0.375696125313718,0.0250165987048627,0.270880362125761,0.327531747194063,238,"LINC01554"
-10.2401292675108,-0.278707588185019,0.000136047395996409,-0.123055023832872,-0.075732977978305,0.0203263398488572,-0.000460236691364371,-0.00706179991650438,-0.0034878206046027,-0.0048130500655433,0.0143713705118583,0.0332709333231941,0.0162787572711217,0.00987679315944579,0.031230679287204,0.0919988214388777,0.137342341687081,0.00695611189066526,0.749692800212079,0.0574964586565083,0.00184641352552933,0.00235161683702188,0.00168546353329391,0.00307652317546405,0.00178505355629526,0.00195972442379414,0.00269406671576512,0.00267698937811712,0.00385257890511961,0.00273223746479571,0,0.0424286518397644,0.98439599612792,0.869620463370864,0.187779505229728,3.47543295161764e-28,0.844836571017784,2.79167725041813e-05,0.256925008703086,0.00701132898617227,2.24447970897431e-13,4.88894382861396e-35,1.1943950560304e-09,0.0103567923754489,2.94608592466917e-30,239,"ELL2"
-11.5622108326755,-0.101512374336093,-0.00584936598055601,0.897248557570317,-0.0691448969224338,0.00677834417085658,-0.00950608743379451,-0.00737996004167486,0.00062380262552918,-0.0063534549829225,0.00883500219217663,0.0230630083046109,0.00782276189151372,0.00860469763543915,0.00935201552873099,0.0509325855890178,0.322481776438614,0.00640600978272646,1.57678326465253,0.118551848342703,0.00401385674283491,0.00514987997900615,0.00379809042285865,0.00624747919879116,0.00387657676404625,0.00443384257496148,0.00585188909898135,0.0059980479307506,0.00836529694585643,0.00592159346676112,0,0.752925023098347,0.361186794051926,0.569330798735536,0.55972767701168,0.0912700434389559,0.0649088704496227,0.0520075585569576,0.920464450643893,0.101226924111652,0.04630211449754,8.11013942927574e-05,0.192159274836567,0.303659068844057,0.114265598358263,240,"ENSG00000251314"
-11.9624107300346,0.0438518376931955,-0.00555628532912042,1.30451152499944,-0.121672159675393,0.00127527258359456,0.00950790756036078,0.00426101783910695,0.0130349559100145,0.00492201153979306,-0.014374985140914,-0.00955702849418063,0.00444436835065612,0.00329188083064334,0.0032692941822589,0.0467404947130132,0.312451080899544,0.00550425938695751,1.43774334694908,0.108262950202393,0.00365249944625927,0.00452082530553376,0.00332901294419645,0.00560300859936366,0.00326486316752058,0.00361531077827347,0.00472383615043935,0.00497017309110006,0.00712283294746509,0.0052237361787759,0,0.888385158935355,0.312757938360024,0.364230897146276,0.261073361614448,0.726976207387117,0.0354539386930974,0.200557679415412,0.0199961115239084,0.131664476496191,7.00426280150248e-05,0.0430576982512767,0.371210633013203,0.64396735520369,0.531410959959792,241,"PCSK1"
-10.0735128686411,-0.148451302552929,-0.00277552192341139,0.154974929128513,0.0939463536402709,-0.003394081159682,0.00270582843740838,-0.00617730322822666,0.000122211664928847,-0.00342168615202023,-0.00128245308536476,0.00278744052369508,0.00281739982113257,0.00636930400833423,0.00971817435755336,0.0196202911035645,0.126233073663229,0.00215457298715275,0.544262776916972,0.0398590923287253,0.00141942434880826,0.00177729868122873,0.00129233303460397,0.00212106478377301,0.00130318611409676,0.00141245223347,0.001867177890117,0.00193000875609798,0.00268983005787943,0.00202864063570684,0,0.239591052259364,0.19767619025868,0.775841166592,0.0184251475643945,0.0167948955729697,0.127899173891075,1.75328039119887e-06,0.954052853648898,0.0086488464073363,0.363898249920939,0.135473088957721,0.144348888980137,0.0178883743610077,1.66377916910363e-06,242,"CAST"
-11.5645702606954,-0.457494275681549,-0.00707317442460636,-0.370154612469305,0.0815269092789553,-0.00217919878760281,-0.00112248086211781,0.00101538927664427,7.8531445682111e-05,-0.00193895234960134,0.00398971147125026,-0.000247891480381827,-0.00450985065597744,-0.0036816443732732,0.00180224115113571,0.0384553395757369,0.268861455313409,0.00431487864622179,1.1176549419189,0.0815612744924214,0.00286779210587375,0.00366762988378941,0.00263112141935979,0.0043245837869775,0.00267469809789456,0.00294023061646129,0.00394129670256626,0.00396439716938896,0.00603395213764351,0.00417883565298496,0,0.0888306403414219,0.101160741171196,0.740502005689296,0.317514455813998,0.44732195624585,0.759566008544697,0.699559605942497,0.98551176539543,0.468498769750561,0.174800822827259,0.949849384129578,0.255292558808112,0.541759321745337,0.666266024203015,243,"ERAP1"
-9.8625398209993,-0.0717957195605664,-0.00696139325506161,-0.249728845504273,-0.0203637157083273,0.00206006515134396,-0.00307165061108308,-0.00166051460490333,-0.000527205958635489,-0.00290331416297337,0.00474641971295698,0.000186343200089143,0.00123139143445469,-0.00321079386691872,-0.00285920558606098,0.0190750329430772,0.120234899879096,0.00224459812852223,0.575338493904044,0.0427053846676537,0.00144970835117275,0.00183396713540133,0.00132578220233884,0.00224553232119659,0.0013622708948922,0.00149553351037686,0.00201179247833344,0.00203523152616628,0.00305926026454037,0.00211614790033296,0,0.550421401668017,0.00192608895470636,0.664248129106538,0.633474724385681,0.155310826883742,0.0939603748817638,0.210395310372968,0.814379532981876,0.0330701041387183,0.00150493563349438,0.926201117978272,0.545154067271261,0.293932986024192,0.176651572151638,244,"ENSG00000247121"
-9.88673444579439,-0.508223990235841,-0.00564780678604118,0.149376066871091,0.0255329551877325,-0.00703471452374355,0.00515510526586998,0.00183668864205955,0.00346924636666784,-0.00522260618320699,0.00163676497634608,0.00235001956820359,-0.00427160833967051,-0.0050107982509631,0.0100655558497905,0.0188375109762078,0.130505219066653,0.00200044715466546,0.502437933146993,0.0367354285924789,0.00132056438249341,0.00163450166326974,0.001176167281153,0.00192365883067248,0.00117450752360399,0.0012863337689648,0.00171404291913208,0.00175601864346924,0.00269044073079374,0.00186401050039717,0,9.84904409656577e-05,0.00475361976797389,0.76623555303132,0.487024043627763,9.98198479062468e-08,0.00161087234986042,0.118385092281659,0.0713156257695702,8.72258860609967e-06,0.203221678466057,0.170362820932653,0.0149927989901611,0.0625403721015586,6.66609984328858e-08,245,"LNPEP"
-10.3649578610604,-0.403955471207052,-0.0172455755045916,-1.21142922352827,-0.00821638213528742,0.00152699952930219,-0.00905000416245761,-0.00277064460976528,-0.0129637027878115,0.0072953944760435,-0.0019093916754668,-0.00649783872483218,0.00754047411329389,-0.0027515605327406,-0.00839079344195505,0.0275084311146726,0.194432363259912,0.00320651832916159,0.828647912880748,0.0626336794564823,0.0021229962274668,0.00265014118399973,0.00196333918980293,0.00332485632938538,0.0020072323863305,0.00215692258937433,0.00285860679197866,0.00296058407447941,0.00433759880897842,0.00312816643475277,0,0.0377448919011804,7.51979213625029e-08,0.14375907665103,0.89563170364797,0.471976888337899,0.000638021586814952,0.158188601202069,9.65802232365361e-05,0.0002784619431997,0.376027822213275,0.0230214269151318,0.0108667476480216,0.525851721304352,0.00731099886614933,246,"LIX1-AS1"
-11.4724675105883,0.166322654437221,6.22971364306617e-05,-1.60167320104396,0.0419349689269335,-0.00376516292781519,0.00277193916275877,0.00739095782792372,-0.00459090759069062,-0.00298256203639278,0.0037841281675557,-0.00195818835154522,0.00505951311807,-0.00909397799870292,0.00904635633297293,0.0357537489987393,0.250498641170187,0.0040734220311817,1.03018654717157,0.0748915729291406,0.00274899536455006,0.00342458653000632,0.00246104629707622,0.00399715305632732,0.0024160885930334,0.00266919779080536,0.00356021568809265,0.00368027470328167,0.00585809508906736,0.00389444602747323,0,0.50671188417859,0.987797977871531,0.120007779948509,0.575518710036716,0.17079602153502,0.418271866885069,0.00267176922935214,0.250743912139537,0.217031957453582,0.156277663259488,0.582305941256827,0.169204289856458,0.120571801858601,0.0201852473640086,247,"RIOK2"
-13.1481379085243,0.317101976556522,-0.0281518135518342,3.76970687175407,0.327333257855407,-0.00675552488443983,-0.00655957016518205,-0.00113614402240553,-0.00510218241980493,-0.00661767532451752,0.00512945063702149,-0.0087874830635108,-0.000270397149828041,-0.0211013421349382,-0.0101474991765598,0.0768120077349516,0.473215102266137,0.00852959181078177,2.20812454507314,0.159165124589127,0.0055970022351561,0.00704148831620479,0.00524775519636976,0.0088893338833361,0.00551570784109123,0.00599310241446593,0.00794507491281903,0.00785632281309835,0.0142458257715259,0.00820184729455674,0,0.502793322183333,0.000965169162435171,0.0877851670648728,0.0397281886019697,0.227436053166369,0.35156386700357,0.828597279228213,0.565990275747603,0.230222020679446,0.392057315015901,0.268713978239435,0.972544009577993,0.138545338860309,0.21600498099398,248,"ENSG00000286828"
-13.0894814921155,-0.745404182694999,-0.0274301984803631,-7.08505904010009,0.0316454907700499,0.003846528685003,-0.0146751151884243,-0.0266326242170943,-0.0161300024203969,0.017061091107502,-0.011349688716358,0.00240023331219476,0.00859893320847282,-0.0228494922250097,-0.0136756722203225,0.106879437252444,0.760478098498121,0.0129168782091257,3.33272574939717,0.247198713376225,0.00838204588752178,0.0104646061185649,0.00774639366853946,0.0115073952776364,0.0080747570114629,0.00898062988954395,0.0119432045355921,0.0119821846274734,0.0209392225507568,0.011614318379532,0,0.326998079735358,0.0337041503585031,0.0335111528517693,0.898135990026472,0.646305308165965,0.160808623002146,0.00058588166035022,0.161002606083173,0.0346099956236931,0.206303073999914,0.840721541181335,0.472977319475606,0.275172018079002,0.239002443270682,249,"LINC01340"
-14.7359736507135,-0.68308693196469,0.0112465286202167,-3.31467685674455,0.0568315638308067,0.0433406106110208,0.0302182413102465,0.0190596330551994,0.000821929498550506,0.00936189829983444,-0.0145687595977577,-0.0151046098512696,0.036464821245877,-0.0157973513864669,0.00586326547070553,0.195396576911715,1.14149865492567,0.0218890645003403,5.24189851409228,0.427646265185949,0.0132413531239859,0.0181432487658068,0.0132276792884475,0.0228172064354684,0.0142060308832002,0.0155239434131905,0.0196981658951112,0.0201974927847309,0.0317973644880286,0.0211672273499547,0,0.549564804263867,0.607394150904276,0.52716289288646,0.894277321113395,0.00106365237496,0.0958057869818492,0.149615713686148,0.971264534219293,0.50989016590043,0.348002780805764,0.443198738520455,0.0710100380812011,0.619320764083978,0.781782155907195,250,"ENSG00000286953"
-13.8025362722483,-0.32345628621765,-0.0328938176451544,-2.37946228662399,0.683485232636299,-0.000551103153578023,0.0163867847376409,0.00277060930181127,-0.011340481259471,0.0121971839594378,0.000717474232201197,-0.00905994112709437,-0.0137910571360784,0.0264344419277136,-0.00167297709645686,0.142925742716839,1.06952698864173,0.0176384164236688,4.14997083732028,0.297308275535316,0.0111546319651841,0.0133910442968047,0.0103705094030985,0.0188752528251396,0.0111679934650014,0.0116965325339575,0.0140897039546688,0.0159650042040398,0.0209559935936242,0.0168783723478494,0,0.762324830424905,0.0621959402330518,0.566395257471203,0.0215099998354755,0.960595931965299,0.221060802723028,0.789344189988639,0.547965109708953,0.274764818395002,0.951087827582628,0.520212057794963,0.387681025078422,0.207155289688679,0.921043329894984,251,"LINC02234"
-10.8574137550683,-0.277249499160033,0.00395372301234562,-0.570292248425324,0.0761225411175976,-0.0048657506076169,0.00344736859980189,0.00488310871605897,0.00227883727101138,0.00192442121986933,-0.0036353038982802,-0.000784869159920256,0.000196965153942442,0.00789423009574208,0.00296110106086587,0.0280327884448637,0.202207767484654,0.00307374686684357,0.775309256324094,0.0559994982630736,0.00205878616844275,0.00254302016745535,0.00183410669447815,0.00298458458163892,0.00177623513396092,0.00197190278675822,0.00261111249793518,0.0027163677752695,0.00365802064315024,0.00288975213066231,0,0.170340040634023,0.198342648061307,0.461993980995054,0.174037838476946,0.018107747940246,0.175220155046976,0.00775877491988189,0.445143901403136,0.278618907383732,0.0652485624555255,0.763728660821509,0.942195658940121,0.030923123259639,0.305509327801306,252,"RGMB"
-14.9224990441533,2.44310578381063,-0.047212829290482,-2.04404505555636,0.5556143004577,-0.0426705220570263,0.0137633902376586,0.0262651456128879,-0.0207938601956198,0.0143444921514346,0.00042373323884564,-0.0225641125130201,-0.0101498741900265,-0.00145118076566657,0.0248890624530871,0.200353379735391,1.24529065276719,0.0180162804697063,4.36699149718357,0.315132831084772,0.0129503296253761,0.0146986668745586,0.0112230585496751,0.0175280373477652,0.00978311323487384,0.0109967100779051,0.014235934949924,0.0149703518553452,0.0212031322328239,0.0173566200559819,0,0.0497769283251559,0.00877842614348087,0.639736604237415,0.0778816956860306,0.000984436982834729,0.349082734754272,0.0192690751636193,0.235495975403964,0.142580125555379,0.969262937644161,0.112963850645254,0.49777272528155,0.945433939596985,0.15157770026476,253,"ENSG00000279232"
-9.89483625662861,0.177483923652958,-0.00558872970059703,1.09671571141471,0.13037516979245,-0.00608341413059234,0.00255531888397574,0.00230046001338526,-0.00193007656996369,-0.000661952968104587,-0.000511136014846371,0.00165841398049119,-0.00083694843699635,0.00103178436446347,0.00753054673953559,0.0179999375614098,0.114543347166786,0.00202884063751161,0.518749181155424,0.037124430161069,0.00133632461647555,0.00166353336468185,0.00120315461833411,0.00200978939629944,0.00121719165397211,0.00132950472911674,0.00175556059312328,0.00181140940611702,0.00266076617279495,0.00190382489721038,0,0.121263653450811,0.00587563809938221,0.0345021072187422,0.000445010822249698,5.30505942384413e-06,0.124518974095589,0.0558731682936547,0.336885270971883,0.586554147925257,0.700640532400435,0.344830706885761,0.644050721860099,0.698180945166369,7.63802261164553e-05,254,"CHD1"
-9.46824438320528,-0.175084440912785,-0.0114955684779031,-1.85363421063255,-0.129807540401613,-0.000314628500907875,-0.00535780840424155,0.000137606039300402,-0.00821272415537257,0.00126610409530048,-0.00307377085012443,-0.000565097759717159,0.00608396419664608,-0.00092154261487884,-0.000521017123448099,0.0163226715553949,0.108678412115684,0.00183375128827367,0.456490873036123,0.0343620315556917,0.00117383572759591,0.00147544231855799,0.0010731761414368,0.00179311946136918,0.00108593027692029,0.00117363630330265,0.00155289245668206,0.0016055591992826,0.00237620902509487,0.00169754645932813,0,0.107172665167559,3.63652067940831e-10,4.89433815542794e-05,0.000158318633096075,0.788672744108457,0.000281971438615297,0.897972369956198,4.64682150676545e-06,0.243648181973534,0.00881841210747694,0.715932591011256,0.000151065292367885,0.698148860485418,0.758901501526776,255,"CHD1-DT"
-14.2814720851235,-0.317448423487783,-0.0268353172164273,-5.3813829708939,0.00614715312416659,0.00811936371597044,-0.0354260043579756,-0.00485971504348287,0.000839638734871751,-0.000834148052188968,-0.0141527108891617,0.0233274068512506,0.00501717089072545,0.0262201346695757,-0.00254744609508488,0.140026885070946,0.918995689847491,0.0155868132646613,3.80991801198274,0.284156630292074,0.00961683585815654,0.0124115582181732,0.00914590510461289,0.0147828480793584,0.00927369472263566,0.00989772075507018,0.0128902592144,0.0136461705838084,0.0152606307501284,0.0138202465945064,0,0.729771337574935,0.0851296819681607,0.15781253887264,0.982740729870664,0.398509384526428,0.00431351305093033,0.595173356615578,0.954705970821859,0.928328729236459,0.152746882641663,0.0703434690559255,0.713125687136978,0.0857682796140757,0.853756848674,256,"ENSG00000249787"
-11.6948692426551,-0.163409593345377,-0.0238090297747802,-2.88252222710464,-0.135669878868306,0.00596999935643887,-0.00798126432782664,-0.00255691902682906,-0.0124801217903263,0.000472797055142793,0.00162381074734358,-0.00449178101131304,0.0127388803559048,0.00374439434957225,0.00420235904934258,0.0491627153648803,0.342663824941441,0.00583879670667267,1.5166565948488,0.112772453083944,0.00385032050929486,0.00494444342450651,0.00355760759882849,0.00602446987363134,0.00357952995620898,0.00390562007494922,0.00523994533823251,0.00527990785892345,0.00781291519538148,0.00559569448802228,0,0.63344743209402,4.54777590798991e-05,0.0573574762567908,0.228960475093445,0.121016731996052,0.106486518762521,0.472314273143145,0.0383053937748068,0.894918200212895,0.677583730525667,0.391323831348052,0.0158344632153603,0.631755803828452,0.452653463620434,257,"FAM174A-DT"
-10.8744423431794,-0.433844155512417,-0.00161928513015582,-1.20160433958072,-0.0248268068192177,-0.0070978869594851,0.00151745195614517,0.00376793289613738,0.00090545005990566,0.000918357055172705,0.00297223045438216,0.00211336780999996,-0.00273219226955624,0.000241701739552559,0.0073261065854526,0.0293607816912895,0.211748497200447,0.00315083065553379,0.802092972671131,0.0584031792735599,0.00210207856913587,0.00261826694616092,0.00186866141657824,0.00305912095568049,0.00183745769872421,0.00202727819946389,0.00267650070283973,0.00280004622344316,0.00409209939926253,0.00297003188062446,0,0.0404752849205697,0.607305651639554,0.134110879960477,0.670768579387215,0.000733866156004886,0.562209012912926,0.0437601775675055,0.76724249936737,0.617217559603939,0.142615955313264,0.429760785097248,0.329180018281451,0.952899968316366,0.0136373662111208,258,"FAM174A"
-10.7581704054953,0.0931782130431827,0.0060181678308068,-0.280777711423586,0.0177153378332554,-0.000752341227218618,0.00304940438218945,0.00746233863931769,0.00377689857041109,-0.00456345206369144,0.0409780155000677,-0.0131308345586905,0.00131294145043832,0.00324290772116777,0.0289372016015352,0.0313914184983691,0.177140884445511,0.00335338186430043,0.91594034249911,0.0653188520793964,0.00220829552409494,0.00287571310710512,0.00204712105806697,0.00341314783885986,0.00213547769382946,0.00249344372342884,0.00331211058989129,0.0031884522259916,0.00480972152021662,0.0033727723908725,0,0.598879939459076,0.072708479892705,0.759189075199573,0.786227026578399,0.733337981891912,0.288962946300315,0.00026709616640946,0.268478417985463,0.032600420469186,1.08662701727837e-60,7.35525415857128e-05,0.680500545575602,0.500158599710334,9.51634870456146e-18,259,"ST8SIA4"
-14.8508378663148,0.5912964539005,0.0039189388552905,-5.09550565045192,-1.11786261113181,0.015913590029601,0.000969649942512073,-0.0065733635357339,-0.0248337688116757,0.00197012733837554,0.0060360591187769,-0.0042739870534745,0.0414175409142936,-0.032012765708102,0.0104526585062075,0.226206388982218,1.35881737340935,0.0286800130647195,6.5522036729966,0.637538668089692,0.0173226808016602,0.020835654204801,0.0153429300235942,0.0271727340673559,0.0173232093502352,0.0174871347414183,0.0236925725266784,0.0267413026246589,0.0507469274216124,0.0251178421109377,0,0.663449774135804,0.891312549868001,0.436758774734902,0.079532749378808,0.35827536863707,0.962881437044503,0.668338465341103,0.360757651939031,0.909453718427893,0.729965503923981,0.856843624684289,0.121424307711038,0.528150635521146,0.677304074828521,260,"LINC00491"
-7.28271333229815,-0.0391036772846975,0.00146568407913435,2.30829605769341,0.0113349178915074,0.000262133588991767,0.00354459541140692,0.00302940643969093,-0.00111999230523713,0.00389873219597537,-0.0116390961444293,-0.000501703576687474,0.00376536541858085,-0.0028702436423916,0.00328000633221696,0.00950031788554798,0.0465931720085806,0.00099348097648221,0.230778087887766,0.0169471040565741,0.000579260240005714,0.000726049690999689,0.000529747212733768,0.000906867304620233,0.000556648261267007,0.000603153100466199,0.000789203163242456,0.000819834730358781,0.00122578281959922,0.000850857437301905,0,0.401324727823796,0.140131475131447,1.48999708440265e-23,0.503596914648297,0.650886029754524,1.04999982295271e-06,1.07412424031444e-08,0.216825914347904,2.48858978747349e-12,5.68266925461557e-83,0.52496609025091,4.37265360173668e-06,0.0192033548532455,0.000115756924062518,261,"PAM"
-11.2026152406168,-0.277415054181899,0.00162894809480546,-2.14990571418691,0.0319233840371108,1.48334450752519e-05,0.000655675498264872,0.00283837984762323,-0.00509222641660599,-0.000722938469353849,0.00236618577846283,-0.000325639813467211,0.00646981019686403,-0.00232434133441474,0.00355305069748625,0.0332811369876761,0.24259920589716,0.00370701184196302,0.950060674278361,0.0693275676768806,0.0025079964916418,0.00310439292728036,0.00225640580014276,0.00363231016118502,0.00219110994531139,0.00243663428815098,0.00323607769102797,0.00337114710371208,0.0050497153841916,0.00355340578259897,0,0.252826159030909,0.660354706338348,0.0236409838390261,0.645177668838319,0.995280971146903,0.832724245365878,0.20842039114101,0.160937644652831,0.74144403854779,0.331504569108411,0.919845820844883,0.0549626048337133,0.645306963735923,0.317358869631972,262,"GIN1"
-8.8991705617258,-0.102359752726285,-0.000825398625293452,-0.774439483131667,0.0887502257102933,-0.00407822943199705,0.000940896075597794,0.0029901791385042,-0.00587526981435619,-0.00261947283240817,0.000871835246091956,-0.00289333538118058,0.00297853945198667,-7.17491440064683e-05,0.00439161608743757,0.0123157758760209,0.0763730707311774,0.00128098595528867,0.308014774536468,0.0224208454457518,0.000808920892916169,0.00100174508884326,0.000730021927403441,0.00120264045044725,0.000726633555902361,0.000798745399122621,0.00105689325809203,0.00108521830737049,0.00160246625415091,0.00115290399933742,0,0.180160912097435,0.51935086560505,0.0119271196553725,7.54598434117134e-05,4.61733484933053e-07,0.347598815903604,4.20326751340605e-05,1.03266946062439e-06,0.000312220981284335,0.275050375527684,0.00618920787562832,0.00605763103072771,0.96428729015401,0.000139429783715159,263,"PPIP5K2"
-10.2219465812026,-0.185450001130145,-0.000330171383176655,-1.00086280519615,-0.117532093153378,-0.00668346119092217,0.00881839371864147,0.00358625233383911,-0.0100939001927011,-0.00313454011423024,0.00692516476450492,-0.00072547153504914,0.00205851789110236,-6.30573262070743e-05,0.0181252404089248,0.0219429326725085,0.153951200440543,0.00231265630350468,0.590948183024972,0.0436322046967164,0.00156090786296573,0.00192904594562726,0.00138536833652685,0.00227832239752137,0.00136825503236415,0.00149754910518628,0.00198914985261472,0.0020510108839932,0.00309370982156084,0.00220270738116854,0,0.228356790644882,0.886474070226138,0.0903307121020836,0.00706636225208513,1.85405775359387e-05,4.84532720846275e-06,0.00963492181246616,9.40545047686231e-06,0.0219690009441978,3.75806904852352e-06,0.715324630836724,0.315542451258548,0.983738299168147,1.89383670906585e-16,264,"MACIR"
-13.9958592357475,-0.674131878440476,0.00782092902829359,-6.16587306766325,-0.383024239953196,0.0218614282130211,-0.0251658102465991,-0.0186899475986795,-0.0132940525103251,0.0140340020603058,-0.0134489378207081,0.0134415546575718,0.00540756251119092,-0.0336312936496551,-0.0283154432406891,0.113806220448385,0.689875214185637,0.013842104500464,3.53777524175926,0.278940099016625,0.00883038957857386,0.0116383639549616,0.00834806757335998,0.0141731455460934,0.00887788374346666,0.00970726958180514,0.0126842623338804,0.0134082618750999,0.0275991939317624,0.0132217029484773,0,0.328480322637465,0.572066885564686,0.0813567831290013,0.169708346208387,0.0132973880170128,0.0305938957586424,0.0251666405319391,0.348257391482979,0.113927808087869,0.165914874127808,0.289279600879754,0.686726965886137,0.223010965080613,0.0322266327582649,265,"LINC02115"
-11.7362851326603,-0.745217388515418,-0.0053898263880637,-2.80074925754519,-0.0287361022168459,-0.00671559300371312,0.0131595696316528,0.00574758898748298,-0.0225764709154966,0.00174882709049595,0.00616017888613754,-0.0117506353030841,0.00188870330442201,-0.00481115343125009,0.00996860271441054,0.0496707405668995,0.425326761216057,0.00446032772830504,1.14375042185994,0.0847270848991239,0.00313353235573298,0.00377345015422485,0.00277887033235488,0.00451259299856153,0.00267187434717618,0.00295310178560782,0.00389797521569658,0.0040029300623099,0.00611187987226623,0.00437904031495507,0,0.0797556562353974,0.226896339363003,0.0143356244747805,0.734488630706533,0.032102000038816,0.00048772215992422,0.0386100808988672,5.64470087544533e-07,0.512769158618409,0.0369783604530416,0.00257362067333493,0.63704799070687,0.431176136196141,0.0228199585180831,266,"NUDT12"
-11.9263329881914,0.686487730377185,0.00365966389300089,2.76243422721824,0.147448976905919,-0.00300796728906184,0.001184477101093,0.00945256522371682,-0.0186638712171514,-0.00621488282334998,-0.00543306193541249,0.00890266439317197,-0.0106071428564221,0.0197013753924368,-0.00348150178965879,0.0756134684864282,0.484777904527503,0.00958976229160273,2.46799561413988,0.187325952794387,0.00641770523794302,0.00792941678581531,0.00583109458514149,0.0103150517756092,0.00644448182033887,0.00679505313041848,0.00865387816816384,0.00893064367856168,0.0128572973404917,0.00949076889630157,0,0.156750008507494,0.702741792270687,0.263011011789078,0.431208582460783,0.639285329646162,0.881255700726074,0.105004365623668,0.0703916444256827,0.334859066032322,0.423964981235324,0.30359786146245,0.234942031664817,0.125445760741554,0.713745589912874,267,"LINC01950"
-7.7418241189191,0.00208248057373853,0.00378901454415547,2.12077479840164,-0.032614792412789,-0.00168978279263195,0.00639922036394039,-0.000476696721302304,-0.00425525909256504,0.00302890397051959,0.00519321368100827,0.00191081336377998,0.00257507098914378,-0.00304852819840992,0.00802401033173076,0.0119621541090317,0.0670526111815475,0.00136170181664121,0.338516051548894,0.0247398508068028,0.000857538738588898,0.00106979554955286,0.000779462946960791,0.0013289636040544,0.000797554908252832,0.00088873197242863,0.00118347477049192,0.00119158731499574,0.00177687460139072,0.00124431769545633,0,0.975223753540933,0.00539321926974749,3.73025227555147e-10,0.187399898864755,0.0487807333954794,2.20789870547546e-09,0.540821810488727,0.00136506364993209,0.000146022998952937,5.11469487702483e-09,0.106401923194012,0.0306920462786065,0.08622269035645,1.1294599205272e-10,268,"EFNA5"
-7.4840683586813,-0.144895305709854,0.00214403858906176,1.27028416307707,0.0412879801222711,-0.000213842242055249,0.00300203696495027,0.000512793636397184,-0.00202204974737485,-0.000968035125636673,0.00329438953975231,-0.00471706447900365,-0.000986920338112366,-0.00119348930991515,0.00292812220938481,0.02801683113111,0.0484982998620562,0.00211550533915495,0.240675985820691,0.0184351042247069,0.000604917053126636,0.000757602505209698,0.000548586073033294,0.00097662380686251,0.000576079678404827,0.000635977917271713,0.000849192531511512,0.000845352787099418,0.00124946794563385,0.00089013510976499,0,0.00281143435798246,0.31082727990469,1.30612390530829e-07,0.0251143625587848,0.723708593315916,7.41538160991018e-05,0.349914517313054,0.0384103208004923,0.0928826097190018,2.21841151014439e-07,2.77986376511223e-08,0.243022373825009,0.339477566045318,0.00100356435614487,269,"FBXL17"
-10.7318041101805,0.0755457611413905,-0.00330110019286474,-1.62562864721204,-0.111691267075231,0.00456317543773906,-0.00930291993631049,-0.00226206609178242,-0.0042456767043274,0.00103641768258022,-0.000894534817924193,-5.26345205606286e-05,0.00639824209405363,0.00806271473414942,-0.00326011677428711,0.0261098892075063,0.165577802588592,0.00309013647676709,0.800533844391596,0.0597434382011516,0.00202797299814256,0.0025518065260841,0.00184583528393092,0.00313282449692152,0.00190085823269487,0.0021007078063274,0.00278766838882667,0.00284015309068012,0.00405169420552402,0.00289545991790042,0,0.648206355090493,0.285398722454141,0.0422873929152984,0.0615511679943539,0.0244415530350664,0.000266746671876576,0.2203879200043,0.175346428294806,0.585590728886337,0.670235050786898,0.984935878189011,0.0242729790978885,0.0465951969846244,0.260190531651645,270,"ENSG00000286503"
-16.4542075613138,-13.5369191193784,0.00554902875536901,-8.45916474262982,-0.160792305427913,-0.00258894344948908,-0.00767495530951148,0.0264161571195531,-0.0217061055910503,0.0191299814064063,0.00489379474083656,-0.0256274942516856,0.0155973542998691,-0.0132784395222263,0.0315726947490492,86.6949285882011,887.314368705457,0.0213520295110245,5.37163070505162,0.391956601825726,0.0147262216166228,0.0181107294691363,0.0125658360935128,0.0205793866191985,0.0121495422781521,0.0142982078027667,0.0190309365187113,0.019322425929732,0.0340994904460256,0.0208776048416394,0.849470284001309,0.987827899353663,0.794954051251885,0.115306024771932,0.681637332010436,0.860447138286118,0.671726652906075,0.0355339726235318,0.291539731969326,0.115361880077228,0.732150491284392,0.17810172636757,0.419542558026701,0.696978147633869,0.130463736870713,271,"ENSG00000289260"
-8.25259765407374,0.0183478269854092,-0.00522630246365216,1.35473497479667,0.107470006916689,-0.00259649321460324,0.00351579545523239,0.0019013981829334,-0.000628105748865887,0.00575494721847864,0.00329715621384904,0.00185831071666129,0.00387700277402052,0.000623700281488745,0.00924842948352131,0.0125744261152545,0.0733761188307412,0.00142757768199848,0.352196846894452,0.0259270718773245,0.000891243979757528,0.00111676220931203,0.000816649770941802,0.00136998459060069,0.000841265675255728,0.000898116932105137,0.00118356253320161,0.00123368142467933,0.00180782978552547,0.00129982529462308,0,0.802547328072937,0.00025127358822414,0.000119803526244553,3.39682524807328e-05,0.00357589555803259,0.00164276903099267,0.0198966652535134,0.646610137496778,7.87410392324693e-12,0.000241425552204634,0.116392009109581,0.00167438029838489,0.730094784301636,1.11805195423328e-12,272,"FER"
-15.9636320372408,-14.9378408308603,-0.0224143575730572,-6.73727482910579,0.483961467341534,0.00139253830078541,0.00538595642217816,0.00784316597723202,-0.0316380708402174,-0.00242518774435723,-0.00458300622788415,-0.0117027967995559,0.00359777692873427,0.0252603632576024,0.0162699001454532,112.694664054952,1153.42044392112,0.0170026996611052,4.14190274925265,0.290942333138937,0.0118151997178894,0.013978866843282,0.0105405093616316,0.01659560612314,0.0102657423715776,0.0110853717617377,0.0140975725408155,0.0149429294034303,0.0134834726884057,0.016368687686448,0.887353436619992,0.989666960158941,0.187409172577639,0.103819215358918,0.0962268993997008,0.906178663971743,0.700020512536107,0.456817531119182,0.0565967091394961,0.813245779657213,0.67929285547635,0.406466132939064,0.809735051599485,0.061008815479345,0.32023998200469,273,"ENSG00000286882"
-12.9994634309501,0.289657272352659,0.0190998358916652,-4.45942801432813,0.0789825684528707,0.0112405383539383,-0.0179382287863088,-0.004398900744786,0.00379962735506507,0.00379456509535857,-0.00197789326884749,0.0132472920891554,0.0195983438154273,0.00797709245577852,0.00439519971256977,0.0791439763783341,0.486409241847423,0.00936953644581223,2.41105475797932,0.176812688600194,0.00617854907528621,0.00826010590342824,0.00568686329663107,0.00947098913355301,0.00587352334942027,0.00638039136027791,0.0083093102815716,0.00860774187339948,0.0115831483898238,0.0091246615987944,0,0.551508517629489,0.0414995725290523,0.0643747444453278,0.655090291387802,0.0688680420958416,0.0298805208878039,0.439214879350039,0.688283256676259,0.518249694329709,0.756564299861164,0.110875358788127,0.022796525835254,0.491024131053731,0.630030738583291,274,"ENSG00000249476"
-8.65052235795176,-0.39733627340913,0.000246188163547449,-0.842463660788422,-0.00519980869167128,-0.00581471821569281,0.00650420025925536,0.000581102914156749,0.00279176017915443,0.00153939757386052,7.33518389572438e-05,0.00128430445961069,-0.00156294966823355,-0.00352874020915528,0.0067987216595278,0.0116739445303311,0.0719632949162092,0.00118124904612707,0.279499690120349,0.0207786459854887,0.000740544079133725,0.00091782418008487,0.000659346140497805,0.00107966619414906,0.00064818009646185,0.000710394511256047,0.00094238934698325,0.000979470770761373,0.00147192510757078,0.00104721280942708,0,3.36358762196417e-08,0.834906172152905,0.00257670973663733,0.802395787098504,4.09603982602754e-15,1.37503786476333e-12,0.3781381004483,0.00971639019274301,0.0175511621905699,0.917760529460468,0.172940112773108,0.11055392789665,0.0165135115910399,8.45882824359697e-11,275,"PJA2"
-9.8101625875803,-0.696286737007338,-0.00171193532029467,3.42670124772348,-0.0988999231605332,-0.000584300955103578,0.0103716722391247,-0.000565737495258107,0.00621868641062699,0.00170830769656249,-0.00944298981011014,-0.00790884140078922,0.0107327973563149,0.00316222791893282,0.0168188617917862,0.0214899261326074,0.146908284662551,0.00240279682939411,0.613679502068179,0.0456028368762514,0.00157465110933576,0.00197780504413246,0.0014333548851396,0.00240876561983474,0.00146409606465628,0.00163768598844866,0.00216542177521511,0.0021832823564463,0.00326246634702975,0.00227889191327674,0,2.141388700853e-06,0.476170004528812,2.35236278777517e-08,0.0301037168666341,0.71058768047152,1.5710523640944e-07,0.693068256443019,0.00983178200879499,0.243291034368933,8.11479025078977e-09,0.000259868597490249,8.83755819224551e-07,0.332407869269618,1.57956264206539e-13,276,"MAN2A1"
-8.41631193040696,0.144093588451831,-0.0106652517446745,-0.0682133885949787,0.0176255380878364,0.000751611348871444,-0.00396355839466808,-0.00100668453594745,-0.00400845734624589,-0.00241636132441064,0.00242997749316794,-0.00344427638333145,0.00357233145015322,-0.0016039744660171,-0.00229690315476068,0.0134925226584012,0.0797376820732348,0.00158669281793702,0.396881390952694,0.0292785182744828,0.00099705955485807,0.00126046371595966,0.000918108888918412,0.00154844185420323,0.00095318366496729,0.00104837097317789,0.00138151861815379,0.00140019539032664,0.0020752907790644,0.00145625015073684,0,0.0707474253770379,1.79633081440203e-11,0.863536990680347,0.547177090987436,0.450952545474362,0.0016635727032632,0.272870437824526,0.00963379150806072,0.0112433609115349,0.0204569128557015,0.0126629996472267,0.0107319052807769,0.439586634717976,0.114732862658289,277,"TMEM232"
-9.75910841784949,-0.476411274222661,0.000998652745472077,-0.88416256790529,-0.0893150916601682,-0.00636360287500016,0.00490892493486115,0.00361472610709687,-0.00400131557513094,-0.00135938815811256,0.00102289071048858,-0.00526769975306057,-0.00172137238593885,0.00134315096458051,0.00644179507209219,0.0172024483760727,0.123703910385605,0.00172737551571901,0.428906661910257,0.0315412083638532,0.00113593715283733,0.00141482351857574,0.00101239640512452,0.00166345098033407,0.000996806142406907,0.00110495346179473,0.00146582766722746,0.00151100669225117,0.00219141896149971,0.00161056450449771,0,0.000117529689842967,0.563174345920918,0.0392617001452939,0.00463019470098397,2.11803290603314e-08,0.000521160958849134,0.000356347831776572,0.0161534281281112,0.172648225777299,0.354585305343168,0.000326053736708349,0.254610483490965,0.53993332546066,6.34194651028942e-05,278,"SLC25A46"
-14.8110255529999,-0.342269325294681,0.015176726738668,-4.01473371466467,0.445219750136557,-0.00637143708637295,0.048285126282693,-0.00254894580760122,-0.00363640466848857,-0.0247630904470687,0.0268104624992373,-0.0493505847534681,-0.00406281534186528,-0.0108773891078491,0.0299398428510908,0.195560536497382,1.31149069064913,0.0185939390508835,4.76182776138457,0.327826996239541,0.013711957528141,0.0166014299719041,0.0121289288583889,0.0187402207178596,0.0121564627635888,0.0133124891307817,0.0180863588267845,0.0175466970166677,0.0271724247912155,0.0187166426092209,0,0.79410999755752,0.414374879498266,0.399168205329255,0.174433981260532,0.642172925545727,0.00363176466985592,0.833547294370699,0.846142378901659,0.0416469442359147,0.04401655783624,0.0063602245031706,0.816892962701253,0.688928318918427,0.109679030740751,279,"TSLP"
-10.4968550029175,-0.751727178183892,-0.000922170353680863,-0.857170780075776,-0.0758573208182547,-0.00369565155744884,0.00449579306725546,0.00113044464151048,-0.00296972667046458,-0.00135838639763539,-0.00350316222976792,-0.000943855454545581,0.00606750574979029,-0.00329186876065567,0.00862075379677627,0.0258568341661313,0.200965685921672,0.00256472858820789,0.648544000976335,0.0478748471379238,0.00172114746484425,0.00210760810729194,0.00154113388014104,0.00251605785940306,0.00150699901015099,0.00165185874744644,0.00218190139400614,0.00227830921107419,0.00338677330002489,0.00243847312043685,0,0.000183599903149674,0.719177209240696,0.18627311586538,0.11308176023658,0.0317771906823046,0.0329144141865696,0.463244452375433,0.237877192241452,0.367383620506073,0.033943723574369,0.665317074582009,0.00774102139175752,0.331061548937131,0.000407299946372752,280,"WDR36"
-6.79130133939058,-0.0510497900105404,0.0016498805967316,1.00421456963407,-0.0200319882839421,-0.000285126070633785,0.00185050497241791,-0.000840308836627247,0.00295146222173017,0.000755320829559306,-0.00106221972626325,-0.0075440465116205,0.00122720344536035,-0.000334802155803447,0.00112206830245926,0.0502186376426572,0.0410664475150016,0.00362697768018617,0.20968020945572,0.0161693282456417,0.000525639151752227,0.000657861151824049,0.000481014293943699,0.000852504077970653,0.000504929574343327,0.000551425141776493,0.000730740803090903,0.00074141891785368,0.00108288481123317,0.000778358232869878,0,0.213830186346119,0.649187441263807,1.67391388254055e-06,0.215386942715368,0.587517567172,0.00490952139139366,0.0806456813065016,0.000535959623417336,0.134681430388594,0.054064781053633,5.49829446030795e-25,0.0978820610769912,0.757187535979957,0.149419936085004,281,"CAMK4"
-11.486801000391,0.28211428191035,0.00444410170102904,2.90168007333907,0.0579053728215386,-0.00356402959873253,0.00420495870092014,0.00242382031577134,0.000326670655464095,-0.00262190409544841,-0.000936380241846873,-0.00315883649308018,0.00605052297931324,-0.00275217986787595,0.0072316063027316,0.0336700315749569,0.210631214615765,0.00373225773539449,0.976428261294994,0.0693239817721476,0.00252538453526835,0.00315558075251768,0.00226701882383261,0.00382273877623787,0.00229962074986043,0.00256409292834846,0.00340047320219661,0.00345984363003374,0.00538145829243184,0.00361026003796572,0,0.18044847116691,0.233760601796983,0.00296128047904535,0.403556524420935,0.158161496032252,0.182680608187226,0.284994703699567,0.931899978515375,0.254225354245464,0.714969831225526,0.352920042047102,0.0803281737756784,0.609057712999837,0.0451696944112425,282,"ENSG00000288965"
-15.8750451789839,-13.2288148644899,-0.0262043825742186,3.9224374231936,0.951925262540329,-0.0280642028539097,0.0473567403456182,0.0281221653082255,-0.0391715157276333,0.00592348513515598,0.00160355991950433,-0.0161087169872354,-0.00292127977325774,0.0224270214293435,0.0322201674963958,83.3794406644539,853.381059131388,0.0143613527598965,3.59344273503389,0.246501906092027,0.0110845832221583,0.0119907403786831,0.00939111299341241,0.0147503716107767,0.00844797684203488,0.00927686402827957,0.0114149673472653,0.0125208594783685,0.012533472601873,0.014451757794966,0.848999459685851,0.987631967796912,0.0680544911351829,0.275029107044174,0.000112584228124642,0.0113471251188459,7.83334058921171e-05,0.00274849246771082,0.00791606324925168,0.483195658141351,0.862764760968361,0.158187843486664,0.815518334472246,0.0735552274273605,0.0257807772139131,283,"ENSG00000249318"
-11.9136026420874,-0.622740465609593,-0.0240760304489958,-1.2598892399585,0.452109044310329,-0.00822147444112505,0.0102548353575212,0.00659095818374172,-0.00814299144510052,-0.00297291692779208,0.0050072735513968,-0.0156426708666848,-0.000923669341477924,0.012322352144023,0.00614465962388513,0.0514595271999852,0.425708861430031,0.00464731437124076,1.1655872097506,0.082739344526784,0.00322805586326451,0.00381846357963483,0.00286704507386602,0.00457975365142241,0.00278274339177121,0.00303084930958272,0.00396522081524836,0.00408189046629778,0.00500253498339905,0.00449813949541667,0,0.143513405717573,2.21134125005584e-07,0.279739299092605,4.64849611060634e-08,0.0108690461892033,0.00724014326596068,0.0215124358273529,0.075397060989276,0.285367033173052,0.0985136688554493,7.98104984147596e-05,0.820980000878435,0.0137694789519193,0.171924933290293,284,"ENSG00000248268"
-9.70931586627126,-0.39248378515335,0.00362132099646171,-0.811391373984249,0.110859301899895,-0.00168324551896845,0.0102339941743333,0.00843474869719117,-0.00528446075546016,-0.00490667834953179,0.00251238779193123,-0.0022804286781617,0.00203300810478526,-0.00164625626783518,0.0142711629237508,0.0959158145696739,0.123123796753782,0.00702971549255565,0.525732948801607,0.0393888991856958,0.00136947216982695,0.00166992250551591,0.00121650922557837,0.00211521463647578,0.00123920211312493,0.00131863271600575,0.00175738984768247,0.00182779633607481,0.00266871653080251,0.00197170260996468,0,0.00143400951936239,0.606451877137055,0.12274521977182,0.00488560905935073,0.219026848871277,8.87534673870032e-10,4.103582848932e-12,0.0124787203025965,7.50922330288452e-05,0.0567413930587528,0.194417072816787,0.266020885364074,0.537319214981724,4.5538445577229e-13,285,"STARD4"
-10.4308586321783,0.303249184793894,-0.00721454307681674,0.37983147454579,0.0957515900266545,0.00399203233466205,0.00319748401736816,0.00171794556064112,0.000928001958592884,-0.000571564322386361,-0.00202519431652355,-0.00132291944598135,0.00861579644302532,-0.0053835513998534,-0.0105170216423429,0.0332648641285866,0.217586530042351,0.00422194811967415,1.06314009841795,0.0807387626400693,0.00275177893769962,0.00344159662844702,0.00264068024132558,0.00418442096669943,0.00258588290199472,0.00282848298327159,0.00367060477501029,0.00380945489630912,0.00545555432588799,0.00406009783002298,0,0.163409829769496,0.0874845737357726,0.720887284394267,0.235644714240689,0.146860719613539,0.352852834956703,0.515324537557847,0.824488670106355,0.825067079272811,0.473991239652015,0.718541205623946,0.0237167188363163,0.323739760824159,0.00958820162687273,286,"STARD4-AS1"
-10.3187082150858,-0.772568646778816,-0.0373101462477693,-2.23071004648672,0.129421876474195,0.0072228810537369,-0.00888498128622678,-0.00209051045710422,-0.0220006586529719,-8.47418218467383e-05,-0.0236891579750479,0.0134228404975658,0.0261832130886012,0.0113509346504152,0.00141647816247959,0.283908077872641,0.233275839733112,0.0209260453597945,0.919282693993183,0.0682356048219973,0.00233101492842918,0.00277773181144042,0.00215467234988985,0.00363678892230161,0.00210439224211002,0.00234283277124736,0.00303145239025859,0.0032130306233443,0.00446599834905632,0.00343354783704393,3.12401779251767e-289,0.000926896654855808,0.0745940252881328,0.0152420244377875,0.0578686956021609,0.00194437847176364,0.00138074506307324,0.331935860737149,1.45319855429231e-09,0.967878648951764,4.92110334781004e-24,9.51735545857016e-06,3.66732096417352e-16,0.0110335544333356,0.679943169622729,287,"NREP"
-13.8004613948731,-0.0817055461877726,-0.0782307796039748,-7.94843900606844,0.0353500961666533,-0.004352000933484,-0.0136243911895726,0.00495516010337665,-0.0341660696251363,-0.0294984283717334,-0.00466994824084254,0.0079760803923938,0.00606126516547669,0.0126249049177261,0.00997000485566401,0.141176160818899,1.09342483261469,0.0117644629931857,2.37793654197477,0.190195835428994,0.0067784209106074,0.00798137269048431,0.00679588264259434,0.0100756322166161,0.00635047677751183,0.00621884173399676,0.00801574717548906,0.00837969211845144,0.0101982764173274,0.00963290423715286,0,0.940433970538108,2.93584179863541e-11,0.000830039438790465,0.852553321436673,0.520848785232228,0.0878176742187445,0.46591510771237,0.000696481695210172,3.39956184055028e-06,0.45269155038929,0.319711269463296,0.469478451140248,0.21573646897427,0.300671385166031,288,"NREP-AS1"
-9.25102252144674,-0.00308701532251472,-0.0227753045173641,-0.172840875775712,0.0478003009004518,-0.00710281758632302,-0.0128733116367672,0.0085483843131311,-0.0098677466040571,-0.0235134226697667,-0.00951275737059738,0.0117907147583102,-0.00147916753812362,0.0035746054055256,0.00858025617907118,0.0186501804674039,0.123485385359866,0.00220898409553333,0.534430274313502,0.0399629851906399,0.00136262556975138,0.00174398235878663,0.00129270736774344,0.00212753775007753,0.00133022666404065,0.00139451187617505,0.00183646240058128,0.00192789549296205,0.00265197516420832,0.00203280710670646,0,0.980055734284093,6.32986929586042e-25,0.746383650975137,0.231651930194864,1.86215414836811e-07,1.56444662559478e-13,3.77178870325959e-11,3.51615653919538e-06,6.39050254535192e-70,9.00522233762151e-12,1.35969463539816e-10,0.442936059480011,0.177689567816014,2.43339139468269e-05,289,"EPB41L4A"
-11.5666364341859,-0.155827789444838,-0.00523025536885229,0.94350814027855,0.12756426049993,-0.00575809844271894,0.0135621213052507,0.00596911428109815,0.00551073307011662,0.00151774302428188,0.00789968244287353,-0.00754912652691584,0.00292676439565111,0.0098104226764277,-0.0079452409787505,0.0387606931839402,0.284026739209546,0.0040496881170418,1.04010298074661,0.0762548818951855,0.00280329392969478,0.00337550865599943,0.00249544666258201,0.00404351547199142,0.00235328357513701,0.00258894050111989,0.00342494666561898,0.00357259632375074,0.00453449236035302,0.00391188988211846,0,0.583254078029294,0.196523238692578,0.364338297590512,0.0943535202669485,0.0399711099570708,5.87438284572057e-05,0.0167567350879574,0.172927605874064,0.518961575797551,0.00227838633356606,0.0275131741224106,0.412657387703477,0.0305019227474235,0.0422499996925891,290,"EPB41L4A-AS1"
-16.2283730777902,-14.2406092592864,-0.043191523504772,-3.83609133925987,0.752628423755618,-0.0048817723466123,-0.00840018336554134,0.0172882501681184,-0.0421484528553186,-0.026121489089029,0.00665036121437462,0.0185172578526545,-0.00176839132554759,0.0181494186179133,-0.00487955787691352,108.747265561306,1113.01877338432,0.0171592370378774,4.02215379104881,0.285058666405681,0.0118356950850821,0.01380977031504,0.0111822459623028,0.0165349520272148,0.0104197509541275,0.0104021063382978,0.0131740728704564,0.0144481602990916,0.0140955177335964,0.0165787441993686,0.881372013219096,0.989791679585177,0.0118325084610747,0.340214967368999,0.00828429346277658,0.680000958913921,0.543002922510131,0.122093814560525,0.0108016186993891,0.0121788040170043,0.522609366075673,0.159847874582466,0.902585718792445,0.197884498485622,0.768508695794648,291,"ENSG00000251187"
-14.6028838916607,0.938391104838274,-0.0403489564795436,-0.674550569063272,0.649957376124887,-0.0131607731702465,-0.0105451614721627,0.0128115514931281,-0.028960377012333,-0.0176433001680645,-0.0115057140077701,0.0173992113521698,0.00725689928805572,0.0255211716331431,0.0104119823574026,0.171278854511276,1.19922518436346,0.0162699035645496,3.75646242316618,0.267925689857925,0.0109742775026752,0.01278197141856,0.010283609710827,0.0156753256542997,0.00954500653944982,0.00977108874086492,0.0122820191690787,0.0134814206407386,0.0123456531905443,0.0150937202508336,0,0.433922059958388,0.013139154058872,0.8574896124592,0.0152710356094684,0.230435324397884,0.409370033808407,0.21282959822497,0.0646727418432219,0.0645398027727253,0.238985505159884,0.156587928398312,0.590377603073597,0.0387135013665003,0.490306045781938,292,"ENSG00000251076"
-16.3041762592273,-13.7909231790078,-0.00664028181767274,-3.21846167612932,0.300603634059648,-0.0175191692257666,-0.0147376674983084,0.0140931950403074,-0.0255832439492444,-0.0202167834924311,-0.00365711348004804,0.0102677215299092,-0.017988551598685,-0.00120296809395643,-0.00490907647516338,85.5834205558067,875.938305066386,0.0214650391690879,5.16577919111252,0.356321358667,0.0146440863332864,0.0180733350155094,0.0131022168740534,0.0199680594602252,0.0124246414824431,0.0136047068035959,0.017745123036272,0.0185906014880649,0.0269149252278552,0.0203228006972721,0.848912448396451,0.987438487339798,0.757052750839912,0.533261466446112,0.398875808475724,0.231567555059054,0.414822167739423,0.282090801303004,0.200120503933345,0.103704763675566,0.788074073669389,0.562844144744258,0.333236501967226,0.964350255933568,0.80912490461932,293,"EPB41L4A-DT"
-8.67804353373297,-0.117019351545781,0.00338564548768259,1.02023958534028,0.0284434066686982,-0.00529912015339043,-0.000559619694032387,0.000624796644070906,-0.00139207246770695,0.00275912195991797,-0.00314664680490988,0.000970675758278273,1.45119761520362e-05,-0.00209777655421209,0.000996919532351989,0.046805405712516,0.0715903410149697,0.00343402396033835,0.314038325657179,0.0243821917743946,0.000812443983485125,0.00100213572356371,0.00072888229728568,0.00127462113385707,0.000738219018439465,0.000805814699376963,0.00107220583256557,0.00110134445822366,0.0016395083188053,0.00117146318944549,0,0.102139432346133,0.324176289624374,0.00115903474218848,0.243386165495575,6.91710240133452e-11,0.576552807082333,0.391335318572046,0.274768900547033,0.000185830684440052,9.42542056421798e-05,0.365302614597555,0.989486897962701,0.200715531694267,0.394767286202025,294,"APC"
-10.4940321750734,-0.548870231616264,-0.00176799200716246,-2.52462579394034,-0.0816556413200926,-0.00129754458305455,0.00166459949852812,0.000868274016980863,-0.00324294079496756,-0.00136948046420109,0.000522048342621865,-0.00101460387297611,-0.00151052480016615,0.00192008865418926,0.00124793393913018,0.0234823446026919,0.174538158393361,0.00252691288321395,0.62912549362982,0.046949730533352,0.00167390570037323,0.00207604219287758,0.00150995558960634,0.00242791939653651,0.00148211299007461,0.00162065788855379,0.00214408802196145,0.00223729353543181,0.00321558122374774,0.00237030753588513,0,0.00166256948722028,0.484136661540779,5.99740533757477e-05,0.0819970802980482,0.43824517736078,0.422660613733961,0.565269102407783,0.18165154367661,0.355483483939908,0.74736084145285,0.636063370677508,0.499575906695112,0.550427101033203,0.598550516397567,295,"SRP19"
-9.74334803830436,-0.56768600663383,0.000203767380912472,-1.74154695722511,-0.0415729658425419,-0.00725026992142413,0.00461328274392163,-4.54180204653678e-05,0.0093594616566225,-0.00390002756530615,0.00163981658172096,0.00272723310238847,-0.00480691849901993,-0.00466341522780977,0.00772393583945779,0.0175298516699528,0.121647146544546,0.00179833083476437,0.444638419415952,0.0327882873830824,0.00117971681970348,0.00146726446309415,0.00104970289568734,0.00168168344773801,0.00102754210532163,0.00112274934482671,0.00150011167738262,0.00156096528566128,0.00233511581558249,0.00167061198206614,0,3.06133638221549e-06,0.909785444527252,8.97428464729317e-05,0.20482607985322,7.95758083574991e-10,0.00166576558906402,0.965488297868921,2.61355049348745e-08,0.000147351105882076,0.144142638902411,0.0690610688028449,0.00207381415667174,0.0458163938851073,3.7746981758229e-06,296,"REEP5"
-10.4469089643903,-0.272319259786738,-0.00392767297969166,-0.879439117282772,0.00421419177127283,-0.00612624640820354,0.00287270121263771,0.00301200668155219,-0.000890446856033264,-0.00199972923642894,0.00127978376900942,-0.00244392433990383,-0.00285991301639561,-0.00322383394985035,0.00874028454647646,0.0229324182477449,0.162566589550481,0.00248306481180713,0.626513477972969,0.0459211918890336,0.00165094542418859,0.00206118851769587,0.00148069529833189,0.00242908087512637,0.00147874570587457,0.00162379074736689,0.00215625116275916,0.00221562690660121,0.00336706121731653,0.00235335637956356,0,0.0939098277118038,0.113698816220938,0.160407180981611,0.926880710922539,0.000206645771640901,0.163404878132449,0.0419330473484116,0.713934052218042,0.17627473283976,0.430611459925554,0.25704061582144,0.196775886114144,0.33833400035179,0.000204036573014947,297,"DCP2"
-12.644791259579,0.152798084827929,0.00550840120983759,3.87146240449461,0.146878853486484,0.00868797972923117,-0.0129021353295824,-0.0185416090909377,0.00899569811398441,0.0242193177779954,-0.021965267902061,0.0153356752406158,0.0302689291784533,-0.0197750392150842,0.00676940142193062,0.075709053521535,0.458429702750226,0.00926151230272377,2.45160464107184,0.170354066919103,0.0062392291811358,0.00772467493811514,0.00568363826605687,0.00914965840158565,0.00551368533075273,0.00654301487142251,0.00900394356658681,0.00872857296878568,0.0145124910251201,0.00908306771161446,0,0.73890213465658,0.552002165356401,0.114300632502537,0.388578835905543,0.163778166788429,0.0948699876380115,0.0011052063090658,0.325522246339429,1.12012095440452e-05,0.000787771305758702,0.0885273523448138,0.000524741282414407,0.173001678843596,0.456104284526057,298,"MCC"
-9.18839233854646,-0.416340265706024,-0.000930949015336294,0.518194586645568,0.0920849132154323,-0.00217242369748445,0.00553040576098108,0.00229005994100118,-0.00489694244306797,-0.000778404580772533,-0.000121959670406336,0.000426812270306058,0.00262000348320571,-0.000592562617896626,0.00630454912429525,0.01359921751545,0.0883343426352949,0.0013943745575874,0.341135312926241,0.0247916528804641,0.000897362145864881,0.00110886425648618,0.000804995345150088,0.00133369658176823,0.000801542598231352,0.000877247118684571,0.00115807996999232,0.00120322875783532,0.0017962545685299,0.00127367269177909,0,2.43818123336028e-06,0.504359395173262,0.128755083331678,0.000203725454993815,0.015482150876631,6.11812395698076e-07,0.00444377248586729,0.000240936262298566,0.331481982583647,0.889430042675607,0.712461948614103,0.0294449627766378,0.741484679040787,7.42526213277617e-07,299,"YTHDC2"
-10.2381544767015,-0.26463540609054,-0.00624388761522976,0.443831848904525,0.00553998981026709,-0.00093622185508414,0.00164965634236105,0.00463295086505036,-0.000807074541330327,-0.00590727622159929,0.00101782120578089,-0.00138906085349293,-0.00237310958450917,0.00329751247109321,0.00560629837910136,0.0232227712480804,0.15790322106424,0.00274504256409899,0.701207922693824,0.0507706205955162,0.00179269881361672,0.00223040902316683,0.00162093926216846,0.0027012448738172,0.00167351415645409,0.00185022831375039,0.00243711814393948,0.00246878653705863,0.00354837549858021,0.00259098191691111,0,0.0937510848408244,0.0229296342921541,0.526764158220028,0.913108878953597,0.601502141160686,0.459530270433838,0.00426066454113327,0.765108873003902,0.000415774414302598,0.582246853597822,0.56870455110625,0.336428817905171,0.352732595595556,0.0304817259732487,300,"KCNN2"
-14.167208245576,-0.234403243626854,-0.00986121240895926,-0.0698144204777568,0.57329132762975,0.00712916102798593,0.0243422546926373,0.00306501127119145,0.018404803690491,-0.0384229471909156,0.0171417105769077,-0.027049039372448,0.0143112330711272,-0.0207248615316158,0.0290254279637492,0.161671898880995,1.13539310609607,0.0192682156984842,5.16306043314846,0.344235715827195,0.0130680220557059,0.0150943314003919,0.0118124762249852,0.0187824751164431,0.0116625235985534,0.0128290015421442,0.017544586531742,0.0174427071532927,0.0287493058328069,0.0180289831710517,0,0.836438497921253,0.608800449189977,0.989211408332655,0.0958323038193845,0.585380479444514,0.106815079968372,0.795270793186954,0.327139259283466,0.000985739895909561,0.1814941323937,0.123138886336251,0.411947730231947,0.47098202327929,0.107412810794547,301,"ENSG00000246316"
-12.382238166201,-0.137344840547598,-0.00844307001984861,3.15284854296238,0.197782271520425,-0.00703759991892463,0.00931400961696503,0.00189499366821863,0.0254359599852632,0.00502421624516475,-0.0189835557419005,-0.0212608714300798,0.00826615284275239,0.00604281392665834,0.0140677014471802,0.0606728101083671,0.413431167775514,0.00647006432273803,1.70180849816056,0.123849190857457,0.00445682413893719,0.00534004309677148,0.00389456554708816,0.00658890024684889,0.00389450755023556,0.00444470819964718,0.0058526159082146,0.00589773000040606,0.00837931313257447,0.00612946019761087,0,0.739732752776286,0.19191200126948,0.0639331284289591,0.110274501995243,0.114321925195821,0.0811272751721549,0.626560374120108,0.000113189645959035,0.197023779530736,1.94557764958427e-05,0.000280457357386879,0.16104007310803,0.4708119256204,0.0217276058352132,302,"TRIM36"
-10.6630614535969,-0.589986814927006,0.000724536958093393,-1.5030750089766,-0.0248015411097978,-0.000494456258026216,0.00206567282976974,0.00246909767068821,-0.00343603687742352,-0.00273255647441428,-0.000754856985813076,-0.00461701310187232,0.00548630746863322,0.00255558329303835,0.00651739971776608,0.0264204293557472,0.197494549038249,0.00277864761947077,0.705144375127385,0.0516948030623406,0.00185493560488686,0.00231045332624987,0.00167157020973896,0.00272331062660994,0.00167348089573226,0.00183888541252755,0.00242561193118791,0.00247902862943235,0.00360834959117674,0.00264555988170078,0,0.00281400480887469,0.794284030675771,0.0330409970729088,0.631391972649887,0.789806037682134,0.371292353130061,0.139645416154979,0.20705201696859,0.10249888964091,0.681441387526585,0.0569828156946192,0.0268916082550781,0.478795235686743,0.0137578763378177,303,"PGGT1B"
-14.1457924648468,-0.385791123231684,-0.0237787794993834,-5.82996511590105,-0.798982169701374,-0.00565419034911906,0.0153080838616722,0.0087970421486348,-0.0160407606573647,-0.0155991693496258,0.0096076756307002,-0.00955223065577114,-0.0225987379107732,0.0217059971016563,-0.00288447708793032,0.143555381367451,1.16264504981769,0.0146251995652116,3.54948639172509,0.310811411121833,0.00961496529016314,0.0117902415794784,0.00891586546342758,0.0142185883147231,0.0083856050735234,0.00882435183034327,0.0116520738423071,0.012375472378509,0.0129638575795953,0.0134586508283144,0,0.740023724587983,0.103975766999593,0.100490293022239,0.0101512745607446,0.556491052970398,0.194160575279522,0.323803057110025,0.259254786699819,0.0628527355982534,0.276256019566687,0.412336956223192,0.0678365656423982,0.0940624065261391,0.830296419348391,304,"ENSG00000271797"
-10.2266780963435,0.219117485134483,-0.00891293882876997,-1.3463012529773,-0.0171321391426226,-0.000707548017668713,-0.00213451456497702,0.000419767374873532,-0.00371073399646195,0.00182683188493849,-0.00291173605366321,-0.00469020614560151,-0.000142833196276851,-0.00621730009843805,-0.000873270572369001,0.0207258024362416,0.13640780791981,0.00250630415151574,0.63064556625434,0.046660264253333,0.00160986424326916,0.0020309816135395,0.00147699162399485,0.0024768543036957,0.00150017904632737,0.00165725648972265,0.00220280697716868,0.00225926178428685,0.003482558307703,0.00232691970645084,0,0.108198957369439,0.000376246259452087,0.0327774671626028,0.713493975130144,0.660293574875609,0.293269243509552,0.776253818143994,0.134090641605152,0.223321815090139,0.0789243505839883,0.0332381099965537,0.949590379191875,0.0742178477416313,0.707444522565598,305,"CCDC112"
-14.5436460490734,0.273741934768798,-0.00816269004526362,-3.00112899650235,0.193267583587315,-0.00106507791286429,-0.0249295197505888,0.00455197213335306,-0.0242546667036147,-0.00721114827301158,-0.00553725248239746,0.0290256084178303,-0.00857464283623763,0.0299685856652757,-0.00251461919565728,0.175903421612421,1.09585662380757,0.0210201111009526,5.24684097380129,0.390453923844616,0.0135949215940743,0.0174861385355353,0.0128965362442319,0.0220787729848641,0.0130260309896128,0.0141412792210816,0.0178961345317056,0.0183156340373347,0.0234602174952528,0.0198248972769941,0,0.802744172112699,0.697773588505182,0.567330243622181,0.620612972099336,0.937554571617338,0.153962684851826,0.724117806290519,0.271963791452111,0.57985590955622,0.695378477848273,0.104826343268996,0.63967034618635,0.201453486649745,0.899065869194694,306,"ENSG00000289497"
-10.3083114576623,-0.407681468659395,-0.00184403635711834,-0.566658023652845,0.0187245827243286,-0.0103505328897299,0.00442328588895906,0.00949317572640617,-0.000447313683620511,-0.0015648984755598,0.000743834959391743,-0.0042951510125619,-0.00411474152630658,-0.00502204222557712,0.0161995050428157,0.0232675061760462,0.16981539156365,0.00239108040465245,0.602245737475431,0.0436685166783748,0.00159443059748797,0.00197726270513634,0.00140738872170993,0.00231475849254278,0.00140799506455897,0.00155387063609752,0.00207170120058799,0.00210900731330813,0.00324858448278605,0.00225923586244686,0,0.0163622560547166,0.440579682388598,0.346751844787146,0.668076732609505,8.4884528038073e-11,0.0252814081026758,1.52773513904972e-11,0.84676771413409,0.266380090338195,0.63215340016777,0.0381491765305536,0.0510531958570602,0.122124595920798,7.48079198334654e-13,307,"FEM1C"
-11.4410021696538,-0.100815261742058,0.00113760996088144,-1.99055962682204,-0.0841092587499547,0.00353531033340714,-0.00256363566557693,0.000135713309989157,-0.00124085744840522,-0.00365160066769267,0.00588646160311867,-0.000998949428231155,0.0100905516847155,0.00158104491950263,0.0100745740230019,0.0365556233021192,0.243670523659844,0.00412047939220704,1.1009480730636,0.0798848180663732,0.0027886176593637,0.00356105070840889,0.00251960235601391,0.00423096759376198,0.00256952801473017,0.00284724478493506,0.00377532513447502,0.00384290237891458,0.00573969221765393,0.00398655436855884,0,0.679067477364603,0.782481400559355,0.0706000671013759,0.292395238939846,0.204882081037221,0.471580471084434,0.957044325601305,0.769308270974581,0.155282666719024,0.0386942385177625,0.79131794712655,0.00864549373501495,0.78296428475677,0.0114996225489004,308,"TICAM2"
-12.6150417817364,0.132395984637564,-0.00822573824308755,0.776027825514921,0.297312382808297,-0.00495413469234554,-0.00339447222680675,-1.69928053437845e-05,0.00514966199439586,0.00501504604457571,0.000287077239236683,-0.00132415351622649,-0.00470169336921649,-0.00893060028858746,-0.00530218382944078,0.0648818193215959,0.446102240516993,0.00805830257773058,2.06474504436036,0.14470724934398,0.00533416103151142,0.00648979437693658,0.00480096679085484,0.00786201817370811,0.00483052271203442,0.00543722913634626,0.00713439617280509,0.00732543676564714,0.0113775628259625,0.00755274992785003,0,0.766631460440912,0.307359614869019,0.707030790124508,0.0399197477513559,0.353015490691429,0.600941037523299,0.997175929492936,0.51246447094163,0.299177206574837,0.957892501110471,0.852757399748569,0.520982833736576,0.432494101359355,0.482666498895966,309,"TICAM2-AS1"
-10.9921247742724,-1.25014513128454,-0.00200177309155498,-4.05499075135775,-0.0803103701578166,-0.00459460183869754,-0.00125832401762353,-0.000998903206121711,0.00267344064365378,0.00488300971489064,-0.002379585747378,0.00458023155057329,-0.00203057333015635,0.0010998141277223,0.00748008253327358,0.0337177153905316,0.283668889426679,0.00291681548879246,0.720558179657572,0.0534280355677833,0.00195676315180664,0.00241329814411768,0.00172645790613893,0.00274282407383314,0.0016550889592762,0.00181648706439995,0.00240806434817276,0.00256364597811739,0.00367855007228678,0.00273901009928763,0,1.04784336521154e-05,0.492532028310864,1.8276724350016e-08,0.132800278462757,0.0188713632047501,0.602079388092038,0.562869010060459,0.329707280524505,0.0031746503667939,0.190198127592536,0.0571660971141921,0.42832298630194,0.764955051153181,0.00631532480260879,310,"TMED7"
-14.7747891758387,0.254733345719111,0.00278711298460445,3.17659239264636,-0.0244450850368017,0.0172609706530866,-0.00850036078813339,-0.0023264806763733,0.0333230502445664,0.00838759003778359,-0.0104751611019657,0.00120118189492302,0.00316974678240841,-0.0019735286631538,-0.0112204429206831,0.166198510162608,0.721293328163836,0.017205235084516,4.75566163917168,0.337714532646345,0.011345657854248,0.0147890958209228,0.0104698024179176,0.0187389454487909,0.0114049572314938,0.0128605467085029,0.0173815650017867,0.0170221593180331,0.0272548446189964,0.0166783347642624,0,0.723967044826194,0.871312037355037,0.504159039480984,0.942296420503931,0.128166412428824,0.565445386621262,0.824151459574943,0.0753582444707344,0.462075396548787,0.41534762723194,0.944904720154308,0.852277756021695,0.942275470209496,0.50110279615445,311,"ENSG00000249021"
-10.1831377441134,-0.428494781816418,-0.00102421919967329,-1.96119576251608,-0.119540142634119,-0.00464922436695578,0.000881519653501014,0.00746294214114555,-0.00203923322847917,-0.00350893570317654,0.00542200207741026,-0.000630073257965332,0.00677455464396629,0.00163330825802595,0.0161109807084456,0.0226553331022382,0.164426490231612,0.00231864700458659,0.59368871909316,0.0434731265827356,0.00155442080705545,0.00193892111469458,0.00137726522688299,0.00229077234602796,0.00135831681109888,0.00148593817467156,0.00199145343812716,0.00206587916894132,0.00300043037676809,0.00221277213235321,0,0.00916075217163868,0.658683580996363,0.000955174783613677,0.00596411131467762,0.00278093769744801,0.649365076944053,6.00449128945586e-08,0.373361390543709,0.00978610468535151,0.000263391616054303,0.751707533446096,0.00104079746712315,0.586195146646344,3.31591438033161e-13,312,"CDO1"
-10.3969083483953,0.239810341245314,0.00167281545158648,-1.38375624552049,-0.0271956620993239,-0.00110485536147205,0.0011030936082864,-0.00135803061997167,-0.0042169002394083,0.000155639566123878,0.000992878443481552,-0.000202440515790722,0.00169069428643641,0.00279118747026767,0.00384643608508543,0.0206888925014569,0.13300628297911,0.00237933256490126,0.603254954500342,0.0441963052519761,0.00157700995236801,0.00196593401397266,0.00142535072094594,0.00235198038828356,0.00142553258030781,0.00156832898483101,0.00207158035160177,0.00214003660148057,0.00309867320693145,0.00224143316382689,0,0.0713881992871358,0.482017861329567,0.0218010339001316,0.538331586638803,0.483551811991724,0.574726582771261,0.340706897130054,0.0729865626144542,0.913059768220885,0.526681098251248,0.92215245511899,0.429509928981321,0.367711375569677,0.0861508743709446,313,"ATG12"
-9.24905678861413,-0.319600422650108,-0.00380550071795046,0.0263360319450485,0.0698608359352404,-0.0067446734417822,0.00110128486839191,0.00402805430911841,-0.00387129032922002,-0.00047305288748103,0.000846023165407708,-0.00127666302716138,0.00103874094103715,-0.000229769246525039,0.00630589414785474,0.0145490992746705,0.0976962285933936,0.00151005149787673,0.371102467390588,0.0270410554097834,0.00097421805140162,0.00120549532836213,0.000871515718931949,0.00143146712137734,0.000862689927421554,0.000950645626680946,0.0012599507325594,0.0013003007600676,0.00191299085842522,0.00137974327087402,0,0.00107028126019379,0.0117317097373302,0.943424012693972,0.00978006436702099,4.4165922161443e-12,0.360951338645277,3.80250127587699e-06,0.00684234532998024,0.583454095600994,0.373494943038423,0.310933961277132,0.424379321350849,0.904396046284086,4.86936451174829e-06,314,"AP3S1"
-12.8361548124733,0.898109451453359,-0.0116703695054832,-0.598498995286239,0.0659080944948159,-0.00767583075187847,-0.00615770213676003,-0.00101368163481556,-0.0119559178572939,0.0114931136127758,-0.00561814992581455,0.00526514389143222,0.00803315889522256,0.0170627955841582,0.0092416561162133,0.0775726400735476,0.515255048836607,0.00963848250141737,2.38453802754566,0.176366182348553,0.0063128194218707,0.00781135639285406,0.00573163299443496,0.00941622550779547,0.00543790580275089,0.00599641002665956,0.00814033615603987,0.00867081134527083,0.0115628173841174,0.00886199035340162,0,0.0813268682743442,0.225968291078197,0.801820609917762,0.708627305306863,0.22401857529257,0.430520507093836,0.859620411122966,0.204186353645808,0.0345564274738163,0.348800273031881,0.517763422760769,0.354207034265939,0.140034992112314,0.297021456194763,315,"LVRN"
-12.2574971974142,-2.18677019551205,0.000284923633852448,-7.11846370180436,-0.313704411469757,-0.00520980244736801,0.00203475277453725,0.00496527853777133,-0.0207636015133159,-0.003874150844555,0.00512481663582998,-0.0162924254239889,0.00376675661730906,-0.00225604414116137,0.00563878176452661,0.10451525272123,1.02367822844241,0.00508106643488442,1.25990902278202,0.0971675794966731,0.00349557362691328,0.00429559276337016,0.00312178453017836,0.00497593049370473,0.00296953739273321,0.00327072597463914,0.00432441586268717,0.00447438344104649,0.00661599665685069,0.00492246220930281,0,0.0326640097490325,0.955281615453289,1.60464341225447e-08,0.00124446269139977,0.136119129077116,0.635725395490935,0.11171635643815,3.00868752251366e-05,0.192018491959881,0.117144064211392,0.000164861736342063,0.399872306228915,0.733104801406855,0.25199357535074,316,"ENSG00000271918"
-9.26325645375344,0.0464651241958407,-0.00146260888808807,-0.535763457353965,-0.066093196699134,0.00305838180372227,-0.0088517232828847,-0.00340478310672015,-0.000660229252263461,-0.0031230824842788,-0.00197121178993925,0.00668578338513162,0.00268625707976438,0.000853178631635234,-0.000157506301875551,0.017637892837128,0.108266962386255,0.00215003019071555,0.541744402930426,0.0399790427954261,0.00134944770593866,0.00174718341427876,0.00126263545223042,0.00214546244205368,0.00131037699099523,0.00144580907766861,0.00189970768661769,0.00193237214083497,0.00288929249374059,0.00199748449835581,0,0.667798223324023,0.496331204953968,0.322682791546676,0.0982909647010607,0.0234271972099327,4.05661561248217e-07,0.00700579669217405,0.758285628180793,0.0171560351838623,0.172757419342016,0.000432565123726136,0.164488054406996,0.767772500063748,0.937150082241585,317,"COMMD10"
-10.5396767749857,-0.18659479466674,-0.00144800322601034,0.815341504995695,0.0144541998089669,-0.0133087542688286,-0.0104213811462308,-0.00204623069584875,0.00102203916824041,-0.00533654171105105,0.0100149948448344,0.0109611262367146,-0.0051278814393699,-0.00671095959171557,0.0141024829375897,0.0305186006402064,0.203791598586603,0.00347624138356126,0.903743445288401,0.066064333881824,0.00227462975398535,0.00292972738024239,0.00210480308804395,0.00349745872920699,0.00208214887854117,0.00235176758519572,0.00321194280358805,0.00320689850609881,0.0051057058373982,0.00335809259779923,0,0.3598684745777,0.677012875017894,0.36695993875798,0.826813823330743,4.88761126046588e-09,0.000374948124387208,0.330964971631355,0.77011584616632,0.0103772890366401,2.05806122714445e-05,0.00064342622243556,0.109817087838307,0.188710323556006,2.67444151703222e-05,318,"SEMA6A"
-10.6185925380522,0.664328673841241,-0.00222098291083737,2.29948455929111,-0.0177190495913579,-0.00855006950915577,0.000198252144267047,0.0121620514343787,0.00281129525968963,-0.0208901203234054,0.0114189319219955,-0.0168512895670906,-0.00996685982626625,-0.00176554174390563,0.00170621991981546,0.03036295216476,0.194747394777902,0.00374884450759753,0.979106495268417,0.070835632183563,0.0024157425687994,0.00312671144731589,0.00228403908449936,0.00381380606202178,0.0023649686092217,0.00265940392323915,0.00352993677698733,0.00335015401372874,0.00502690675731024,0.0035854533189546,0,0.000646698835599797,0.553552867745152,0.0188464618793314,0.802476631979971,0.000401169612837283,0.9494432405673,1.01064147245018e-07,0.461039407150764,1.01769232141305e-18,1.75645661679809e-05,1.80762232570439e-06,0.0029294532056512,0.72542456747531,0.634164959561733,319,"SEMA6A-AS1"
-12.7626257116017,-0.173161193998138,-0.00260129447128312,-0.267797000831616,0.194011516781251,-0.0077642184762805,-0.0147855504522511,-0.00930681565970523,-0.00379410041572802,-0.00471748190934167,0.0118438313469109,0.00977963296949588,-0.0105107688792246,-0.0201454275972767,-0.0116713306737247,0.0690106292438297,0.460629592830341,0.00792733276678007,2.05180020485354,0.146351495750733,0.00521551339058212,0.00679019269562193,0.00489963145245342,0.0078354183020155,0.00495863870385013,0.00550546928280043,0.00748579552052236,0.007314042411256,0.0127944719130048,0.00780514312265411,0,0.706974245018157,0.742803951705177,0.896156559378266,0.184954169893281,0.136572260090043,0.0294443151545698,0.0574996857683119,0.628226650216744,0.341418445798703,0.0314537421312975,0.19140795265377,0.150698960988605,0.115362304315507,0.13482613330305,320,"SEMA6A-AS2"
-12.6156683955195,-0.290100438749853,-0.014612377074346,-0.0279584253485678,0.220407700009438,-0.0116445877799521,-0.00664463100365942,0.00478033510157195,-0.015761304626499,0.00277799904927803,-0.0129610092486329,-0.00370437699849027,0.0144232099368925,-0.00140927767095262,0.00360598794503615,0.0798014744588044,0.666947303186403,0.00757185030656336,1.89470270182103,0.137862671970093,0.00506522669037948,0.00613028603631142,0.00461469318875595,0.00745726763180916,0.00431587439863504,0.00486947020761986,0.00626602728454423,0.00664346900583747,0.00948461382822608,0.00711001993762893,0,0.6635859769423,0.0536280163906029,0.988226761706248,0.109876560838433,0.0215090694511456,0.278408129196705,0.300251383203446,0.034553758921716,0.519789421273784,0.00777499644734538,0.554396936279747,0.0299284561933561,0.881880583609833,0.612035628174064,321,"ENSG00000249150"
-15.9411447563369,-15.504615281786,-0.0198660265990027,-4.56581849994309,0.213788531920563,-0.00413207447609918,0.0086145603649138,-0.0202216344937951,-0.0290375846744542,-0.0305065055267652,0.035148000952361,-0.04387942688715,-0.0211780952198469,0.00433312816019225,-0.0318239904091662,79.4336977080969,812.996319522838,0.0208261073202565,4.82504578206267,0.383863318815883,0.0140524647609635,0.0175306681866617,0.0129330417341117,0.019152354518144,0.0139752418942909,0.0149340080943106,0.0201873090463398,0.0181841855005675,0.0238135645377,0.0196361819252087,0.840944956982182,0.984784502692771,0.340134194784163,0.344008520510845,0.577568966635654,0.768722567217295,0.623143966891422,0.117920066928641,0.129484828332308,0.0290434386019582,0.0185948851459508,0.029734101414775,0.244163288487676,0.855613723123885,0.105086032804447,322,"LINC00992"
-11.9583309844087,-0.156517277730918,-0.0017054149859865,-0.347119224961113,0.343343297304424,0.000302117902426656,-0.014522383704324,0.00453476271437946,0.0221216347612184,-0.00498222135156218,0.00252102974584221,-0.00726796197536668,-0.00973353634845468,-0.000776234763345842,-0.00858709225296568,0.08206607313864,0.584089649130357,0.010712711756346,2.89411087888478,0.2058840772638,0.00735219469214715,0.00938376964257005,0.00634312929831122,0.0112883772520058,0.00661759635439108,0.00686029450814526,0.00972609836697995,0.00997368004039452,0.0133526716893893,0.0118873441900381,0,0.788724026099363,0.873514887257298,0.904530796507901,0.0953845358058688,0.967222387679434,0.121717044683756,0.474665032741178,0.0500329179878227,0.45152516893877,0.713260059610966,0.454904292681977,0.329102990996563,0.953642455980825,0.47006540109274,323,"LINC02208"
-13.4107082655634,0.195536255290979,0.00388984274501362,3.17546700640075,0.384786086294737,-0.0107023287531583,-0.0143071975567287,-0.00669767992952831,0.0123528441394905,0.00283535487079323,0.00991171574886099,0.00805698267518493,-0.00901741015081507,-0.0110384712305201,-0.0172923084485382,0.102857847367662,0.658355028357349,0.011785570333387,3.27759564569051,0.232640218989161,0.00818850985445283,0.0106994759863826,0.00720014014718817,0.0126991324313626,0.00757665107443561,0.00856657752403604,0.01166539765717,0.0113918368944983,0.017755729005753,0.0121441533160501,0,0.766460929076086,0.741361204249389,0.332624836625376,0.0981282427761169,0.191214935694688,0.181161684753007,0.352259664647095,0.330686843546155,0.708238631998266,0.247263510973176,0.489770657621512,0.428612785664462,0.534148985535415,0.154469496648741,324,"ENSG00000286745"
-12.6364622057741,-0.21788639669229,0.0117156581996519,-0.0209307160712661,-0.145746439321664,0.000495853346496525,-0.0135771762168196,-0.00197154747132218,-0.0141008496761117,0.00145181167000663,0.00585766133595172,0.00393014774990723,-0.000417702867223721,0.00469063590024653,-0.0158020712492971,0.132517618849842,0.409676189637586,0.0111815133078133,1.93573036145032,0.1476624127735,0.00486702337018853,0.00622618777110583,0.00434608274844002,0.00801483299482644,0.00450943849895817,0.00508021142627559,0.00686814842923516,0.006834432580324,0.00980895626887265,0.00719225679811415,0,0.594829694746085,0.294744422620872,0.991372780986045,0.323630561039148,0.918851761044564,0.0292088400894475,0.650089533133861,0.07851906909824,0.747490918741821,0.248896038835643,0.567167430734059,0.951265698173971,0.632508369499804,0.0280136641327017,325,"ENSG00000249426"
-9.90833188644507,-0.550345539418312,0.00809181281392939,-0.333416198631597,-0.0585168195324359,-0.00332288577859427,0.000445287002565927,0.00327941505303161,-0.00603076559909969,-0.00307949228091472,0.0058822167077999,-0.00160862545070192,-0.00215879732946521,0.000218788157671554,0.00212100779980529,0.0208707826765149,0.142771526273234,0.00233416928537503,0.604854468443934,0.0443450300734345,0.00154451177037571,0.00196745095558159,0.00140709849047566,0.0023409833225402,0.00141235819811788,0.00157450206409313,0.00209085896392518,0.00212055050305595,0.00317597651039147,0.00223423361042321,0,0.000115857904304433,0.000526933131885196,0.581473444843581,0.186975248207472,0.0314434588895902,0.820947206863874,0.0197732870692075,0.00999021829237471,0.0292285338650491,0.000187028730761817,0.441679003550233,0.308660718633031,0.94507839754761,0.342456712828413,326,"DTWD2"
-10.9333215703108,0.130400985808034,-0.0113682456379031,0.103421491717735,-0.0898768810249598,0.00221189453423346,-0.0102847362909334,-0.00152848140036629,0.00590511034752909,6.98272391389494e-06,0.000240384602670746,-0.00292642020930142,0.00654398961959733,-0.00488070817626927,-0.00868800263333276,0.0305484250707193,0.194996621401254,0.00367876027966834,0.96469348339416,0.0705425238436624,0.0023924053976116,0.00309029209347624,0.00223076840940316,0.00376159266411678,0.00227000561256701,0.00249399775170944,0.00338169307359758,0.00337454714773336,0.0052108901406572,0.00355233516377196,0,0.503664797881706,0.00199996013994126,0.91462509328193,0.202634752936805,0.355200874783395,0.00087447057797254,0.493229352404404,0.116451614147674,0.997545645356098,0.923214604503793,0.38683501550512,0.0524745444797252,0.348945740628391,0.0144564860394356,327,"DMXL1-DT"
-8.91219146959115,-0.0599882881704239,-0.00506913004730373,0.568476032933879,0.0258890584895876,-0.00350834385622662,0.00047669078512591,0.00035114261834077,-0.000974389413272213,0.000830464302773467,-0.000385319907920199,0.00286282396885382,0.0019505605014063,-0.00167359044584232,0.0061520243953781,0.0124405877455905,0.0738134234458359,0.00132604256417808,0.320818607314103,0.0237371117649281,0.000828134468030822,0.00103779286975887,0.00075015885903326,0.00125719701923917,0.000759386227974337,0.000824742043955535,0.00109520059184456,0.00113323242962396,0.00169823348423228,0.00118914341124648,0,0.416389157178803,0.000131971227967075,0.0764020803852579,0.275423627084237,2.27089283610202e-05,0.64599624848136,0.639719507581018,0.438310649170033,0.274130724357475,0.640356425016291,0.00894963019052845,0.0852080001263486,0.324383923991327,2.29758477828621e-07,328,"DMXL1"
-9.69747276271513,-0.408018249063567,-0.00479373326105199,1.12469243962419,0.0413605610666309,-0.00601818997220398,0.00457366113137519,0.00505375399757831,-0.00353767394852399,-0.00194272152398939,0.00167399966178966,-0.00123357996640276,0.00262026219155832,0.000450634907550978,0.00661439283105816,0.0174302042983373,0.121777550243091,0.00179277126641047,0.453058424791918,0.0329879735256609,0.00118388321693013,0.00146520643955303,0.00105852400319109,0.00175532576981451,0.00105038341487422,0.00115359340512706,0.00152578787034262,0.00157572482241769,0.00230012501152338,0.0016870827864401,0,0.000806596701312731,0.00749695458036358,0.0130484356437078,0.209912065699764,3.70675085881013e-07,0.00179924227725869,1.80297128153446e-06,0.0438633275025107,0.0643805115829983,0.14674712410199,0.418810170419516,0.0963338031983464,0.844674683330353,8.83252836291864e-05,329,"HSD17B4"
-8.23032535734663,-0.130100844400235,-0.0070294493948432,1.45607306136055,0.0469937698734997,-0.0085566148297051,-0.000623793783938678,-0.000697189440065418,-0.00784565362576258,-0.000576249472876983,-0.0191773002880589,-0.0256843970290167,0.00333966372437756,-0.0103899026539187,-0.00377415464277541,0.014285150315609,0.0877085980302944,0.00168995034322294,0.422680731651835,0.0309535729854894,0.00106205485251792,0.00134219015104889,0.000978428346387769,0.00164733817175615,0.0010000407320548,0.00114296424242141,0.00148254844790641,0.00149776395512554,0.00211747039709173,0.00154682317999986,0,0.137986605039608,3.18861628860688e-05,0.000571369657969476,0.128963536738303,7.84073554675314e-16,0.642104675323715,0.47611773102366,1.91090945239208e-06,0.564462432076297,3.50194235532844e-63,3.07403957997402e-67,0.0257629559103042,9.25968726721045e-07,0.0146897305935173,330,"ENSG00000251293"
-8.53561133640633,-0.30580104802981,-0.00690359151469019,1.41365976529342,0.0660419208977138,-0.00374762561484089,-0.0014362853205407,0.0130452946503939,-0.00234620586435686,-0.00584398478337325,-3.48290145122008e-05,-0.013452196437369,-0.00429850751522497,0.0016509896406743,-0.00109993548977526,0.0150870613585148,0.0950602519624546,0.00177301656432507,0.454429216608181,0.0332961363710594,0.00114190127257663,0.00143460174116196,0.00103638433028211,0.00176853649923966,0.00105774537206832,0.00121095736089473,0.00160363267921581,0.00157994528044274,0.00227844324262394,0.00165685446398682,0,0.00129575568210749,9.87274413503183e-05,0.00186551569672401,0.0473148432806494,0.0010310381573244,0.316742910777975,2.47969333479732e-36,0.184628807344115,3.29589235780755e-08,0.977054764317178,4.92061139506781e-17,0.00651500390852816,0.468689468641425,0.506773705334834,331,"PRR16"
-15.8417011812096,-14.9928279106169,-0.0470742540258357,4.10814176285405,0.602796193072666,-0.0106577262254811,-0.0111291265017557,0.00605134564296205,0.00214213107964297,-0.00953219952963655,-0.0132989015593217,-0.00967181529315191,0.0170855092922702,-0.030098210490212,0.00192726641816563,109.833614925911,1124.13757901081,0.0181959355127732,4.56333407711111,0.337004686757244,0.0116869126622943,0.0141300770858455,0.010498393300918,0.0176281661176136,0.0110780279582769,0.0117347467199803,0.0157873175543471,0.0156319538506367,0.0277013002635687,0.0167894637693554,0.885315984213756,0.989358783573299,0.00967944569043236,0.367987192729671,0.0736650986347277,0.361801965926669,0.430919211786199,0.564340226360423,0.903281136295814,0.389535544135582,0.257091400498441,0.540119720967936,0.274399874164461,0.277245905055503,0.908611392699234,332,"ENSG00000248927"
-10.2282392852189,-0.0333153399586069,-0.00329939413266536,-1.25068807833609,0.037043120562017,0.00071613256198698,-0.00126692469934791,0.00128459294986964,-0.00115584931570454,-0.000804710880568757,-0.00370749391440396,0.00118778956914922,0.00299783410575626,-0.00100494287485747,0.00410560454708063,0.0204516554323726,0.136574438070691,0.00237103927573751,0.594803365308355,0.0437197519707382,0.00154893208783983,0.00192879229409679,0.00140122075284035,0.00231627078259265,0.00141034955509261,0.00154507301347621,0.00204775450288463,0.00211742308206656,0.00315006651310596,0.00220082336899173,0,0.807280853183711,0.164061976674068,0.0354927311646373,0.396835896460781,0.643837842913669,0.511278210549741,0.359264747074911,0.617770200360056,0.568287440621927,0.0164148325610394,0.561884335052983,0.156835935981827,0.74970926309043,0.062113353249883,333,"SRFBP1"
-8.90895784104261,-0.452112683868798,0.00120275587845654,0.857918840666238,-0.00204548744700308,-0.00578806130822995,-0.00528932738800798,0.00233339813414723,-0.00459270897750566,-0.00393665484145168,-0.010715955119304,0.00750767473430941,-0.0122350300549351,0.00134950067581253,-0.000869777156314689,0.0151977798127664,0.0965824340050407,0.00178491950035164,0.439376142506505,0.0324473246388864,0.00113120647801133,0.00142586331147334,0.00102732769693153,0.00170290791044997,0.00106655587964134,0.00117397514923895,0.00153306824844765,0.0015454186290986,0.00228514676588136,0.00162411936959998,0,2.85330302777706e-06,0.50041100281888,0.0508689045789524,0.949734453425429,3.10902627217462e-07,0.000207618669539754,0.0231271311424418,0.00699714232114069,0.000223376534186615,6.98258219746011e-20,9.72335285305276e-07,2.43372070075958e-15,0.554819847537586,0.592278093631636,334,"SNCAIP"
-13.0294998630968,-2.41430523975091,0.0139618579306442,-0.647772700256093,0.055908734162706,-0.00129896157733659,0.00430060613766897,0.00582114305843261,-0.0134713783371757,0.000191875327252928,-0.00811618303791177,-0.00425758624956338,-0.0106838564803985,-0.0139321185472926,-0.00414849474585007,0.112165009327507,1.04889812051505,0.00756474066719635,1.87228982811682,0.135504183860431,0.0050712007323769,0.00638299668066236,0.00455347486025921,0.00734821186048916,0.00462257298451543,0.00516021897949429,0.00669115084909274,0.00692794433542695,0.0118882262040405,0.0074044519448584,0,0.0213490600321456,0.0649431506651248,0.729358602083381,0.679901280866367,0.797839048430004,0.500464079091035,0.201109910266776,0.0667599610964816,0.966890644893441,0.115756579353547,0.524580226694499,0.123039702713075,0.241226863137087,0.575295060805611,335,"ENSG00000289054"
-14.1172097768173,0.452660135970584,-0.0116232602259913,-5.76852435669666,0.404134161892974,-0.00320625522550241,-0.00977739198512186,0.00681292017881806,-0.0188656443822282,-0.0141496317649493,0.00628934253776242,0.00763686582570515,-0.013734416759594,0.0117092941968896,-0.00843013906070946,0.122998181876763,0.835785825710538,0.0142875139263355,3.45583954084751,0.244273228546707,0.0095837595925894,0.0119435518552102,0.00880313954724093,0.0133602618024448,0.00861781685261324,0.00927331515171849,0.0120044833688599,0.0126615236897849,0.0152400258473879,0.0134417158152625,0,0.588095301455984,0.4159166992229,0.095075629294422,0.0980391741029726,0.737963902081758,0.412995532261327,0.438978476404712,0.157928921367746,0.100609809300713,0.497632573334128,0.52466705545729,0.278038381596582,0.442294073533535,0.530552772148009,336,"ENSG00000249916"
-13.9621437762258,-0.477727265395624,-0.0429905224567754,-1.56966025626607,0.469776477549969,-0.00979922511124563,-0.000203978310231635,0.00411465534037778,-0.028222648399851,0.00304346370682002,-0.00607157872395338,0.00666928904171221,-0.0120993969499042,0.00839900431965276,0.00528630946468693,0.13496621680169,1.11792155276104,0.0124986575407265,3.03091336453573,0.217755158101887,0.00839882064871695,0.00999019862347843,0.0076462992760479,0.0122864005901742,0.00749957477292447,0.00785999511014127,0.0100569792486577,0.0107865298026483,0.0138351290191013,0.0116902087650927,0,0.669135175081608,0.000582550412546665,0.604539500803039,0.0309775503807694,0.243316100232964,0.983710049906139,0.590491607874008,0.0216151194497259,0.684876207347692,0.439838496251706,0.507234283413261,0.26198424108767,0.543799060011647,0.651125089279631,337,"MGC32805"
-10.0438739728305,-0.267346767976582,-0.00547705966561633,0.71460306234183,-0.0303525975835464,-0.00602601024413856,0.00412143101987951,0.00246763000652736,-0.00335522646249207,0.000793139631460914,0.000916028070902399,0.0016025061086458,0.000107581353050109,0.00024213787473377,0.00562507701280179,0.0711207714800623,0.131826365826519,0.00530710359912745,0.525150530824442,0.0399223851568231,0.00136352417838548,0.0016875926337911,0.00120919118815202,0.00211094586042959,0.00121216908267336,0.00132014048345815,0.00176864385194016,0.0018243860210739,0.00272097993602054,0.001958223755416,0,0.0425580043352989,0.302060752705201,0.173590012395941,0.447081147619436,9.89580143328693e-06,0.0145982416187936,0.0412778959985772,0.111960590410768,0.512909299372945,0.487753195000311,0.364901504059641,0.952977177725581,0.929090479486924,0.00407185905117551,338,"SNX2"
-9.80763971543985,-0.42474097063798,2.23051923326842e-05,0.770489848714168,0.050428726368291,-0.00113947250882224,0.00311601389791017,-0.000700430581664035,-0.00439071586287501,-0.000239909542941841,0.00549516620976257,-0.000976456356561068,-0.00171090912507306,-0.00508259415748092,0.00083490807878841,0.018949451823376,0.12500981452886,0.00215495179740303,0.557278276159688,0.04070449988818,0.00141290181686106,0.00178147965977756,0.00129957002223381,0.00216323179918944,0.00131054200980145,0.00146739730540679,0.00195671692649506,0.00193467373119595,0.0030541547744197,0.0020539795152536,0,0.000679645844863473,0.99174150863567,0.166789253438487,0.215383248373727,0.419967990913309,0.0802710358957103,0.589906850499858,0.0423868416759284,0.854749909394679,0.000180509713377624,0.617759722704348,0.376512769194264,0.0960809859986679,0.684387629729974,339,"SNX24"
-16.760439204203,-14.7120675089467,-0.0468398100908992,5.68501267444607,1.68743795842159,-0.000572118148156744,0.0101819916775748,0.0225300701107896,-0.0203788190825522,-0.0151617791410463,-0.0059925743429972,0.0101926374708095,0.00899338882327184,0.0336044134361592,0.0227086128807738,122.300345962892,1251.73276570565,0.0212953222693075,5.42189885621714,0.349032688376483,0.0153546581152814,0.0170594154634189,0.0136462924908319,0.0206298091466053,0.013797539633459,0.0140460051342573,0.0178842032419765,0.0187336052060544,0.0188835608557154,0.0213520506459585,0.89099659405894,0.990622390347994,0.0278398918610622,0.294395416407227,1.33404935655968e-06,0.970277512453323,0.550604418214508,0.0987379582871376,0.323234138452802,0.271822346735879,0.669642247625365,0.568729214916986,0.631179632014076,0.0751481371600455,0.287540257171457,340,"PPIC"
-13.4553505408951,-0.402623551856043,-0.00829708937182164,-6.24676790237927,0.0434857069110911,0.00476249865618933,-0.0108484800996873,-0.013072498382801,-0.011714782139269,-0.00700757646470586,0.00902423929404691,-0.00415817155887385,0.00632146591168491,-0.00182418761498149,-0.000551075497680137,0.51505118849,0.000929492889719888,-0.0266530825526632,-0.010486694521612,0.0295213580740012,-0.00739973167760273,0.00259356117352238,-0.000954449669086525,-0.0179059240028669,-0.0382367648874543,-0.00388904628050442,0.126646452492574,0.79530394331126,0.0147321922157984,3.63258034147006,0.260188969218183,0.00912144986917347,0.011898342636547,0.00850204203057915,0.0135524421180552,0.00923069423876317,0.00987532483985541,0.0136636231913887,0.013390690434582,0.0266783201927633,0.0133148482437909,0,0.396258701866136,0.0132509603381086,0.0699984325123445,0.498641123121622,0.918834557732473,0.0250865852091215,0.217414464900037,0.0293833061802502,0.422758853595207,0.792835414957675,0.94431039440214,0.181159975525287,0.151785736371101,0.77022285068876,343,"USP12-DT"
-11.2883610494431,-0.302804000367337,-0.00501007863593062,-4.30655141396929,-0.0589899622570034,-0.0010491126097858,-0.010430233112938,-0.00107840938306774,-0.0102424805570405,0.00238825678457561,-0.00570621265121064,0.00727536958264162,0.00576503811036318,-0.000574424203004866,-0.00987442446372327,0.0358875200671967,0.270800363486603,0.00397639191911456,0.993802739158788,0.0749479965363666,0.00262969781056637,0.0032668484600012,0.00244115574945648,0.00392504426371263,0.00233007816930334,0.00258743212558449,0.0033682579493339,0.00346433284310764,0.00504232582144449,0.00377088290481773,0,0.263489414896496,0.207685255387186,1.46819541423464e-05,0.431235870947459,0.689931540331904,0.00140924494773491,0.658661576517737,0.00906694099464992,0.305378039189658,0.0274290230984267,0.0307742229955375,0.096090034764403,0.90930082661588,0.00882920619375044,344,"LINC02340"
-10.3974225833357,-0.232654806838064,-0.0175416842858735,2.88458646519916,0.230325369194241,-0.0192812843827696,0.0265907732943902,0.0174841856189756,-0.0064710579955369,-0.00891834081697592,0.013742582716293,0.00287324821165989,0.0230334710563092,-0.00501687732964039,-0.0240162361322351,0.0916953917752117,0.258688043307562,0.00640830433330165,0.430019880142477,0.0335755131823263,0.001296584432795,0.00141746045665363,0.00116373490901112,0.00177836085235901,0.000944926862403706,0.00101393582310038,0.00132596864584949,0.00143486863368674,0.0019549785877706,0.00178925737743429,0,0.368458615626,0.00619389318576526,1.97268726820164e-11,6.88986213447937e-12,5.09787495214501e-50,1.6207911368381e-78,5.09732770291584e-51,0.000273936217461247,3.79498049586056e-21,7.53342387135746e-42,0.0302420915496966,5.47578802185605e-58,0.0102817814113662,4.4663524923695e-41,345,"RPL21"
-11.646048138444,-0.408610628048336,0.0208158164167356,-6.28542568165238,-0.443683359592298,-0.00949730894097174,0.00564952163629029,0.00557000082094603,-0.0113624634406364,0.00334833375081796,0.00111841624637415,0.00389337505293761,-0.00610818252078649,0.000345141493236555,0.00854873918100918,0.120597709987224,0.318243511937787,0.0092230537021302,1.07385515702052,0.087481229971299,0.00299016292902258,0.0037702150423845,0.00259025737369277,0.00441363865991534,0.00253361562236749,0.00274645774069301,0.0036595878480106,0.00386103298171508,0.00577960723231716,0.00414563310201308,0,0.199157393682061,0.0240122470271594,4.82374740586076e-09,3.94163780478954e-07,0.00149226046572593,0.134013419313185,0.0315262928317972,0.0100414630147615,0.186313567873323,0.683845417488099,0.287381487900681,0.113647894653133,0.952380937026043,0.0391975468083216,346,"RASL11A"
-10.7294769689482,-0.275880163858375,-0.00252418125207038,-0.840590865980742,-0.0978211874764078,-0.00289052678745154,0.00837923105339053,0.00351232236107783,0.00181931839272078,-0.00249375914258434,0.00157383026370518,-0.000647505372188243,0.00204635877825463,-0.000852660198653907,0.00195371973809964,0.0259679787552234,0.189679573328661,0.00280446004563269,0.705612284644219,0.0529224604409966,0.00188405697399439,0.0023345711957746,0.00168255833559787,0.00274435986807197,0.00163581743156852,0.00177903830343098,0.00235766728067946,0.0024797054024185,0.00361233151076386,0.00263696382115214,0,0.145820551412459,0.368088521814166,0.233538641815769,0.0645463791099385,0.124979598993882,0.000331700775630755,0.0368439359182911,0.507375409075545,0.127390652225337,0.376344208886963,0.783594256103898,0.409233816406481,0.813400456693744,0.458755629287019,347,"GTF3A"
-10.519736331516,-0.086141899074106,-0.00864582620234254,-1.40209280877949,0.0017967005285747,-0.00287104602868062,-0.00310230940609897,0.00388608348774263,-0.00518113214853976,0.00032562715075256,0.0013060282896419,8.37967116376588e-07,0.00357133492978514,-0.00441648480238057,0.0022767068036124,0.0229553480241973,0.162244871635839,0.00252323032833856,0.636288303237649,0.0467600703507287,0.00166937310042719,0.00207814115966839,0.00150969896910803,0.00248480513211571,0.00148826767650171,0.00162927548071638,0.00215950085718289,0.00224306958331388,0.00346991072535399,0.00237340729912898,0,0.595462036804101,0.000611433853180484,0.0275560381186438,0.969349769351107,0.085462466587663,0.135481951961126,0.0100507499281367,0.0370578515134736,0.826808891631644,0.422783999639785,0.999690390950476,0.111347830808497,0.203090818341993,0.337429453469637,348,"MTIF3"
-16.0549489441176,-15.1582126830942,0.0390377247337703,-10.2614121757949,-0.546977915525687,0.00616957964206858,-0.0134084124897652,0.00360303807905741,-0.0299847890879865,0.00756095378559217,-0.0213803893989724,0.0165808449224923,0.0132063083556798,0.00928040711486661,0.0163765865167462,108.104116088371,1106.43634835662,0.0177362415735974,4.00682592584346,0.311557311289977,0.0114004373089972,0.0144782070923323,0.00999366037718274,0.0158216636543172,0.00953499496485206,0.0107544600533219,0.0136042995464761,0.0151123008544482,0.0209722930701976,0.0161286176164914,0.881937326060208,0.989069298419335,0.0277349979341267,0.0104376531280533,0.0791523997896925,0.58839011205479,0.354388813347481,0.718449052783807,0.0580694916668238,0.427795984310182,0.0468063137204656,0.222922214652824,0.382184656776652,0.658121654511486,0.309927359395294,349,"ENSG00000289827"
-10.8706884088838,-0.567057355762759,-0.00237534229265815,0.351699432465589,-0.0402288405224874,-0.00446208604554786,-0.00367488133370948,0.000474416903288975,0.00161524589383761,-0.00552070747590822,-0.00636310110803001,0.00667846276588308,0.00234723061682976,0.00906284500863084,0.00824038267139559,0.0319950197973126,0.22875493600104,0.00352105438335301,0.893966533124989,0.0663830990576365,0.0023037354273773,0.00288800964158934,0.00209954133377796,0.0034314964308851,0.00213529841074895,0.00228137353097114,0.00305362570157899,0.00317305951328379,0.00418260269318254,0.00335621168614363,0,0.0131793506350534,0.499922892994729,0.694013332267706,0.544507926127476,0.0527585823394845,0.203209163771775,0.821230847977147,0.637846549997546,0.00972519506667373,0.00528460014073075,0.0287381408736082,0.45945938382577,0.030250444992482,0.0140781514066035,350,"LNX2"
-10.1834309784368,-0.195037242087787,-0.00260055042536074,-1.33905406025645,0.0113262051102449,-0.000607536098226216,0.00155555182747047,-0.000170726355972757,-0.0013819751297312,-0.00261976288450428,0.00121065948713782,-0.00152786642358232,0.0014800421428372,0.00503872400093506,0.000691240646345689,0.0202692510850805,0.138637928394511,0.00227969394386781,0.574095230949358,0.0423012257085458,0.00150037105153788,0.00187615250953265,0.00136293761437538,0.00223166850716551,0.00136016247102388,0.00148437479458664,0.00196981940779911,0.00203604540910851,0.0028303742940042,0.00213905341370699,0,0.159483697899081,0.25397587950194,0.0196765141968775,0.788890815055805,0.685533449544786,0.407037635892659,0.900314935633334,0.535747425553115,0.054096115477362,0.414727637193437,0.437962865466653,0.467274960317963,0.0750379362483267,0.746579685461185,351,"POLR1D"
-13.1398619541179,-0.298742037238093,-0.0115081455642588,-2.69674615523803,-0.165503351199891,-0.00468223562038102,-0.00517532637732968,0.00126060629878793,0.0129198831322886,-0.00203987632901428,-0.00474881975086282,0.000317671671202572,-0.00635390687589466,0.0432036878591273,0.00475118831931298,0.0836002223465443,0.581685716294863,0.00892688454640239,2.22807825943369,0.170266637967302,0.00587854676238848,0.00738205289049739,0.00533238664880989,0.00825178085405128,0.00524970405423445,0.00563660003366196,0.00733133714699686,0.00768600447413412,0.00742595901644265,0.00827243694935323,0,0.607545801309003,0.197343905355964,0.226146059416658,0.331038338144866,0.425744131787142,0.48326012957244,0.813117917166911,0.117416883705976,0.697594428307286,0.399509705834115,0.96543795168039,0.408415458235823,5.95818911561821e-09,0.565738001237042,352,"PAN3-AS1"
-9.11727359810303,-0.334398901790457,0.00421632631400833,1.25960126335588,0.0400446842952192,-0.00147078019408383,0.000726373869944246,-0.000656466634540543,0.00288032924796625,-0.000665258397588044,0.00416161405758053,-0.0039378545147077,0.000328581334405306,-0.000773901852297437,0.00315410243058845,0.0421625694566633,0.0874885029118758,0.00322147953167351,0.40174221181899,0.0307611321685878,0.00102109493037001,0.00128059584947533,0.000922958347450766,0.00163636389630039,0.00095692982575395,0.00104985505713778,0.00139896056218902,0.00140712804826821,0.00214142638614833,0.001486920031475,0,0.000132264222219162,0.190596437676882,0.00171650904649941,0.192986515251037,0.149755632655603,0.570567749373655,0.476920931836941,0.0783737447965771,0.486929459811615,7.37076033594064e-05,0.00488010503855176,0.815363825073937,0.717803814023405,0.0339022791634847,353,"PAN3"
-12.7397810377934,0.565305738832854,-0.0113073532927272,-5.74982149763867,0.207431870248061,-0.000222372227085233,0.00108882795631783,0.0012429244340856,-0.00779399211317727,-0.00544282778911684,0.00259010636986193,-0.0109827685075117,0.000499139091966014,0.015942620700913,0.00429537663374063,0.0600094697552703,0.407671875195885,0.00712395932439084,1.74636574996818,0.126910342972736,0.00481154949776909,0.00585744664806839,0.00438759405803805,0.0069047803967281,0.00428684383356222,0.00465217488984359,0.00611790185927933,0.00630210254918419,0.00729489482772218,0.00664596829696169,0,0.165542876697301,0.112460837945148,0.000993186402338412,0.102159006904062,0.963137815712167,0.852532738228973,0.776961021242865,0.258989790145744,0.204206294996196,0.577697074862938,0.0726241551375618,0.936871958130098,0.0288559405132758,0.518076580277444,354,"ENSG00000289569"
-10.8559027529556,-0.33734984883041,0.00129362020290508,-0.868240354921677,-0.198700745623463,-0.00519379373446611,0.0131790318525694,0.00490957855287554,-0.00559709391489909,-0.00180801792410263,0.00331796629425481,0.00222593343277415,0.00855811600558419,0.00634037673692687,-0.00284893253577404,0.0296666907554017,0.229590797966779,0.00282666422842672,0.70768789326519,0.0545780306835629,0.00194378682617128,0.00233477698813218,0.00173845491207649,0.00278834522778938,0.00158954270089278,0.00173227479214623,0.0022823179635772,0.00243955772897155,0.00327766654932448,0.00270006206422917,0,0.141737161502877,0.647204596936266,0.219871822653673,0.000271926651428978,0.00754011877171897,1.65504052982262e-08,0.00474129054042563,0.0447158767555205,0.255352166048812,0.0554439272193281,0.329413920736507,0.000451386455314506,0.0530617713687644,0.291363154931175,355,"POMP"
-11.4306145759537,-0.51763778852029,-0.00904249904478816,-3.39880981549536,-0.144042194428438,-0.00222472969478889,-0.00469105062865111,0.00559512950661704,-0.00611442771311662,-0.00481010876596116,0.00399312938017417,-0.00652042973332765,0.00961514833435193,-0.00672643748203603,0.012823573161743,0.0400723589880625,0.309911903261329,0.00408708439209915,1.05333949762316,0.0776770133599692,0.00272806332645957,0.00344085333744041,0.00242983978539895,0.00399962518960581,0.0024297010953665,0.00268582945069345,0.00358974522445326,0.00364442244685199,0.00572078199191895,0.00387323921282066,0,0.0948651685428759,0.0269350945145916,0.00125226988949587,0.0636857446464135,0.414787412072639,0.172775597246615,0.0212971780244129,0.126326388196828,0.0477358831566723,0.137083562367219,0.0693083303143795,0.00833182086728171,0.239678857652082,0.000930251434701444,356,"SLC46A3"
-7.69616497927103,0.0817579863820933,0.00246379886414065,2.44162853986515,0.0107751698315822,0.00837066014358536,0.00498967962463444,-0.000189051090750457,0.00626309191356018,-0.0107573473549738,-0.00865468041765517,0.00168479483302754,0.00244536845311986,0.000553362470718108,0.0043441088803749,0.0452688115865954,0.0627255840916685,0.0033806457640658,0.331832746591487,0.0250155893653608,0.000832668115570706,0.00103239342977409,0.000752145121827102,0.00134035434023025,0.000799382672195394,0.000868384999527834,0.00115760561587305,0.00117434269462451,0.00172182112530994,0.00123978721789342,0,0.192430293903594,0.466126865222324,1.8667260413846e-13,0.666658742709249,8.92781889918076e-24,1.34410828753646e-06,0.801544123108194,2.97246168042732e-06,2.79798419116662e-41,2.13819369962902e-23,0.145554823160948,0.0373123817983185,0.747920854439029,0.000458471879258384,357,"MTUS2"
-15.0117742777511,0.505260327789304,0.00420976524504119,7.38472142899398,0.614381533134007,-0.00789392305797731,-0.000486953804390804,-0.000149806680263349,-0.0102692330903749,-0.00359497052093828,-0.0172447435972133,-0.0108944267402243,0.0237922956208839,0.00673878683015091,-0.0212423784120994,0.198788574386573,1.3092525087447,0.0188232692597834,4.69144031269214,0.34452147879184,0.0132159705808779,0.0157889148929205,0.0125585673540977,0.0203734249207328,0.0119187719971383,0.013348594196078,0.0167451654215322,0.0173621037369468,0.0225778245509876,0.0189595084590075,0,0.699559538647844,0.82303209061904,0.115468016457255,0.0745391909320408,0.550305900845526,0.97539594465639,0.99048254475929,0.614225956652862,0.762939808169642,0.196399697999317,0.515303877539994,0.170575214295891,0.765345026225235,0.262540084344777,358,"MTUS2-AS1"
-11.7397359467884,-0.310293534884352,0.00285763135234552,2.64800164924722,-0.103533885609707,-0.00949165787655508,0.00300613478773904,-0.00224053892351236,0.000466866095909277,0.00575046122346573,-0.0178187844934967,0.013310035011447,0.00410583333699017,0.0135965754988586,0.00132784483847942,0.0471094494110798,0.356971417925373,0.0050442426698998,1.24152293426349,0.0962565041472357,0.00336099659049192,0.00415282411525746,0.00305749769725689,0.00498358699646671,0.0028948408174652,0.00322735202731775,0.00419943549440473,0.00441446906091575,0.00586637733604864,0.00483233287923923,0,0.384716333279575,0.571044787685254,0.0329357469676595,0.282104375777686,0.00474194257459282,0.469141114592266,0.463679501377164,0.925362773707931,0.0469832000508166,3.36734748658734e-08,0.00152710941504406,0.352326855999513,0.0204649566247846,0.783482655421668,359,"SLC7A1"
-9.01563026743398,-0.113498040652744,-3.49464365544627e-05,1.08980794224644,0.0108595362379649,-0.001577470796556,0.00184067820863192,0.000820577071402514,0.00600945870166586,0.000445339171675413,-0.00271234352247271,0.00236245662112907,-0.00424251493858945,-0.00584298651891438,0.000591395144757843,0.0137426219284887,0.0831312707753421,0.00157965326676453,0.394030100299572,0.0287488709705857,0.00100372441513715,0.00125724590913433,0.000911620907515175,0.00152309967102141,0.00092114259739945,0.00101809042609244,0.0013503822143179,0.00138498461932097,0.00215139028940603,0.00144111644241605,0,0.172162873213866,0.982349957108831,0.00567835734526582,0.705625359368989,0.116039299210106,0.143178693287611,0.368051222047767,7.96185874465092e-05,0.628766402317078,0.0077183607941449,0.0802093690231513,0.00218967771459391,0.00660935004333879,0.681532417075377,360,"UBL3"
-14.4448166160121,-0.195924860204904,-0.0174798203243395,-2.64577203606516,0.287785641602642,0.0072917982032148,0.00547379024225097,0.0174670464447652,0.00639182908450505,0.014150556636261,0.0172255342142932,-0.0174113277612933,-0.0214426474308785,0.00173249791186628,-0.03417246244495,0.138419035265475,0.888130701257656,0.0160428909382384,4.09425022080575,0.299067795555318,0.0108438544665898,0.0132775100412404,0.00991035992048565,0.0162434360844206,0.00945239288907756,0.0110227429899457,0.0148613643973523,0.0147308326451497,0.0202735190416894,0.0156339565750095,0,0.825401071213602,0.275903492933154,0.518139157089122,0.335911183617981,0.501306166185079,0.680148645511534,0.0779842246997212,0.693948542602662,0.134384326071973,0.118116903516901,0.241364357768476,0.145494826768844,0.93189871483147,0.0288313636358163,361,"LINC00544"
-14.2494916304773,1.40669023852566,-0.00669653564363153,0.498522131621892,-0.0545094183521752,-0.0162759687635915,-0.0187692969422209,-0.0107193597647436,0.0117818799306768,0.00342268017427466,-0.00829697938741413,0.00544150389550155,0.00551160364009484,-0.0242422407689486,-0.00872500811192466,0.131292725309251,0.789647289362785,0.0150900574090426,3.86213992644813,0.285812154518479,0.00994499924523152,0.0128353472186729,0.00927900995013203,0.0149632067685743,0.00902578718571278,0.00995239136911929,0.0133546020950765,0.013725704051857,0.0246316679915378,0.0143572456397734,0,0.0748445322500434,0.657207880304408,0.897294939404215,0.848746821043087,0.101714433065814,0.143655418364764,0.2479976159415,0.431053577204901,0.704530987118087,0.404468708058324,0.683668092498615,0.688012703569083,0.325022112712813,0.543381383581107,362,"LINC00384"
-9.34240202142176,-0.481567712224104,-7.74836931429399e-07,0.967687724740974,0.000837668424280262,-0.00538762634462054,0.00494407188606481,-0.000179864656467765,-0.00307315772492175,0.00266026872298538,0.000690625235519353,-0.00453724131570968,-0.00236067646447839,-0.00272753388926362,0.00615190437732575,0.0150733548901033,0.0989343541132077,0.00160298773857709,0.400651752558442,0.0293313330142405,0.00103515305426181,0.00129415993601953,0.000930507261535171,0.00156320383295774,0.000943470913766818,0.00104444840634522,0.00139216137906824,0.00141675926046661,0.0021419991425948,0.00149812500946994,0,1.12991423961544e-06,0.999614326182431,0.0157229495720069,0.977216451086675,1.94345388365353e-07,0.00013329250660134,0.846726043805345,0.0493060752936871,0.00480743150815216,0.508461991168048,0.00111752635271774,0.095663441698684,0.202890678767663,4.01868866997847e-05,363,"KATNAL1"
-11.4233428811917,-0.0555551934210459,-0.00487295364685884,-0.27151833272147,-0.0968466048314269,-0.00335009621753852,-0.0034682139691643,-0.00598796644622094,0.0034955654949759,-0.00287347319281062,0.0138503060125158,-0.00875475696618627,-0.0139065578772814,-0.0057789604205216,-0.000212796122727369,0.0357383396997435,0.218648339499101,0.00415728512327101,1.10958662526603,0.0795259784836855,0.00273936934810954,0.00353082902686213,0.0024923616808,0.00424524628333192,0.00263659042739501,0.00295024443040362,0.00394818643118789,0.00393321378729154,0.00607736031183899,0.00400305180254188,0,0.799430138501932,0.24113762170538,0.806686993464745,0.223300614126124,0.221350722796084,0.325968727381692,0.0162822287047826,0.410276585235769,0.27578171189703,2.67089711884775e-06,0.0265949332274793,0.000406737792579392,0.341655267125583,0.957605642239251,364,"LINC00426"
-13.9148094642446,-1.54846487226264,0.020360986842717,1.32633259073185,-0.143184832838601,-0.00106862648604194,-0.00431430560823908,-0.0141903316796321,0.0328893200328313,0.000710337694664022,0.0040259535231611,-0.00865284244887828,-0.00264036722135217,-0.000254770544122362,-0.00602628308633996,0.122270833258906,0.846068337565277,0.0116736814035065,3.08184682754174,0.220401671174044,0.00769345318218169,0.00992536269829493,0.00697527314797452,0.0117157559481925,0.00726997809002077,0.00814460654252052,0.0110497129774381,0.01103167974307,0.0161555576621265,0.0114991524213473,0,0.0672216984036377,0.0811279284656623,0.666926946051001,0.515915727334042,0.889528571217629,0.663798451312326,0.0419136507411135,0.00499629498087727,0.922163870642365,0.62108786528174,0.433578370140869,0.810838788811494,0.987418010394391,0.600234554521789,365,"ENSG00000285773"
-12.9073221209697,-0.0751645121435478,-0.00164510677701398,-4.34075771632825,-0.300626546876759,-0.00342261185218442,0.00288972110483078,0.00813159309029692,-0.0142386262155537,-0.00323234711603155,0.012488607612661,-0.0116049680693964,0.00967059226615081,-0.00689051768261581,0.00652043328101373,0.0775108221387312,0.60622130496569,0.00792982960458145,2.05296701928731,0.157941885535073,0.00545623151613561,0.00682310417644128,0.00490233187741943,0.00804449665291032,0.00473799599503055,0.00523281809371052,0.00706493871400584,0.00720206649359511,0.0112771120516203,0.00774332101366766,0,0.901324325780976,0.835652171838254,0.034482603724836,0.0569884024464648,0.530472474310312,0.671915907096056,0.0971723441779368,0.0767298920483056,0.495100985803552,0.0170053005617999,0.100462798013396,0.179352152273282,0.541187709070463,0.399747691435672,366,"UBE2L5"
-8.10656815787199,0.151784667985123,-0.00851436482069226,0.501150824245313,-0.0134814500560639,0.00112353070321159,-0.00354834320113501,-0.00263146254800762,0.00405697035818984,0.000833644731030655,0.000609095517992446,-0.000875823825194942,-0.000355430584216142,0.000430482429022251,-0.00439645279091899,0.0107424985982891,0.0566395166974617,0.00118631027204819,0.281780285575238,0.0208716265281792,0.000709311246185957,0.00089998440823396,0.000657866576298249,0.00110549960869883,0.000669089679655248,0.000739168419532197,0.000984169445729313,0.000990371792890442,0.00147517518103879,0.00103193218081688,0,0.00736580355987652,7.11628896325833e-13,0.0753191011526678,0.51832964443642,0.113199593768745,8.05788695739555e-05,6.33440123370323e-05,0.00024273353115065,0.21278689793399,0.409923615004647,0.373513344338315,0.719680363506015,0.770425907373255,2.04053469629064e-05,367,"HMGB1"
-14.7450317631605,0.924375824873409,-0.0505057045776541,-2.33602988043541,0.132982623866697,-0.0055516277521004,-0.00720284929277508,0.00119915297303589,-0.0712432617228103,0.028269844762241,-0.013898717401229,0.00758935853466661,0.017168299693815,0.0136641855337692,0.0115826692264195,0.181159763937138,1.19681298354563,0.0172843079674735,4.0889535887965,0.31237558668838,0.0111168661497257,0.0133528669425444,0.01034354201617,0.0176972541197739,0.00999451274891914,0.0104540456304532,0.013177615453288,0.014287765286573,0.0180722691860829,0.0155430869909934,0,0.439898591633578,0.00347729738035671,0.567794528999345,0.670316344849754,0.617506185411728,0.589594717420379,0.907706015992381,5.68139083393556e-05,0.00467613589060381,0.183681055720661,0.564663806741832,0.229515260802421,0.449597774094034,0.456152347259837,368,"ENSG00000285840"
-10.4978626066508,-0.532689740455162,0.00451971433598733,-0.827347276804392,-0.0793078206607918,-0.000379595407463914,-0.00116482779638027,-4.74455480965967e-05,0.00344908983642597,8.66337562965043e-05,0.00130474831825046,0.00200131802893646,9.24792106742931e-05,-6.31546442679398e-05,0.00388623510434161,0.0232025192814602,0.158410575575571,0.00253019511512943,0.650103572494085,0.0476960519053098,0.00166843360073949,0.00212254155954447,0.00150182335826632,0.00249217184072908,0.00149950585037149,0.00165969858705473,0.00220935353072093,0.0022794488115608,0.0034396793562748,0.00241337796778851,0,0.00077179784546004,0.0740489827314562,0.20314610912008,0.0963574073520221,0.820022497375599,0.583150151268374,0.974797452720321,0.166367791542681,0.953927955182621,0.431787988635182,0.36502121028183,0.96763801115429,0.985351168135128,0.107334859991089,369,"USPL1"
-13.3307668691457,0.116557949729505,-0.00774945633202975,-4.43551372342299,-0.162350289363791,-0.0150050844177188,0.00131330615191676,0.00848423690082611,-0.0158047972220551,-0.0101365725695598,0.00758644224522398,-0.00739643829467227,-0.0157049059736931,-0.0102232610116229,0.00689860412092505,0.0919719665617043,0.713088727570066,0.00984425123383678,2.42719991154835,0.181277754058479,0.00663618646438671,0.00833373604333915,0.00597347232987644,0.00966638557857586,0.00585199246612272,0.00644649686511021,0.00850597136051822,0.00866766271861633,0.0138816967862498,0.00951579516726652,0,0.870160166301043,0.431161125211013,0.0676366407228338,0.370472528279779,0.0237530355076017,0.874780575291806,0.155514800275691,0.102043478587653,0.083245525886707,0.23926266375008,0.384541815525255,0.0700022218654336,0.461453142286072,0.46847442597339,370,"LINC00398"
-15.2500258397494,1.4071857713498,-0.0102295859043366,-16.3769792489571,-0.647886828753885,0.00664184081669039,-0.0573446439878269,0.0071951498899174,-0.0152054872166547,0.0173783020902975,0.00629668674786437,0.000810272714493876,-0.00141101789356661,-0.000281630368707566,0.0106617874101735,0.223052194216494,1.05234414163776,0.0231365920136977,5.91224543287077,0.448103082637649,0.0138523005268821,0.0194971454760185,0.013206708897683,0.0230160148138551,0.0141546294325199,0.0152711170175649,0.0207986181463872,0.0209980791744545,0.0307414566315024,0.0212157690789051,0,0.181160095413059,0.658388741617157,0.00560545635627116,0.148221165043922,0.631600286000453,0.0032696286995915,0.585884053646114,0.508837993457496,0.219542002951151,0.68010010289168,0.96892386861648,0.946424495499185,0.992690477145177,0.615287231580409,371,"LINC00545"
-16.225965412359,-15.1084118338604,-0.0024471309679591,-3.83019362465489,0.191767508517985,-0.00746838229151785,-0.0220628599200732,-0.00117170298642084,-0.0058810612871684,-0.00342706292194801,0.0164192529615344,-0.00445877491438476,-0.0114704038025358,-0.0401012669068275,-0.00182140618580261,82.4886676134215,844.263796908183,0.0191543524610171,4.87330635941607,0.338798489081913,0.0125227474799461,0.0166801855119667,0.0114694487720599,0.017766466372679,0.0118651746865533,0.0134157787354789,0.0179660227436503,0.0175059214029643,0.0375304917346239,0.0187648244085272,0.844058093044764,0.985722323752497,0.898340108379329,0.431894557214422,0.571378604227828,0.550917870232154,0.185935591499707,0.918630777315858,0.740629140972611,0.772708602059965,0.220998914479322,0.803996544370157,0.512319721493146,0.285295793332474,0.922674838817244,372,"TEX26-AS1"
-14.9323481423136,-0.0450210451121182,-0.0269025049469905,7.19900265404784,0.63531831065608,-0.028701343888543,-0.000807313091170487,-0.00302836013142857,0.0167680748559771,-0.000745744903697124,-0.00518163483766699,-0.000321173904566852,-0.020695982465082,-0.0753879779788751,0.0226947717068722,0.205033326384273,1.33757016684713,0.0210265062535778,5.59207432689776,0.369530406233592,0.0147016038753896,0.0177103054983832,0.0124995572083272,0.0211285745643573,0.0135280064877119,0.0147752414146559,0.0198534321830657,0.0193618003354768,0.0474546055491726,0.0205495468987791,0,0.973149210297611,0.200736267405206,0.197969471927314,0.0855673037226242,0.0509074188929155,0.963641528391629,0.808565229966347,0.427416258168272,0.956038081566393,0.725815574921169,0.987092986213925,0.285111145590973,0.112143151483898,0.269422781261796,373,"MEDAG"
-11.6964970337525,-0.795056765162991,0.0108745874200668,-2.52466768403275,-0.0577605103150791,-0.0104235188789697,-0.00368533787536549,0.000432547434916933,-0.00744105444422262,0.00751169611446801,0.0104826670529176,-0.0144986099489635,-0.00724895575160944,-0.0111097712596515,0.000284398923901881,0.0469552337631283,0.362532955511419,0.00480637031389423,1.24605832305007,0.0907422144965112,0.00320711315412622,0.00410728293078552,0.00288298564026542,0.0048545165644949,0.00291480614186103,0.00325979663973812,0.00439321679612947,0.00433314157495498,0.00705276032216546,0.00467778886371078,0,0.0283030084281587,0.0236642872534565,0.0427521606225853,0.524428387674434,0.00115354262360541,0.369575364558059,0.880737361809983,0.125322528315988,0.00996381451383383,0.00130107454325421,0.00096606867721142,0.094345020366909,0.115201676150633,0.951520301654977,374,"TEX26"
-8.30139007077616,-0.18831020574077,-0.00195364356381731,-1.12059550764895,-0.0133913742428731,-0.00678020580772628,0.00466501895318873,0.00233931951184693,0.00549211620833841,0.00115354069331935,-0.00540302689474438,0.00546288178698502,-0.0035045353044571,0.00153257694861903,0.0123292652462066,0.0114600137769382,0.0683016845196518,0.0012225395887427,0.29128373939077,0.0214989752830884,0.000756575230042438,0.00094270754639083,0.000677332766622395,0.00112602792328743,0.000675047200043567,0.000717786313109377,0.000942661616157318,0.00101414288499846,0.00147831926269244,0.00107090243931622,0,0.0058327922520982,0.110038371349685,0.00011952782010809,0.533360553626182,3.19689340937178e-19,7.47750972281325e-07,0.000552905702151782,1.07479952958382e-06,0.0874825025557948,5.17814931357216e-14,6.82531010058863e-09,0.000548942658371639,0.299874629608664,1.1350390617299e-30,375,"HSPH1"
-8.20164973655053,-0.0336287025641217,0.00510607993544035,0.12934524633581,0.0320129063515075,0.00274523653419817,-0.00272392950353925,0.00425550211755825,-0.00697593759364569,0.00638946768940883,-0.0044528164240989,0.011706068944931,0.000277261979532025,-0.00111303866817218,0.00172967670183668,0.027131091714611,0.0633402295177424,0.00216533706517562,0.311076519016359,0.0235971015440751,0.000784028655507754,0.000993667446930453,0.000716657842736094,0.00127538697996681,0.00074475518940037,0.000797919617124721,0.00105552642253391,0.00109851760178718,0.0016295448033907,0.00115121116593963,0,0.595473037146618,0.0183687759375606,0.677557229928671,0.174893813411567,0.000462735122680767,0.00611986790565104,2.88549879242423e-09,4.50890849073239e-08,9.54639361585324e-18,2.397832229328e-08,1.39871005863894e-28,0.800734618100407,0.494583744207142,0.132972079826618,376,"B3GLCT"
-16.4476115340873,-14.2509244794714,-0.0276988976492159,1.91194202926818,0.129149319939731,-0.00676624031899214,-0.0194229405090094,0.0284297552148553,-0.015605307124162,0.0138529324580687,-0.00839979271898197,0.0203150073637275,-0.00109284909726552,-0.0329877267224038,-0.00227679558548681,100.318606920407,1026.75166874383,0.0253132579485813,6.54801100877275,0.470102618735633,0.0171267152883029,0.0212582651325045,0.0163471247641924,0.0258795600706463,0.0146412743257911,0.0165455073848457,0.0219145238510523,0.0220856328022809,0.0460803486322613,0.0228982759937679,0.869767555253497,0.988926019896713,0.273847683791646,0.770295636591668,0.783526904881379,0.692791706157244,0.360892710011923,0.082012112611703,0.546510426866172,0.344068923266828,0.611679068308836,0.353920759226029,0.960534899561522,0.474069110839775,0.920796170645506,377,"ENSG00000278305"
-14.3710653361191,-16.4848686883379,0.0186919521899406,-6.26621322411411,0.441248046188624,-0.0107861201702021,-0.020151700829536,0.0213884561905784,-0.0769339384841131,-0.0682839666962632,0.00348568946422785,0.0663194522119328,0.0487333084447356,0.0113736521530729,0.0538899715076542,112.040264441866,1146.72126586208,0.0166812967625833,2.25959852762727,0.174002691951612,0.00649764876307408,0.00760329786900663,0.00605451433456082,0.0093167914637424,0.00599530198879073,0.00566345600079372,0.00741688241533456,0.00770100511398209,0.00985876667434274,0.00923133858642853,0.897937702579249,0.988530282304707,0.262486476441475,0.00555159528584348,0.0112168660076203,0.0969137335162776,0.00803990226001553,0.000411422891187708,1.48683949867795e-16,4.71260165982662e-30,0.538244119122727,3.83268653990483e-19,2.48077617879881e-10,0.248640113663093,5.29199376775516e-09,378,"RXFP2"
-14.273674366128,0.396327169301134,0.022840917178828,-3.82527478618266,0.00706022890677481,0.00780477453828231,-0.00449282838356944,-0.00588240628539959,-0.00468193244341289,0.00197040732001283,-0.0138927321236728,0.00213124592006521,0.0267623796286247,-0.0454811423739509,-0.000293974979941654,0.132602159160662,0.892796154801067,0.0157002583687245,3.89899888515346,0.286031578455575,0.0105933923154608,0.0132102496939485,0.00972997262251874,0.0155784475137848,0.00936101326547353,0.0105189060600555,0.0138039793124866,0.0143830431754276,0.0309711559950415,0.0148135842741431,0,0.657102772476177,0.145721440359137,0.326547606343603,0.980307504173967,0.461269069101363,0.733779941295158,0.545467700147403,0.763765983980619,0.833284618945683,0.186588321244676,0.877299407630945,0.0627880157420502,0.141968458034718,0.984167052441831,379,"ENSG00000287904"
-7.69295840701456,-0.217018694643807,-0.00322602766883378,0.984763418513148,0.000371337975976663,-0.00124188076447551,0.000639826490069759,0.000956972862033527,-0.00011231558052688,-0.000246993912984772,0.000494013447430693,-0.00469313422653793,-0.001462988326271,-0.00292740813335755,0.00295021153285713,0.00968885556733545,0.0488109836029042,0.00100780513896465,0.233867044271421,0.0172505116109041,0.000589721781704129,0.000741555939335847,0.000537655070014399,0.000922984919630577,0.000555901642602619,0.000618312938067989,0.000822179756574744,0.000824958629473075,0.00123039433662259,0.000856269082712659,0,8.7441751518103e-06,0.00136931056559728,2.54486893404487e-05,0.982825903126895,0.035215151773829,0.388238521515461,0.0750921441565042,0.903146639253275,0.656816841418442,0.424307845760994,1.14203526994743e-08,0.0761611056482502,0.0173481964115865,0.000570160616397848,380,"FRY"
-14.360166902477,-0.764387914456774,0.00807549144469998,-4.29352934618396,0.025112194767447,0.0131263712231884,-0.00301890455821986,-0.00729624914175445,0.00670442568483763,0.000316258057997203,-0.0118493857856634,0.010499600864177,0.00427950833357572,-0.0178278580759344,0.0114149443676248,0.135672863875017,0.924383571091942,0.0154586601410319,3.87349930966187,0.280502113153209,0.010269574778436,0.0129199294694535,0.00923667566842659,0.0148854110031579,0.00958272543759967,0.0103762099376432,0.0136273885638997,0.0144640095979086,0.0256172714190916,0.0145410313536994,0,0.408284459754284,0.601396927054383,0.267673200788644,0.928663997530344,0.201185755833006,0.815246910081445,0.429573586347462,0.65242027387545,0.973672247687345,0.253463872979062,0.441016496960471,0.767327154594757,0.486471925936249,0.432444103056419,381,"ENSG00000289617"
-11.9266810829711,-0.370800273490621,-0.00349746989163166,-1.45799831276759,0.0793933149704466,-0.00696494302919029,-0.00228925752739431,-0.00292104639358618,-0.00214526304253246,0.000502748547230621,0.00433508656006578,-0.00508431711064055,-0.00621237471314007,-0.00473032872423501,-0.00799077657857025,0.0458489056975714,0.340269809852771,0.00513344821170157,1.31457493827056,0.0952015464041543,0.00345534038115487,0.00431398930460385,0.00313044396561338,0.00509178804070073,0.00307415702261021,0.00339223908847081,0.00457166960355055,0.00463536326335026,0.00714579948390709,0.00495396478194579,0,0.275834617471597,0.495675321261856,0.267385978913797,0.404309246696778,0.0438309491693951,0.595655058045227,0.35076353520282,0.673522731888687,0.870093049144241,0.201269695155755,0.266079796401831,0.180176063735056,0.507988310126871,0.106743131390539,382,"FRY-AS1"
-16.269453815058,-14.7373374487224,-0.0244794070335118,4.0885383021444,-0.267696158585149,-0.0220132341838893,-0.00927844569935458,-0.00568262841702242,-0.00041913476237494,-0.00222268101716067,-0.0144582772029108,-0.00178109112706987,-0.0376673293734976,0.000171940991345264,0.00323295657119239,96.7763177618588,990.482370114802,0.0443277616821612,6.39467340892944,0.551996680924316,0.0169614148619541,0.0205964367258203,0.0156719983596728,0.025991027987138,0.0168027705401389,0.016601935508418,0.023055945405127,0.0225272452220198,0.0367757227461476,0.0232969944821674,0.866493596256539,0.988128753702157,0.580786344446913,0.522584704970279,0.627704914927674,0.194341682585754,0.652358671002806,0.716905530787242,0.987133765465704,0.894762330371635,0.383820217303717,0.938423998750855,0.0945087825746854,0.996269588948599,0.889630793715021,383,"BRCA2"
-9.07290897061655,-0.000326483033751124,-0.00430810956525938,0.382867072153673,-0.000429346017786853,-0.00137124624493003,-0.00289692146352724,-0.0031860602238675,0.00141251368998457,-0.00208098674518135,-0.0011475353403205,-0.00133538140896481,-0.000788658602456173,-0.00411803783222723,-0.0015582732622782,0.0129553671328542,0.0762536434373863,0.00142863798309739,0.355161180578763,0.0259680263141823,0.000899081088314258,0.00114356444737428,0.000823765881991872,0.00138599905370317,0.000842683582614081,0.000928701733280151,0.00122913373205552,0.0012455081694418,0.00192804733596953,0.00130202422891865,0,0.996583835678268,0.00256525309321794,0.281029585132021,0.986808664323064,0.127218159646455,0.0113014035132366,0.000109877142624067,0.308141090949241,0.0135311156616595,0.216594679478148,0.277283884479654,0.526601562359179,0.0326908839355736,0.231381324852314,384,"N4BP2L1"
-8.0907491691107,-0.0312316834336192,-0.00396679193707087,-0.0817929219086204,0.0636713999534133,2.69095683078768e-05,-0.000419773918921738,-0.00142298534019135,-0.00178925104399338,0.00183786882525907,-0.000755064877401895,-0.000222889818393054,0.000470048776414178,0.00228735536090451,-0.00143322287225326,0.00940568245830094,0.0467378518279559,0.000939307037306507,0.211404563103482,0.015647689589324,0.000544330948520456,0.000680793454516299,0.000495905803180328,0.00083559548603451,0.000502039464665071,0.000551045841048732,0.000729812216782966,0.000749730951841553,0.00108840224024902,0.000783542606979306,0,0.503986123264565,2.40959843424175e-05,0.698828502592203,4.72030342012087e-05,0.960571804913434,0.537501816911657,0.00411164227046253,0.0322507761678863,0.000251423587442471,0.170612095282192,0.760056129832507,0.530687677341204,0.0355908098866027,0.0673760102384349,385,"N4BP2L2"
-11.3117990605418,0.209520735948156,-0.0047383072139169,2.78209667995172,0.0181199820778895,-0.0078089819406241,0.0041912779050104,0.00203140792464941,-0.0025971589344071,0.0010854859798712,-0.00129371048409202,0.000913487050956822,-0.00104157256031669,0.000979880478227047,0.00615859767221849,0.0308227815166185,0.203557963593,0.00336616445847086,0.87565424567778,0.0631442999164513,0.00227814697887174,0.00283741629096983,0.00204552649063176,0.00343072136660961,0.00204804089391519,0.002255641557743,0.00297960474730004,0.00307893370482524,0.00459971578006657,0.00324794540167272,0,0.303342129546011,0.159241263344098,0.0014872318242901,0.774141810951883,0.000608543029204208,0.139636525918255,0.320662280063009,0.44903190024987,0.596103702328602,0.566276175382697,0.75916312275676,0.735144639896596,0.83130305003902,0.0579399684293257,386,"N4BP2L2-IT2"
-8.75275683280793,-0.268208000303937,-0.00467983231328401,1.19947887799071,0.0600053747464238,-0.00472040408904135,0.00258121798240935,0.000125126681830534,-0.000888421826102494,0.00359968067378538,0.00179538904279421,-0.000776978787935704,-0.000967820527289438,-0.000753032066227784,0.00949704279868182,0.0129698617618957,0.0783935686661878,0.00141726863106665,0.349679801291077,0.0256503637001004,0.000897773572779757,0.00112661854740501,0.000807278128393196,0.00135277502691143,0.00082349925290147,0.000917209618403648,0.00121575707613514,0.0012346592564909,0.00182489572621408,0.00128769069330674,0,0.000623222993084688,0.00095995342998138,0.000603090590687914,0.019316930979933,1.45709340231198e-07,0.0219564898100731,0.876822711905289,0.511347941122428,1.23565033401117e-05,0.0502949594289883,0.522764064890623,0.433112508539413,0.679867541906823,1.64035017564511e-13,387,"PDS5B"
-13.3011166443941,-0.59140512069311,0.000176750156078361,1.04573150415777,0.135972649225493,0.00046903309820406,-0.00488655391618236,-0.000483913509747646,0.00519722881843554,0.011226942656066,0.000329601638632199,0.000992880364742915,-0.00191836151963427,0.00402160535020447,-0.00489010269195995,0.0856848133109298,0.590569426532138,0.00938192942188727,2.47210358144583,0.1754739007761,0.00630355105639223,0.00790897122224308,0.00563382505847037,0.00955559917477476,0.00569592545824156,0.00646202383988195,0.00862106077949867,0.00879989679352377,0.0127100836689502,0.00919971253398974,0,0.316626183751533,0.984969202762707,0.672285908516761,0.438405745223613,0.940685936348102,0.536674550260347,0.931550435647985,0.586514723351603,0.0487183822586124,0.959320782543483,0.908311039390688,0.827430526425702,0.751690863333208,0.595038041859531,388,"ENSG00000277151"
-14.2316423266103,0.690587631142479,0.0186624446389199,5.88551634044249,0.267457832732681,-0.00983997925531021,0.0151133930972415,0.0347941038100551,-0.00118675932419093,-0.00717803816658216,0.0208474539463782,-0.0220424013115889,-0.00139617339044075,-0.0355362625501689,0.024847066321629,0.139621858406269,0.765287730310936,0.0133526886669638,3.60736835603401,0.238154264418743,0.00928639062947747,0.011829131428759,0.0083761286284395,0.0136695952620689,0.00860762454757987,0.0096862945366971,0.0132920912995529,0.0126318046771942,0.0253681153881544,0.013668201207719,0,0.366849983788769,0.162216860995573,0.102779315419295,0.261418602729155,0.289320744904988,0.201375745212714,3.2677023101472e-05,0.930816621494919,0.404328167552077,0.0313766412665823,0.0972550119780784,0.91199031344252,0.1612667372617,0.0690834073473149,389,"LINC00423"
-10.5872677978644,0.060264680169659,0.0127480642384685,1.33490789997064,0.00590792630180854,-0.00790211499842863,0.00710337617881774,0.00708567023828757,0.00921437026655217,0.0100205756410277,0.00877410645535129,-0.0119606937757366,-0.0121756989619703,-0.00616867030298522,0.0172750853812581,0.0258800311838815,0.155887463948714,0.00289366172931415,0.748650002299784,0.0538572496489258,0.0019009233528803,0.00243700963277862,0.00168941053366634,0.00285333643354012,0.00177474577902797,0.00200206057063994,0.0026896852538646,0.00266745659748495,0.0042359011835802,0.00280376308217635,0,0.699059071275669,1.05533843900492e-05,0.0745721828674695,0.91265045154118,3.22471343745599e-05,0.00355925673656945,2.73875925868802e-05,0.00124079817352699,1.64029774953941e-08,1.17304717122025e-05,8.71285537720376e-06,5.00602716570159e-06,0.14531444089858,7.21079245019096e-10,390,"KL"
-9.22528051743928,-0.100037841141738,-0.000275426825754799,0.586441178505931,0.0183759984388939,-0.000303081293077169,0.00167812283707042,0.0004563081637632,0.000878719043105426,0.00135937049498605,-0.0145817115498316,-0.00154745250150729,0.00895472867633229,-0.00097869285085191,0.0100088816217838,0.0177462657907971,0.1147222447057,0.00212792969964416,0.540904629675619,0.0394371046995073,0.00136406732636147,0.0017268032426165,0.00124399593436035,0.00211306983377504,0.00130981181316749,0.00136471312743473,0.00178330486820549,0.00188864754993477,0.00277245655182285,0.00197299577498751,0,0.383208169467192,0.897014107141575,0.27828237735678,0.641246217286577,0.824166449880748,0.331145605104437,0.713761938170848,0.677520131498866,0.299346185245826,1.19883813689632e-26,0.385534369303609,2.12304572577239e-06,0.724084198389596,3.91723933992739e-07,391,"STARD13"
-13.3217777718466,-0.144630441200861,-0.0215696215079938,3.48679656587992,0.537495582500953,-0.0131735628315486,0.0088138942288202,0.0144341110395352,-0.00303031276579827,0.0066789950343409,-0.00563863133955502,-0.00648896026070811,0.00950334601705189,0.019383935257489,0.0157884330863918,0.103543875927726,0.815057765682674,0.00937413889850761,2.3657246459593,0.164529815179322,0.00658676480293743,0.00759310212480749,0.00574552399647991,0.00944842504930224,0.00556807441460813,0.00598373968018596,0.00779763614761888,0.00815464856801936,0.0101052335614302,0.00908920149511099,0,0.859156438720772,0.0213932718192676,0.140513638935989,0.00108748120348093,0.045499719204922,0.245732817095571,0.0119968899841169,0.748421475839166,0.230327319340617,0.346025943566726,0.405312894341135,0.243861157210376,0.0550846999702491,0.0823776538853708,392,"STARD13-AS"
-12.1392406980202,0.133422323256222,-0.0270708926184323,0.347810591926056,-0.246954247458121,-0.00302881819089179,-0.00977174798428398,0.00302750952467247,0.00715862923775132,-0.00710060646904871,0.0126390388949072,-0.00878352605369334,0.0290014176267981,0.00741788048269468,0.0310328538050039,0.0646420969694442,0.421725845907069,0.00703663220572535,1.76508987228615,0.136039586035452,0.00447481198220231,0.00550123223041428,0.00416296161705439,0.00724427963385938,0.00421939927750772,0.00460441145147661,0.00627593124228593,0.00647316998939314,0.00886774878768268,0.00653263407267572,0,0.751720034040025,0.000119505839009424,0.843788573300549,0.0694760273346288,0.498495217336848,0.0756862030970963,0.467073455929014,0.323066056682138,0.0924045737116376,0.00605137225600881,0.161645896298359,7.45557803493223e-06,0.402873130010086,2.02979492580904e-06,393,"ENSG00000230490"
-10.220170540986,0.0281915057616943,0.000692796345420421,-1.73068330551407,0.0860343349319168,0.00547800413482703,-0.0127035625006588,0.00189963273753971,-0.00991506402648827,0.00538137692395267,0.00212000500964743,-0.000794541892509572,0.0123592951461818,0.0059337748721106,-0.00662957523409425,0.0290194904456956,0.191741115156222,0.00362440377898056,0.935841203469301,0.0693126088253233,0.00234225091766232,0.00300158115433585,0.00217175683602689,0.00370384279871567,0.00225255245394544,0.00245192698820413,0.00317474464148118,0.00328651973626063,0.00459889691914118,0.00340538189101675,0,0.883109124850956,0.848409899141361,0.0644095452878652,0.214513093630808,0.019346943167275,2.31323664146144e-05,0.381737903656085,0.00742920068355603,0.0168937080788182,0.387242936117956,0.802378907817695,0.000169504433776217,0.196960239070842,0.0515594999494042,394,"RFC3"
-13.4478648875286,1.05669038782301,-0.0161023505834029,0.503026759680799,0.0792726765814942,-0.0095991439275595,-0.00690662461600497,0.00924598192374603,-0.0131085552269889,-0.00205484346555235,0.00568673978847347,-0.00551030680162702,0.00392994784481089,0.0135399105934007,0.0114574728243493,0.0874157926570032,0.540910460883033,0.00978954805965674,2.52681621064387,0.182130935735786,0.00657908728807158,0.00828071066797631,0.00596778733514373,0.0100809553915615,0.0060106393331556,0.00665197665665904,0.00887300771584923,0.00889858055060532,0.0115103186564117,0.00941789159826999,0,0.0507556060076403,0.100000485650833,0.842203822286891,0.663380228954413,0.144554416107193,0.404246148161349,0.121306036225393,0.193488348851661,0.732450455664158,0.392609428318533,0.534587090658922,0.65875146380844,0.239463814704666,0.223769946717337,395,"ENSG00000276672"
-12.8394539925685,0.0686611201533814,-0.00475460307727322,-3.85032938985929,-0.0469023207450264,0.00749929168121977,-0.041357427517025,-0.00033709411275369,-0.00944420007235945,0.00637741571929739,-0.0121454172228638,0.021882173873466,0.0253743205474117,-0.00223721531088367,-0.0167687870671477,0.0925997479455248,0.601688453997287,0.0113077605325956,2.90364339916406,0.218278533037051,0.00710850639971643,0.00965391545499627,0.00692572099152845,0.0114708332303356,0.00699059410179707,0.00755769899567693,0.0102268996382507,0.0104312413970528,0.0137484544978573,0.0109864986062253,0,0.909147366471145,0.674140267144993,0.184828490572363,0.829865773451854,0.291437071228097,1.83558319263951e-05,0.961180066430709,0.410324375027436,0.361618589591318,0.108048710098529,0.0323815754336027,0.0149936981166417,0.870735073712396,0.126933033317288,396,"LINC02343"
-13.1330776391267,0.214192200787383,-0.0454177930916894,7.16959090669294,0.301201253429635,-0.00608023829138287,0.0165769978796678,0.026277965352954,0.00541170862521083,-0.0283434200390676,-0.000509876214366654,-0.019985284850511,0.0156382271445872,0.000498065484455926,0.00702167703678025,0.111586996539248,0.771415056387597,0.0110937656470589,2.98719908929083,0.22201432158246,0.0075162849912848,0.00925973161665028,0.00729860437931306,0.012226355328772,0.00736563103354554,0.00771737196858588,0.00988474880402819,0.00996355283594292,0.0146991120675124,0.0114802544358618,0,0.781272277987684,4.2400807511688e-05,0.0163903780372928,0.174884537068587,0.418548533489073,0.0734178370710391,0.000317716266423549,0.658035928051189,0.000119054926718545,0.947323183710223,0.0431938841584912,0.116521408961871,0.972969610177031,0.540782065081036,397,"LINC00457"
-14.4807208988387,-1.76071697138828,0.0295714571469033,-7.83147785392681,0.309882576797565,0.0254034169843482,-0.0140814608854494,-0.00157492928763478,-0.0206954514769402,-0.00987275044942868,0.0154832161803065,-0.0111484835974632,0.0229770143308943,-0.00184893120575338,-0.019984715352602,0.172402847176941,1.33369254498617,0.0183306344311343,4.82917368556731,0.319726745919276,0.0127578706798517,0.0153387936745841,0.0111589435798683,0.0183664986894347,0.0111763849752053,0.0128366571567633,0.0170643233158914,0.0171422874119385,0.0256849642582615,0.0183536422152357,0,0.186774240189538,0.106695403864209,0.104867293269453,0.33244008352832,0.0464593786178913,0.358603565240558,0.8877624600408,0.259825191150791,0.377042809441407,0.227751185413408,0.513549250137132,0.180124959795842,0.942613874468466,0.276211578934101,398,"ENSG00000271901"
-13.1162472310815,-0.785999143879568,0.002778847444634,1.88277523625257,-0.128403022936331,0.00588931584296619,-0.00214602813246077,-0.00467866990756712,0.0136524037162038,-0.000583679140277345,-0.00380847841981847,0.000453977115941176,0.00416694909446788,0.000494229399073196,-0.0056195566412983,0.0750929553969393,0.507493150612584,0.00796712173129736,2.12425031872415,0.156355814382862,0.00531568308085454,0.006758736781596,0.00482587686650936,0.00824909368465075,0.00500186582852488,0.00551881355242125,0.00736430981821711,0.00751361493469744,0.0113344305010786,0.00770804161378785,0,0.121432765971112,0.727247437290473,0.375442656357971,0.411519141404992,0.267899272549105,0.750849736387067,0.332297610804466,0.0979207192361432,0.907103906167418,0.490137548630753,0.950845082038777,0.579177553695247,0.965219859839894,0.465970371508243,399,"ENSG00000261728"
-6.81030782931347,-0.0136827671536428,-0.00101145701360071,0.746367146829363,0.0582914896472719,-0.000325017278188127,0.000813333607717599,0.00189164342869144,-0.000754715605787316,-0.0038475759731085,0.00174729942906122,-0.00640942950300219,-0.000192674053918962,-0.00243193121776556,0.00190426560506342,0.00891444234346186,0.0408612886786357,0.000909343810756517,0.203652689676876,0.015127692557615,0.000510604232213595,0.000641766519638866,0.000473677591363637,0.000814660725188825,0.000491731643739416,0.000540642460573783,0.000717028365646228,0.000715913320364178,0.00106097619494713,0.000757852174194483,0,0.737731508998547,0.266012070521175,0.00024743332356611,0.000116537972726477,0.524428014304124,0.205035288196893,6.50981385732169e-05,0.354229274049009,5.09499565947367e-15,0.00122972421386503,3.93139504050982e-19,0.787829320549699,0.0218961934723771,0.0119806490372764,400,"NBEA"
-7.70833588924555,0.221011268117064,0.00115505385830637,1.2117974622381,0.0240824723797809,-0.000404787367148647,0.00458456415576577,-0.00159003042459215,0.00161742428006325,0.0089666879144456,0.00757801693635815,-0.00556767963139659,0.00676760487837416,0.00057595181730077,0.00872523626340145,0.0346348043115501,0.0534300657697873,0.00258121554393136,0.267021936817764,0.0208100879037304,0.00066996916829647,0.000841684382083105,0.000612791445284323,0.00107991767951863,0.000634054935804754,0.000685786558469171,0.000909357907936828,0.000935150335455438,0.00138939539654257,0.000994375830236414,0,3.52706578573247e-05,0.65452530161475,5.67379404342704e-06,0.247170271301728,0.545718623139007,5.1257486042703e-08,0.00946643180908074,0.134203612964001,2.09801122397083e-45,2.18946339768301e-28,9.20320654831789e-10,4.59000591185354e-13,0.678482974274994,1.71533705956847e-18,401,"DCLK1"
-12.1183582118189,-0.164179355876959,-0.0477104360253662,1.13786941585228,-0.13174196425336,-0.0016217711524001,-0.00449447223835257,-0.00340897776214791,0.000343019066368437,0.00838326252282534,0.00908408254835318,-0.00441925229132824,0.0100036448438357,-0.0130017679734177,-0.000248926244544447,0.0543186759445711,0.367053094394084,0.0056774558928105,1.47051646535075,0.115294543298392,0.00369490307430094,0.00455515334808143,0.0033881212606066,0.0059374977938651,0.00343645120403168,0.00374470367634011,0.0050930033316837,0.00509375394649346,0.00845096552094555,0.0053916197767176,0,0.654665337598305,4.33406804525932e-17,0.439055598375978,0.253181579738015,0.660718662093074,0.323800233940588,0.314340643771595,0.953930517528916,0.0147071311029259,0.0152726583836108,0.385552855220879,0.0495412010092917,0.123927636651638,0.963175469068083,402,"SOHLH2"
-11.5583548134024,-0.238341908954567,-0.0158858228467268,-1.61357024495877,-0.0405762439969834,-0.00340717664516003,-0.00676022101777817,0.00138428282123736,-0.00424284776810267,0.00634455913052356,0.00686388508280834,-0.0113234062070682,0.0106265217414058,-0.0162088698792625,0.00583648976768382,0.0419281454347213,0.305096073452794,0.00455130088804945,1.19397694650591,0.0877478173808195,0.00305333563410961,0.00383266834662466,0.00275261396416711,0.0046750467545848,0.00274424600226397,0.00306883307190875,0.00420403347619298,0.00418790312317951,0.00698459349954118,0.00441070130071758,0,0.434683223110583,0.000482313053725552,0.17655934333001,0.643780990772844,0.264470632676074,0.077758600959699,0.615036303095122,0.364114994060745,0.0207804471870306,0.0253096592552209,0.00707141153942645,0.0111668881385275,0.020305176974991,0.185750047074111,403,"CCDC169"
-8.95067911671202,-0.200047131983187,-0.00788955025686115,-0.134437773463538,0.0417830311103872,-0.00576932135725901,0.00269677286111111,-0.000922314957914394,-0.000428224420707557,-0.00407992047397468,0.000469562485744058,-8.05126778430102e-05,0.000774593455149968,0.000202578212096917,0.00676316016082539,0.0640172892662544,0.0780858965201869,0.00466000347103272,0.323856290389463,0.0245898684586681,0.000842941931674497,0.00104314756723302,0.000753163193253425,0.00130696048586094,0.000761284012342353,0.000817524136761192,0.00109033134423912,0.00113246652581085,0.00165190228048862,0.00121108684142309,0,0.0104105611083327,0.0904487530301973,0.678057336088435,0.0892820684344794,7.68673464744361e-12,0.00973150110307622,0.220730316596916,0.743176996520505,8.35625998695394e-08,0.565716499919419,0.941135792725177,0.493982776203052,0.90239749146621,2.34545390427127e-08,404,"SPART"
-12.8576474557684,-0.673428691412285,0.00833113358083564,-3.96917124364214,0.0398479055294587,0.00256030946670147,-0.0020939601506014,-0.00140788037832779,-0.0227380751112442,0.00372602273285502,0.00286311882475888,-0.000299498203657819,0.0135385270240594,-0.00897120358189825,-0.000913528135980833,0.0801353238750419,0.63214896378978,0.00859357858583632,2.14705081833753,0.159592604247073,0.00581764945893203,0.00717496888954268,0.00531003350138266,0.00864245052419225,0.00503331079321199,0.00564897659274005,0.0074079961783613,0.00781639306515088,0.0123548139412225,0.00845305114624107,0,0.286739906341144,0.332315561057941,0.0645066351057842,0.802830832469007,0.659869420047721,0.770407124124096,0.790904791765657,0.00851401873526643,0.459134522982188,0.612268139975933,0.967751075386275,0.0832613939422618,0.467758953692271,0.913939517912759,405,"SPART-AS1"
-11.8874147850316,-0.180280208258909,-0.00173425771168994,-1.3351035388254,0.0523097984689132,-0.008743288395438,0.00497313327481405,0.00453916770814766,-0.00882306744701262,-0.00275588656998836,0.00036381769178178,-0.0036837587711371,-0.000182255453142361,-6.49441115677529e-05,0.00855023898744265,0.0966064129682648,0.337554512848731,0.00770869647759273,1.18957371043519,0.0870062216928369,0.00318016225880757,0.00391771082797104,0.00280410284182516,0.00478803834708759,0.00276014207260451,0.00303618411005033,0.00401875382163592,0.00416461024260003,0.00612949258253802,0.00452220775854299,0,0.593288043134584,0.82199935645565,0.261718840793673,0.547694093874264,0.00597187838959479,0.204299241490436,0.105499050414076,0.0653682724553382,0.318057209162498,0.904619969160112,0.359330238044717,0.965093394206202,0.991546292987823,0.0586614259945069,406,"CCNA1"
-9.96833439395185,-0.307868933207933,-0.00224611910052387,-2.41599737395932,0.0336648326545047,-0.00251046399754241,-0.00473634818855008,0.00188259815743017,-0.0032765322486849,-0.00379127761004583,0.00148620410059383,-0.00373974193292211,0.00283824087092407,0.000550850449087808,0.00299763590512842,0.0185286737942604,0.129161189094588,0.00198755536925822,0.49249471856294,0.0359555116325945,0.00129652112285113,0.00162740998634651,0.00116817067127155,0.0019152477730511,0.00116361796810258,0.00128460352340142,0.00170985827531668,0.001747992598258,0.00256443267697514,0.00184698294184985,0,0.0171441093849966,0.258437740559126,9.31274452581499e-07,0.349123227367932,0.0528300107969234,0.00361013187836385,0.107053800605695,0.0871251402269705,0.00112128980434617,0.247298496881857,0.0287304912486707,0.104436761865275,0.829920118230745,0.104591419857285,407,"RFXAP"
-11.2864210469456,-0.843496808955088,-0.00542174035060374,-0.798954388261226,-0.0164523332463397,-0.00925988012722848,0.000199566275127713,-0.00348825185504451,-0.00453356244563021,-0.00708346734700011,0.00641461602805866,-0.0219511614840368,-0.00749704542779953,-0.00429971983038259,-0.001546946837099,0.134405731669307,0.292239543465772,0.0101562751061744,1.11541209657628,0.0849781975641899,0.00288365903817938,0.00353742191110069,0.0025455329300156,0.00455602229668251,0.00260405224393798,0.00293526306309764,0.00390385757815128,0.00391609153867222,0.00589514732620511,0.00426076801501499,0,0.00389775759600651,0.593458065106821,0.473814592918857,0.846483991280437,0.00132201970054806,0.955010618145772,0.170580024894623,0.319702077340963,0.0065248168568732,0.0288622231666725,1.87733352594722e-08,0.0555664643443784,0.465777829985434,0.716554383569893,408,"SMAD9"
-10.3336299846006,-0.128344464181134,-0.0063689286375783,0.851777959331189,0.0420578124590878,-0.00579418677411401,-0.000101840100572153,0.00324732049563699,-0.00341583033217091,-0.00169738839729532,-0.00200515856134541,0.00228219458680456,0.00122490980127968,-0.00205708700410928,0.00234920422756031,0.0217806275370064,0.15321936972393,0.00238559855550041,0.601818473093901,0.0439745290309749,0.00157698200305738,0.00196514022915004,0.00142351654656931,0.00235613773760469,0.00140970659778665,0.00153408828488758,0.00202488020636242,0.00211202692741022,0.003179574067259,0.00223558813601117,0,0.402226352428353,0.00759099306606301,0.156968734184451,0.338863605345337,0.000238572392207777,0.958669469937077,0.0225368412285706,0.147125920976523,0.228561708674544,0.19118942880574,0.259710202709143,0.561935632911952,0.51765177299554,0.293340548650047,409,"ALG5"
-11.6850668646084,-1.16895718698779,0.0126699752714617,-3.80299598959358,-0.247692840970438,-0.00322363907459161,0.00732221877128161,0.00517162731960653,-0.0161246873618745,0.00105566208347908,0.00167309589723118,-0.00709390168592979,0.00348723256593528,0.00551288444343671,0.000539803438582867,0.0506266464115327,0.446715996800605,0.00422824763132217,1.05666540640452,0.079944865698529,0.00290070407742916,0.00356369582997596,0.00257227471408641,0.00414987969500623,0.00243561733373609,0.00271517704158537,0.00356562807520296,0.00373048824828056,0.00518178390147712,0.00406368413441524,0,0.0088763704594968,0.00273091619268809,0.000319376718782235,0.00194637056499105,0.266426388305026,0.0399108932521546,0.0443754597955903,0.000102086088799493,0.664704657700968,0.537761603841015,0.046643424671095,0.349895227498023,0.287375353816829,0.894323103597892,410,"EXOSC8"
-10.1841721363305,-0.466545070417947,-0.000388733105360116,0.919082171204685,0.0712429974607682,-0.0037787409111286,0.0100060027310973,0.000733409064905259,-0.000720136915049678,-0.000809638554921691,0.00487851394211999,-0.00643522128551231,-0.000830601267514355,-0.0021764101559237,0.00639588030860976,0.0206141012288491,0.141961113261988,0.00220464827969408,0.568305291834292,0.0409769244639225,0.00148025274174716,0.001838030989565,0.00131895243751982,0.00219183991820216,0.00133170151890504,0.00147515907891784,0.00196091826382758,0.00199161405833598,0.00301705173213207,0.00211032341297321,0,0.00101466473916535,0.860039157963743,0.10582795788228,0.0821029275107455,0.010687084633207,5.21351208044314e-08,0.578173791738376,0.742493117746871,0.543205387724028,0.000942637314978962,0.00103169174100357,0.676642341104296,0.470681991419812,0.00243940393899889,411,"SUPT20H"
-10.9715078529039,-1.23326998466186,-0.0096144067507634,2.03547597274827,0.211174618659539,-0.0232278527932304,0.00716891904829682,-0.00471877455768587,0.00777642129278764,-0.00474490228584326,0.0153584490114822,-0.0470554824080537,-0.00649958100376555,-0.00346124805907867,0.0112594566208979,0.0418748153510076,0.336298063195019,0.00387527306849915,0.987226149754115,0.0710507345667351,0.00259769684026913,0.00316070998463289,0.00230205655398726,0.00382058841912116,0.00240141004282269,0.00272590525956652,0.00366096350182255,0.00341371516946497,0.00520745102440572,0.00369369237379448,0,0.00024522747052948,0.0131028195809879,0.0392255175141702,0.0029570619814827,3.83192777450251e-19,0.0233209390780158,0.0403831444747996,0.0418107564831356,0.048168171251081,1.75815335833544e-08,8.24119758358603e-38,0.0569152462165634,0.506260162568584,0.00230145407218874,412,"TRPC4"
-14.6560939508508,1.06457305795032,-0.0481729241604569,-5.7360841499289,0.429221254596931,-0.01067285432823,-0.0143112445497404,0.003729712268017,-0.0173958156148178,-0.00152139849163634,0.0152577206229304,-0.0244506477432848,-0.00598371062060645,-0.00592960939641099,-0.00432267037908076,0.159257681474792,1.02895650389018,0.0181373125880517,4.44802641777975,0.323585821169025,0.0119127130606343,0.0147572117239165,0.0110287510470368,0.0180175846341217,0.011262493715177,0.0123327768437318,0.0165293145372044,0.0160150956979922,0.0244478579515111,0.0171683720675249,0,0.300849098040194,0.00790707453245782,0.197196660787689,0.184689824925016,0.370294754358469,0.332156307100965,0.735226915340018,0.334298946997154,0.89254435185497,0.216024605690254,0.139079019010386,0.708680056402189,0.808360944682114,0.80121032197705,413,"LINC02334"
-10.8268307184222,-0.412806574206206,-0.0144412530812005,-2.33950196116696,0.175567619015572,0.00354587286816321,-0.00783574747409809,-0.00585811769199863,0.00556028204769242,-0.00183351551578204,-0.000895804661154228,-0.00391752757132655,0.00927022520422628,-0.00123697675063868,0.00538229847966574,0.0341046542331264,0.232007245142367,0.0040245282921278,1.04224253823193,0.0772889499221012,0.0026492251024775,0.00336370270341051,0.00249038166499371,0.00405327041251483,0.00255042297680938,0.00281459211633096,0.00366616482228875,0.00373331865324864,0.00544012786850558,0.00389576133466911,0,0.0751933575250072,0.000332829056593289,0.0247886224469158,0.0231122137220899,0.18074763338881,0.0198325611231294,0.0186578632849922,0.170125269703868,0.472198565063412,0.750278945254005,0.285266690943909,0.0130242397815275,0.820128202692566,0.167101287126149,414,"LINC00571"
-10.5919142443194,-0.57362336191042,-0.00250289676691675,-2.24402453795868,-0.0428860985186223,-0.00489649446176915,0.00317098445153301,0.00167785472311384,-0.00211568614095029,0.000757354939418283,0.00157718200389072,-0.00291686675812969,0.00543516674609654,-0.0104342434511417,0.0088836800835493,0.0257042585799598,0.198542193919719,0.00253178934913634,0.637612609787205,0.0470838975133113,0.00170498278336413,0.0021029760834954,0.00151153925541662,0.00244791478671818,0.00147365595744427,0.00161941237704789,0.00215612723891337,0.00223415599418226,0.00361842289793633,0.00239736106990559,0,0.00386252696039536,0.322864721500709,0.000432496645974734,0.362377430122045,0.00408046582575613,0.131591465557514,0.266985870175122,0.387433567177077,0.607301438216053,0.330095066101656,0.176110962161777,0.0149842031393157,0.00393102883027039,0.00021088434073475,415,"UFM1"
-17.6239227546987,-12.0906711438498,-0.0386704021328471,15.0737197644508,0.243473072720461,-0.0506054632613324,0.013447942932204,0.0210139548982574,0.0136836656396628,0.082509052957465,-0.0328858445240947,-0.0403709909940997,-0.00772590420841908,0.0471080858796225,-0.0469955547168844,124.965880258575,1279.01211748885,0.0267756532040148,7.07923160518379,0.565696306666211,0.0204565482407746,0.0229678102657962,0.0170202578617433,0.0282342012017928,0.0158280695557424,0.0171134422556548,0.0210484752223741,0.0224942001569332,0.0234561307060011,0.0258084369265077,0.887846339580939,0.992457603780845,0.148672183038649,0.0332304767038098,0.666908060816983,0.0133683520163833,0.55820307853783,0.216963121020698,0.627925644111012,1.85980232390246e-07,0.054651297308809,0.0551109176683951,0.73125088236132,0.0446062670743188,0.0686163338473112,416,"FREM2"
-10.8719558933699,-0.631645986533813,0.00489930817070941,-1.40017641380841,-0.0717148517313264,0.000829287805526993,0.00366299675304086,0.00343912793637542,-0.00177213190717978,-0.00276175775294004,-0.00137663459860419,-0.00202379741546513,0.00449516469181988,-0.00437313421274636,0.011595675041657,0.0282726289354055,0.209121550007133,0.00296917755341934,0.760906264488519,0.0556763787426262,0.00199404547533116,0.00250127872357796,0.00178402296811371,0.00294363340711676,0.00179121134128003,0.00198103520107405,0.00262356031488323,0.002680484173747,0.00421587532494575,0.00284463219052315,0,0.00252380244639698,0.0989315563747055,0.0657472307720538,0.197722981571165,0.677496283626711,0.143071130475033,0.053887787984281,0.547159530271865,0.123112959765475,0.487113784848083,0.44047371726614,0.0935430120306779,0.299595321153447,4.57510046018666e-05,417,"PROSER1"
-10.3194682748824,-0.27180034693657,-0.00204844346959397,-1.81145941514001,0.0302390487813118,-0.00303171724803384,0.00449267938801482,0.00459548353337648,-0.0109015801275704,0.000643916534001043,0.00679802546619739,-0.0111780259442185,0.00225785214551152,0.00330126048576961,0.0028452357275039,0.0215843466020537,0.156034840522734,0.00229155666868474,0.578740204752873,0.0425714010740006,0.001534120748656,0.00190873703390124,0.00137485679067702,0.00227428068647101,0.00135761002749798,0.00152313038445898,0.00201936785317632,0.00205318089910878,0.00292174144677304,0.00218539525511895,0,0.0815222895250525,0.371370502731291,0.00174803656232118,0.477509635193804,0.0481330284319518,0.0185853783443752,0.000830219785937259,1.63962722948533e-06,0.635284889701999,8.07471121119105e-06,3.10503832996226e-08,0.271469411971972,0.2585205527419,0.192939677217876,418,"NHLRC3"
-12.7935390761935,-0.543503592183677,0.0078098576026591,-0.86382605570032,-0.631480055488968,0.00523530725567984,-0.0153216171057265,-0.00126475436484328,-0.00599491915641059,0.00651844380423004,-0.00339469769251224,-0.000907006844630349,0.0264738255248922,-0.0181754027246196,0.0130012825521448,0.0720528108310035,0.497568638507255,0.00713320589691222,1.91330381022319,0.15104527108022,0.00468624570661656,0.00618805496837117,0.00427438694280521,0.0076070400913338,0.00437116452778908,0.00496860736054955,0.00676772492376982,0.00672387341579985,0.0123458137282774,0.00690938222721707,0,0.274692987360883,0.273578233780788,0.651640754812749,2.90569997438938e-05,0.263924004133777,0.0132863998928657,0.767313013926057,0.430652757751539,0.135899190976411,0.494462016406215,0.893387185822971,8.24077109479738e-05,0.140969156949862,0.0598787650024841,419,"ENSG00000273507"
-16.9031637299478,-15.7681712702716,-0.0305890969099442,3.304938735125,1.45696224986895,0.0211888310244243,0.0217869017079569,-0.0148176662174027,0.0277049391370893,0.010219990067595,0.00816035188480904,0.000406590600450754,0.0616279284288507,-0.0324041275589011,0.0518041596787121,85.1739626705872,871.744060905479,0.0220681639028853,6.44997200481214,0.456099658996185,0.0168597894559446,0.0201169974906119,0.0148189450800405,0.0267686490395547,0.0160294042876021,0.0184797430452444,0.0255958451072967,0.0239435207012863,0.0466289277177017,0.0237607659988631,0.842689411039176,0.985568591794279,0.165710630042585,0.608374011420849,0.00140124482260198,0.208837932708309,0.278804155289983,0.317352273409634,0.300679599175222,0.52374864222365,0.658790537098573,0.987326118030206,0.0100562968539672,0.487095315880324,0.029239715865184,420,"LHFPL6"
-8.97149613052724,-0.0827847901900413,-0.0105055314243569,0.542307963576263,0.0414395900794172,0.000212743497932933,0.00174883646691021,0.00266102657354825,-0.00283812864997298,-0.00280460313478437,-0.000448829213310483,-0.00134477260728587,0.000838734468721659,-0.00256573955659311,0.00187095936616273,0.0125773197101856,0.0749109993792443,0.00136937960847677,0.334128907495185,0.0245561711369484,0.000857516508553802,0.00107224101095522,0.000781394050181256,0.00131687624940084,0.000795159670495668,0.000867390787830213,0.00114925439535381,0.00117715185682681,0.00177197079008218,0.00123230449882577,0,0.269112531447991,1.69671762928748e-14,0.104578691055196,0.0914990251522009,0.804062763019249,0.102888080454838,0.000660463765867603,0.031146367656708,0.000420147109376383,0.604843793644159,0.24195021121514,0.4761479699788,0.147628753650308,0.128948716297615,421,"COG6"
-8.5905482019161,0.251778854534917,-0.00746456152982876,0.430764092043942,0.0555840345760727,-0.00515893004808324,-0.00751138177843053,0.00593021683021677,-0.00806792312231526,-0.00598387646180346,0.00733153019113223,0.00194209940317667,-0.0148128882336451,0.000422705453449365,-0.0132398926708902,0.0170939592617341,0.107017446794115,0.00213642349956368,0.537784543419695,0.0396290114909289,0.00135549997569701,0.00169853411215807,0.00125617406488474,0.00217247819141988,0.00132890477614231,0.00140998673442166,0.00186328888674256,0.00190883646719613,0.00265617484108831,0.00202688435431773,0,0.0186381756119675,0.000475926270165667,0.423133074605634,0.16073326780223,0.000141275696249041,9.76678776325412e-06,2.34854205770796e-06,0.000204254302409788,6.70440304015805e-06,1.99593556349586e-07,0.297274254948321,8.48181599172061e-15,0.873558043622583,6.48364390256413e-11,422,"LINC00598"
-15.3782738957365,1.98234281127284,-0.0871203115868459,6.83075417878308,0.492274632083107,-0.0431984317706479,0.00851121954497213,0.0385479611434402,-0.00663684977557122,-0.00990043127133096,0.0131506333223161,-0.0125018940435031,-0.0530704634582075,0.0397901037862538,-0.000674926210604185,0.237050140616681,1.36821097245786,0.0244764794126703,6.04313820226925,0.429957722794748,0.0163122367753192,0.0194180045251683,0.0148769666249553,0.0238155913321337,0.0142363899553102,0.0150354920959408,0.0197917951168717,0.0202566368360372,0.0166633640133261,0.0229412591539486,0,0.147377365248926,0.000371776426732651,0.258336237835777,0.252235133398184,0.00809162598585596,0.661157323308081,0.00956649608518912,0.780492965270819,0.486785046546172,0.381770159489917,0.527602177797249,0.00879542736028471,0.0169459012271018,0.976529817866851,423,"LINC00332"
-8.34504557418556,-0.124056201439382,0.0055727137776537,1.32910237392601,-0.000455364201075465,-0.00142778430550363,-0.00172635525093935,-0.00113574044809164,-0.000905132332236241,-0.00325364591069107,0.00135466268747469,0.0052075171642223,-0.00328594524604662,0.00271444291861155,-0.00177998307722711,0.012160929956276,0.0692651772719584,0.00137531945684192,0.333764143499648,0.0248021715587882,0.000845112808682668,0.00107822229253635,0.000776568583844832,0.00133080743637491,0.000811430732740065,0.000877955301636174,0.00115906958816698,0.0011842041737641,0.00171949290827966,0.00124487058172221,0,0.0732880384928048,5.07943995027804e-05,6.82916479964165e-05,0.985351780438733,0.0911313066580816,0.109351991671342,0.14360110812871,0.496417264209431,6.0779410618717e-05,0.122836950704688,7.0278745279855e-06,0.00552334406680371,0.114420972187953,0.15275895065102,424,"FOXO1"
-10.0292054671226,0.0789421536523224,-0.0136862332054347,-0.854225010927738,0.0410585204202768,-0.003344808958661,0.00127929874250775,0.00353154086669498,-0.00735938502335798,0.00302333694439577,0.00145596735309946,-0.00363071338335998,0.00280202215177739,-0.00370483043960666,0.0061511615118141,0.0762091546600184,0.120768103424484,0.00565797642704448,0.510649321274998,0.0385867952946339,0.00133000934998038,0.00163516565723223,0.00117966436961851,0.00208314754988355,0.00120077142226355,0.00130626461315471,0.00174127127254091,0.001789229961616,0.00275009756071079,0.00189941873181663,0,0.513326209354605,0.015566354242955,0.0943624998982565,0.287303221742039,0.0119074163260544,0.433999247787241,0.00275632389285524,0.00041115253180042,0.0118080679149661,0.265020289979294,0.0370608156724158,0.117337099214547,0.177927652615013,0.00120183542170694,425,"MRPS31"
-12.8920467437563,-0.328479083854811,0.00737334495386092,-1.79805941466614,-0.0129405930997693,-0.00231126590691124,0.0146062062112806,0.00830042679932416,-0.0211095610063057,-0.000817555640234598,0.000500822869961338,-0.00774357862080911,0.00330501390740589,0.00059202678446331,0.0163909594641389,0.0764043322098637,0.603297390872008,0.00788766571796132,2.02362010530496,0.147774076537974,0.00543988764373141,0.00679659588055354,0.00486637519771266,0.00803353664002726,0.00487926143109873,0.00539012780963033,0.0070119303323126,0.0072566569153823,0.0107886927790642,0.00776760195850866,0,0.586116087701284,0.349894317634497,0.37425247320197,0.93021835447641,0.670928651885161,0.0316306484941645,0.0880696678039123,0.00859694255879625,0.866931603103948,0.925971215110262,0.269444225572653,0.648788552649543,0.956238250697624,0.0348437284449852,426,"SLC25A15"
-9.91888958385216,0.276552520922683,-0.000814939796857256,0.0345688770491919,-0.0246351355157295,0.0033255209964858,-0.00721707784257517,-0.00176750743768294,-0.00136441276568804,0.000229887525565493,-0.00479787602475342,0.000642327924727451,0.00593225091188632,0.00028414772347549,-0.00210214216600907,0.0175471644651165,0.105204541271651,0.00204503390330806,0.517492235394098,0.038031721308436,0.00130838998756707,0.00167188837564886,0.0012117722693594,0.00204267483410613,0.00123239687750666,0.00137573639446739,0.00181860864722844,0.00184206131378719,0.00276856825697004,0.00189884324640443,0,0.0085708719942655,0.690263897533957,0.946740314630704,0.517145161845351,0.0110318150113417,1.58363182804173e-05,0.144671505211068,0.50416297491205,0.852023723961385,0.000487565087341208,0.723940424413146,0.00127993261131286,0.918253890399676,0.268265993268413,427,"ENSG00000290476"
-13.5990491065264,0.850559509999795,-0.00621960232447083,3.74591832121218,-0.0413226996841278,-0.00490732811294129,-0.0125828736968274,0.00623536077600388,-0.00176227733574028,0.00317372134484159,-0.00528818314735753,0.00348355399512604,0.00519649500748653,-0.00490390515161678,-0.00896759122580994,0.0934166023222689,0.555734851686947,0.0108535046480751,2.78861288586952,0.207792705644166,0.00703924825641355,0.00909711032659165,0.00660008240175306,0.0113174836315796,0.00667967927909864,0.00743256847292484,0.00993201422659241,0.0100578309530422,0.0162550567113551,0.0103751982996058,0,0.12588975587811,0.566610747431419,0.179177796635178,0.842368336270639,0.485716376247819,0.166611950608555,0.344791713360814,0.87625938846264,0.634693748126225,0.476781895229191,0.725783464867354,0.60539240813491,0.762892280650818,0.387406842013524,428,"ENSG00000287837"
-12.2883076931705,-1.75455837729368,-0.00479807366140996,-3.52696936264323,0.118036878109981,-0.00255149633680197,0.0042898089641474,0.00374694605095789,-0.00898915354151878,-0.00508576191643047,0.000265333832215204,-0.00337003851336724,0.00631118761388762,-0.00491645760191531,0.0122324005685958,0.0795332715847456,0.739843402728049,0.00531012488896558,1.32002988920051,0.0954691135870785,0.00365694550301705,0.00444394654617401,0.00324586212401098,0.00514468467451163,0.00313918443253311,0.00342388504294894,0.00450701266099281,0.00472336507487494,0.00720989703907127,0.00509710753220136,0,0.0177147671172301,0.366223043755419,0.00754262709570636,0.216314328952956,0.485357052481278,0.334386981634368,0.248345959908558,0.080590502568829,0.10521290354822,0.938229801074443,0.454621701918845,0.181495865807262,0.495299658463408,0.0164008503726499,429,"SUGT1P3"
-11.0946790126005,-0.0865912586940339,-0.016727091680092,0.184876200772111,-0.0443388648205551,-0.0108782492625587,-0.00112823626462625,0.000329275407315907,-0.00676421304630576,0.00109091550006777,0.0063847537457482,-0.00491956698052055,-0.006166116347467,0.00212055008563373,0.0150594120239193,0.035357090886332,0.242140683417308,0.00409512023121376,1.07024279830707,0.0784256594416604,0.00272354863801142,0.00336529881796235,0.00243543122631225,0.00406917279851133,0.00248415660071202,0.00274834657616074,0.00364829718119028,0.00362441436135282,0.00532603087794279,0.0039484338597124,0,0.720637268065244,4.41452143993648e-05,0.862853994268481,0.571827763849612,6.49280125170038e-05,0.7374320616376,0.89245208966584,0.0964513029871787,0.660553397427993,0.0201724167068429,0.177511872451571,0.0888918363301267,0.690520880346952,0.000136723510798598,430,"ELF1"
-10.8730589145442,-0.115612670152689,-0.000717687517047967,0.0282920270803492,0.0698955425271526,-0.001755315753085,-0.00190035642394525,0.00170019933063869,0.00221638093215305,-0.000139360659356677,-0.00399763259277032,0.00105822369532714,-0.000802424794320318,-0.00059694108919119,0.000976231343763631,0.0267517989088277,0.181000285134668,0.00306878345030457,0.776947256565679,0.0568812170663278,0.00202549669038263,0.00254871622299091,0.00184029444622585,0.00304891827487398,0.00186202899760652,0.00204740679635162,0.00271012568021977,0.0027782385391775,0.00416767426748008,0.00290308605632329,0,0.5229901164404,0.815088147532331,0.97095197443389,0.219147441099282,0.386155714590216,0.455901115014874,0.355552164877526,0.467262655532921,0.940339276974874,0.0508747682138478,0.696188783528018,0.772715286516695,0.886107570364322,0.736664518537787,431,"WBP4"
-11.7194976437217,-0.423606232612515,-0.0057211509380808,-2.60931560862503,-0.0622513267728047,-0.011725201474069,7.4170456099914e-06,0.00100730253058837,0.010064944325156,0.00249509502572023,-0.00426276007422768,-0.00190267258097912,-0.00569267956987519,-0.00469408482615774,0.0117494588784339,0.0433134415972535,0.330046660635424,0.00435592631562411,1.08435286063213,0.0800979013018754,0.00294096345169057,0.00362787622392453,0.00259357358635576,0.00415000288618706,0.00250718258543984,0.0027675468097405,0.00365808050070921,0.00386576042798088,0.0057776269401716,0.00411984953831716,0,0.199326142535247,0.189042219794198,0.016113506839148,0.437046395002673,6.6954280173711e-05,0.998368758554301,0.697731869558862,0.0152963266925087,0.319649297340106,0.123495367639905,0.602973890288137,0.140861663252481,0.416528321347425,0.00434567796164634,432,"KBTBD6"
-13.0549157441328,0.275467565147387,-0.0198339023328434,-6.36556343009293,-0.058883122851067,0.0100085325150339,-0.00665245931446499,-0.00533110647396716,-0.0214299532853302,-0.00292802313028187,-0.00765358547648424,0.0024468576115325,0.0216380696211948,0.0179110115533852,0.013566286203578,0.0833814581064537,0.571823834254198,0.00972577206380544,2.507157358885,0.182036823450666,0.00647865648831648,0.00782243574730654,0.00602669171047106,0.00979021939854994,0.00586999029198267,0.00642169158986866,0.00829452601028935,0.00857772544243206,0.0107050815310556,0.00898174012927734,0,0.629994196483128,0.041418707458731,0.0111183651894841,0.746340690040657,0.122383295344592,0.395084266716112,0.376381807949746,0.0286030543350866,0.617911648993387,0.233326640406217,0.767996418073742,0.0116494707515798,0.0943013668798368,0.130933838957857,433,"ENSG00000278390"
-12.6740093619805,-1.07669028471476,-0.00493802482897246,-4.75947079554026,0.144049002130395,-0.00127320336237651,0.0115158323083346,0.00164426153835442,-0.0059993438802963,-0.00142344047100625,-0.0020850506663125,0.000290940221259751,-0.00188055128480564,0.00863371979993911,0.0128657057328889,0.0762158656350182,0.644699309874067,0.0069291573371258,1.72982036571331,0.123888121322206,0.00481372592356802,0.00575949322169581,0.00423449569411064,0.00660483099793387,0.00403943931659351,0.00440515474619573,0.00575946452043506,0.00605836488281797,0.00781474235902449,0.00663220023094582,0,0.0949063408163155,0.476065860449565,0.00593366267835728,0.244937208893367,0.791399009388943,0.0455594316320073,0.69779283847201,0.363705677089827,0.72454905829055,0.635984438466728,0.959711875882619,0.756252423389717,0.269246679716866,0.0523936676510008,434,"KBTBD7"
-11.1461275082589,0.256817110572532,-0.00736407901117831,-0.147104368962624,-0.0149978372368596,-0.00264425106844888,-0.00510185171109853,-0.000611729998894632,0.00136601261798661,-0.000355145351797886,0.00428082389671193,-0.00352169453615085,0.00286683980822634,-0.0148345661532693,-0.0014927446730242,0.0298206017686652,0.192267779038231,0.00351613863598905,0.900657632810453,0.0666678954885108,0.00230757680179017,0.00290854866119527,0.00210999984760636,0.00354043546942014,0.00213735995033964,0.00237648604383785,0.00316909832755457,0.00319688390038858,0.00544568335427815,0.00332721274048171,0,0.181638781325399,0.0362274447770573,0.87025865135478,0.822007737742197,0.251836744423768,0.0794153466630172,0.771877860122483,0.69962123655826,0.86803043981102,0.0716516581416543,0.266456135375539,0.369846628888337,0.00644776930663241,0.65368618046699,435,"MTRF1"
-9.3737107133205,-0.177223369808294,-0.00425831626487034,0.230374809527033,0.025394349522947,0.000588581199057736,0.0017877033578958,0.00121292864479942,-0.00236565004834478,0.0010381582397653,0.00114480231193858,-0.000603357594298469,0.000491416889065943,0.00037772531671236,0.00356865518017752,0.0141443826944675,0.0867188250261579,0.00154020006261727,0.384510596340767,0.0280747356334125,0.000987795380968486,0.00123970964894263,0.00089408296152845,0.00150111027198014,0.000908122638736614,0.000999980421471351,0.00133093897283048,0.00135779123648777,0.00202659254642526,0.0014156481489945,0,0.0409876309300268,0.00569609784849648,0.549081036892576,0.365716153951332,0.551273191590274,0.149292806373922,0.174902759586159,0.115041116757732,0.252959018307907,0.252281770624568,0.650309494634414,0.717409015271371,0.852143293775195,0.0117067388058268,436,"NAA16"
-11.9741602117006,-1.07505881444199,0.0239927836942872,-2.92960196549599,-0.96396835573721,-0.0021948653725662,-0.00212730173682939,-0.0176102657226886,0.00358655419285902,0.0098919689989295,0.00736857643826263,0.0153877305286938,0.0109344778140491,0.0169037124193666,0.0281847284923916,0.0529985776847771,0.356627436094002,0.00491049472411356,1.28797484563576,0.104485179995903,0.00327369171426381,0.00422336946540963,0.00292091997844095,0.00492238165442902,0.00294865511453206,0.00317470938692673,0.00425162629664187,0.00448909633684787,0.00605302850714936,0.00474657526217912,0,0.00257390342909284,1.02893871783214e-06,0.0229311304271664,2.81226275115024e-20,0.50256731752391,0.614473783123687,1.64963600253103e-09,0.466233087938481,0.00079439830237567,0.0202855526977297,0.000295449488419913,0.0148594744087977,0.00522856356626017,2.88681480116615e-09,437,"RGCC"
-12.6649425560834,0.0424157329496301,0.00405799878143178,-5.09871123820134,0.0450715084173501,0.0042565490198821,-0.0153005495984568,-0.00717071376452974,-0.00338836533648812,0.00220342177295213,-0.00363036594499272,0.0120283502122149,0.0187818016676885,0.0320303744816252,0.00495283225545636,0.0631062311803074,0.398415979914863,0.00676126910660751,1.66282399507082,0.124341404056705,0.00450562399142132,0.00561195469916277,0.00409371439099875,0.00638373338098957,0.0039559303659058,0.00423470473818281,0.00554061258295182,0.00590493365147491,0.00598143350538152,0.0062391787312892,0,0.915216658110003,0.548384281476992,0.00216728350305106,0.716991946761827,0.344802305746517,0.00640253304290421,0.0798357346291153,0.595570444913642,0.577532859405628,0.391285166045501,0.0299355344426667,0.00146921473052454,8.55723934422201e-08,0.427295804787518,438,"ENSG00000288598"
-8.01849949220626,-0.0307127235128331,0.0016126989690483,1.38142191034331,0.051581735938515,-0.00183965396020702,0.00148830776493806,-0.000266340215550862,-0.00495726111833658,-0.00248398336107283,0.00191899149428928,-0.00156388676506884,0.00256012737538141,0.000685318127212562,0.0046909520169066,0.0104567661921315,0.0553145774463173,0.00111244267502175,0.264982294057125,0.0194020608529877,0.000668331340187072,0.000843952897171326,0.000613233878734493,0.0010326036021651,0.000628140411946732,0.000694216323585238,0.000923068811195142,0.000927058227831897,0.00136708443694679,0.000975152090680877,0,0.578732273912899,0.147144497194322,1.85549349860645e-07,0.00784730588344999,0.00591227049410608,0.077816830077789,0.664055517208208,1.58080626550839e-06,7.66937984682754e-05,0.00570527950930056,0.0902224313593055,0.00575258589977735,0.616160674963071,1.5056642522076e-06,439,"VWA8"
-13.1474475085899,-0.568331324874975,-0.0193065567048507,-2.64685235870627,0.0282467401442958,-0.00889167557442176,-0.00354539119537104,0.00218048255440693,-0.00542912151969229,-0.00709237934662699,-0.00613622886569232,0.00270732734017256,-0.000527397362270754,0.0162365639260829,0.00394888925515216,0.0981955241377057,0.807271929675448,0.00927649195759242,2.25754413929329,0.169112792455789,0.00622628577867883,0.00752500688848184,0.00564559046790575,0.00889067105733894,0.00537355501897623,0.0058147762653716,0.0075579699037159,0.00799701534759802,0.00976950603628529,0.00857811969036865,0,0.481423604100566,0.0374124313355178,0.241017371497824,0.867347232917366,0.153266920711959,0.637535120810261,0.699328154456201,0.54142883829982,0.186879339863666,0.291296359997621,0.720187457159683,0.947418210370285,0.0965200627646949,0.645269045391976,440,"VWA8-AS1"
-7.19131152115202,-0.295382512765069,0.00101940283487335,1.79098878154919,0.0490843353962384,-0.0010208177810301,0.00731619041737152,-0.00418108338107226,-0.0019176846229256,-0.000960861969383871,0.00189219929457592,0.00188290306442319,-0.00164799763563104,-0.00323948035781843,0.00381747264558611,0.120074221103224,0.0427282914113822,0.00861859706096888,0.213453087836081,0.0163333247997759,0.000538764839518663,0.000670351531178389,0.000490605198988255,0.000868927395143262,0.000510327829306947,0.000555505396257029,0.000735394207900873,0.000747555295642904,0.00111298940004535,0.000793732791555129,0,4.74366318761819e-12,0.905846247453334,4.8387356127455e-17,0.00265436846804264,0.0581272273768793,9.88532126268122e-28,1.56419198554598e-17,0.0273171258627419,0.0597230321736209,0.000658579137784158,0.0104551856629674,0.0274880735824275,0.00360721600944736,1.512941980165e-06,441,"DGKH"
-8.43415970948496,-0.145081945675916,-0.00259126780019251,0.0673866253931181,-0.00617657317539181,-0.00413504985524508,0.00138079411111646,-0.000784372161591992,0.0102531825522471,3.17902883960409e-07,-0.0012665564784387,0.00181710285896992,-0.00228724625163167,-0.00264867530243167,0.00589034512359559,0.010540435986891,0.0571891441257253,0.00108212331081085,0.253016927983419,0.0186226366123623,0.000650416458277185,0.000814718182064763,0.000584394178767679,0.000973722683528839,0.000589327973350634,0.000646202877794931,0.000861691461776455,0.000890345590881173,0.00133013475240838,0.000930782940497309,0,0.0111845565764839,0.0166378632900137,0.7899831622965,0.740138322662696,2.05007825645832e-10,0.0901110997590374,0.179532102309487,6.2914947563413e-26,0.999569594856998,0.0499960004805796,0.0349650651620842,0.0102009506600576,0.0464497352477555,2.4775362452036e-10,442,"AKAP11"
-15.9679877593956,1.56541687258735,0.0595202147376376,4.52723844140613,-1.22023711104665,0.0132735357694799,0.00858673222387396,-0.0130362901806675,-0.0157087258181157,0.00577486690142161,0.0142775331575463,0.0451788560498957,0.0688511361674215,0.0845885663597364,0.057712913318938,0.347213547603017,1.60369910479887,0.0310345524748942,9.0128898758943,0.671753703107671,0.0217728373948511,0.0280921785559757,0.0176217058072769,0.0326558155789871,0.0178127998899268,0.0204388734501168,0.0277204352301167,0.0298115525999387,0.0342173349875415,0.0294458742441147,0,0.329000644149268,0.0551275886675849,0.615451526188815,0.0692945043245168,0.542102037419879,0.759861446720296,0.459429892131601,0.630488673084204,0.745788442033045,0.484834581526598,0.103143081962524,0.0209133317175486,0.0134323117283672,0.0499997606014275,443,"EPSTI1"
-10.4458220953393,-0.580670548044654,-0.000420351305327487,-0.585733348026774,0.0263298627501066,-0.00411147926114536,0.00474617511369413,0.0001194785761703,-0.000449241104269804,-0.000575967741243222,0.00631864429975105,-0.00199921932889641,0.000709326271607973,0.000480808353190548,0.00195998044671582,0.0245794008769077,0.178667737477514,0.00262025112130941,0.671084708423163,0.0490901422359806,0.00176015275480255,0.00218683149195855,0.00158284159638643,0.00256918311511504,0.00154626128129352,0.00170608602982728,0.00227475386303888,0.00234063693352471,0.00343303657235402,0.00250780934633172,0,0.00115404097135313,0.872547043267238,0.38276347695898,0.591711543361075,0.0194982772350394,0.0299808474175836,0.939829948504051,0.861191554486717,0.7095276340573,0.000212569157322753,0.379470240495273,0.761852978884,0.888617819984397,0.434478600169672,444,"DNAJC15"
-7.27243357943374,0.232541864388271,-0.00701526090206986,1.50777053533128,0.0474842491418409,-0.0086826498195307,0.00348529797033595,-0.00440273685641907,-0.00341270271343831,-0.000301406344249426,0.00997714024309945,-0.00822531422179044,-0.00414269425801125,-0.00189765958457935,0.000870628969539538,0.0667153575622408,0.0478080782481613,0.00480144063275339,0.238456795992127,0.0184042963589206,0.000599382020916163,0.00074363588838636,0.000540537309241181,0.00096988712092955,0.000572972409999591,0.000616831055292696,0.000829282970453197,0.000832154414153865,0.0012219542775698,0.000887148305013108,0,1.14995906932359e-06,0.143995087068698,2.56476096263589e-10,0.00987822134558141,1.48538220915253e-47,2.77463828786754e-06,3.78931396933343e-16,0.000433732696330569,0.598860490766918,7.59014217407155e-59,3.45618563494947e-23,6.41531677833669e-07,0.120430057454355,0.326405737399903,445,"ENOX1"
-13.2965983891001,0.192818710534163,-0.00478725295031772,0.491484408630485,-0.0900045876936593,-0.00589922275886949,-0.00394147585457453,-0.00923601776445692,-0.00982933919833715,-0.000621673650007901,0.00532450324078774,0.0121055344501893,0.0086857824536548,-0.0077879523717354,0.00872871371592737,0.212608998865777,0.464361924419897,0.016534155649791,2.1748783457477,0.156789261911067,0.00550013529111877,0.00695946869316531,0.0049605724817996,0.00868024129596886,0.00496555979589364,0.00545221444970859,0.00730925952030683,0.0073983725681609,0.0125396021070851,0.00793830449961046,0,0.677970845836177,0.772170325207214,0.821215044543766,0.565935210255992,0.283468771567452,0.571157756057486,0.0626192373201278,0.257474343556116,0.900367518836391,0.328778972740037,0.0976830174195188,0.240389987506066,0.534554527648826,0.271519945343525,446,"ENSG00000287842"
-13.2023273374133,0.794311108769624,0.00820816342708994,-1.07462273943922,-0.117326709455297,-0.00856322430253323,0.0100984033861716,0.00246400005964308,-0.0175613472954256,0.00420383749212527,0.00606701906054579,-0.00675565986203521,0.0159335404240566,-0.00787828883906468,0.0170239571327145,0.083703961873042,0.534813709110103,0.00931286294282369,2.40252951895638,0.176600910397386,0.00650158412946966,0.00798080831667771,0.00569093978483197,0.00951218399753032,0.00545020640102409,0.00602290284243552,0.00812040594190817,0.0083424953040281,0.0138611729174688,0.00891048557425936,0,0.137487986033087,0.378112627123819,0.654667095305641,0.506459461583986,0.187805733589597,0.205750937568809,0.665037348245529,0.0648638851037282,0.440518988562055,0.313778742971787,0.405444943456227,0.0561428694181219,0.569783071516172,0.0560620176422392,447,"ENSG00000287029"
-10.003871552609,0.0643330251353566,-0.0065010441443302,-0.968989940758815,-0.0324364923577742,0.00139455186858315,-0.0024926400593683,-0.00633132261666484,-0.00417328379950858,-0.00616136301694652,0.00840970322480484,-0.00372930961783448,0.00215393066921551,-0.000729202577432219,-0.000543987152006532,0.0209916844701006,0.129015048079837,0.00254460843670681,0.6425164957514,0.0478480836025273,0.00163884379302842,0.00206777078785867,0.00151720212981041,0.00250811996077819,0.00156320747626514,0.00172390336264292,0.00228714397103435,0.00227361865782393,0.00342997816346202,0.00237296934954643,0,0.618027769004574,0.0106239410388857,0.131524628527083,0.497831436001014,0.39480467278927,0.228021090142233,3.0058177197032e-05,0.0961305824248847,8.09777932729106e-05,1.07008666754011e-06,0.102984659025093,0.343456419999224,0.831641423089054,0.818679876483054,448,"CCDC122"
-15.296656747776,-0.0865870237804555,-0.0397193417541772,-0.00698089873227815,0.59092660720868,0.00595343899456504,-0.0214531255757629,-0.00870304204535277,-0.0166535185242054,0.0111180063359324,0.0244056770380929,-0.0308815739007453,0.00563849778727192,-0.0535477078049807,-0.00713927151999293,0.22390074413546,0.980507229833288,0.0197083591190017,5.11886392917322,0.362761193670606,0.0122862270601994,0.0160803188666818,0.0114591350867929,0.0214347300718769,0.013951976915717,0.0155060994735691,0.0209302239242571,0.0188486241262438,0.0457934065602889,0.0190476307429818,0,0.929631563515489,0.0438674570748895,0.998911877778049,0.103319658490126,0.627987060809095,0.182163501769483,0.447562440172394,0.437193637924103,0.425522601944333,0.115501219419423,0.14009063844621,0.764828354925002,0.242269788555917,0.7078006426357,449,"ENSG00000274001"
-11.4661517971132,-0.268138503837481,-0.0200136881142447,-3.8390299494265,-0.101153244723251,-0.00253115401846072,0.00285437494096352,-0.0116397370234634,0.0018879303347614,-0.00741478203520625,0.00952542610437307,0.00339961963311442,-0.00169381595334203,0.00689689946408474,0.0146798801378232,0.0373838062417953,0.250716471339676,0.00407228315725414,1.05588339849536,0.0785399336530262,0.00274312932932033,0.00336690906767489,0.00249476691077547,0.00402115579815636,0.00249346392332894,0.00263096882081799,0.00354489849922069,0.00365786641306245,0.00509499399300747,0.00385820014098744,0,0.284849390715093,8.89588556226465e-07,0.000277069298579918,0.197773398791544,0.356150532619931,0.396564346277448,3.07626308725854e-06,0.638712695813206,0.00294244752737308,0.000294032743973528,0.337549938259287,0.643320511564121,0.175844255222506,0.000141889060619903,450,"LACC1"
-11.8005322039083,-0.253372932884518,-0.0173663401748736,-1.05233199380505,-0.0858665196004396,0.00804619638640338,-0.00387475598411559,-0.0171503660016854,-0.00210558182502761,-0.00748201076807286,0.00977121168227645,0.0134206366071633,0.0129218951830631,0.00536104437744691,-0.00505769342541836,0.0521102716344636,0.330943489052135,0.0060495667749786,1.63727649967951,0.120510538781696,0.00401531462718669,0.00505895355323039,0.00383639030502995,0.00641203274503627,0.00394864163842793,0.00405554330446553,0.00554811706308395,0.0056525637534215,0.0083822905495669,0.00585905891529627,0,0.443909672631404,0.00409596390284817,0.520397222621841,0.476141030754279,0.0450832443665341,0.443723636791223,7.80575728795979e-06,0.74262453844449,0.0581147215286102,0.0159810888963336,0.0155652342970293,0.0222528671561024,0.522453524955037,0.388013086618957,451,"NRAD1"
-13.292424301838,0.86333853706047,0.00780488644625498,5.53889854997241,0.277049864539909,-0.0281997985240781,0.00758738715898379,0.00858873743358305,-0.0157886638061318,0.00287155640546439,-0.0104254740820268,0.0105181192520016,0.0138939771976799,0.0102811795809711,0.0205606735374416,0.10533620770754,0.763581989910954,0.0100495151352774,2.64895853670978,0.187208724668605,0.00718827642497274,0.00859306972680193,0.00633789559117592,0.00998076212232294,0.00582194168798331,0.00641894584859274,0.00828402088926848,0.00891436571920863,0.0118341639213648,0.00980065917650625,0,0.258205433540069,0.437369373991793,0.0365305597957776,0.138900402056953,8.74435481495459e-05,0.377254720202238,0.175372876064424,0.113670200163095,0.621850069720469,0.104339039603682,0.204195903511097,0.11908984002793,0.38497234456445,0.0359151461585504,452,"LINC00390"
-12.3796837784066,-0.371715237575868,-0.0155915202668008,-2.89554382431797,-0.123503829824186,-0.00581831163494629,-0.00966614459665649,0.000636318600593686,-0.0025336847106545,-0.00479805049627105,0.00567071285912168,-0.00476508399196428,0.00174957971354623,-0.0127306623057642,0.0037070729497646,0.0668565033953181,0.505564365018145,0.00766246582181063,1.91494717431976,0.146516699628831,0.00498778596946674,0.00622301784355884,0.0045811690291592,0.00733020657270994,0.00441169160284239,0.00498336183191018,0.00658562365469567,0.00677959592618657,0.0108023576311801,0.00724781134785271,0,0.462188411471694,0.0418718574513573,0.130514773869593,0.399265654123369,0.243407544421043,0.120354128750302,0.889530167562509,0.729605886933417,0.276782271565368,0.255150054182028,0.469336825376954,0.796356368215067,0.238594240121827,0.609018621003672,453,"SMIM2-AS1"
-14.728084362383,1.04431120557998,0.0094782096792056,-1.99219820942339,0.215051076690771,0.00784604594756957,-0.0396483124630351,-0.0153689742458974,-0.00563733403618158,0.0326231376329658,-0.0170165278360747,0.0215423714978223,0.0308495814635048,-0.0406260494640026,-0.00494151143893184,0.160487053544464,0.771936417061111,0.0167294434647912,4.28109698531041,0.310065991410028,0.0107340752061385,0.014107436735829,0.0101733073939473,0.0174796728483551,0.0104722213895976,0.0119160490811084,0.0159437851510719,0.016218979704538,0.0365679903725336,0.0160394321191279,0,0.176104787534578,0.571014124907668,0.641682552163735,0.487954731118653,0.464811191927576,0.0049471546265509,0.130860924531951,0.747067890916905,0.00183815849518287,0.153281961350914,0.176648870134283,0.0571624331245539,0.26657997724003,0.758017512688055,454,"ENSG00000277831"
-10.2915788990216,-0.0736253229621166,-0.00562978124010886,0.697328142073662,-0.0662383498314019,-0.00843932899571974,0.00403803559485173,0.00347453256791355,0.00183573808712862,-0.00219262593951052,-0.000601492410230132,0.00274789063608253,0.00322428913402425,-0.00289143460840533,-0.0014888162043517,0.0222472837970253,0.160423161116005,0.00237538667588117,0.595924907403467,0.044519338365687,0.00158207013912227,0.0019465496422383,0.00142323881874234,0.00231274867419298,0.00135873210679921,0.00148833686523212,0.00196822147459405,0.00207142925146832,0.00304144539980086,0.0022254673086527,0,0.646274041882181,0.0177857598613993,0.241936146035303,0.13678896164954,9.58830228424788e-08,0.0380367899403182,0.0146350717243008,0.42734254004871,0.106586135247996,0.686111773275186,0.162675720108041,0.119576682314956,0.341767963231386,0.503501619218997,455,"SERP2"
-14.4871854150889,-0.0973550824371089,0.0434206131003472,-6.31623252494525,-0.520453835944141,-0.00588989218935819,-0.0125560248139112,-0.00578171438455204,-0.00125371920925969,0.00727234669132422,0.0153698531215191,-0.00845191971209611,0.00626341938192878,-0.0653193504411482,-0.0180652652050501,0.156617275586297,1.00160082772732,0.0163731956324558,3.94018749292168,0.295033541442741,0.0106743906506545,0.0137486824660655,0.00941248949692018,0.0150588740893765,0.00923409006320121,0.0105515077076101,0.0144430267277758,0.0144054335268781,0.0349105552314384,0.0153160927595088,0,0.922567978759622,0.00800324895310023,0.108928380069407,0.0777236087365204,0.581100573333703,0.361109521666837,0.539043629636639,0.933649169063083,0.430957495738281,0.145213033442546,0.558419739962443,0.663710785443855,0.0613383253667765,0.238200856913559,456,"TUSC8"
-7.9107987565956,-0.344032048463851,-0.00361955686129298,0.89057637515874,0.110792628833101,-0.00734869384758345,0.00547017689433721,0.00123661558929675,0.00263678075671277,-0.00752278530668673,0.00305698234056902,-0.00575692053509121,-0.00132211227274106,-0.0025725534882722,0.0101304968678156,0.0202338573573944,0.0599184245782366,0.00166473866923827,0.269681132877672,0.0202142687808643,0.000690174027172349,0.000858742534442247,0.000626066872187262,0.00106053263764435,0.000636679633817778,0.000696666862246274,0.00092365818699152,0.000939322136514667,0.00139346313481841,0.00100672533404817,0,9.37452758067775e-09,0.0296864188695554,0.000958848357484335,4.2313886353958e-08,1.78927096477028e-26,1.8904693074232e-10,0.0482439514511412,0.0129086468819469,3.24023421376314e-32,1.14391624915416e-05,4.58349068089204e-10,0.159274014619061,0.0648692283361794,8.06534846608112e-24,457,"TSC22D1"
-10.7945323498418,0.0293667301776583,0.000842024704985572,-2.89851404073184,-0.00237352468926272,0.000418803577504071,-0.0082049887704042,-0.00234908347422554,0.00279756264741352,-0.00861262478418381,0.00250516336829369,-0.00716167380973229,-0.00358001804350162,0.0054282688595178,-0.00744331875605202,0.0255024667310494,0.167598204345262,0.00303135053579312,0.759745440029301,0.0558750297522147,0.00195835451738336,0.00251480352665386,0.00181962210077364,0.00298754400288728,0.00185546986052328,0.00203964828369519,0.00271156798200978,0.00272629987332689,0.00381434743169961,0.00285272898200027,0,0.860905959535359,0.781187284100453,0.000136121111594403,0.966116719521114,0.830660263690236,0.00110365671523871,0.196712950173074,0.349062722503905,3.45472898930258e-06,0.219359507090191,0.00826236866439148,0.189135205506168,0.154701770992511,0.00907562009647932,458,"TSC22D1-AS1"
-10.3883278857994,-0.269764263249582,-0.00892350594181013,0.0130902574774151,-0.0113360704720762,0.00388476739172761,-0.00551278770908496,-0.00507396270379403,-0.00233338599497806,-0.00614428827373029,0.00441424732134363,-0.00607587726901939,-0.00569416030396042,0.0047505201172286,-0.0150772346977685,0.0235207759541323,0.151573284573034,0.00281097662079098,0.723763089811793,0.054184238812433,0.00180490622484537,0.00232467379707518,0.00171235195180418,0.0029042829836758,0.00178354219332494,0.00196005402217837,0.00261873890774352,0.00258045357239854,0.00367117724816132,0.00268221789074989,0,0.0751150365447465,0.00150083730555319,0.985569939828522,0.83428162852218,0.0313707805936258,0.0177196806977347,0.00304504085485675,0.421726655386997,0.000571076665129532,0.0243156419993752,0.0203325538493697,0.027338455119555,0.195663844070915,1.89655434715252e-08,459,"LINC00407"
-15.3469880818031,-13.9601760893517,-0.0293839610732271,-3.04672279970302,0.300316852536596,-0.0166170001697236,-0.00356155087088572,0.0173468736588033,-0.0284120542626517,0.000540539915023824,-0.0108250451576021,-0.0206392060116482,0.0030025718119573,-0.00707001036630888,0.000536272220118665,82.1302180092289,840.595889002479,0.0123591210818434,2.92345425713757,0.21680109004502,0.00848992830056103,0.0100150230527555,0.0077024876443872,0.0121483343650363,0.0071422022992663,0.00796828848601304,0.0101786749912187,0.01055591529868,0.0157513055988872,0.0119171246968209,0.851769108101172,0.986749760360925,0.0174298666933593,0.29733501351101,0.165985705290937,0.0503168647975579,0.722124537527988,0.0243151229408203,0.0193477906825675,0.939671677923731,0.174300098380337,0.0425918114308144,0.776069777840239,0.653538179313874,0.964107201353664,460,"ENSG00000276527"
-18.8500771686576,-10.5025406599296,0.071583959684843,-1.79692200219745,-0.24719304297237,-0.0734112205880057,-0.0417353449555794,-0.0138572660843476,0.016479589762734,-0.0648217111759088,-0.083609363172901,-0.075174049173328,-0.0106028992331413,-0.026736866145467,-0.0680681657997352,93.2926602239907,954.829662623133,0.0279618087622871,5.63382331647379,0.452973553185394,0.0197302857447122,0.0236633890440404,0.0179660406543656,0.0241672524615621,0.0164038132024814,0.0202685686297172,0.02257902075957,0.0206133935250346,0.0268087120329326,0.0258494893750914,0.839875162391235,0.991223936164995,0.0104653537987319,0.749762536384848,0.585264014008177,0.000198641571130459,0.0777808944821123,0.44052718869076,0.495303747306366,7.76224511131048e-05,3.70614168908246e-05,0.000870408212593328,0.606993736348359,0.318609182434582,0.00845720912495955,461,"LINC00330"
-10.753106084852,0.0822327099479372,-0.000219823063969931,0.102631425242256,0.0249220431517368,-0.00528633655019632,0.00294503213232804,0.000757016443502069,-0.00603856955240648,0.00200650074187465,-0.00159846269534634,0.00203018566819697,0.00340642436817103,-0.000743425656565025,0.00927374324545154,0.0255231194325545,0.174674599887622,0.0028451305774575,0.722091071782128,0.0525111342581592,0.00191239162982507,0.00236453624796311,0.00171019813202884,0.00282234384666673,0.00169174549430182,0.00187157036938236,0.00247238796456518,0.00256359101884156,0.00384181113818708,0.00270976705420494,0,0.637800294047547,0.938414397261721,0.886976642626767,0.635068592308487,0.00570530777816196,0.212947668210506,0.658020080558156,0.032390469626109,0.235601154308046,0.393063070102497,0.411564451387831,0.183923665591386,0.846560230885018,0.000620847043917301,462,"NUFIP1"
-12.4082548201053,0.252815792775164,-0.0314531493428606,2.42069586687349,0.410480046688069,-0.0248408585464095,0.00789032312841304,0.0133661112014598,-0.0112881897045778,-0.00235004774731473,-0.00693637224323759,-0.00247933833185085,-0.00171687898422845,0.00159364002976912,0.0122848498054219,0.0683684775147864,0.562854323893104,0.00599536352819793,1.46982940979274,0.107118695470469,0.00419349747983991,0.00487446611630384,0.00371610312158057,0.0058584159181233,0.00344787793048004,0.00370933632091343,0.00478318450161728,0.00515362352380637,0.00709982159817601,0.00575602986908948,0,0.653310928713841,1.55229968566088e-07,0.0995738729019277,0.000127099923062788,3.14851688088985e-09,0.105510730535523,0.000322145498322734,0.0540004329896704,0.495496657047082,0.0614870628564865,0.604217791094738,0.739028483036707,0.822397845928878,0.0328217097810647,463,"ENSG00000223732"
-9.40455507559015,0.0704942524181191,-0.00456849327079567,-0.192611349068633,0.099532316404911,-0.00125475144033359,-0.00117703066954222,-0.000738176954474665,-0.0031442254107133,0.000687175178726715,-0.00451971334954618,0.00255659826801877,0.00296324338481465,0.000437873817223062,0.00057555446280887,0.0142329485937938,0.0885607913399009,0.00157438302114643,0.387115743571624,0.0282635299696935,0.00101222539062385,0.00125712765887382,0.0009173223417128,0.0015150673378513,0.000916861857546937,0.00100325965809351,0.00132441966904689,0.00137851434728987,0.00200415108806797,0.00144232840796214,0,0.426032937758504,0.00371063984488128,0.618797772965602,0.000428981231013226,0.2151245336937,0.349126100834563,0.420987995900801,0.0379583626020262,0.453564299157354,6.63640361416638e-06,0.0535630406982422,0.0315875033825762,0.827052462270697,0.689859779699166,464,"GPALPP1"
-10.4890658179206,-0.194104825717995,0.00136563996091476,2.06177400824634,0.042517362307003,-0.00850493951193018,-0.000549540894146032,0.00490919571984629,-0.000658763199641087,0.00119848566567749,-0.0157315927693191,-0.0051511979903049,0.0040227250243676,0.00456257927775472,-0.00486444710399788,0.0248065268169789,0.182978815576219,0.00265151530297865,0.660108036148779,0.0491003199269246,0.00175005521798328,0.0021674137887869,0.00158472728343211,0.0025972519166554,0.00154461031775939,0.00172744271149685,0.00222599361599554,0.00233182430396802,0.00322815465108464,0.00248516236969012,0,0.28877857104844,0.606524141197283,0.00178781443292813,0.38652941839251,1.17497220880179e-06,0.799845678403113,0.0019495152227559,0.799774814795943,0.437799423432244,8.47944559619548e-20,0.0206615928546201,0.08450211836721,0.157546748804929,0.0503009179111318,465,"GTF2F2"
-14.1259251922711,-15.0212268106963,-0.019125364587001,0.761931844140282,0.326565981979047,-0.0455012205819184,0.000992771902936539,0.0250706464267921,-0.015023340438524,-0.000520482881061911,-0.0492876326909343,-0.0227112202803348,-0.00365511265340023,0.00392454039690791,0.00352785441415882,124.951811808984,1278.87177386008,0.00509890880504879,1.15782633275158,0.0863609865448356,0.00365400402292131,0.00407126851854051,0.00324020275490208,0.00474513848554259,0.00274157006155108,0.00338265816402478,0.00388065923223652,0.00411188284889194,0.005100068189928,0.00476390910349662,0.909990135415753,0.990628513643715,0.00017621922536093,0.510492558571505,0.000155944893410913,1.35655233769357e-35,0.807348311978795,1.01494658156639e-14,0.00154524819294996,0.849427873105936,4.31567985661949e-48,4.84491892792218e-09,0.374048984106348,0.441592131811408,0.458973778668445,466,"KCTD4"
-9.50968819941058,-0.289148366846137,-0.00610054395246127,2.90047527657504,0.20548307983854,-0.00883687994402046,0.0297183874275488,0.00906724322383427,0.00196193632284258,-0.00472152541611546,-0.00111618104186065,0.0051622507657073,0.0182973581654906,0.00580611070066375,-0.0178839163371731,0.01942089403801,0.147389610019143,0.00166409135740838,0.391193891139821,0.0296470468122159,0.00113908654448358,0.00130341364382112,0.00102192754339361,0.00156574802780747,0.000906063377857115,0.000990745771517078,0.00127223548922325,0.00136568488975647,0.00179038532583876,0.00155140148121097,0,0.0497862241946534,0.000246382582686999,1.22159477570046e-13,4.17936006744427e-12,8.63708333176914e-15,4.54064294713683e-115,7.14018104929816e-19,0.210193145438075,1.87792874901571e-07,0.25990871217505,4.95749121249044e-05,6.21684580237728e-41,0.00118303466927164,9.57904455332701e-31,467,"TPT1"
-15.6207971879162,-13.7221272047468,-0.068163477389486,1.08810436825548,1.49237032895291,-0.013959674621945,0.0342212929126457,0.0234846068024813,-0.0165711999999146,-0.0128473695069715,0.00976717673249454,-0.0107960081393371,0.0118307751492906,-0.000303320651519662,-0.0171761014821215,85.7561031724366,877.706138820195,0.0108679190587952,2.27776091058193,0.154395431901673,0.00728205877855959,0.00739530605403546,0.00668825532186496,0.00970772475739969,0.00548734728698235,0.00569304509883958,0.00711528388268543,0.0078050030699219,0.00883266148437505,0.00993649282552751,0.85546205494532,0.987526317807728,3.56462958870901e-10,0.63285812480293,4.2091649451525e-22,0.0552384909076288,3.70223618228078e-06,0.000445886776868258,0.0878198728036099,0.0192181888037872,0.0862292124242893,0.129191387232598,0.129571503950176,0.972605391248797,0.0838828728733089,468,"ENSG00000273149"
-8.88826471443975,0.232560784090681,0.00371772702620722,0.483408350388119,-0.105409828664854,0.000229963739072199,-0.0081496820426007,-0.00136988516998651,0.00391017083892107,-0.000622834378269523,-0.0020994625877975,-0.00107104258619997,-0.0025299079744296,-0.00197210075243587,-0.0108267646637652,0.0116359576078529,0.0619101536161803,0.00127474353183791,0.307236816869003,0.022808617786213,0.000769919799343993,0.000994975057127144,0.000714788816537199,0.00121018876063767,0.000734537518061617,0.000814929542462051,0.00108595432242708,0.00109890501254867,0.00168066356779965,0.00113429533949943,0,0.000172358612886147,0.0035403834833293,0.115624763795857,3.80991313780021e-06,0.765180161527279,2.59408073769214e-16,0.0553028347422938,0.00123339770021708,0.396478487096895,0.00998782771492968,0.324001352424934,0.0213234417961517,0.240633023211707,1.36205286737024e-21,469,"TPT1-AS1"
-15.0749823360828,1.8881033012873,-0.0489498378756174,3.27330671310587,-0.165872242772122,-0.0198336351292166,-0.00664881415979709,0.0138717672881008,-0.0359308222168008,-0.0105172481176916,0.00243796760760727,-0.021899324042238,0.00212528657433659,-0.100469883536192,0.01320917589224,0.201680479046691,1.08826419444892,0.0213564013006163,5.44889679387884,0.432139428517668,0.0139747730759039,0.0178250868984635,0.0130254849838139,0.0228383514512354,0.0142606968251955,0.0150284975690899,0.0202354357045278,0.0195855942960072,0.0597741995302465,0.0204663523606075,0,0.0827465143001967,0.0219030329566021,0.548020941528431,0.70109730570904,0.155827427326035,0.709146074567238,0.28688893101743,0.115657032010768,0.460819016336235,0.87113026683384,0.279151911796004,0.913588972183824,0.0927971887438205,0.518661923086312,470,"ENSG00000228886"
-11.7419244784883,-0.107040833171933,-0.012365307669626,1.34916875881859,0.0816015329558845,-0.00826222944660719,-0.000617169144220301,0.00227639051777287,-0.00153347856262225,-0.00460190611319597,-0.00197297113430411,0.00125316014466459,-0.00534070031907419,0.00271321732999858,0.00263529190129975,0.0399980447163516,0.288335326262349,0.00436328024070698,1.11314991732941,0.0802214763770471,0.00292250897085409,0.00362804320881145,0.00263606838308007,0.00434623511502185,0.00264831945726905,0.00288126454644895,0.00379486027820095,0.00394185914827825,0.00564846501342948,0.00414777676457776,0,0.710460780239164,0.00459768668886925,0.225501700182971,0.309056830527945,0.00469714395188302,0.864923040989272,0.387832292290595,0.72421650796471,0.0822689216978788,0.493496163748153,0.741229478443714,0.175459495477516,0.630981415836828,0.525199866305798,471,"SLC25A30"
-14.1937093572982,-1.21539652604882,0.00377469736224203,-5.22353397778893,-0.409431409606467,0.0070598016897681,-0.017456323195245,-0.010259422499817,0.0033089499447768,0.00292826426813139,-0.0159333380536178,0.0128780955550581,0.00433547673904023,0.00738384503306285,-0.0110806381783098,0.146474665591715,1.17542975385685,0.0152255011439492,3.70185512735946,0.295282201826087,0.00966662567164686,0.0124500830890035,0.00902913608567622,0.0144940421683495,0.00884770079495404,0.00961296472049615,0.0125415629100568,0.0134487030020178,0.0180706291413579,0.0140904092714774,0,0.301135303932652,0.804196756470003,0.158227378551204,0.165570888982687,0.465190077607555,0.160883907506666,0.255848862896973,0.819415163566667,0.740672205793029,0.0974216014456494,0.304498923949977,0.747171374967767,0.682825677211633,0.431635663776433,472,"SLC25A30-AS1"
-10.1131835459004,-0.373519734519138,0.00613604374970668,-0.0819999678758092,-0.00305330730177495,-0.00207118535347179,0.000660045017015876,0.0012657258664236,-0.00239999797081556,-0.00240889155998247,-0.000941716405841982,-0.000681723414776524,0.00177298066691356,0.00366645460026832,0.000731330180704474,0.0189371632294373,0.130607871309652,0.00200466516350821,0.502223714627366,0.0364891258358029,0.00132245427453707,0.00165451160235005,0.00118849633367285,0.0019482343727403,0.00118246241169115,0.00131073153983985,0.00173039455006638,0.00178719434743903,0.00255481623138045,0.00188966950252632,0,0.0042383310415821,0.00220685962503925,0.870302871771627,0.933313097928546,0.117309329707931,0.689940016493756,0.286884584053628,0.217992568828959,0.0416317714439355,0.472469835648573,0.693603242078721,0.321174632555844,0.151254385088932,0.698745205790546,473,"COG3"
-11.9939565058984,0.498895715778525,-0.0155200355379476,2.79384243825577,0.383203409464743,-0.00304814747021147,0.0119815675356131,-0.00536560937604431,-0.00434720560264821,0.0227679694318365,-0.0189652636555871,0.020662461337837,0.00278858147881341,0.00300453878647588,0.00241660208950926,0.0544531643706888,0.361238090431848,0.00671937653660571,1.73923087752543,0.122774797627682,0.00444900060156245,0.00548878412472422,0.0040729651520508,0.00684478321045875,0.00409999662429032,0.00432472987710007,0.00553279755347332,0.00611959907114985,0.00886128484030014,0.00633594826336196,0,0.167256905705023,0.0209023650889009,0.108193379041417,0.0018012208383356,0.493261367834055,0.0290418241061864,0.18771403344518,0.525355214139261,2.80538460747107e-08,1.15822870964225e-05,0.000188057580032819,0.648619803448874,0.734561848822263,0.702898097840911,474,"ERICH6B"
-11.0923129295285,0.10470866628478,-0.00572414026343826,1.75147048507265,-0.0578581227659172,-0.00499192269128571,-0.00330770317827082,0.00331949441241425,-0.0069725204128242,0.00609783573854088,0.00361113885802624,-0.00619255921422187,0.00431452120951725,0.000996483977461723,-0.00353010773197266,0.032307457258221,0.218660131696365,0.00371222348550214,0.971235525146776,0.0720060866816654,0.00246146881416351,0.00308505098801795,0.00224822727585751,0.00382479963875759,0.00224226360905794,0.00249367783568999,0.00335645284874918,0.00337835134512845,0.00518699350935366,0.00357808132206127,0,0.632034729106786,0.123080686507292,0.0713344120094948,0.421675910613484,0.0425575970568886,0.283643091392589,0.139811285528221,0.068306928254591,0.00653807079039609,0.147584153446718,0.0650417119668408,0.201563945358313,0.847654433008048,0.323842512149996,475,"SIAH3"
-9.10071312914127,0.317013119561189,-0.00039321830693701,-0.442459195742286,0.12878758493096,0.00190636467438106,-0.0014134485906035,-0.00182927499465606,0.00277974378239611,0.00188224786238062,-0.000372212385148722,0.00205115117688123,-0.000886248264675585,-0.00431030744179704,-4.92212008767404e-05,0.0436597644578166,0.0686627448438008,0.00325938616303488,0.341416702370088,0.0258324638037923,0.000879934753088226,0.00109246474429082,0.000795825822631914,0.00139635053597497,0.000822261255979502,0.000894211882128411,0.00118894460879761,0.00121572704809923,0.00187939338516553,0.00126496597071587,0,3.89403024474106e-06,0.903974736329197,0.194992489190523,6.18038009227872e-07,0.0302742115945748,0.195728913533437,0.0215283949844231,0.0465116122390954,0.0220728631396599,0.677229784768762,0.0844938695331938,0.466010092100012,0.0218217227285628,0.96896127715563,476,"ZC3H13"
-11.4126957947644,-0.111180573809723,-0.00552005057129312,-1.46749080775764,-0.268454450464329,0.00624122457573376,-0.0041879819126421,-0.00635219923042721,0.0019525079388652,0.00558985052597845,0.00173537793526414,-0.0020392153613567,0.0173566571656364,0.00164137354971017,0.0029354299818051,0.0397879927321916,0.261825939806426,0.00461159899378714,1.2267933618811,0.0938219715682079,0.00308117157641587,0.00393667720340703,0.0028271388162913,0.0048095494230296,0.00286977917954257,0.00315455507235811,0.00420461700894535,0.00430418644038268,0.00636896238092394,0.00440647494571009,0,0.671102451807131,0.231309379771141,0.231618333790646,0.00421884299619899,0.0428056773581259,0.287402656435207,0.0246486567163824,0.68476843834458,0.0514349513867309,0.582238352755441,0.6276803756082,5.51852317966385e-05,0.796627303824734,0.505307004939293,477,"CPB2-AS1"
-16.6380893812302,-14.0009075678901,-0.026962177738335,-13.4446222395233,0.887383155822153,0.0236337327655093,0.00179407692393648,0.00575834552277472,-0.0471484762224939,-0.0067763121164123,0.00317497223538101,0.00225092916629401,0.0269622899059268,0.0110399410262546,0.0255843097849583,83.9880233437942,859.609028270179,0.0227800625092558,5.22155555475916,0.364847971570705,0.0159170563157684,0.0181687539768907,0.0142147080245377,0.0217275406326101,0.0138133942001374,0.0143192473588085,0.0180354666434847,0.0196869582962629,0.0231164135458812,0.0211066235184211,0.842966247681217,0.987005006090835,0.236576729877072,0.0100289124091098,0.0150074271281864,0.137595354480527,0.921340593841041,0.685405697268606,0.030007846448883,0.623736994155246,0.824525949428393,0.900677369155894,0.170827160102285,0.632949037875249,0.225456488624668,478,"CPB2"
-12.6717354764412,0.42948879354009,0.00541243892695356,2.63357497096021,0.137490229599916,-0.00454970023963715,0.00236566552977392,-0.0134970109539117,0.021668877898643,0.00194014968914156,0.0396491798616973,-0.00149026443158429,-0.000352892568273685,0.00696000137960787,0.015799949792364,0.06807311202886,0.32347112211604,0.00635078192516678,1.8350822973131,0.126838470139828,0.0044611031924816,0.00574726168625053,0.00405038918229465,0.00678698543995189,0.00418774350184602,0.00489357755046477,0.00650193147605306,0.00612692926561548,0.00935793176276697,0.00651980438706837,0,0.184260698321561,0.3940766586662,0.151251094260373,0.278374139454855,0.307794911581716,0.680620817718338,0.000861390660328396,0.00140944301926924,0.643154800912954,5.39346056931189e-16,0.818710874245469,0.954069662325719,0.45702517167209,0.0153769219091126,479,"RUBCNL"
-9.65950095534091,-0.2032520213244,0.00403024466455343,0.381724571421925,0.0530013719934265,-0.000529322557385923,0.00272150329194077,-0.00478622965595289,-0.00387809436644858,0.00364271012584407,0.0132282766113222,-0.00215769424594444,-0.000449935627951473,0.00161226267887727,0.00727567497876832,0.017294428067642,0.103526980056705,0.00191340343253127,0.500134392935866,0.0363766653111201,0.00125785240148368,0.00159681401855169,0.00114442438472428,0.00192559370089235,0.00117376738562646,0.00132523427601225,0.00176559795809422,0.00175691657982155,0.00262541367314101,0.00183080168036009,0,0.0496141282678555,0.0351763498344898,0.445317896277145,0.145112050099341,0.673890526385484,0.0883188387825213,2.8868185905921e-05,0.0440123331905786,0.00191288613069262,1.83040344605475e-23,0.221679026014424,0.797878328084468,0.539150219200797,7.06643576514817e-05,480,"LRCH1"
-10.8041361140187,-0.497453613430125,-0.00166448654007625,-1.87387454670329,0.0963146721061195,-0.003914550195447,0.00346794643494342,0.00165406241513449,-0.0064429599207221,-0.000762553183252369,0.00475098187049221,-0.00302367080242002,0.00111853028968899,0.00219331158052971,0.0040113858073081,0.0281488863815559,0.208060070540764,0.00299788870356202,0.760339796095002,0.0547881912001306,0.00200824374268607,0.00247408590892644,0.00180144369822945,0.00293548959231083,0.00176360687100404,0.00195137604936227,0.00260605893049922,0.00267807636546834,0.00377511305555566,0.00284393149778412,0,0.0168065159408556,0.578744470278807,0.013719594360635,0.0787567272562343,0.0512667010496839,0.161002409556077,0.35852090652403,0.0281743450699588,0.66546325559408,0.014904845667972,0.245948452023063,0.676194379735523,0.561245649612221,0.158389976791395,481,"ESD"
-11.2449565064834,0.797141489873493,-0.00851145580603159,2.43217583879368,0.0226371670972611,-0.00383220479090207,0.0258181178474877,0.0246662382898503,0.0346323399557356,0.0338711750648451,0.0264440814914421,-0.033938829695788,-0.0019649054937466,0.000782658429278556,0.025160516771751,0.166651885386092,0.231606722582841,0.0121437710588702,1.22481444488732,0.0962157415877871,0.00307627116749559,0.00378744554946187,0.00275608137826999,0.00508715598941525,0.00293774428750673,0.00325554132382634,0.0044656165106996,0.00434358392051809,0.00667868662391691,0.00449882388759421,0,0.000577880632840415,0.483371248884181,0.0470610397956448,0.813995229144629,0.21286335576174,9.31148286251053e-12,3.5628954662904e-19,9.91025821132947e-12,9.35188436145458e-31,4.55583788612111e-16,2.96056859140984e-14,0.651002714734252,0.906711491141351,2.23581308010408e-08,482,"HTR2A"
-9.96496479207522,-0.252204219291469,0.00696712911096372,-0.0247432299906436,7.33439066501586e-05,-0.00290326144049068,5.31016094538127e-05,0.000109366545918792,-0.00450702489074249,0.00159518976157119,-0.000284223549256064,0.00106624114915661,0.00280463790167302,-0.00172235270646588,-0.00195939922139669,0.0189794076176335,0.128057889814069,0.00210031553630714,0.533717801441771,0.0393442300803804,0.00139185009891298,0.00174152861900337,0.00125702824703734,0.0020787435334438,0.00124772674667701,0.00138514843622368,0.00184136293693187,0.00187846214329195,0.0028234781277932,0.00198316054222344,0,0.048900893982373,0.000909303281284787,0.963023208998525,0.998512617053837,0.0369875964305005,0.975675168613471,0.930668294487702,0.0301473817918146,0.201081342030006,0.837420894852112,0.562555457916252,0.13542409943161,0.541854523154358,0.323143608378558,483,"SUCLA2"
-14.7472780952285,1.05329044170761,0.00467174896759024,0.480821473732529,-0.0291604911571204,-0.00408180095464525,-0.0152286687357121,-0.00981435223719176,0.0288841084476629,-0.00256847547211713,0.00825005608840426,0.00856714866725214,0.00374911323408251,0.0365497282921863,-0.0172696623547903,0.163308816672356,0.732063926351094,0.0172259779455146,4.45272912647985,0.319439316897195,0.011126358290988,0.0141831964603522,0.010143271200603,0.0164305451717937,0.0101896221864405,0.0110397487324241,0.0150307014690702,0.0152516140454666,0.0143526149112111,0.0154909915451568,0,0.150208410286035,0.78623436683621,0.914008745470328,0.927264959673675,0.71372444507199,0.282951765615818,0.33325782017305,0.0787556903218174,0.800988671660415,0.454879657504736,0.568693544474569,0.805823529990278,0.0108791957032125,0.264927698051558,484,"LINC00562"
-12.1901078892765,-0.467228306934993,-0.00461663008861972,-6.60876800801013,-0.392772348392282,-0.00620185937751393,-0.00378973252141403,0.00619164561047394,-0.0242347788120117,-0.00186578149792957,0.00446895082609204,-0.0154409443549458,0.000896941550167875,-0.00178674020895024,0.00209973162677916,0.0584319944525063,0.504279273584447,0.00542416532264402,1.35067365958575,0.105463750969436,0.00364478552486985,0.00455425315345697,0.00329444629479043,0.00537411121553587,0.00318406687381443,0.00350673158904629,0.0046402825933738,0.00476719883528199,0.00712538085532649,0.00519333041615221,0,0.354172229493833,0.394701211801927,9.93396402655673e-07,0.000195904282949116,0.0888359192259364,0.40533534134537,0.0601872771013471,6.49678133266689e-06,0.557892755872703,0.202524511669082,0.00087601609276237,0.850760202955699,0.802001871163127,0.685982478368727,485,"SUCLA2-AS1"
-13.4759079964396,-0.521185539295969,0.0120172320016126,-2.28387998060781,0.116834018097333,-0.0124506955806989,0.0252560235437692,0.0070017094581425,-0.0246130036703598,0.000502614728097654,-0.00145364204081932,0.00428725808334179,0.0132292905406998,0.00494191281480067,0.0164618161753921,0.129425376664452,1.08685916453479,0.00989632480857333,2.38310000274668,0.178872931654476,0.00703925735232915,0.00832217273163038,0.00620677860378501,0.00958388954241174,0.00540357901419623,0.00600715273275016,0.00763999980341448,0.00842821519118974,0.0112549773384606,0.00961226159060128,0,0.631559037230944,0.22462837236925,0.337878664406632,0.513648182783303,0.0769353874136905,0.00240705431396,0.259288403734539,0.0102238663797292,0.92589152315552,0.808791633062231,0.574688843874419,0.116498145662486,0.660598589765794,0.0867888925950447,486,"NUDT15"
-10.1332497378572,-0.216084363530767,-0.00217972836959672,0.00667562895991508,0.0163513671616778,-0.00141962225741735,-0.00262160099235369,-0.00178055005728602,0.00192132580383266,-0.00121595788201855,-0.00155886888226585,-0.000778615317907184,-0.00265542264709607,0.00453942319945637,-0.00499849627532159,0.0192243512016652,0.126982416933739,0.00218171973601656,0.551040345558166,0.0402460819634032,0.0014182242028628,0.00178443162338358,0.00129481706482666,0.00214899907104923,0.00130344943831117,0.00142774421571263,0.00189538601141156,0.00194884155202267,0.00276428980591883,0.00202924932777728,0,0.0888140063723832,0.317752427393615,0.990334190517416,0.684533429107389,0.316833684051535,0.141791611178495,0.169089166085486,0.371291857245596,0.350883526290452,0.274903237568396,0.681222774156709,0.173019749639394,0.100555571851524,0.0137693742399101,487,"MED4"
-9.7018143926013,-0.625212438625641,-0.00634565317947109,-1.81240166008808,0.0362656375927571,-0.011191462488141,0.00593868386457737,-0.0147791987594294,-0.00533890595918979,-0.0120733712046101,-0.0164440203127189,0.0119268949409578,0.00403214691083932,0.00142939225584007,0.0112690289862216,0.0768329557992875,0.136603603808676,0.00559810152669684,0.42595629115224,0.0326837910088549,0.00116810704460338,0.00141006394134756,0.00106521238933046,0.00171375470771142,0.00102938874605056,0.00106973465885053,0.0013772930154558,0.00149037513561822,0.00205331602303986,0.0016456770796066,0,4.7205881418558e-06,0.256988964671356,2.09141944810752e-05,0.267175347629606,9.62462312884199e-22,2.535216274399e-05,9.05286547470863e-44,0.00183741222312093,9.08645919481891e-32,2.52045003670226e-53,4.73156257947315e-18,0.00682103314471842,0.486342122298713,7.50703039513065e-12,488,"ITM2B"
-14.1943826071195,-0.672674940784454,-0.0113360925043235,-3.64885588788705,-0.404007714815117,-0.00366194985108996,-0.00490986418633768,-0.000421433179967711,-0.0186899645192898,-0.00558395473258622,0.00649905193703128,-0.0155048839576103,-0.00455863841453176,0.000809824246088237,0.00609819940905448,0.146679715779149,1.17077518496503,0.0148899180070811,3.81644945332793,0.298067208594023,0.00989015248628491,0.0125123986595369,0.0090783288745305,0.0149944789075387,0.00934389927929883,0.010217993400089,0.0136533814769335,0.0136625244316332,0.019612841423646,0.0143027860579769,0,0.56559217530779,0.446461942107032,0.339028523080526,0.175282222516532,0.711187117973083,0.694762747900588,0.962973990010531,0.212596878541639,0.550103969777506,0.52475038825665,0.256120820992266,0.738636108430196,0.967064297682864,0.669842306724661,489,"RB1-DT"
-9.69034381678888,0.0901201803482131,-0.00553340183505381,1.11622701102534,0.131343211179895,-0.00496822615839429,0.00151760593321301,-0.00271179739184269,-0.00126244326346071,-0.00030247348194207,-0.00331895041272858,0.000111646808880142,-0.00226684144362886,-0.00438459073794207,0.000687647474044669,0.0182235895944912,0.118016716121094,0.00215885567904533,0.545933647488311,0.0398014901760888,0.00141385195092914,0.00176143124838766,0.00128506007593756,0.00214999930234566,0.00129279703172994,0.00143325249636053,0.0018805652236795,0.00193755193564746,0.002942204381909,0.00202966915468247,0,0.445092436274223,0.0103736787332084,0.0408923078552125,0.000966995997912437,0.000441471109445184,0.388921181403364,0.0348368702784982,0.557080738801868,0.815009613729762,0.0205758893291264,0.952658402071798,0.24202055976863,0.13616113523645,0.73476204768806,490,"RB1"
-14.5838221922997,-0.260063178651933,-0.0121324403346889,0.114536205645669,0.820092295212064,0.00514373534180497,-0.0105652958521584,-0.0175724433808935,0.0324825186153996,-0.0113703595227979,-0.0096473037122618,0.00371543829513708,0.00410453764098631,0.0223342545831779,-0.0199842851335767,0.15433704411509,0.858171516185755,0.0162788003701689,4.04421370233349,0.279386031266175,0.0108358356812277,0.0131799213918141,0.0101465253690052,0.0148479905300874,0.0102135789510699,0.010904493580314,0.014265127565226,0.0145764286030119,0.014079950206243,0.0149648781735594,0,0.761856818714889,0.456095934758333,0.977406125944128,0.00333185072266766,0.635003176837034,0.422772485898495,0.0832970536884289,0.0286935743517713,0.265597174697948,0.376313595323319,0.794512038790564,0.778259954875486,0.112683679479691,0.18174138110244,491,"LPAR6"
-12.5481116971508,-1.27157341071229,-0.000243630083442834,1.01277973008174,0.0764027523502285,-0.010629000734456,-0.008862377275182,0.00484928250065404,-0.00590048638402957,0.0018401242706617,0.00187766789787816,-0.00319178169398849,-0.00367247819529489,-0.00273239932709063,-0.00998514075874873,0.0782554297572244,0.657493795701035,0.00701264336747368,1.87733689475828,0.134515372313273,0.00483426304239347,0.00608725912463383,0.00433433742168606,0.00702832552506934,0.004290406706375,0.00484356102551479,0.00642923498098396,0.00651732704946431,0.00992598890180416,0.00689164686397657,0,0.0531167913064048,0.972285830705628,0.589557890079361,0.570044958409271,0.0279006359330335,0.145423140053627,0.26322293239394,0.4011722605194,0.668001286788428,0.698265669516191,0.619578273700004,0.573098178304359,0.783103210546277,0.147372254465866,492,"RCBTB2"
-14.3005791699983,0.74764415645267,-0.00730078255020878,-15.0924204573384,-0.479115410480406,0.00805068433002007,-0.0140438307036157,0.00402454076941842,-0.039671335227483,0.0078041290786791,0.00206272440959692,-0.000252849585560725,0.032302348566269,0.00757114173001377,0.031742954338307,0.148017785507877,1.0125425210471,0.0154387172719729,3.82642594290464,0.30493029092095,0.0104876835555675,0.0129063800398171,0.00948397386286431,0.0150857451574694,0.00890126633434332,0.00934979556869222,0.0125322329349387,0.0133555780006275,0.017852038822847,0.0143921776624383,0,0.460281758817089,0.636293159822432,8.00466288976167e-05,0.116129394356026,0.442705685339101,0.276537331964345,0.671309313994494,0.00854543952411737,0.380625871222969,0.825390616415992,0.98390302070823,0.0155786065192246,0.671489124614595,0.0274141261574131,493,"ENSG00000274929"
-16.111860078416,-13.3453088783914,-0.0268838106405858,-8.05213040348272,-0.0719030860109659,-0.00927730522508577,-0.0024635415323899,0.0245109618873287,-0.0544972842299154,0.0200773770637745,-0.0169212196756621,0.0115641644353461,0.0175051265894708,-0.0156644209401687,0.0305500386990647,110.922969536059,1135.287123176,0.0183668407403396,4.31104240392171,0.33200224905323,0.0124888552748523,0.0147276519510873,0.0112642542709042,0.017803417069855,0.0100239042598395,0.011041324819211,0.0139193572061304,0.0152226276751491,0.0255595531359917,0.0172429146931228,0.884511363762106,0.990621076838838,0.143271978969466,0.0617910725557868,0.828540277228314,0.457574483761977,0.867155087010307,0.0295556283576136,0.0022055669744262,0.0451826766552644,0.125390401794724,0.406088146144936,0.25016809416085,0.539969089620928,0.0764369846662119,494,"ENSG00000275202"
-8.40449568645595,-0.0377445824258437,-0.005789415734134,2.60347050552103,0.16631474789897,-0.00532522017082089,0.00488389112803677,0.00428559115565662,-0.00312717491907879,0.00948466999199009,-0.0190907002651538,0.0150331959817418,0.00407859750732493,0.00362438562677794,0.00748874615655586,0.0123426731978669,0.0746073768003624,0.00136479158547389,0.332578430095195,0.0242307616308797,0.000855642769947272,0.00105528759726379,0.000774895770210018,0.00129755914807531,0.000768360610282825,0.000835159778188163,0.00109395078985653,0.00116095624257979,0.00166482873743327,0.00122448056355179,0,0.61292016661389,2.21558520407045e-05,4.95140479573165e-15,6.70593485582383e-12,4.85723443980349e-10,3.69180022772835e-06,3.19248595441336e-08,0.0159505873138265,5.24596880870295e-35,1.1963291995918e-115,5.67932861599048e-43,0.000442850254788501,0.0294781713907928,9.60403386402836e-10,495,"FNDC3A"
-11.5771285872437,0.232528753816942,-0.0109924486845311,0.195799634327149,0.0294826264952554,-0.00927861407720062,-0.00130921127421478,0.000703794357526797,-0.00032045243746229,0.00445829471435793,0.0063872900194532,0.000485988879691807,0.000914338862992765,0.0113531602298114,0.00788216917831664,0.0401566808584709,0.264857008289279,0.00453553939030208,1.17991753479174,0.0856894565713053,0.00301970865066436,0.00379012057231298,0.0027219780358659,0.00456173970611252,0.0027107501409021,0.00302474952796013,0.00402013969533349,0.00405582443328119,0.00558995495746395,0.00433959470905626,0,0.379975887106492,0.0153664449824917,0.86820142140734,0.730798425099067,0.00212142150107626,0.729773124967271,0.795974829626266,0.943996384189954,0.100037480781836,0.0347142762912134,0.903779307269084,0.821638185489986,0.0422556894384841,0.0693185959065832,496,"CDADC1"
-10.2985621320045,0.249641726977373,0.00284574981979394,1.69636321715062,0.0685223065348644,-0.0022723466140857,0.00670351939204355,0.000539850800208621,-0.00262516399123595,0.00201978494872231,-0.00205446063238957,0.00566296988162067,0.00227860002169334,0.0043907418175453,0.0045214974671253,0.0241558778552132,0.154885814433645,0.00294654517508562,0.748682708998625,0.0547407661244247,0.00193447967914213,0.00240460560993071,0.00176995589394878,0.00297064660585704,0.00178007017741861,0.00191192768385262,0.00256008777960289,0.00263237027266231,0.00386823881831889,0.00278115286236394,0,0.107010005943851,0.334148261876256,0.0234638003366603,0.210657295418651,0.240132689584277,0.00530700277705204,0.760360019366275,0.376857528590074,0.256515325664289,0.28257654297908,0.0269651612967974,0.386705322300486,0.256343825919995,0.103999925624924,497,"CAB39L"
-10.0396335270867,0.0373804585280591,-0.0121797852751935,-0.275435113659003,0.0216252790631304,-0.00600665930127238,-6.75662781799148e-06,0.00298878391564923,-0.00614602367357067,0.000934234937723158,0.00311591175142343,0.000899990743641752,-0.000142613297548092,-0.00298346704506889,0.00193897106951742,0.0979303906737663,0.12803699000847,0.00719927774846524,0.550360662303762,0.0421652304601668,0.00143207473224265,0.00177661473099668,0.00127432705299858,0.002240217039567,0.00129097785104388,0.00140340162048661,0.00186206432251526,0.00192856677055025,0.00290197019889271,0.00205697445241161,0,0.77032449935966,0.0906828636569575,0.616749146806911,0.608042304477071,2.73624276928105e-05,0.996965579576957,0.019007586793564,0.00607890213422315,0.469271686606814,0.0264013521890766,0.62886174918783,0.941051909601908,0.303910654170646,0.345868885583057,498,"SETDB2"
-12.8300987064964,-0.866960849921636,0.00499204061596351,1.20239112574644,-0.0916488669080294,-0.0106992187563646,-0.00835893933550954,-8.26630900003994e-05,0.00822556715397965,0.00144407666533384,0.00365090862469187,0.0103306630999926,0.00161020989620963,0.010410857757867,0.0115216167076898,0.0793237964864775,0.58909171525486,0.00738836005046005,1.92622630443624,0.140215957319136,0.004942337137598,0.00628743355552813,0.00440353457181262,0.00715561512552435,0.00433583169695632,0.0048417097522513,0.00643484401625914,0.00662503971787865,0.00914017741733312,0.00705672669905402,0,0.141104396665371,0.499254709955302,0.532482383765093,0.513352460157851,0.0304022712814548,0.183693741114159,0.985023001696897,0.250339064461902,0.739091680518184,0.450817042895387,0.108400181699187,0.807967366518969,0.254694224929513,0.102529154672644,499,"PHF11"
-11.5745544289854,-0.52934804575078,-0.0091023732162936,-1.07991890184856,-0.00632697062295401,-0.00230604529870512,0.000960948193726266,0.00602533172102226,-0.00269756947279108,0.000431962224000325,-0.000606751521021266,-0.00355788114078643,0.00904671265609928,-0.00093016235743736,0.00402717432379614,0.284258033985351,0.277581663667679,0.0209494746716441,0.973238339774297,0.0720113867883408,0.00252402031195331,0.003148130580847,0.00223458651460255,0.00391230275590304,0.0022124657295009,0.00243799860439201,0.00326843897714824,0.00335223807001129,0.00501326943669606,0.00364908954295303,0,0.0565206746661636,0.663931408535423,0.267165389310346,0.92998739513774,0.360906169810244,0.760180269396934,0.00700941329516176,0.490502768433372,0.845204919253815,0.803459181613806,0.276349420923267,0.00696091633501045,0.852805455259256,0.269762040638402,500,"RCBTB1"
-11.8525464327568,0.0836743843587058,-0.0115495500325575,0.723912760593162,-0.0329670047883626,-0.0103651354395128,4.98285452782536e-05,0.000960667080567129,-0.000117494302449594,-0.00270134507606093,0.0072321663765053,-0.00703806047609215,-0.00594780988390573,-0.011707366017689,-0.00903723312845904,0.179831690691782,0.286400257190085,0.0135230450804901,1.25374354017888,0.0936324099202765,0.00318425829830921,0.00403081312494512,0.00285005690641892,0.00502672021262825,0.00289839653578251,0.0031774666577631,0.0042752455152815,0.00431214000619742,0.00704672060224086,0.00460928621634643,0,0.770165133698314,0.393069363048781,0.56366860596956,0.724771011327374,0.00113345395159432,0.990136874830161,0.73606455538574,0.98135198492485,0.351329481598138,0.0228412583061336,0.0997153053256426,0.167796903877417,0.0966347211645672,0.0499189509883226,501,"EBPL"
-9.92509396538059,-0.436669271360622,-0.000455268620458233,-0.133608221701054,0.0098780383731075,-0.00236106542139754,0.00223576638028452,0.000893899816097295,-0.000597068309081706,0.00113079650596383,2.38013823451332e-05,-0.00145964481761994,-0.00502226032613441,0.00469235816280058,0.00104450141934867,0.0185230029924255,0.124952175728579,0.00205829750729531,0.522409244452005,0.0381473214606616,0.00135068194649621,0.00169824440189212,0.00121955865026121,0.00202492169226893,0.00122602859746126,0.00135442313346827,0.00179359251919076,0.00184584447402021,0.00263008852371814,0.00195695770966366,0,0.00047461049386554,0.824946842548528,0.798140843045325,0.795678077102884,0.0804546205862268,0.188000822260368,0.46357677094581,0.76810086761206,0.35635921370041,0.985979434607391,0.415753393500688,0.00651148993056065,0.0744063531240621,0.593523265202126,502,"KPNA3"
-10.9014485752026,-0.336841173334427,0.000726617587509207,-2.97089897826673,-0.0433129716268662,-0.0035888798876225,-0.00766725132406997,-0.000479556715090295,-0.00445249508145962,0.00508764477559089,-0.00437863124226276,0.00661458220506488,0.00473923104244975,5.69723676112919e-05,0.0041464063872488,0.0278000466522943,0.206838720884558,0.00291190144002413,0.724293344725449,0.0533534855211387,0.00193348535236047,0.00242098772450471,0.00173361180714648,0.0028093000012354,0.00167854886199349,0.00185209558457264,0.00244744438049446,0.00257450530670598,0.00378884524911265,0.00273819189439399,0,0.10341448800571,0.802947963804462,4.09966808887139e-05,0.416899818228634,0.0634291552456663,0.00154023993636812,0.78206968359291,0.112986184250374,0.00243762958824689,0.0180715080534873,0.00687894215755612,0.0656462222900797,0.988002766928342,0.129953249614693,503,"SPRYD7"
-9.02038393594295,-0.379279657155084,-0.00821666494117869,0.737316383718603,0.120666953216308,0.002534401338047,-0.00102456070757073,-0.000196124124361527,0.00708607236581989,-0.00577655806107599,-0.000697004188327339,0.0047627914306497,-0.00693606986910117,0.00463874023514728,-0.00144375516522048,0.0445357726510986,0.0950712486037252,0.00348441211987603,0.455078517166009,0.0353821968861821,0.00117384299730079,0.00148240489605975,0.00109291265580317,0.00186761892003965,0.00114338164609324,0.00123537318294452,0.00162839175286495,0.00164875432456294,0.00235010128720158,0.00173536838534133,0,6.62335358764872e-05,0.0183677112652963,0.105190184884234,0.000648709682575934,0.0308452562155627,0.489472738150357,0.857583692946133,0.000148135379641511,4.36819420043255e-07,0.572614371129387,0.00344629223331913,2.58949521412525e-05,0.0483991495498112,0.405432146320391,504,"DLEU2"
-10.9964293614372,-0.201713769516321,0.00846289959577175,-0.865766862562424,-0.158221477348993,-0.00172541744477693,0.00161518634216008,0.0016601923794384,-0.000204163895575564,0.00407455938892611,0.00632888625830533,-0.00403691537427637,0.00379207187106533,-0.00146986183016176,0.00804463897996224,0.0283950580054384,0.190793987401878,0.00308616233958636,0.802535011131612,0.0590397833042017,0.00206976452722223,0.00262285681894147,0.00183874669748122,0.00309886563032647,0.00185229636904251,0.00208049844244046,0.00279710752051415,0.00282998375514023,0.00435438424184608,0.00297538443684166,0,0.290405095534751,0.00610276507448861,0.280681288224867,0.00736413173733414,0.404489612403958,0.53801869740069,0.366582438596654,0.947470633185749,0.027825769665773,0.00235008143134816,0.148951071416538,0.180257564027142,0.735695502038197,0.00685657822974036,505,"TRIM13"
-11.1007782990541,-0.135183866282693,-0.00919857801922961,0.222902428225961,0.0675343032920707,0.00314649853549706,-0.00384062687038904,0.00309814393302023,-0.0143724540325546,-0.00116719998777324,0.000164568462588677,0.00224605462239198,0.00653795057165844,0.00924130085396241,-0.000547099172263774,0.0373674696794,0.258523569416079,0.00453643024657401,1.18766859426412,0.086164979943545,0.0030728290587493,0.0038350054785072,0.00285567484451795,0.00471168615822864,0.00287874620678241,0.0031192185050719,0.00409283579637108,0.00420248202823016,0.00602971414564781,0.00437855791347293,0,0.60103875190098,0.0425895608003679,0.851126990224716,0.433169788041217,0.305847329221042,0.31660166123017,0.277962489900431,0.00228548630765852,0.685143614459828,0.957923517088621,0.583158416976041,0.11977099604847,0.125367860561155,0.900563430581688,506,"DLEU1"
-9.7805625196584,-0.0971749974583843,-0.0131574963568061,1.02728674508339,0.120721251729321,0.00238219975767345,-0.0035038775467279,0.000515990211018924,0.00016241095954417,0.00475754254636523,0.00959099424189344,-0.00495418863003779,-0.00182189987820187,-0.00358408034697278,-0.00617110234419719,0.0216778761161989,0.136838805157886,0.00262931222334671,0.68515672050272,0.0498487817339033,0.00171233654302214,0.00216295536173255,0.00157587859322467,0.00269816763139796,0.00164854416817232,0.00183759346526701,0.00247630665189505,0.00240044021055823,0.00366094405971368,0.00251836726175763,0,0.477616016951691,5.61064417232642e-07,0.133783986689943,0.015446002786944,0.164165290230138,0.105243215752453,0.743342543228429,0.952001874954913,0.00390289428183331,1.79578128959746e-07,0.0454316138393863,0.447861089975757,0.327577804870901,0.014268261011473,507,"DLEU7"
-12.9466486723913,0.1922562375106,0.00777994223409334,-1.74998395164614,-0.0357086501047113,0.000976555972519699,-0.00634438211957678,-0.00196452082655834,-0.0121964840127379,0.000428191422757349,0.00217914649937139,-0.00474011464606967,0.00690705324575074,0.00297592697142873,0.0091497535989873,0.0743824048897214,0.487410390758967,0.00868275142259944,2.20464435401786,0.164379945691411,0.00568755329565685,0.00723714679442156,0.00520212424525449,0.00869892876381052,0.00528433460094713,0.00592399309666775,0.00785326745761666,0.00799521950736445,0.0118050820545003,0.00843490020695235,0,0.693253062196143,0.370240648163843,0.42732844175642,0.828027236005575,0.863672961208641,0.380681473397965,0.705699384317732,0.160895135340533,0.935417824999786,0.712984374500834,0.546119570387128,0.387643987194224,0.800972557567838,0.278032627232559,508,"RNASEH2B-AS1"
-9.87342980648906,-0.491865219637058,-0.00197006966816412,-0.328771451603931,0.0188341383218768,0.000201959422332368,-0.00510547091484595,-0.0002588299291652,-0.000125277850571713,0.00192248704548896,0.00111650696798814,0.000402794769707527,0.00576632256406687,-0.00731739051173897,-0.00211622239828437,0.0191856722841886,0.129710339765606,0.00212040998808724,0.54271347665605,0.0399376843472198,0.0013822013836945,0.00174821232987924,0.00126249115359214,0.00211310547320961,0.00126756597372559,0.00141084862388668,0.00188061129379636,0.00190123806574774,0.00299345375871018,0.00199833759643228,0,0.000149422157710372,0.352838059161633,0.544652920475018,0.637220792947194,0.883831137988936,0.00349587742817884,0.837560216692465,0.952724206536155,0.129348475792304,0.4287265842136,0.830404435043345,0.00242191520955348,0.0145067482247367,0.289603680554208,509,"RNASEH2B"
-13.6131931016042,0.660784151767087,-0.000241634890721776,2.73504705709125,0.133618280910089,-0.00557274326378687,-0.00344304806358303,-0.00177352695303,-0.00294072049946306,-0.0129523394568712,-0.0055730481860055,0.00257917331682829,0.00211226001259113,0.0497596857180968,-0.00531226662224856,0.115945143999164,0.762451911195966,0.0141076417129916,3.59202156319331,0.267157274454481,0.00940088855878695,0.0119717946830556,0.00892310057779478,0.0151038434982743,0.00856326629233721,0.00952609273634482,0.0122061225724474,0.0124320247528753,0.0151673403779108,0.0132374624048882,0,0.386130068836751,0.986334546459844,0.446404583340944,0.616970594814416,0.553322374823824,0.773655508337387,0.842452987144856,0.845627699411635,0.130394862964133,0.558527675386917,0.832651928899797,0.865085048327807,0.00103545170098815,0.688195206218488,510,"C13orf42"
-11.201439720454,-0.399315397745087,-0.0114303268244227,1.59060606408249,-0.0485946641811176,-0.00885190524522483,-0.000793381170717634,0.00342112583938241,-0.00227235256637728,-0.00255562694703894,0.00295841071610486,0.00157646889482318,-0.008032594703157,-0.00713480856055994,0.00285827212310863,0.03453911436561,0.248186805518754,0.00385600918316524,0.998864309377546,0.0726044599816732,0.0025564707679361,0.00317989262441724,0.00230234691885412,0.00384537039334419,0.0022986076667743,0.00255194322669382,0.00341050116244724,0.00346830717709295,0.00551917218007477,0.00371958450932685,0,0.107631471889702,0.00303382906769141,0.111291588111275,0.503299742479179,0.000535084517039436,0.802974536858731,0.137297696906641,0.554565957974492,0.266217614289406,0.246343033810314,0.643909465819962,0.0205583429804284,0.196103887131747,0.442226685719723,511,"FAM124A"
-16.3668543650799,-14.3879646909918,-0.0193966329141507,2.51953725300693,0.548768811387803,-0.0135464128267952,-0.000359822680775222,0.020390419014368,-0.00346858828879128,0.00139721756018518,0.0135125882270204,-0.0282882660225328,-0.014630088700704,0.0113793767786019,-0.0238633469495096,92.6255333840325,948.013915628414,0.0210900998105567,5.44288938531806,0.382370968720649,0.0146286772924957,0.0175588682528687,0.0132387437045273,0.0217581899848127,0.0125863368120324,0.0148161734040994,0.0195516401561732,0.0191749519655897,0.0238933519138136,0.0211768410129808,0.85974469714115,0.987891006661756,0.357727864336237,0.64343291881391,0.15123756627197,0.354436827118169,0.983650605210937,0.123509659554697,0.873341688841263,0.911607893292076,0.361760258592356,0.147939291035821,0.445475825874139,0.633891275484548,0.259801440328398,512,"SERPINE3"
-9.75034822411444,-0.24511390296294,-0.000985040427344984,1.14361093632077,0.0781018953364381,-0.00584743605848401,0.00418884055620214,0.00233205978575013,0.00254695248412722,-0.00156124618676783,0.000652851683459166,-0.000409345868021831,-0.00356970784062723,0.00639655225453547,0.0088682606029835,0.0189083469552652,0.122585914764194,0.00214064937590687,0.552602264218545,0.0400472242750468,0.00141860543742007,0.00177012755435998,0.00126562931613652,0.00213963263040934,0.00128631966699189,0.00141944976596693,0.00186616954515163,0.00191228460404288,0.00276359700769959,0.00201373039507155,0,0.0455513136353112,0.645401644532537,0.0384990979384468,0.0511469352315622,3.75661072756115e-05,0.0179617323707664,0.065386140035639,0.233901367981183,0.224850423577894,0.645564366018216,0.826376756989131,0.0619401202934362,0.0206362080950948,1.06323595273808e-05,513,"INTS6"
-10.9021719891776,-0.401266359276774,-0.0179102677376793,-2.66927258181734,-0.0710500906031095,0.00032283569705773,-0.002083568676252,-0.000687273386774902,-0.00371754000580165,-0.00120270125202798,0.000971484968844727,-0.00555401170268375,0.00584273665625599,0.00473059598804699,0.00465647459064709,0.0305089124490912,0.222661233689097,0.00334487109938679,0.855649930462063,0.0640092303072565,0.00219982657022913,0.00274862004088426,0.00202475642276358,0.00334598818664206,0.00200255405227267,0.00221211936398645,0.00294193937886224,0.00298523980737057,0.0042160689606828,0.00313720155073947,0,0.0715236335508551,8.57712763125386e-08,0.00181106076005565,0.267000070217326,0.883325351433032,0.448426004534821,0.734281984933863,0.266549422460324,0.548117320564807,0.660542124988726,0.0590428294306831,0.0503229626031035,0.261845637497974,0.137735577557522,514,"INTS6-AS1"
-10.96716870938,-0.364458720194646,0.00832283636058984,0.539303011707965,-0.108501183551001,-0.0110692796049358,-0.0118916075092991,-0.00135515287016459,0.00850108632612507,-0.00508264558949721,0.000383035445210085,-0.00319540697202046,0.00582613150190984,0.00534636388241178,0.00861090423761003,0.116461416789195,0.247603284335331,0.00865977939780571,0.959833138043578,0.0760629085855388,0.00246892220145927,0.00309973463088555,0.00221815072520031,0.0038389141086455,0.00225543812738966,0.002461513402779,0.00332039324398795,0.00333203051460364,0.00471293646482094,0.00361754119218796,0,0.141035399011368,0.336506395994374,0.574203482818815,0.153733758339136,7.34471623881194e-06,0.000124886154553989,0.541240536386895,0.0267977853026515,0.0242272003876012,0.876340651996033,0.335869807980346,0.0803735319165097,0.256626020057556,0.0172976278810113,515,"WDFY2"
-10.5092037141872,0.157352055725769,-0.00287199055997274,-1.36935627052068,-0.0944020317576693,0.00570241243549414,-0.0147773507009838,-0.00371494957897455,-0.00297253241092936,0.0133044419557863,-0.00784283537956419,0.00960900348780474,0.0161195186698446,-0.00226341400037917,-0.0026092136910317,0.0532218144849395,0.153024908621639,0.00442081313758007,0.71701867025218,0.0552677846298585,0.00180676263392432,0.00228148920447923,0.00165731260789169,0.00287564293307829,0.00163901819924103,0.00182263653605747,0.0024259157198036,0.00253416829710765,0.00389216744132626,0.00261930439856968,0,0.303819357132837,0.515916968053113,0.0561600446187111,0.0876207132489724,0.00159867063531464,9.35247735141992e-11,0.0249904509490417,0.301279634950606,4.76574756071138e-16,1.68488175496262e-05,7.46428058569013e-05,2.00612341821849e-10,0.560882981830058,0.319178453388656,516,"DHRS12"
-15.0221234463319,-15.9057103163341,-0.0193779364334288,-1.25123446951422,0.135324488636498,-0.00901352869002611,0.00109684276380783,0.0078710933216304,-0.00224665865909133,-0.00314573776518779,-0.00146924528042403,-0.00761815638648523,-0.00166490460610855,0.0286087185960639,-0.0064226432429909,110.817947015487,1134.21270489755,0.00994018021090664,2.43215458527622,0.179828910512247,0.00674964292861309,0.00805863017288263,0.00609628075731643,0.00954467669200979,0.00562459175326616,0.00613638995048624,0.00799558456011436,0.0084492883259477,0.00775725784745323,0.00942184257161891,0.892171678940675,0.988811177409352,0.0512410827463105,0.606933804543908,0.451739620840226,0.18174277389742,0.891736028056261,0.1966584694237,0.813911152183318,0.57596869067023,0.810770977679365,0.340693732936565,0.843790972048337,0.000226029185245445,0.495443894392065,517,"ENSG00000231856"
-9.3433044716312,0.131925903121506,-0.00595377785939156,-0.142537973540374,0.0109319432549364,-0.00134735161912373,-0.000146926306857985,0.00605321724983419,-0.000247927301025507,0.0110394793178195,0.00120697434363227,-0.00515007315685891,0.0023426335698815,-0.00115267268130865,0.000632693299737911,0.190849921405022,0.0895134526581744,0.0138536580337663,0.422428432204561,0.0325873491156898,0.00106836209672611,0.00134660655069015,0.000960347681500264,0.00173181168281968,0.000977581893081019,0.00106874527182229,0.00142441725931801,0.00149217405657286,0.0022531808390184,0.00156457160291063,0,0.140532510005183,0.667368668731739,0.735796434578116,0.737273690251974,0.207259272959433,0.91311638245059,2.91652923965853e-10,0.886163299631662,1.42687246156411e-29,0.258755396499788,0.000299693288181537,0.11642753767012,0.608947959710216,0.685927743391415,518,"TMEM272"
-10.5523702206456,-0.349598431524683,-0.00551726872669007,0.858701301590816,0.0010330657297486,-0.00235694506166945,0.00290343872487126,0.00292630432333671,-0.00225020356972259,-0.000308110244490084,0.00230817916953915,-0.00558548763577795,0.000113675341314178,0.00449811298037118,-0.00108209686714444,0.024276883863924,0.171725264041827,0.00268119806584394,0.689351514975949,0.0508008030989245,0.00177978531192374,0.00222045253025043,0.00161367575188857,0.00269318230083444,0.00161612646921887,0.0018002831646214,0.00238104512042659,0.00243044316128999,0.0034640991952284,0.00254609167211015,0,0.0417703611408218,0.0396129413404065,0.21288727672961,0.983775642540544,0.185408024206118,0.191012838323315,0.0697639688181397,0.403425849019033,0.848801882876666,0.199800530978394,0.0189856079526908,0.962695386831105,0.194117541611694,0.670834410994511,519,"ATP7B"
-10.115532539981,0.0202701462180805,0.00428398918450192,-2.84369163334673,-0.0535427523690833,0.0015847073751053,-0.00305295657888954,0.000842798256966127,-0.00956492711536752,0.00596875414989785,-0.00251579643051057,-0.000496322694985607,0.00606837668150522,0.00116442317906459,-0.000776713530524926,0.0189086298389718,0.128276347895268,0.00216448861237139,0.538158949726316,0.0401682523089188,0.00142058590018573,0.00176955742716247,0.00128839489159869,0.00211691871147973,0.00126828776565633,0.00140645119826149,0.0018569409510879,0.00192714232111115,0.00282588679372991,0.00202697375538312,0,0.874441544407843,0.04779176030816,1.26316638793666e-07,0.182544287210152,0.264623012536728,0.0844796160366489,0.513017801707996,6.23307068277212e-06,2.52437163729692e-06,0.0736543019233675,0.789253784489467,0.00163886781621027,0.680298489338382,0.701579822134114,520,"ALG11"
-12.1353192061552,-0.584752983449708,-0.00919132623424299,2.28227076813956,0.261192841899448,-0.0111509120136732,0.00691331023588623,0.00133718191585676,0.00245312649920475,0.0114699173851193,0.00683635727577544,-0.00455863962009036,-0.00745724379286354,-0.00735624886496381,-0.00814568890364296,0.0591897477525632,0.445407069042302,0.00659056717856878,1.71607891874413,0.122133603822833,0.00438973631490758,0.00557767336909123,0.00392761348197146,0.00631253474091732,0.00392804816473517,0.00427878478146018,0.00586181537156315,0.00604582355679917,0.00913769722268849,0.00628272373707281,0,0.189233261185474,0.163130944356986,0.183540196964652,0.0324694601384421,0.0110781602101914,0.215174715390658,0.733512704023426,0.697563217975923,0.00350026597913882,0.110102326376837,0.43675536768078,0.217406518594875,0.420794255236805,0.194795740744735,521,"NEK5"
-12.6294613904785,0.371146456604336,-0.0132768164407377,1.28836578795959,-0.364115712940204,-0.0142489731594537,-0.0032470522259636,-0.000668010122696901,0.00289153926851618,0.0163901397348242,-0.00261360000200341,-0.00486248236333647,0.00164890825881732,0.014144275904972,-0.000426324342968691,0.0657053536669657,0.454192065590033,0.00722145789934463,1.90825872754459,0.147547442892371,0.00491627837782819,0.0060095055454473,0.00428081444216025,0.00733216778030797,0.00421107931861877,0.00460010971365502,0.00620680478147845,0.00648770254585478,0.00860789477941768,0.00683615508006235,0,0.413838421904376,0.0659853759017934,0.499578835694323,0.0135951056614065,0.00375161455210008,0.588976805171332,0.875995629735229,0.693312695612684,9.9361008687622e-05,0.569926083471964,0.433385493862974,0.799372692152406,0.100346769254202,0.950273619086319,522,"NEK3"
-11.0204137494245,-0.936286219717186,0.000945781113786945,-3.11488440186276,-0.195387435931667,-4.90398448278305e-05,0.00418389702325069,0.00193356881465881,-0.00336291099765241,0.000507353477941196,0.00381284735827484,-0.00740803309101316,0.0019441242516077,-0.000189312619646058,0.00626969674452587,0.0325154746432424,0.258794831759048,0.00325916405057028,0.838575329930069,0.0625327909552497,0.00220409210243088,0.00275040899343704,0.00196221857391211,0.00324096311908348,0.00195541009269401,0.00214903197357371,0.00287284445508632,0.00292844587518192,0.00438770127545148,0.00311329098076852,0,0.000297036802457248,0.771669877260938,0.00020360938490355,0.00178071408353596,0.982248969120344,0.128211948340183,0.324427971994484,0.299443719857588,0.795279245912098,0.0760273943080481,0.00991899509895121,0.506769827259545,0.965584994403915,0.0440254293373292,523,"MRPS31P5"
-13.6514072183263,-0.739422522602416,-0.0318250294924976,0.187177110724329,0.106491763888731,0.0133137686509089,-0.00638053669175746,-0.0156275960250785,0.0234925119056108,-0.0115782696069287,0.000155872555874924,0.00620358406361567,-0.00423736569898518,-0.0159371581442527,-0.00803425620883362,0.0976969071547865,0.530732428117358,0.0106784363640095,2.75761931251866,0.203813007836432,0.00683377520402763,0.00865640107054305,0.00630988263194518,0.0107477759453003,0.00701816679283695,0.00735832301275211,0.00980839371370821,0.00988376437662919,0.0171856543962466,0.00977384680248715,0,0.163555843033428,0.00287958676145413,0.945884071900953,0.60132406579123,0.0513873999402779,0.461068320581383,0.0132608624068752,0.0288300824816145,0.0989926522290292,0.983099545239805,0.527075190813842,0.668127133981194,0.353743587322415,0.411067921455089,524,"ENSG00000290490"
-12.2200788631236,-0.487603799959802,0.0102894284917893,0.363258630632618,-0.263466850300424,0.00304529700164012,0.00431688707662039,-0.00649582950753716,-0.0023697384985783,-0.00302639192860304,0.00712219407234068,-0.00130338090397314,0.000680503412369984,0.00673679280124347,-0.00547431893513349,0.0518082626915419,0.34627980543264,0.0058591582323922,1.57130498031363,0.115028501611319,0.00396433377637757,0.0050646011348661,0.00359197036900491,0.00604663136416913,0.00359224952590681,0.00403816956253355,0.00541607539766299,0.00542801409623803,0.00792375638319769,0.00564246092197068,0,0.159095300083878,0.0790666523304856,0.817172818596119,0.0219953351220642,0.442383987685273,0.394011722603695,0.0705394926364568,0.695124322814118,0.399520334931591,0.0777793969898392,0.80982605666316,0.900231616550478,0.395212840732112,0.331946514974791,525,"THSD1"
-9.97999465191298,-0.477467993150637,-0.00150524545930844,0.0690681884262037,0.0316188372599207,-0.00583068044674949,0.00349059956309871,0.00123688678997543,-0.00513535796901793,0.00199218457772666,0.002627867450998,0.00113239767295203,-0.00324003854648063,-0.00416349010853977,0.00201264449796517,0.0186907332292858,0.132008490488424,0.001958052552479,0.493520610920674,0.0359733868413061,0.00129671484791215,0.00161945845496635,0.00116082191879629,0.00191455103155866,0.00114638565813376,0.00126657696640283,0.00168238116331694,0.00173730163300623,0.00268398397115482,0.00185320159151445,0,0.000298095874481883,0.442043992569346,0.88869952943628,0.379427951115973,6.90806453266071e-06,0.0311296382912732,0.286637633487576,0.00731226827550055,0.0822467401359868,0.0380070100661216,0.500888622852802,0.0621837439551109,0.120845356579372,0.277462861388717,526,"VPS36"
-12.7952456617526,-0.182029667682261,0.015408911360939,-7.73592906938223,-0.399084501689132,0.00146467415766356,-0.0101067753150092,0.000580525707831732,-0.0120713651755037,-0.00475680767466518,0.0070167597716292,-0.00597592442059335,0.0110566239597123,0.0264955662500522,0.00506176429684614,0.0724362633727942,0.510563086824183,0.00767110465094056,1.93869476768821,0.146870629111556,0.00510533447409358,0.00652903658625451,0.00463673396924772,0.00758589287614824,0.00442610399167369,0.0049178617017686,0.00652321011906522,0.00669660231379182,0.00771954467747283,0.00721882374933982,0,0.721445727398392,0.044569464352364,6.59961843639748e-05,0.00658264790447659,0.774195835155031,0.121628687956242,0.900364087849477,0.111544038614385,0.282501604963956,0.153640207322127,0.359613512747646,0.0987223072954303,0.000598550011125045,0.48318468550347,527,"CKAP2-DT"
-11.1434376330518,-0.365120740910149,0.0026162959733524,-4.47556531012903,-0.0119122066250715,0.00371873239135925,-0.0017164744792632,-0.000287116157366113,-0.00118558491638421,-0.00277090521338771,0.00322207743268752,-0.000316103547872527,0.00217942793706919,-0.00262877610002001,0.00626931230931335,0.0307604447505659,0.217552631343329,0.00350037126936098,0.890585011489961,0.0646236996408683,0.00234111092388464,0.00294667852965345,0.00209963805144991,0.0034302317843753,0.00212284702315916,0.00233497951663952,0.00310604600898951,0.003191237878971,0.00480519955611761,0.00330577300549359,0,0.0932866110377872,0.454801719084864,5.02327292229628e-07,0.853753123052529,0.112185126100681,0.560222117928012,0.891231925042824,0.729622132757729,0.191798251156123,0.167612267249188,0.918938920212963,0.494643976683274,0.584331273918196,0.0578974046551114,528,"CKAP2"
-13.7153696224698,-0.451059197478355,-0.0181036898184417,-5.27603525625585,0.133464502962194,-0.0149453966604649,-0.0135474120444873,0.00605215374888252,-0.0256609775454481,-0.00768486893011064,0.0170940688284767,0.0131091841951798,0.0101820479403073,-0.0286312745871625,0.029819981715347,0.135482283445133,1.10363855808022,0.0106299968556503,2.78119604294199,0.195022396210707,0.00750347520902894,0.0092500374392145,0.00657201420097843,0.01042095959394,0.00641276784674343,0.00693141754320422,0.00934647806310484,0.00949537466621511,0.0181153855396254,0.0105964090426714,0,0.682758424725423,0.0885538942911537,0.0578228908474036,0.493751183023717,0.0463933757889391,0.1430357717584,0.357103761126631,0.0137995636170006,0.230772986467103,0.0136565686346335,0.160742087511516,0.283577850289508,0.113993572283402,0.00489050062162813,529,"ENSG00000291255"
-10.8908579641154,-0.909852202479749,-0.00128746159533367,-2.78674343403848,-0.0369133502162276,0.000797306671425187,-0.00128842225108902,0.00447906676295362,-0.00490892069544003,-0.000937735523420492,0.00716725742616325,-0.00930171869203805,-0.00211994238209432,-0.00499945078928047,-0.000661005490430311,0.0288046932624294,0.223061971547742,0.00297223458989632,0.758643999669767,0.0555218848331203,0.001978765484258,0.00247955327946262,0.00177862512668821,0.00294341276871085,0.00179732654401639,0.00199628811042593,0.00266378465631772,0.00270552226493326,0.00419818828393901,0.00285482144075321,0,4.52451704484527e-05,0.664896468291609,0.000239417794930583,0.506150758086977,0.686998719068847,0.603329361985569,0.0117931284902291,0.0953623931562379,0.601852000861847,0.000330307601433255,0.000479564704569709,0.43329760627324,0.233708896763718,0.816895277579903,530,"ENSG00000290856"
69,0.0137457445251741,0.00749614560121878,0,0.450536210473764,0.40537872019558,0.91878160377563,0.0710445129420353,0.536900155788681,0.0307867302267877,0.988031528106278,0.125414721952367,0.371216400230703,0.982294793686509,0.435364764166288,0.173588807904848,0.0573172418702447,0.696465646599366,529,"PCDHB9"
-13.0110052781296,-0.83751752874289,-0.00849353634939585,-4.13852208684636,-0.000926425441998878,0.000683676354907668,-0.0126390835188786,-0.00505373632639245,0.00802821688564181,0.00105915830091343,-0.00142215325736157,-0.00463780280862592,-0.000743559632445791,0.0152705998537835,-0.00488320790756549,0.0783034362337777,0.601194573578759,0.00828330302467695,2.07116983325425,0.153373342195613,0.0054111276745327,0.00681241818158115,0.00487064634016107,0.00797809509866193,0.00489721602155643,0.00536790161396105,0.00717539712436524,0.00737606833913558,0.0090384392227525,0.00772845952157073,0,0.163592888390146,0.30518374515283,0.0456996633597809,0.995180544079927,0.899457750090586,0.0635533130269713,0.299460746910056,0.314279732078205,0.828771340933146,0.791058352297299,0.518054078229853,0.919703636442465,0.091120330448987,0.527486524980858,530,"PCDHB10"
