"logFC_(Intercept)","logFC_age","logFC_zone_1","logFC_zone_2","logFC_zone_3","logFC_zone_5","logFC_zone_6","logFC_age_x_zone_1","logFC_age_x_zone_2","logFC_age_x_zone_3","logFC_age_x_zone_5","logFC_age_x_zone_6","logFC_sex","logFC_PC1","logFC_PC2","logFC_PC3","logFC_PC4","logFC_PC5","se_(Intercept)","se_age","se_zone_1","se_zone_2","se_zone_3","se_zone_5","se_zone_6","se_age_x_zone_1","se_age_x_zone_2","se_age_x_zone_3","se_age_x_zone_5","se_age_x_zone_6","se_sex","se_PC1","se_PC2","se_PC3","se_PC4","se_PC5","p_(Intercept)","p_age","p_zone_1","p_zone_2","p_zone_3","p_zone_5","p_zone_6","p_age_x_zone_1","p_age_x_zone_2","p_age_x_zone_3","p_age_x_zone_5","p_age_x_zone_6","p_sex","p_PC1","p_PC2","p_PC3","p_PC4","p_PC5","gene_id","gene"
-14.0339771470811,0.00185870811689701,-0.106086238387523,0.14376003585791,0.1169405232211,-0.113015024730769,0.404606236953163,0.00278607341884256,-0.00125241629423026,-0.00272974438185692,0.000117831848859434,-0.00616708879069687,0.120860826864019,-9.46519095358329,22.3735366389497,19.5287719207875,0.993871635629586,-8.36601697715472,0.0299121216062321,0.00266684581746906,0.183343316583334,0.16530869286019,0.165821444657843,0.192376881333278,0.236305899372345,0.0029047542649095,0.00265658007389387,0.00267616432434643,0.00305713379308723,0.00383638736691298,0.0673311540817819,22.5778403792728,53.9888471127302,8.93146034749263,31.3843193481788,17.8306323894414,0,0.485822369357989,0.562845133491945,0.384493916362131,0.480673621898453,0.55689026305222,0.0868572634903684,0.337486936370322,0.637327045059537,0.307718400019477,0.969254554625758,0.107939238996909,0.0726503746647993,0.675051838207062,0.678573615603121,0.0287779493118796,0.974736991986387,0.638931324793682,1,"AGMAT"
-13.8165900045228,-0.000444846698343035,-1.02198068195014,-0.679734786365681,-0.324116082627313,-0.241171638975626,-0.813699419624982,0.00769030022019632,0.00593055583305687,0.00325660442918817,0.000798364205040593,0.00593054507721195,0.167533765526967,-9.40113293867766,10.2239330330007,9.23852144038148,-2.17184571652508,10.5385644397604,0.0251672971770903,0.00216277804940447,0.175815641391579,0.142872131251583,0.134952432854819,0.155207488066347,0.221401433047239,0.00277112334945628,0.00228248452944549,0.00216737223838279,0.00248047109687281,0.00352577838816921,0.0563471488885237,18.256517219598,43.1816025381188,7.35009954010475,25.0072010119073,15.0338121046521,0,0.837038531154687,6.14374452005085e-09,1.95865200085973e-06,0.016318813029062,0.120216382825307,0.000237642674489076,0.00551751963609789,0.00936894389855446,0.132952830646315,0.747558825205619,0.0925586201421048,0.00294671068606777,0.606590279732409,0.812838370555111,0.208780914313317,0.930791687259239,0.483308737355459,2,"AGPAT2"
-15.0756670573783,0.00812734077867361,-0.10905382087465,0.15496013420506,0.110113921204532,-0.287364943239838,-0.28002665230856,0.00140857275625962,-0.00322300651991557,-0.00118540348618625,0.00226760554691355,0.00194905000641069,0.0348137853024442,7.91068095499365,-20.5035884683975,21.6013103385778,-14.6307042739838,-6.17247882469806,0.0350804433315845,0.00351037530941935,0.317146525727941,0.281600596912929,0.276479565267124,0.332736336266493,0.429219064770714,0.0049893850256096,0.00445111729285781,0.00437025612282779,0.00519645377058342,0.00675355698866356,0.079016330533013,27.1918356090321,64.702407446611,10.8205450589324,37.4741800304194,20.9765636554073,0,0.0206001215538213,0.730952009963937,0.58212500743508,0.690430092824008,0.387784801843964,0.514136952026307,0.777702826532587,0.469010897293234,0.786203772550222,0.662564251020883,0.772890503176083,0.659510024785626,0.7711116007829,0.751326570858522,0.0458987020623698,0.696225312440873,0.768562324320287,3,"AGR2"
-15.5794921773894,0.00495105248489741,-1.16709713927155,-0.902667742360795,-0.634404725055168,-0.111681687573415,-0.127838431810974,0.0101185558782064,0.0102467979928208,0.00659679968767922,-0.0012176672922475,-0.00490473650929838,0.101082033475055,-1.66505328318719,24.6592763908919,18.0361531794611,30.5838883730031,-18.4882341955161,0.0496675128810715,0.00483406286308419,0.492309054988875,0.418500367306657,0.393969206108028,0.448130956268811,0.607487479782646,0.00770547538929125,0.00661655713362265,0.0062565796121339,0.00716108982647628,0.0097670812995468,0.111126702761396,38.0485552581394,90.5016625332049,15.5791769304474,52.4381646804899,29.5221003851006,0,0.305740300967236,0.0177563806344732,0.0310126561854079,0.107334532425152,0.803193214829855,0.833325860596705,0.189127560937458,0.121463451647811,0.291709905890459,0.864979164844036,0.615547850631005,0.363027874606289,0.965094695710506,0.785258205524345,0.246982814260125,0.559733631498185,0.531150557997628,4,"AGR3"
-13.1484712658119,-0.00979317047066336,0.657049923238028,0.780173109996895,0.620030872917661,0.337319131387092,0.258558982817629,0.00381216283902655,0.00348272650662132,0.00097009771861744,0.00218398895252425,0.00664402931559632,-0.141195111362878,-16.8170661714906,44.0803394907961,20.7761605107465,14.3575947923329,-13.5689330458928,0.0361994489744146,0.00296562914134793,0.116038233243492,0.106046904784886,0.108320504577445,0.126636714659665,0.146839114907827,0.00190129382826999,0.00174920823504789,0.00180600717039094,0.00208473757922552,0.00240201297829111,0.0819339382857858,27.5971939957118,65.7845104369032,10.9974626842732,38.0755227359397,20.9027018646181,0,0.000959215799426775,1.49307631535078e-08,1.88274963381634e-13,1.04020400719942e-08,0.00772920512881039,0.0782668760466803,0.0449591835547654,0.0464775618839716,0.591163635736761,0.294818987739004,0.00567440853999008,0.0848379155288646,0.542275278563276,0.502812077128298,0.0588680308904129,0.706112657157378,0.516243153721115,5,"AGRN"
-16.4625726874244,0.00666837418320719,0.993070452461648,-0.225430436069301,-0.177269634253441,0.14703077391283,0.704594126106969,-0.0170717663886085,0.000997283917000617,0.00297249611221111,-0.00367188520064693,-0.0158922622909305,0.219044652382153,26.26609189773,-54.3449165652265,19.6960015050989,-55.4728406150379,-5.85080606203881,0.0625148603788502,0.00654928392362296,0.548089752545861,0.531476035311506,0.495050898271715,0.558209515988221,0.768030305884768,0.00873367377938923,0.00824840989617787,0.0076646001043617,0.00864935077966913,0.0123430376932459,0.138786143430223,46.5844433565401,109.428458132295,18.4220264073485,63.1554719797135,38.6905401840259,0,0.308590660923086,0.0700054194445526,0.671449732776634,0.720280711794566,0.792244517006373,0.358930942430541,0.0506177564854561,0.903765329351008,0.698148191351566,0.671181327994805,0.197903102336834,0.114499217178939,0.572864204903102,0.619453465062653,0.28499983534227,0.379751818298891,0.87980171373474,6,"AGRP"
-16.0447310771927,0.0327048553535628,1.53434422485299,2.05766505363375,1.37319449028426,1.07749750822147,0.44202277259307,-0.0127517951179511,-0.0198158496597842,-0.015310615260458,-0.0199260701356347,-0.00714012593765986,0.0505821365493446,-32.4895509105405,39.4333454994952,31.8706505932725,16.0024372471786,86.3876607925906,0.121526043067206,0.010435416234789,0.426908292565928,0.419792138604068,0.425046649616211,0.551518104878683,0.734095236643371,0.00641375236423137,0.00639637806938822,0.00652830473534852,0.00855087216174052,0.0114471431299889,0.28305640869878,103.658951934104,250.850943585581,40.0886719206647,145.886448977402,64.6141033499972,0,0.00172426165613203,0.000325534922847655,9.50455128682787e-07,0.00123491258270566,0.05073743865592,0.547085786054642,0.0467900461230247,0.0019484474937874,0.0190134770991108,0.0197904691623709,0.532793478707876,0.858173390374073,0.753956005745669,0.875088556693242,0.426611232509569,0.912654401485763,0.181229686165814,7,"AGT"
-14.7317073341165,0.0238649257219516,3.08693144388338,2.69276569625975,2.16103051655281,2.41802223918848,3.63114907880002,-0.0170593954834318,-0.00902324783288461,-0.0117106783726869,-0.00963723596568031,-0.0234902955853106,-0.104780321565002,47.6524952944086,-106.938080680028,0.547040748741906,-76.9078240117439,15.2660420076812,0.0689467908523793,0.0064555338368689,0.332684787687889,0.321143382263298,0.334271235490855,0.341674381255702,0.36992955271035,0.00504046514662269,0.00485166398854883,0.00506365565746863,0.00514849080044297,0.00570051370691902,0.152919527523334,53.5664289241615,128.652326033516,21.0187636404348,74.6403274344199,43.9411477519042,0,0.000218319800882263,1.71321434057468e-20,5.07547200486971e-17,1.01365005520308e-10,1.47331414357448e-12,9.6285308184893e-23,0.000713110494057784,0.0629102350061526,0.0207395526393667,0.0612264592261013,3.77668721116772e-05,0.493218296116173,0.37368271052299,0.4058507007955,0.979236357368925,0.302832139401538,0.728275665617954,8,"AGTR1"
-14.7651974132365,0.00683128736098048,-0.00742172420798309,0.196247058322118,-0.11000525522049,-0.520870886931768,0.177574305389352,0.00665073162318472,0.00202563214442822,0.00453349981295553,0.0102564623200293,0.00010237267346218,0.0855904075736927,-13.9867692061463,27.0442733165044,13.7010302149944,15.5218672323386,10.6555237803429,0.0299814130840432,0.00313084716512757,0.251077709387518,0.233437188187714,0.240688040066693,0.276112818293548,0.338463039302517,0.00390022925727509,0.00366193577248201,0.00377219282798408,0.0042435776229388,0.00534405218784218,0.0671584127908058,23.2231540533126,55.4359154387916,9.30494871840603,32.2445000437991,17.7286323076799,0,0.0291147463588181,0.976418388829243,0.400524628198625,0.647638731267188,0.0592353832961723,0.599827195744486,0.0881542287653798,0.58015464857551,0.229432963781812,0.0156516999956431,0.984716358061135,0.202502039016907,0.546989835383157,0.625657856304665,0.140900603917644,0.630246232493112,0.547816852851235,9,"AGTRAP"
-15.3552546833998,0.0113505220387402,0.280804919655214,0.0567591780404652,0.273158905372584,0.597649879182368,1.22105312104489,-0.00939726274504287,-0.00524578144931008,-0.00501419881575345,-0.0135263246353992,-0.0222526517831622,0.0277596987966296,-26.4844682406552,36.37539756223,14.5985826132463,-8.6125027591573,29.8957347119339,0.0341339831333446,0.00358751638387937,0.363143038791375,0.327490898851409,0.30046876203724,0.360381566874128,0.449729150132137,0.00575661925899642,0.00515779234867187,0.00475778789598132,0.0057601624941891,0.00740549717636615,0.0769516117534122,25.6145521573848,61.039560063317,10.1152287529245,35.4709426045193,20.44510904147,0,0.00155673410981823,0.439367002387374,0.862403610839081,0.36329250525831,0.0972406249708079,0.00662586500238279,0.102589490600146,0.309125149000333,0.291931960384963,0.0188616538035001,0.00265683120450433,0.718292125509507,0.301154025755721,0.551220978088769,0.148956219586838,0.808156887043597,0.143674402580893,10,"AGXT2"
-13.7513194479399,-0.00222178266435901,-1.31831470811391,-0.940704592647284,-0.653741154441398,-0.336522300920174,-0.67073162745071,0.00838750883759518,0.00185832470413974,0.00143703177608888,-0.000517030946707036,-0.00134540487440465,0.0926323038196676,7.58979828786703,-23.3888566576212,3.16101949961357,-8.64201706068612,17.6460434203209,0.0274767138214215,0.00218529249858541,0.171668364408301,0.14854747236327,0.137776141256308,0.145374585569378,0.21629749827791,0.00271789328057399,0.00239601150636399,0.00223945865312915,0.0023444370849802,0.00352772914982946,0.061530878195237,19.9243064634853,46.9485178801654,8.0683520231032,27.292731692413,16.4777582159162,0,0.309297084456007,1.59801489030682e-14,2.40928579864868e-10,2.08555952994293e-06,0.0206204113661131,0.00192889114049994,0.00202846186873137,0.437990579183678,0.521076353002848,0.825454346436816,0.702921397900889,0.132205736660572,0.703253990778761,0.61835651699097,0.695220724002711,0.751515487834712,0.284214064384993,11,"AHNAK2"
-15.2881842322096,0.00329193591495184,-1.18836083025337,-0.789016570567986,-1.3486842708988,-0.827237760515451,-1.93966819485574,0.00575031896786147,0.000374226823120045,0.0157887936767123,0.011208927943879,0.0198587994221062,-0.0419731124657579,59.6051335149258,-136.381859748283,-2.64089516509514,-69.105668407112,-13.427438786528,0.042021914475014,0.0036246148965165,0.363115537322797,0.303959933895977,0.276093494890867,0.300290910411983,0.47135202253613,0.00572583182854986,0.00486277835368931,0.00428926662279064,0.00469070806532034,0.0071940605412847,0.0926173156985178,31.7095726733714,75.4965890077366,12.8412620707402,43.7248844207875,25.0333484846879,0,0.363763722912298,0.00106533146071584,0.00943733515145523,1.03490571811173e-06,0.00587301977959928,3.86984942946419e-05,0.315245305377344,0.938657427055103,0.000232320317040589,0.0168666144641296,0.00577228981929726,0.650412934184934,0.0601461814125891,0.0708459140335426,0.837058865857159,0.114000316941219,0.591694534224491,12,"AHSG"
-16.8113557260351,0.00281409429203707,0.180775257008233,0.675377838765508,0.698192241851709,-0.485281605037814,-2.10777923545989,0.00136225341083214,-0.0075407266223619,-0.00763771447864416,0.0067746751437153,0.037245703241222,0.126725278624113,1.48584501650035,-64.8694624565716,13.8163898755223,-69.2633795246632,60.7078911979838,0.0495915806488922,0.00690654347835581,0.671465082746542,0.613996354415835,0.592463759584571,0.755058220031647,0.928897130353768,0.0105835953318361,0.009828997922802,0.00957195202912117,0.0117105081905621,0.0136454695526095,0.109823636785481,36.5743463199066,86.320552469757,14.3320400092675,50.0073041486701,30.5380668557364,0,0.683675048606133,0.78775646271396,0.271345002487749,0.23861501868986,0.520413892837405,0.0232610177322552,0.897584217258128,0.44296748672588,0.424913126065433,0.562918173619579,0.00634248932044673,0.248541975115324,0.967594587618778,0.452354816582824,0.335035315871723,0.16603251456259,0.0468181574935488,13,"AICDA"
-14.0269979827471,-0.00112026571113906,-0.0102774103526627,0.369938263657229,0.00650982334829568,-0.122488293607521,-0.321918388228572,-0.00231670423012081,-0.00568539170499043,0.000421242812975844,0.000840618097229832,0.00254387502649792,0.0499886513984682,21.6601851870569,-49.2304375774537,0.707220268739916,-30.2752339427054,-36.1223881795239,0.0401903995096396,0.00306506799471965,0.165972038903147,0.138454013716147,0.140093321857361,0.164759650427907,0.214550628275453,0.0026494333971817,0.00223218628629379,0.00224321472698119,0.00262091247328109,0.00340217212677102,0.091089819700418,30.9799543417343,74.3801228211494,12.2539801153854,43.1551587942149,24.0592364862876,0,0.714742258809088,0.950624516968853,0.00754182766674952,0.962937427318491,0.457217615509497,0.133502825228646,0.38189230669441,0.0108651587281129,0.85104493782325,0.748411297845683,0.454628553603605,0.583153572861768,0.484447198149882,0.508050526834265,0.95397682799763,0.482963712467555,0.133253739929079,15,"AIF1L"
-15.4137062317249,-0.000661427124214413,-0.495013383489274,-0.0790671209883545,-0.284733724103798,0.36809285993943,-0.808967389349396,0.00953687216951712,0.00125424554540446,0.00473872806135983,-0.00525440359270637,0.0145271901628497,-0.0344036656637119,-8.27114125969396,26.4344306270812,16.0087922816814,7.45223978605803,-13.3158509668437,0.0332468526444484,0.00375233231367385,0.343511126964792,0.320968759386802,0.309676535409891,0.34601160776871,0.456245571694261,0.00544648938734587,0.00518838292190615,0.00501715545206879,0.00562404787563094,0.00718083975828999,0.0753037588776296,25.2625630423201,60.1329713122725,10.1726328910845,34.7770093811484,19.6902525915768,0,0.860081095232542,0.149573292896866,0.805419827650977,0.357857488784557,0.287411831989881,0.0762127312831104,0.0799437198403101,0.808980758178434,0.344911683511927,0.350162399335312,0.0430681034671724,0.647767949913063,0.743360034366911,0.660227124554452,0.115554095674284,0.830323730957912,0.498871691349403,16,"AIFM3"
-13.3193709608172,-0.00577149992723003,-0.271886559704978,0.0886051156845691,-0.281647505297466,-0.125307317997996,-0.151234499441252,0.00251281496264773,-0.0010153870223085,0.0039793813827494,0.000585470660195725,0.000761904739834215,0.0530629528053881,1.94677853054211,-17.8149164961346,9.68564059205606,-28.6393208308419,-5.91067818971032,0.0240529188650738,0.00203151217111145,0.128057719624146,0.110199119439318,0.110526145188862,0.126719342817164,0.164446029616067,0.00206813553654246,0.00179595370523018,0.00179990103864616,0.00204561249145588,0.00267579889183261,0.0542490672817861,17.949880553598,42.5834423079424,7.08687396831292,24.6472173513099,14.4103085849166,0,0.00449741277293829,0.0337407529184966,0.421370647707166,0.0108266943997725,0.322733077401444,0.357750258754336,0.224360506199882,0.571818840273907,0.0270435255506451,0.774718816723277,0.775843983449144,0.328007182116154,0.913633703738539,0.675688947532726,0.171718918077232,0.245247755175364,0.681681148524813,17,"AIP"
-14.8531457612664,-0.000767281527278982,-0.0214097513540125,0.0281595681604776,-0.668131646615756,-0.657154249328645,-0.97056085960059,0.00044278554767968,0.000919128686551529,0.0101558440646495,0.00979682576501304,0.0150963994434851,0.0558268589016885,2.09703673872824,4.66685740498968,9.19951243241356,5.53142772994189,-28.6733656848344,0.0258163261737916,0.00281161827470953,0.264404078861746,0.232644498715996,0.23891459500156,0.274161677362226,0.353426011769985,0.00424422298752143,0.00374607835202604,0.00381566685471591,0.00433242452108534,0.00553218384332257,0.0580174327721688,19.4656129198361,46.1258445256973,7.97460792718416,26.7613892608359,15.6271222122117,0,0.784932574506209,0.935462943981939,0.903658406072153,0.00516547394366362,0.0165317817567333,0.00602991780550117,0.916910133116171,0.806179578199545,0.00777662909034127,0.0237419118507471,0.00635591049335252,0.335927637515498,0.914209616374309,0.919410249785243,0.248663955213879,0.836248576835517,0.0665284821856226,18,"AIPL1"
-16.0129894758245,0.00486674499341244,-1.69498665761776,0.194060034604544,-0.0714162447043365,0.397019388872313,0.670990746745337,0.00743598467888828,-0.0102324642528499,0.00114670991009691,0.000262924453474378,-0.0137484311848,0.428418173116622,-11.8674571177546,-13.8327885886469,10.5313313345018,-30.9631579174941,41.4099690146287,0.0628427507398374,0.00548592576958671,0.675777252338698,0.42976525060377,0.395170998406231,0.397393575587885,0.589276930896295,0.0103861085288263,0.00684769646354639,0.00621990517492685,0.00620610570243782,0.00950836943526312,0.133928723270119,45.3647831445599,107.874676555041,18.1793433078895,62.2543082916679,34.7703052990124,0,0.375007376858289,0.012134686737553,0.651593975584892,0.856585488618636,0.317766402792365,0.25484168108042,0.474019233932195,0.135099078315531,0.853730014126835,0.966207371459265,0.148196996750751,0.00137975949245545,0.793629336718337,0.897966821458013,0.562385364390018,0.618931185454459,0.23367012128963,19,"AIRE"
-15.3486128772194,-0.00165551593191343,-1.15363324650616,-0.530585067982037,-0.201350865881071,-0.161686258466422,-1.49527170011794,0.00185412478981327,-0.00567289102546809,-0.00325486960265001,-0.00521132211963168,0.00912790405990183,-0.218596746820461,-15.0621449647509,27.1631628611707,8.10219695627167,1.33762650969601,4.14708068182277,0.0608413509675039,0.00489630066391619,0.364368209166292,0.299917592260326,0.264777933013089,0.306897005456918,0.481927502439903,0.005878944054882,0.00494950304274807,0.00434182370927348,0.00497185317268626,0.0076417123674248,0.135738084065995,46.7566408832197,112.197104696709,18.5120261970987,64.9500460003449,36.7563345663619,0,0.735276029619039,0.00154487380127886,0.0768767119778006,0.446984547297777,0.59830325431275,0.00191770326465122,0.752470126750497,0.251731578215704,0.453462551167334,0.294562626482411,0.232288649510263,0.107303912668685,0.747347273676365,0.808700994405073,0.66162401378824,0.983568970847194,0.910168278926774,20,"AIRN"
-15.622921558842,0.00125614198594897,-0.714364896982587,0.0598749639928475,-0.262388848045096,-1.00944301943772,-0.478131043325494,0.0114488326723404,-0.00141187367018168,0.0041645541909882,0.0129467241789877,0.00409932506952035,0.0660353411036347,14.5773940481478,-46.2128711606955,19.3184093833101,-30.8556908469966,0.650539138567919,0.0290233153595955,0.00356279050414092,0.373303091865617,0.336006481428605,0.325116873147009,0.403663281032726,0.528452703129601,0.00584427550390234,0.00540491336356616,0.00520550780104462,0.00627542796212227,0.00842322943429363,0.064958797497524,22.6331296048728,52.9579870687067,9.25729350536759,30.4324865789129,17.9942175890031,0,0.724408950559372,0.0556671402950412,0.858569160771579,0.419631872735329,0.0123946172098798,0.365584349063423,0.0501148515945811,0.793922541578803,0.423694330215332,0.0391048121839502,0.626492881471219,0.309356739791411,0.519527915404805,0.382863311905167,0.0369033911862419,0.310627449571283,0.971160619484637,22,"AJUBA-DT"
-13.255249671842,-0.00347109757570133,-0.227749302777202,-0.105113292159662,0.125622492317715,-0.640859455632894,-0.564297101564351,0.00145152656969127,0.00163157492326882,-0.00135765794309976,0.00625377665779102,0.00514491700625866,-0.0254339754431967,15.0038793320692,-7.4542289080761,2.4789975063384,-1.84341049554759,-47.3460134006887,0.0351704797157527,0.0028388202546371,0.153678450458178,0.133871453832828,0.128530285717059,0.160047919269083,0.206912108084539,0.00247380478120221,0.00216136836195592,0.0020930157530515,0.00256041911616951,0.00334466808129812,0.0813356584072615,25.7889225801636,60.6238484644029,10.2223104617323,35.0312976547143,20.3045639558982,0,0.221433437458964,0.13834403624959,0.432347584367601,0.328382748391095,6.22349769795265e-05,0.00638683226240686,0.557365752906038,0.450320661053496,0.516557440083095,0.0145866719287329,0.123988864213019,0.754505652378577,0.560704429634929,0.902139811340881,0.808386146362095,0.958033234484299,0.0197116526766591,23,"AK4P3"
-15.6045090817448,-0.00967980411758545,-0.328097438169655,-0.488664842548428,-0.389564263481933,-0.125249045222574,-0.674053971329731,0.0078548042993231,0.00952719501674849,0.00744174922875102,0.00352366322377533,0.00955579520322151,-0.123841506652539,-26.1158087729495,56.3401088363943,9.83254460979594,32.6885197686569,-16.6889296769887,0.0514014169084156,0.0060114187136164,0.559891954647096,0.516877573444982,0.498071350220757,0.555119941582,0.782142378243718,0.00902981864447301,0.00831438958505221,0.00806679167042704,0.00895099389208057,0.0126458662684,0.117210064376126,39.1430597999293,92.6988118260245,15.8104392392219,53.7600712658522,31.0488118087366,0,0.107346298064716,0.55787461136581,0.344446028807933,0.434129071452074,0.821492943100355,0.388795002581143,0.384369275517726,0.251849671474826,0.356259175381948,0.693830842184789,0.449861613389114,0.290704493170942,0.504651582165431,0.54333607922697,0.534006275589829,0.543157909486094,0.590917985029585,24,"AKAIN1"
-13.2014344009475,0.00202654788753509,-0.590919876861303,-0.398221841842056,-0.259577933596742,-0.1974170579759,-0.54152695830013,0.00254643072513585,0.000422325080157193,0.00092601600480216,0.000945066192124188,0.00296148835648826,0.196401618105929,10.2209716916637,-26.412606389993,11.7130710292673,-9.35282546616389,-3.74845577369229,0.031750084034927,0.00250936600545108,0.138431160622818,0.119775878798759,0.115640885104426,0.129333484600425,0.179349983328865,0.00219167051736304,0.00192326187006815,0.00185267934261769,0.00205857670904023,0.00287020550373218,0.0714234024785067,23.9268515567526,57.163458178362,9.44944339392739,33.0998430469643,18.7617572653286,0,0.419324581059395,1.96623248898509e-05,0.000885058310360721,0.0247880431198949,0.126905607017253,0.00253286991935156,0.245289294026671,0.826192097614455,0.617198095751233,0.646171556892845,0.30216413493136,0.00596277102759819,0.669251294323559,0.64404257285569,0.215141356587249,0.777511047145076,0.841642976206252,25,"AKAP1-DT"
-12.8906867284255,0.0049320030267343,-0.865932825825747,-0.199756346706891,-0.373765991865258,-0.192481522786858,-0.737587207840003,-0.0011609551410526,-0.00464216858656058,0.000637097991557947,-0.00115625405011433,0.00149203483181698,-0.107073996767309,-37.4242857488071,67.2759489836845,19.8078236552213,17.0957486869292,-12.3285530835172,0.0589468621661168,0.00438308724340279,0.122100800836475,0.0977936078711577,0.0927146363279551,0.104444103930171,0.150074487448063,0.00192453911339171,0.0015548232237191,0.00147325790961312,0.00164199189056802,0.00237511952576836,0.134957183310747,46.5850411321114,112.316813231773,18.4100905666424,65.1999153667405,35.9927563742455,0,0.26048947967905,1.32234891553747e-12,0.0410888870918846,5.54552407126618e-05,0.0653415379196521,8.88697629645995e-07,0.546350366313591,0.00282969992077278,0.665420496655528,0.48132212531212,0.529877137119073,0.427549266626723,0.42177007254964,0.549183703068469,0.281962088638647,0.793163341095757,0.731953027697875,26,"AKAP13-AS1"
-14.086296848353,0.00517098007481432,0.0974022249824024,-0.0329011554411555,-0.128040223425845,0.00190258095095838,-0.283560041270498,-0.00147048267140288,-0.000217717129250691,0.0018059658172615,-0.000468740259699656,0.00462623104164436,0.0647395723062422,10.403756993842,-33.8276864011076,-5.6134306574426,-22.1158992203427,0.688220562671452,0.0227105104796866,0.00221216147682016,0.193016211548981,0.17570840068923,0.170712017782992,0.194626113955263,0.251926008840107,0.00306025160530755,0.00278742422760972,0.00270665826763696,0.00307382373959292,0.003973546828311,0.0509388636373897,17.0295370731362,40.4545619701966,6.81935883658917,23.509373617383,13.7101818789594,0,0.0194119655237919,0.613817081936503,0.851465706166913,0.45323279575579,0.992200348873096,0.260348104366234,0.630864521874893,0.937743000338516,0.504624707125351,0.878797172985116,0.244319741071472,0.20375465378062,0.541249736500502,0.403048214704022,0.41041640883598,0.346844850673279,0.959964788245879,27,"AKAP14"
-14.5611803417424,-0.000802907740804427,-0.270062207489712,-0.668916685187091,-0.410684809505362,-0.175934668729919,-0.462719108899293,-0.00281081754550097,0.00434841031973262,0.00240175090906504,-0.00110642373834083,-0.000517727436490124,0.0656050388001271,-10.5470601975749,20.1004781513605,-10.2196503068668,14.6629411061992,29.619550817858,0.0301084075908618,0.00285909497828537,0.264352945996497,0.236305693156431,0.219853217661652,0.250053521236404,0.35861497082534,0.00426233884343879,0.00379718555465906,0.00355832573375188,0.004024288608379,0.00583794658339446,0.0671554405511402,22.5797006229352,53.7755152197038,9.18139887180638,31.2854877421062,18.1099316753079,0,0.778843985545228,0.306971622777384,0.00464424781196188,0.0617627056190896,0.481689357107052,0.196948247308276,0.509604103161551,0.252140124058164,0.499697005551787,0.783365040915516,0.929333731749086,0.32861210803728,0.640425734920174,0.708564319005731,0.26567319076858,0.639297043163488,0.101935512984041,28,"AKAP3"
-13.6481058197358,0.00359492034154444,0.0832229625362725,0.185437159583866,-0.0796891211338953,-0.00920082265853461,0.0430226913785703,-0.00281618038226122,-0.00495720343477867,0.00108948644528812,-0.00201562703123764,-0.00183588860664034,0.0654839918112186,14.2773687756,-39.7846311952586,2.1866028220729,-25.3899629535766,-6.01590781118264,0.0222885084830531,0.00198136800207036,0.149172383872283,0.133236619542045,0.128588673986734,0.151691991488702,0.189780499318995,0.00237558937417759,0.0021363503662783,0.00204876331455433,0.00241342549271385,0.0030295985250371,0.0502412103337207,16.2950999040937,38.6509698150139,6.55105336107172,22.4264174700405,13.4710195779698,0,0.0696218931905666,0.576914092626417,0.163986533580905,0.535441387606081,0.951634259662465,0.820659271847211,0.235833258389601,0.0203188429913363,0.594880036411866,0.403620490852624,0.54452529595825,0.192440965020034,0.380934584352911,0.303324284948965,0.738546471385998,0.25757335594495,0.655177272583537,29,"AKNAD1"
-16.6870624904509,0.0222884710155284,0.497092189700944,0.960531687095135,0.892918357103851,0.937937077219359,-0.418158377434783,-0.00271000442125227,-0.0102428122804793,-0.0105595703460571,-0.0115135212894792,0.00659657396776196,-0.193806125630761,25.748510251613,-62.4149097388434,6.62615327822129,-28.5557093201949,-2.63897653118909,0.0550034121647099,0.00693841261242207,0.660945029955922,0.60593352080027,0.60599482944501,0.681148118573729,0.97068431846906,0.0100712125581518,0.00931248761192904,0.00937995171958387,0.0104781242154379,0.0146263627525063,0.124868243876892,42.5323645178505,100.175077808424,17.6852262799095,57.8474928633898,33.7148993169627,0,0.00131663042439616,0.451995079308775,0.112918700218775,0.140622944152203,0.168514009908761,0.666623109113199,0.787864869874884,0.271375359873786,0.260267304586957,0.271848716882366,0.651985391748484,0.120641891716703,0.54492236010943,0.533246237047961,0.707904663477072,0.621561997606194,0.937610653381695,31,"AKR1B15"
-13.3432433827679,0.00729692123157785,0.122250270969921,0.0591936914988301,-0.0315759832875379,0.1278842709909,0.0537403336938162,-0.003335811447954,-0.00278838223623532,-0.00075094713382932,-0.00190883665153125,-0.000268355887873466,0.0694055082255432,20.3778773353086,-41.9044559865238,4.7136755353685,-18.3951407117429,9.12282695236627,0.0424567782550419,0.00321496267949054,0.13893625107099,0.12416599440805,0.122619070487306,0.134905348594709,0.173350167323581,0.0021888872449924,0.00196588730692187,0.00196014717465935,0.00212168638078051,0.00275323174665615,0.0952294240833149,31.3673901354381,74.8383765071051,12.4903641770307,43.3712932339063,24.9633625261982,0,0.0232272940068491,0.378912456631027,0.633554185245884,0.796782915841586,0.3431520945089,0.756553139863049,0.127514727150059,0.156078812816885,0.701640039955194,0.368291109586824,0.922353621801993,0.466109210234398,0.515917250029152,0.575525327236462,0.705887545193269,0.671469761638538,0.714776536702163,32,"AKR1C1"
-13.9078406691156,-0.00176383116754472,-0.298046812974946,-0.17750266357685,-0.271869602192659,-0.479592007857836,-0.0283090976919102,0.00424619741382595,0.00200326878809359,0.00295421178194838,0.00729553879898447,0.000436292702484112,0.259274760769041,34.3173015483134,-92.7106922654338,5.25022314786152,-42.8092536485209,-5.0699250799358,0.0467096834895251,0.00364095612332597,0.165200410406212,0.150518628104655,0.151321929212224,0.168763440764763,0.209221801429898,0.00262237344537331,0.00239908122289501,0.0024293345153012,0.00265742588843633,0.00336174418726309,0.104827911637159,36.2969616217288,86.5704964940794,14.4954990684409,50.1285893896391,28.930051477897,0,0.628072392443023,0.0712073279272,0.238289196448305,0.0723942897595229,0.00448595721386109,0.892369440213994,0.105400109857377,0.403709267344692,0.223962811162765,0.00604481514779342,0.89673918247535,0.0133857821534151,0.344424417216649,0.284202201713758,0.717204982496999,0.393111197854725,0.860885002398839,33,"AKR1C2"
-15.0957782689226,0.00066899240106806,-0.0988222244427926,0.36634608416257,-0.613515716354898,0.120031769094019,0.814118119401952,0.00141949748302464,-0.00390683606496716,0.0108757276098279,-0.000841029807641786,-0.0122527710727614,0.048648186397063,3.93217743261447,-31.6451720685222,18.2936950453048,-20.8073611959172,61.3232169731743,0.0262074816417231,0.00311230139813199,0.308146102303375,0.269565908770435,0.272855866178187,0.303911661356799,0.385814036888213,0.00492360846008755,0.00435572458638479,0.00431600270545972,0.00485911888099653,0.00636559644531508,0.05844591450038,20.3111340261641,47.5901577500701,8.36487644636454,27.3719218331289,15.998123219189,0,0.829805495990258,0.748438314368818,0.174139519067248,0.0245444882044269,0.692875275577657,0.0348470827147484,0.773113817084649,0.369749408461947,0.0117401129941004,0.86258635968965,0.0542490554593905,0.405204372943674,0.846491338739209,0.506081174567418,0.0287450527190156,0.44715194036411,0.00012651240366441,35,"AKR1C8"
-14.1789043528373,0.00108892573754102,-0.0791797468385284,-0.00318673527066778,-0.0462844676361129,-0.26259029601304,-0.160515985622619,-4.45424984821031e-05,-0.00131307614385797,0.000887900192290201,0.00355568612773277,-0.00170160576231398,0.0471816970871261,21.8180327019957,-49.45676378909,1.3097621867671,-29.0608973103767,-3.02921528032987,0.0211829722550908,0.00210565282342275,0.189092422387803,0.169371612103723,0.161238174246203,0.187953165645001,0.261688890306024,0.00302838740756622,0.00273745151505595,0.00260931440364566,0.00298730588292145,0.00424973847274912,0.0475623767394541,15.8369033204436,37.4711038399484,6.38475907529787,21.694285038456,12.4191502071435,0,0.605055635898715,0.675409305829452,0.984988648159676,0.774069051078273,0.16238201682959,0.539621939209329,0.988264879725546,0.631461341986013,0.733644901730457,0.233942188023765,0.688860108578037,0.321199378097177,0.16830507873101,0.186880404069992,0.837463637479321,0.180386923415365,0.807296760334703,36,"AKR1D1"
-13.7624110447866,0.00362326776887542,-0.543982044946212,-0.513838482962294,-0.609584882926561,-0.104089204444991,-0.224817831410028,0.00412979815510905,0.00355519966065702,0.0075166622877693,0.000124267478276828,0.000723146611497197,0.0603151653992589,17.7104610263954,-35.3532491374167,1.13510033398433,-21.049217078152,-4.70562417087326,0.0236358559762331,0.00203869677903315,0.15471800476909,0.139251503394295,0.133126292583794,0.145925471805899,0.191658659564195,0.00243781930246178,0.00220780178474506,0.00210541087396289,0.00231088390215982,0.00306843456773946,0.0531157140116082,17.6202266222897,41.8338226184447,7.06984872859544,24.2978805095311,13.9244287192973,0,0.0755276067972219,0.000438169884626645,0.000224251295421389,4.67211090493416e-06,0.47565774039906,0.240791152900699,0.0902549743700081,0.10733470712132,0.000356757683506321,0.957114532461702,0.813686566424839,0.256147969230941,0.314838555836595,0.398061872605647,0.872443813829715,0.386326496792968,0.735408255619488,37,"AKR7A3"
-13.4170002578104,-0.00571315469395156,-0.0833371810540176,-0.0544061694059698,-0.074698153149568,0.0337380911686692,-0.113600902265039,0.00131357566122239,0.00278984912444469,0.00195685667687068,-0.000599178732950337,0.000984240303627674,-0.0167691782772581,15.121662902825,-43.235807373876,-1.50213292499197,-36.8309907219406,-13.530960321264,0.0217388489130867,0.0019057516483758,0.128920726611176,0.112569183933549,0.111427610935818,0.127974790686841,0.168304822131583,0.00209330212861393,0.00183198061596922,0.0018350040301899,0.00208878077746881,0.00275509550501817,0.0497293400357736,15.9310767726939,37.6884315509436,6.36490920249879,21.7985627808246,12.8895519445206,0,0.00271892809333398,0.518006161230873,0.628873388500145,0.502619519670319,0.792064454701839,0.499694083494372,0.530322590823953,0.127793854727962,0.286240798426702,0.77422278949472,0.72090943016761,0.735959394841975,0.342522577690592,0.251302932754543,0.813430920318561,0.0911032847903671,0.293827604095074,38,"AKT1S1"
-16.6281531416236,0.0102937475242073,0.024312411467288,0.597531848762909,-0.155319612646862,0.305032904941394,-1.05969659251336,-0.00284347493997598,-0.00810057055058779,-0.000864117231067041,-0.00457939226678083,0.0103632679109002,-0.227250173244814,28.4504205933569,-100.907661809269,12.0471372346325,-76.1847543643485,2.13127106486119,0.0481025554558039,0.00595778559038539,0.645183928469046,0.545031466315049,0.576963601794323,0.626004657057754,0.98182162006811,0.0101853035800665,0.00864595469082327,0.0091122675581451,0.00984432434795667,0.0150793718212344,0.111598475665965,36.9188034347851,87.1419741242137,14.6184339200453,50.3094575811607,29.9002770930711,0,0.0840275317891163,0.969940497766719,0.272936390834323,0.787774431850909,0.626067439636355,0.280446515554896,0.780111069798177,0.348799551009566,0.924449779364874,0.641801871328286,0.491926470135282,0.041718264020539,0.440931363216878,0.246876887917068,0.409879403901759,0.129944010296652,0.943175463034458,39,"ALAS2"
-13.9905835378848,-0.00162940070172459,-0.227212893132037,-0.125198198529374,-0.458621813138376,-0.348945004129199,-0.19245906302182,0.00305079178287018,0.00139273784301696,0.00679541825886744,0.00349715173607594,0.000893433301830004,0.00190290042595431,-15.9003983073122,35.5094302378047,6.67389252392876,13.3493682345508,0.511732869999818,0.0154007403074097,0.00174630169545636,0.171606241497228,0.154990637642202,0.150905145773123,0.177485899893806,0.231865245167029,0.00275471511931644,0.00250518631135402,0.00243152740173806,0.00284537312909791,0.00376499451974627,0.0348131289685792,11.6326800509935,27.6116317494425,4.7094304894098,16.036775253339,9.38196769696788,0,0.350790042225169,0.18549098913253,0.419217755883501,0.00237254840824459,0.0492935831970323,0.406512181958149,0.268086473065816,0.578250626637358,0.00519460053081236,0.219047013346233,0.812424041025715,0.956408998453942,0.17166506164901,0.198432042663605,0.156443849429315,0.405170658050544,0.956501514008879,40,"ALDH16A1"
-15.0417774017106,0.0172182530629395,0.262824094222355,0.685615420848185,-0.214156629399773,-0.216574204332259,-0.463509047170969,0.00474770129795771,-0.00636601834870879,0.00503575221550219,0.000649541790634099,0.00203505523020175,-0.15520651130643,18.6883318797425,-58.661174499439,5.50171235731408,-32.4483027666915,35.2734253543227,0.0754049263969887,0.00655340071535307,0.285719897419644,0.290096583941969,0.287328729245524,0.346905711967552,0.488475788532358,0.00441088996213918,0.00457983960225743,0.00448289802753905,0.00539971187827513,0.00773166910333318,0.173859648487173,63.8120330560952,153.779440793488,24.7969364120571,89.2950684485988,41.1976190250897,0,0.0086045991688498,0.35764265096987,0.0181079184792521,0.456068236886856,0.532428751076279,0.342677335621389,0.281766712195293,0.164526138913898,0.261299415181805,0.904251892607655,0.792388463873224,0.372011678822394,0.769625093005319,0.702859684074061,0.824414580344871,0.716318858464247,0.391886841159392,41,"ALDH1A1"
-14.5225427704373,0.0126699355448932,-1.30441707742499,-0.488030960698662,-0.163088910791811,-0.104657295200341,-1.10480131207718,0.00759789877713391,-0.000483952872981314,-0.000280986722354178,-0.0018431088403506,0.00636455990122364,-0.00675369334301441,18.5841885927446,-25.9742581868264,5.02354371884398,-17.2855663254885,-9.75874954087866,0.0443339832160221,0.00343376652476541,0.252628567484541,0.204660307838037,0.182134513127447,0.212246981002108,0.334892664550571,0.00386948374046032,0.00319691695250751,0.00286654943514797,0.0032907376099497,0.00515905583291534,0.098548099708307,33.7659291061356,80.4399537685311,13.2628774794687,46.5756668576002,26.0263555217332,0,0.000224424304701944,2.42531187915337e-07,0.0170981567119676,0.370556672063186,0.621947560477168,0.000970398080835811,0.0495830812161266,0.879675080853683,0.921914321626899,0.575418131340619,0.217326800989741,0.945362188229916,0.582056803057696,0.746769120444973,0.704860704199511,0.710541681452437,0.707692864984504,43,"ALDH1A3"
-13.2054603762085,0.00822592217529762,-3.65194934626028,-1.55229556337264,-0.689665746072565,-1.34588556189001,-3.21912672660153,0.0262983142643005,0.010304187357846,0.00480364420575434,0.0098126481816427,0.0169705509070577,0.117600751275103,9.00339350582539,-13.1310259566988,7.56386529086321,-16.0875398590157,1.08076243896115,0.0465316670341595,0.00346706531421063,0.188827944814582,0.122610279758903,0.107243768599552,0.132326527048955,0.292786198278247,0.00283398296621138,0.00190840876973146,0.00168991967327366,0.00204593569407155,0.00445445458163566,0.10518918368643,33.4320450080212,79.5907705135923,13.3199746494022,46.3643294293065,28.0594628331897,0,0.0176638911604663,2.47046182701761e-83,9.79949012610996e-37,1.26914472536369e-10,2.67308130513525e-24,4.04794100550404e-28,1.7006759353138e-20,6.6878780448134e-08,0.00447572814671431,1.61730887697855e-06,0.000139083061917229,0.263570063268655,0.787695522828393,0.868958333211655,0.570130825552134,0.72860561767012,0.969275588061134,44,"ALDH1A3-AS1"
-16.8072055521584,0.004877938619727,-0.0535969424046389,0.284763522443919,0.69580090589528,0.770510216555619,0.0468442701398144,0.00254545107324326,-0.000620821198448668,-0.00936188893443348,-0.0103687586255487,-0.00268505742101077,-0.576608288693648,108.589115069302,-260.607565491698,-65.7332529597399,-156.511100150569,20.2705105621256,0.0871624430567241,0.0079654281771078,0.570324826035497,0.528903050635212,0.504618292607149,0.602285259602011,0.830495768618131,0.0090753356978152,0.00845498189897598,0.00833370617184093,0.00961448327673962,0.0134066527689303,0.204282478955007,66.5297467705344,157.108992336902,26.3740163684477,90.6834544815299,51.5356578864891,0,0.540280581989443,0.925128087090977,0.590298159754131,0.16793613438661,0.200787526161694,0.955019023940424,0.779109190120736,0.941466592204681,0.261277663622954,0.280832096009094,0.841263178061687,0.00476355536725185,0.102639695635966,0.0971622987768194,0.0126901281457538,0.0843643609256619,0.694075903134266,45,"ALDH1B1"
-16.0469560769937,0.0459833483019632,2.21211662688598,2.0665548005608,1.42580548509181,1.31907032124991,1.01718264146485,-0.0212563097630223,-0.0230737189639701,-0.0208131492503935,-0.0248414449959395,-0.0209290652493809,-0.0152622621502435,31.4596890726668,-128.349443193345,26.0373683412596,-79.6555243003677,76.0713561189358,0.141674024482914,0.012572782329079,0.426161004624073,0.453490770588621,0.461720530137767,0.54926866322892,0.817721228872985,0.00638044102995186,0.00693104514839715,0.00714223814527997,0.00845496984793452,0.0129902292226628,0.326493609434968,128.132473915551,311.274257589659,48.3964454011996,181.563957936902,71.4456628261867,0,0.000254813941981145,2.09392227519394e-07,5.18908623096815e-06,0.002014901319161,0.0163278769158534,0.213527724661771,0.000863856005649455,0.000871462296406211,0.0035672312869846,0.00330243327898038,0.107149424111533,0.962715687510623,0.806050174313627,0.680093492981334,0.590575897179545,0.660865292908392,0.286991695994116,46,"ALDH1L1"
-16.4802936593657,0.0184572638362714,0.036469902652332,0.552310450301433,0.572939546449259,0.789346549789991,0.427663787810491,-0.00349783951451764,-0.0127319798182567,-0.00896205535058931,-0.0135501705035232,-0.00640577844387408,-0.00501269971701575,8.07886140670205,-56.3366027372231,-1.63710126168239,-19.3381664273743,40.4087269482916,0.076723308294006,0.0068071948389746,0.567405502160367,0.516896819427201,0.475814923532771,0.556846587030684,0.701188158928591,0.00861896813718812,0.00806332878285145,0.00733518002236264,0.00869358528985482,0.010914274479771,0.174118467980002,58.4543726961172,139.63187720424,23.3932208974254,80.8295735004524,46.2425194346005,0,0.00669927486578213,0.948751380075721,0.285289623816893,0.228542160586061,0.156328130773253,0.541919427001766,0.684867200827456,0.114336521575188,0.221786754567544,0.119081590289274,0.557259131239578,0.977032859579933,0.890076039922017,0.686606033269674,0.944208092689168,0.810914698257521,0.382203464694777,47,"ALDH1L1-AS1"
-16.8764495852928,-0.00138826085634301,-0.227077510020501,0.299134340805176,0.186176778780175,-1.52808433162828,0.717635973374205,0.00517388887842052,-0.00709008549208525,-0.00196557718038439,0.0213913188979789,-0.0154223498693564,-0.186277273645495,-31.2061767755524,68.9238533038366,15.1007729830216,20.4559385895973,0.0426082330268461,0.0583913971136854,0.00684064954556746,0.664162844426526,0.629970712301824,0.577426818407523,0.761968756781462,0.941366338602727,0.0106527796024748,0.0103645842937156,0.00950328797164885,0.0117473973660439,0.015891239654903,0.132582150427083,44.9304962214552,107.413403497808,17.6668731332276,62.2297063528339,33.5056959509452,0,0.839179708299965,0.732425885035941,0.634902097428995,0.74713083021107,0.0449157896419004,0.445860428415552,0.627190945236809,0.493931920199928,0.836141629288311,0.0686158079129902,0.331800404128478,0.160022730983532,0.487341532984784,0.521088108687635,0.392689150933806,0.742369892669476,0.998985353350603,49,"ALDH3A1"
-14.8532146912325,-0.00165094911759339,0.234547023011108,0.426138671807892,0.217106113192019,-0.462046169682006,0.485537609376502,-0.00165132756560853,-0.00361627274083931,-0.00264318410862375,0.00764928237470543,-0.00723928895292451,0.107994815859889,13.8305999280507,-41.0210011907396,10.8553630406675,-29.0823072924141,1.67987404988474,0.0353060793581064,0.00347175709450769,0.261712685834331,0.234638606197708,0.237138131497616,0.280685242329255,0.341533817444546,0.00421254671680466,0.00380450806301003,0.00386549784137297,0.00444978450365386,0.00560077277398594,0.0800665419887298,26.6808580325046,63.4915816403181,10.6403718498286,36.7803162076285,20.9522367541842,0,0.634404233749484,0.3701457231697,0.0693475177421922,0.359915585591618,0.0997356978686492,0.15513123448631,0.695056590900532,0.341846529710457,0.494108543507594,0.085610164867213,0.196166117911924,0.177396945098573,0.604199003177099,0.518223873941526,0.307631136400537,0.429117310334974,0.936096992631152,50,"ALDH3B1"
-16.3439211673169,-0.00215469192199972,0.0228343755507198,-0.258361271586208,-0.67334697701552,0.172169590275718,-0.438066682904821,0.00114606758727063,0.00684366034385777,0.0123574234722899,-0.00470017374305812,0.0107676627097819,-0.0383308637673522,45.5644467235949,-126.028394000399,3.02054838925247,-91.9287104309318,-32.6864849237948,0.0428031904612551,0.00536332857870201,0.522700384631311,0.469485198227508,0.46893659213278,0.561508793241391,0.656782216179675,0.00839856795240295,0.0074696500191607,0.0074469917348875,0.00912071383351095,0.0103370113533693,0.0971855990827094,32.3552846994363,76.5521373228619,12.7504645744478,44.400113216439,26.4067037883507,0,0.687871499694362,0.965155176962666,0.58210841395228,0.151030237513397,0.75913294850642,0.504778995070861,0.891457737771977,0.359564322505987,0.0970383155627126,0.6063227233501,0.29756882596844,0.693279185104349,0.159055984650408,0.0997003688789541,0.812736601092098,0.0384091785207533,0.21578647880353,51,"ALDH3B2"
-13.322347636442,-0.00256579354431714,0.0121421985934792,0.129508255654478,0.0751023838592316,0.0228967724433377,-0.211923467565677,0.000202647306956292,-0.00256408517220592,-0.00107520557873031,-0.00175313162769967,0.00216316879741227,-0.053406846043992,1.60286787181013,-11.4719930021476,13.6405427640271,-11.9593088200788,-0.0767397676410623,0.0199119181424296,0.00179914016208008,0.127194681297372,0.115978889283889,0.113573655893071,0.131634720588249,0.170755769577671,0.00205282385221787,0.00189257833243443,0.00186168934697859,0.00213395087381288,0.00276992635430991,0.0451676204101038,14.8696422602004,35.3007204574955,5.9232656057984,20.4252229747168,11.9251831392655,0,0.153833100862952,0.923948247101114,0.264142422212975,0.508441816695091,0.861911248234492,0.214572093368779,0.921363475607289,0.175477910861078,0.563572725567912,0.411337248340324,0.434833004668199,0.237041301173294,0.914158587444102,0.745196961766026,0.0212858535544757,0.558200351842712,0.994865567052759,52,"ALDH4A1"
-14.1883224218313,0.000545862002463031,-0.288608359945394,-0.243425389838136,-0.119162648079267,-0.110202612123223,-0.467147789989461,0.00153789434350032,0.00363883139510146,0.00172071074378596,0.000671012156512601,0.00359218189699134,-0.0127885101986891,-12.1922766451035,20.9369398307751,16.2536066750912,5.92020934340754,11.9644975709091,0.0216890679743702,0.00217227875234339,0.194723031786756,0.167511914558415,0.162944064457178,0.186832489988054,0.259986227096928,0.00311425886216012,0.00268608372302953,0.00263208082622945,0.00298897505438984,0.00415969109358917,0.0490164097452095,16.4813027943329,39.0426004965217,6.59848533867772,22.6278908189878,13.101310928988,0,0.801593438274267,0.138300908553949,0.146173077994741,0.46458973269615,0.555293127451747,0.0723646049273231,0.621430805131763,0.175513896500696,0.513275845704201,0.822371583965667,0.387824485901218,0.79416759689324,0.459443126863139,0.591779669770098,0.0137690414306083,0.793604182085103,0.361122095031613,53,"ALDOA"
-14.1110662331264,0.0234712505041775,-1.05809188220718,0.232618085061868,0.205623789588539,0.332873532813078,-0.653885790458876,0.00602585783448214,-0.00507596597264355,-0.00209704491311393,-0.00454758444156598,0.00417242925382723,-0.0340470180013291,7.6762672233692,-63.9012542184663,19.1636758998743,-46.734591834544,33.9363092094921,0.0650570630306335,0.00489445831916915,0.218951170661906,0.165908936436809,0.16122948959796,0.181807163355302,0.268877919795864,0.00324568348035303,0.00250571546636233,0.00245124225663972,0.00274777131480643,0.00402790694365383,0.148818112868729,53.118014429777,128.383253713845,20.6400894115158,74.20914069361,37.9613584761125,0,1.62290141378952e-06,1.34797091214741e-06,0.160890488594575,0.2021859142294,0.0671131733466556,0.0150196102449185,0.0633715106813025,0.0427898835946309,0.392272787474735,0.0979228062392681,0.300258012353482,0.819037770097117,0.88509504081508,0.618668554397896,0.353164523790587,0.528845946619375,0.371338033236522,54,"ALDOB"
-14.6791278035494,0.00693762579416522,0.742067610691435,0.623971826146514,0.594988459200822,-0.210636778641107,0.763692903070867,-0.00808512996607201,-0.00759010105620929,-0.00957467250564876,0.000977437306230733,-0.0121873105986859,-0.0280509240868199,-2.59928693454111,-17.2973015913895,18.6326316633191,-23.5020430643194,17.3358049781696,0.0547367612366287,0.0046516660585375,0.226749392555492,0.213928088591374,0.214765966972859,0.263684121569252,0.312400639781204,0.00361740773933032,0.00343717518505231,0.0034836239432999,0.00415022795254565,0.00511377743808774,0.128616502212138,43.1512833022552,103.386427925237,16.8675512729002,59.97466525901,31.0365581269755,0,0.135849116956923,0.00106550619872663,0.00353714655185603,0.00559868293540713,0.424393409258113,0.0145015062307052,0.0254132897506284,0.0272276826874445,0.00598721946763453,0.813809716710958,0.0171614428634457,0.827353227040759,0.95196718971485,0.867128279718786,0.269314073993604,0.695157091821474,0.57646149393901,55,"ALDOC"
-13.6259426708119,0.00470596425006988,-0.892564601735211,0.383747869795983,0.427944245085979,0.317384024879206,0.0263510603461622,0.00297791674953345,-0.00895467828887355,-0.00927210504162894,-0.00826902326164838,-0.00929599546996579,-0.128271226012387,23.793098952746,-80.9295090875118,3.8222213600625,-65.7897337505646,-30.5562682592784,0.0571214302440149,0.0041519422957416,0.156244285753732,0.118308754605947,0.1162845970228,0.136393577836308,0.195785307362065,0.0024367851690388,0.00188909580542714,0.00186806438742447,0.00215870614659239,0.00314695613474495,0.130428859066889,46.1529633631839,111.054915445123,18.0190832895947,64.1253024458541,34.3690103101453,0,0.25703086139263,1.11248365560201e-08,0.0011802379093457,0.000233100842774133,0.019966760130638,0.892934773016902,0.221681979539239,2.13514975787743e-06,6.92402549424267e-07,0.000127859210782318,0.00313720490699359,0.325382374081711,0.606184804070604,0.466164300699971,0.832012836277758,0.304912361542289,0.373968396184734,56,"ALG13-AS1"
-15.7839376394854,0.0184273730907624,0.356549285729364,0.416605273571953,1.0836266303597,0.863221506315628,0.46469360344845,-0.00597693370943228,-0.00492403565322549,-0.0179748710239081,-0.011378906843797,-0.00670964432264161,-0.207383032506409,-21.2082669197421,35.0509885267212,15.4948297974353,16.261343765145,8.7936345130845,0.0532795397491565,0.00509273852355721,0.428183717357484,0.378109323670354,0.383912995471817,0.410106870677021,0.54131775084555,0.00658692724004241,0.00584394529835122,0.00607546730007106,0.00632338619650686,0.0084370911484053,0.121204811742908,42.89594185396,102.370302246271,16.8617822280003,59.2995829335222,31.5093932720836,0,0.000296473169087334,0.405013016648964,0.270543546371215,0.00476383592112015,0.0353026560257163,0.390644660411554,0.364198846072193,0.399459146674769,0.00309041032114334,0.0719402891644774,0.426464811868735,0.0870786765456014,0.621015265327588,0.732054320486214,0.358131186507301,0.783912810272219,0.780183600827698,57,"ALG14-AS1"
-13.5921005558523,-0.00637810536090076,-0.764129664418421,-0.748510544736587,-0.431677611825721,-0.118292052776607,-0.275479932862997,0.00802467837708871,0.0089269309643211,0.00672983163451118,0.00362473530256626,0.0036289921496502,-0.0724815312251615,-23.6370011963747,44.3244690450044,12.7574516354332,18.8037459901648,6.05350313460577,0.0363468912690271,0.00300258995194234,0.156658835144479,0.139044045825001,0.128974838438917,0.13784815869026,0.189118436859712,0.00252649299611923,0.00225301174104179,0.0021090103854388,0.00223808271535478,0.00310017558931203,0.0831905317649024,26.8578718981208,63.5770207207738,10.7446309497918,36.9463110122774,22.1744730005345,0,0.0336533178753704,1.07347834104888e-06,7.31478974016802e-08,0.000816938892746291,0.390819031846249,0.145212197802113,0.00149211660207873,7.42556834279236e-05,0.00141786051573913,0.10532432492746,0.241769118052873,0.383605981614039,0.378817479526302,0.48569171129757,0.23509641609834,0.610788770408623,0.784857652628538,58,"ALG9-IT1"
-15.3951330918317,0.00919298383426022,-0.155543008028186,-0.108701873724904,0.250094972768317,-0.0294537102366014,-0.356218197920981,0.00173161017247626,0.00028758179577259,-0.00283400594854583,-0.0015517999931792,0.00571223965347487,0.0323711348369204,8.97757389979557,-23.0368037837893,1.52090549710187,-16.5450455661256,-10.4012701890911,0.0251818292629382,0.00332811408500678,0.368492641161165,0.339657484650196,0.312161554190914,0.378262644024774,0.477007432771892,0.00577602029549186,0.00534103506170211,0.00496054665634589,0.00594834742865136,0.00744965544086322,0.0563227506181773,19.1109843245374,45.2418992787127,7.85739034715248,26.3112887918162,15.6154603056777,0,0.00574097512764269,0.672947543216767,0.748942712214697,0.423032308350853,0.937934832084729,0.45519815810779,0.764335092054175,0.957059587083499,0.567790065558936,0.794185681804133,0.443212899850891,0.565464783074936,0.638526573775721,0.610617795583278,0.846517528837099,0.52946737901853,0.505354876117456,59,"ALKAL1"
-13.5139780765316,-0.00372820818042041,-0.351037881785357,-0.113088640300209,-0.0791311036430962,-0.0449529373334884,-0.573049659533453,0.000808105550893687,-0.000856505687466953,-0.00175472791576514,-0.00186764659623198,0.00439019098386106,-0.0770671742237479,-1.53332536255105,-9.23276990510975,3.36069598005142,-13.3397036024097,-3.54372698072552,0.0292945428386103,0.00240936794243446,0.146260420423869,0.126013961979075,0.124944978252904,0.142052335086902,0.19190916564308,0.00236266973545703,0.00205161907215801,0.00205737211771604,0.00229922974941386,0.00310235585322385,0.0658092315821025,21.7790687897406,52.0502231591069,8.63716978240662,30.1757195683232,17.6221524511025,0,0.121771599675107,0.0163911302613202,0.369489804912255,0.526519731052131,0.751658428284979,0.0028260982442262,0.732327799141897,0.676328862509761,0.393716045768618,0.416623934084217,0.157034716582404,0.241570901568974,0.943872407150843,0.859208386979051,0.697204467201405,0.658440392909314,0.840624281196448,60,"ALKBH2"
-14.9342166689882,0.0125386769683568,-0.0375650328460045,0.810720512057595,0.557924565751417,0.28775838535803,-0.168553754199475,-0.00766921730139185,-0.0126921697247755,-0.00801551419976445,-0.00506011180612565,0.000329835814030034,-0.0892202497841461,3.54734673760309,-37.1637441881829,10.027278780127,-42.6263667734053,23.754571352633,0.0536660403164287,0.00451324516295773,0.306313159316871,0.237036817610395,0.235933351885697,0.274210207265686,0.364374062622498,0.00479277652900527,0.00373285000495831,0.00370893084853302,0.00422868141987269,0.0056269931954083,0.121359093138981,42.4780705247474,101.967494014843,16.7102162338668,59.1174728677655,31.4125750908015,0,0.0054661735457447,0.90239531408055,0.000625681362257211,0.0180420035866739,0.293990377513505,0.643662298417517,0.109562722580081,0.000673541895983794,0.0306846225938262,0.231455896026796,0.953257402933351,0.462232528625469,0.93344596888955,0.715509622691754,0.548460409589904,0.470881739556161,0.449522001516277,61,"ALKBH3-AS1"
-13.617121286797,-0.00039861710470279,-0.00330179327739612,0.126215374190941,0.0382638038205391,0.0320035307402429,-0.043084268811901,-0.00165218571969717,-0.00144982939895812,-0.000713447876365928,-0.0027149065528023,-0.00181577696154896,0.102041055197018,19.6409212850001,-52.7136786022251,10.9504247097931,-38.9298380315394,-19.3289602477281,0.0264533590802116,0.00231646763811322,0.148934253263014,0.130453464045418,0.128890072154558,0.152579593248683,0.199941890296769,0.00239367864651299,0.00210078333648076,0.00208707375604638,0.00245357541286724,0.00323150574931593,0.0605955858749547,20.1476791298231,47.9031838655352,7.96720655557327,27.681855269807,15.9934295406595,0,0.863374855297656,0.982312771989831,0.333287830154417,0.766564528028951,0.833862998311192,0.829390022170558,0.490050372588236,0.490107711048274,0.732470373647301,0.268505693082319,0.574185443887952,0.09218776505542,0.329635747436999,0.271148650012796,0.169306008058156,0.159626000175183,0.226833348619046,62,"ALKBH7"
-13.3161715238951,0.000737129086348963,0.0365817495452566,-0.0922530456285616,-0.0785619240694837,-0.0469215314600345,-0.00945429560536565,-0.00238638290411622,-0.000596243894979765,6.15574296074881e-05,-0.000454042598490865,-0.00145807986478543,-0.0465375046775373,-23.8528231056441,61.7296205788804,11.4774749978569,35.1941192707611,-1.39122277754964,0.0174015051848004,0.00159965978332531,0.125261853008346,0.11292864980128,0.110054496977159,0.123746896993335,0.161305903891135,0.00201746605956151,0.00182568910618258,0.00179343427124727,0.00199005828110247,0.00261994538053955,0.0391292547727809,12.9000733112898,30.6593460038226,5.20489947893216,17.7997555433652,10.4339644216875,0,0.644939474091306,0.770254343972705,0.413977320455915,0.475322627329989,0.704559104326616,0.953261972358303,0.236864047063015,0.743981285485264,0.972618968461264,0.819525411041245,0.577848158270026,0.234310758360006,0.0644512362383127,0.0440722456121463,0.0274450407186063,0.0480162180567378,0.893927680823535,63,"ALMS1-IT1"
-13.934321363504,0.00559069400500081,-0.170444394370385,0.318736545461487,0.230912320676362,0.335747041252677,-0.209577211170099,-0.00294017213017051,-0.00428704943993937,-0.00326230118658882,-0.00539110392549815,-0.000357374974674004,-0.0634953109874506,-19.7572716499047,40.894224481197,16.1313636555952,11.6708819602294,-3.36089155601422,0.0450834363167184,0.00356905596120882,0.180238835606273,0.147559553246529,0.146061397690053,0.168361249996828,0.231441496003256,0.00285969303509676,0.0023560486941605,0.00234082416732757,0.0026727000779699,0.00368333414006556,0.102451527330229,35.6848040821819,85.669767287497,13.9507045706145,49.6673973911107,26.0681657379633,0,0.117246825629669,0.344322774856694,0.0307685197737211,0.113894865563118,0.0461295296373374,0.365184689394658,0.303882771134448,0.0688210260454693,0.163421826522525,0.0436850552949932,0.922706653152181,0.535416112864302,0.579811113523789,0.633114897846531,0.247553662747097,0.814223679371807,0.897415377086607,64,"ALOX12"
-13.8311140805764,0.00387546509290438,-0.44729762079459,-0.070504252958671,0.0513723708392315,-0.135001200351623,-0.492807042052539,0.00196666307263394,-0.00156830574078458,-0.00264022028474937,0.000840315098906533,0.00545640636478205,0.069965209128633,-8.85463117773801,7.2471775268113,11.352465663087,1.17554985990049,23.1560759999471,0.0285863381248839,0.00234484152169023,0.165997570833515,0.141342274904678,0.136799352759529,0.156394072699827,0.20758879923579,0.0026138495103641,0.00224971544482554,0.00219603965018,0.00246647595689631,0.003259616143153,0.0643232098772454,21.5048674419561,51.2295253861218,8.53652825324353,29.7136881826193,17.0979861932498,0,0.0983792993488823,0.00704724545119208,0.617906698091279,0.707265742102229,0.388021057471627,0.017598563333989,0.451809925355855,0.485732118698902,0.229261106483968,0.733333486186493,0.0941421194347696,0.276721706465886,0.680522604346967,0.887502720180001,0.183561383922911,0.968441869110039,0.175635588730999,65,"ALOX12B"
-16.6193535554333,-0.00597767807622917,-0.06749995420283,-1.33699921578485,-0.92159046038119,-0.591363289152829,-1.35150913710638,-0.00136179529083028,0.0172486968795937,0.012929612557484,0.00563337337647209,0.021501767368369,0.125168322435316,27.1411982121356,-56.161243519611,17.775924668624,-34.1873018190096,-23.7791437010879,0.0467877435033358,0.00568128939100152,0.614263997396654,0.595253227173988,0.539505146648071,0.637143248622968,0.808930171756977,0.0100388575451612,0.0094451688504314,0.0086926728406729,0.0102895635800482,0.0126923075647703,0.102395286172186,36.2668762065919,84.4122374848213,15.022165288958,48.4432469988533,28.7514915282089,0,0.292721898482842,0.912498571284626,0.0246975019906906,0.0875965675390647,0.353330757154211,0.0947737425233428,0.892096065556273,0.0678212648812664,0.136905219868031,0.584046129666218,0.0902503371681936,0.221555200988877,0.4542344177595,0.505845131477055,0.236685091045779,0.480363134092998,0.408204333567053,66,"ALOX15B"
-13.8949232669161,0.0102843935492733,0.287753346730573,0.472759168106764,0.053515579626044,-0.0848724572119875,0.876243485456356,-0.00571847233874979,-0.00711124729627567,-0.0012559128051338,0.000161176356733821,-0.0158211584058929,-0.0263794511013434,4.51091440068734,-36.4613868275364,18.1733625164213,-25.062590382461,25.0037422190623,0.0376619957873369,0.00306190047840816,0.185527737609656,0.163904187978547,0.165240140975176,0.189510735322738,0.243247341110508,0.00291870542424641,0.00259083422662189,0.00260715605425314,0.0029476322870923,0.00392342425669175,0.0852983514792921,28.3105014742227,67.9064069340051,11.2458168521079,39.374208423561,21.6428749094431,0,0.000782740942520091,0.120901909106588,0.00392206424879859,0.746039870153731,0.654261172159215,0.000315446046902039,0.0500835668479656,0.0060553089634966,0.630006613073506,0.956393450974153,5.51896033027305e-05,0.757123016416289,0.873403259257702,0.591311901063281,0.106091958406205,0.524435576342528,0.247972724930103,67,"ALOX5"
-15.1819835533454,-4.0081933454897e-05,-0.0135171976292209,0.111021502020723,-0.396830876204934,-0.115156063907756,-0.0876552632176591,0.00190112043674071,0.00146962713488053,0.00727448050014286,0.000384091764161684,0.00293809995077692,0.112504971008964,35.8471671059939,-89.8519143315567,7.84940266738208,-56.5744567440514,-6.91890897969816,0.0313851158129866,0.00346960234324339,0.311498365589383,0.278275814486114,0.28110449875465,0.334339973485794,0.406198465732197,0.00496464383594922,0.00446395949268209,0.00448542042796738,0.00534859117415444,0.00651054661180833,0.0710273998413558,23.790442662337,56.3631640633806,9.60465175241111,32.6737169583829,18.915337659563,0,0.990782792555373,0.965387364405423,0.689921133964668,0.158042866217058,0.730524399706998,0.82914818822485,0.701770267059594,0.741989002201855,0.104844953624056,0.942751711117025,0.651785491142349,0.113201505884857,0.131864859973559,0.110900152575766,0.413785513235736,0.0833630839434121,0.714527005178997,68,"ALOX5AP"
-13.7842280548882,0.00497888117648718,-1.14831838977006,-0.786233269405994,-0.517640899207592,-0.827515142973539,-0.398885637623796,0.0138364082207701,0.00896807720144141,0.00591150962778268,0.0110534950175384,0.00103024123252911,0.134265257381133,3.01643638580897,5.22850589949152,3.44338986999534,3.90178659076666,-29.5680141137894,0.0350510557579014,0.00287820162523305,0.177490719203381,0.156063261514192,0.14805891823795,0.169803391346372,0.228103014824911,0.00275777270876617,0.00245044176532097,0.00235110855201786,0.0026504795088771,0.0036536440083429,0.079932814740665,27.7334708767307,66.2271797312169,10.8219103926505,38.5037461460304,20.7397294469902,0,0.083655582405042,9.8173211429756e-11,4.70633128505858e-07,0.000471966976720321,1.09709196054009e-06,0.0803414528207037,5.24190024994014e-07,0.000252432105087598,0.0119252042667792,3.04098047515167e-05,0.777961638268901,0.0930105651189529,0.9133887298531,0.937073953684597,0.750343186607441,0.919284337862612,0.153963563864532,69,"ALOXE3"
-13.8610270514166,0.00135179444088148,0.0399078345231093,0.161822149350391,-0.33591900921074,-0.237889163828668,-0.349963409211513,-0.000995868677954633,-0.00272427127885764,0.00569409842083035,0.00272592929993192,0.00651068325468938,0.0607929434794153,-0.751917349102712,4.18664394496593,6.36818850607135,1.79329934175609,-8.84451192941277,0.0198862699064432,0.00190434936065558,0.157084480148968,0.140882942996512,0.138782323769917,0.160703739453577,0.198817963457508,0.00251147000118851,0.00226826815286759,0.0022097646847491,0.00254738128656916,0.00314173926499814,0.0448334086699067,14.8362313799035,35.1997667904497,5.97024047715231,20.4428861674211,11.835806490426,0,0.477799749192237,0.799454361597018,0.250709241391851,0.0155002868225617,0.138794168797051,0.0783704665262456,0.691715408852703,0.229737310608343,0.00997226614071449,0.284578436088223,0.0382357822649578,0.175107391080427,0.959579593108075,0.905323258514968,0.286127529717618,0.930097303799874,0.454902187706439,70,"ALPK2"
-14.8019153285468,0.00439787800856585,0.0490243100640699,0.194583066853841,-0.183284287888322,-0.221732591936885,-0.410481027091823,0.00106918156814711,-0.00272627396984341,0.00385873330308986,0.00378243796414205,0.00519865429930043,0.10676299596591,-6.13763299586587,25.5679355720649,11.5069877289755,14.3458833039763,-9.79079355232811,0.0285504995141055,0.0029450293399872,0.252703044483638,0.234661167912586,0.229113630014685,0.26031840142481,0.350431309841142,0.00399349783860743,0.00374651199157208,0.00363227455839854,0.00408887554146651,0.00553379831662017,0.0642322010955295,22.0339356576694,52.3669263840532,8.85609624334063,30.3970850288855,16.9477749508901,0,0.135352839123751,0.846176131539346,0.406986359329212,0.423727528229079,0.39433922853232,0.241454323517829,0.788906694818127,0.466807514662688,0.288078519409458,0.354936891861007,0.347506478474429,0.0964844409595413,0.780587394302905,0.625375697039131,0.193830850404547,0.636962970460007,0.563464130652006,71,"ALPL"
-16.6466485055698,0.0126614304168749,0.345700353307984,0.78547015714686,0.046337789674254,0.753381593825766,0.662423749843784,0.00470411499843547,-0.000530537786431462,0.00331001687658381,-0.00632142405625108,0.00171617394374903,-0.0651615783135328,99.7889871856777,-223.693509036128,-25.7217099535655,-130.881272151118,-68.2058411707196,0.0519509723047776,0.00738050418002392,0.651252492121617,0.593751585951602,0.645996612390681,0.703316172877007,0.777174457961231,0.0100550579110572,0.00923238085008973,0.0100664725705386,0.0110506472259175,0.012137314517552,0.115483027109709,38.1969103228794,90.4928719007083,15.5337450982877,52.7840823965072,30.3167525990045,0,0.0862492396616068,0.595540853140093,0.185870772873073,0.942816223438622,0.284086344812759,0.394020504629605,0.639902092743516,0.954174870449152,0.742294796355794,0.567294151534371,0.887556709223765,0.572582352725491,0.00898857284786739,0.0134379745149453,0.0977501372486437,0.0131544786379427,0.0244632965187755,72,"ALS2CL"
-16.8632617278476,0.0174724225173894,1.96149655326357,0.124711358206604,1.16212153402266,0.605384659368902,-0.352402841389869,-0.04046255652622,-0.00518976033533367,-0.0219659862375081,-0.0120962503918672,-0.000921558120984361,0.072542153992654,-25.4587221630559,67.1931992683624,-6.34958930016167,46.2005624677211,22.4991809461399,0.0650572533780997,0.00811401976890834,0.987218059103084,0.821004844630755,0.801559154875119,0.913511965437235,1.40830164100217,0.0163153211882491,0.0128549750843719,0.0129381203448255,0.0143472358381009,0.0223047322107885,0.143141372982908,49.5092134583908,117.030765921496,21.0961422237234,67.8110372433492,40.572779738276,0,0.0312902330372575,0.0469342665016016,0.879265114379679,0.147106966881081,0.507522513536173,0.802407552633441,0.0131369736640942,0.686421503043896,0.0895506889330568,0.399168782460427,0.967043412913364,0.612304440559002,0.607096853079002,0.565866387500654,0.76342712800118,0.495673260953417,0.5792101535357,73,"ALX1"
-14.3980467880181,0.00567900186017317,-0.217971801175592,0.536834858567269,0.167908863961951,0.183572318654836,-0.217606873322901,2.79614549540178e-05,-0.00955753643028063,-0.0030250004991209,-0.00447887336052303,-4.7095243536413e-05,-0.115669952908799,29.9327176250269,-69.1850466740432,4.16038984753336,-46.1038142027245,-11.5457308790173,0.030718801220948,0.00278445932656326,0.222162304712347,0.190832914953581,0.187309060408605,0.216289370532909,0.290043443882983,0.00351477033538659,0.00307296215119318,0.0030004240601565,0.00342935148465833,0.00461784486759284,0.0691672072525741,23.9917417881963,57.1948782178776,9.41535427419908,33.1114689218694,18.0243110746313,0,0.0413966758362983,0.326524866932306,0.00490641622645508,0.370024852490501,0.396028869626837,0.453100455622763,0.993652564534675,0.00186958738881212,0.31336278320978,0.191538643100475,0.991862888987775,0.0944605287405455,0.212168101483149,0.22641817521597,0.658581185894361,0.163806744170934,0.521805776124683,75,"ALX4"
-13.8774576824374,-0.00412098808082665,0.0221058577821855,0.299472621890302,0.221980002828331,0.509767419310792,0.123786374946359,-0.00563671275918096,-0.0078195377210026,-0.00463160733338695,-0.00960859511875479,-0.00559475106417125,-0.114866102141582,12.0931215920021,-45.8591697887119,4.50533354561363,-42.166955845487,3.16784208342154,0.0326735038324682,0.00268450486435263,0.163454304404727,0.140977093181774,0.134339230241667,0.154537386535871,0.20768120004519,0.0026890299395801,0.00233337857697844,0.00223381500167529,0.00254817587629446,0.00343926659291443,0.0740229330207322,24.7432504289393,58.7501848612292,9.77694442195868,34.0724431677046,19.9023308599191,0,0.124758839650744,0.892420682418163,0.0336480398373233,0.098456282678843,0.000971449825503177,0.55114827211445,0.0360655015895292,0.000804722012934035,0.0381344316835014,0.000162742064533175,0.103794891701474,0.120718769031666,0.625022765557184,0.435050054379992,0.644933474496153,0.215876389360453,0.873535410877782,76,"ALYREF"
-14.4851549898428,-0.0123858241763385,1.30450545200311,0.860584723725914,0.56212371970876,0.0272538189748774,0.307159327709408,-0.00610860695598874,-0.00234315779678902,-0.00338296673814943,0.00149663158141106,0.00236697162756567,0.0494069694276101,-7.38067773055086,-3.33972060761038,14.1781086838796,-17.6012377639352,28.0641472897412,0.0389453410907549,0.0038012720436693,0.241778071514301,0.228615085628599,0.23448568633785,0.278927367724282,0.334011728162315,0.00397511139750912,0.0037732684448158,0.00391851133164914,0.00460211706115908,0.00550255476603072,0.0885709613743477,29.1444133738167,69.2257706474046,11.5030585347836,40.2747111907365,23.0160698281353,0,0.00112067357393095,6.8345796512868e-08,0.00016699009715003,0.0165180898160238,0.922163070427752,0.357778473506732,0.124363507916103,0.534606930767175,0.387956285697321,0.745025907870281,0.667080225866525,0.576964869561765,0.800078874287641,0.961521870078091,0.217743250554887,0.662089938434315,0.222719578654674,77,"AMBN"
-15.4715563261372,0.00509021394838623,-0.229867784653723,0.274793347559061,0.0876523163766986,0.446205748085075,-0.131035585248607,0.0076351567267297,0.000411053536901738,0.000121645337956167,-0.00365509516019128,0.00583032496129589,-0.00932734898760936,7.54740989093644,-42.6592866085635,18.2210540690412,-27.3449887175022,6.54820405016966,0.0445000532052564,0.00450649895449552,0.365507348487716,0.33083879425743,0.340019464029481,0.36525463469014,0.471511002182656,0.00568973333832743,0.00523373093695281,0.00542938241708552,0.0057760424793609,0.00741859455282397,0.100392193366464,34.887541459296,83.0094784773515,13.8107086857864,47.9889189299635,26.0892001523609,0,0.258675426881635,0.529414144188123,0.406201949155775,0.796571936273733,0.221847859460311,0.781084764300179,0.179622519498953,0.937399074020173,0.982124888272332,0.526862506503397,0.431922007092387,0.925975771083922,0.828726324844932,0.607315879881908,0.187054656163524,0.568800595746482,0.801819597164378,78,"AMBP"
-13.3161252880987,0.00568150415326113,0.170708090565816,0.0360491590018979,-0.210428680240614,0.1858444708247,-0.190037740513415,-0.0067833845424709,-0.00426306916258721,-0.000755848144668042,-0.00548055386337755,7.89174977718222e-05,0.214733849346127,4.1001266056019,-12.3694937207071,3.37342938385226,-0.727409025886451,1.44711559291266,0.0284825555574357,0.00233037813613046,0.146826081057803,0.132207144866902,0.132368000593701,0.145386160943644,0.192865204246915,0.00234189525649492,0.00211654589309088,0.00211796915155492,0.00232115178731397,0.00309779278145049,0.0642439140834572,21.510766807145,51.2041903722948,8.52401506918996,29.6854891459212,16.7885763777112,0,0.0147680331793532,0.244969469417918,0.785105520627265,0.111896873204856,0.201150113449944,0.324457243272066,0.00377307029048292,0.0439923863719241,0.721186127060757,0.0182190728209386,0.979675773280525,0.000830340307376893,0.848832635835132,0.809111895332844,0.692285101734687,0.980450705992903,0.931310257023635,79,"AMDHD1"
-15.5879888560533,-0.000340992464167031,0.510598150938831,0.0762796646603064,-0.108196841603889,-0.0655797348419025,0.314791559867241,-0.000926591409065065,0.00383047184370113,0.00415211129869889,0.00312521494410161,2.18436445167156e-05,-0.196396910312722,2.91332474303569,-10.8423047030264,-3.23750993215854,-9.74775646614949,-1.21556846128103,0.0283840158439943,0.00396036412507468,0.360642019478236,0.346814167953401,0.347773443586244,0.402173159122288,0.480870583319776,0.00582520481750182,0.00556638740180236,0.00563475955144971,0.00643873981875575,0.00779540880865243,0.0652014838922088,21.4441684235958,50.8264164268465,8.80258300111464,29.5382145407641,17.2128349251805,0,0.931385897334321,0.156833111552041,0.825914837125209,0.755714713745104,0.870468492871181,0.512707008549366,0.873616959100658,0.491362585262379,0.461198600015605,0.627409084593594,0.997764237343873,0.00259400965846705,0.891934906065668,0.831077166871406,0.713029154252009,0.741396235873849,0.943700282209748,81,"AMELY"
-13.3439114841382,-0.00484179429902518,0.239503004184515,0.185916379590753,-0.0189413007748442,0.0230170914777588,0.102184398991729,0.00122641955177944,0.00257431428348935,0.00289097989762351,0.0013242659126028,0.00123659237971299,0.18729049431762,-45.6557613965477,78.6906339679603,12.0807675927404,36.7240568579775,23.8129026971461,0.0594348942580297,0.00464086538376721,0.125932323613554,0.111582440329242,0.115030859753316,0.126250343282262,0.159207178269505,0.00201400906328652,0.00179470690678751,0.00187675444743228,0.00204429153789778,0.00259075836121604,0.13452691613085,43.0629700330655,102.03655554606,17.5120442485782,59.4013706968409,32.6978149633182,0,0.296811421878827,0.0571922061675415,0.0956776589524534,0.869209416854095,0.855337018544372,0.520981709664623,0.542561289382684,0.151460261815801,0.123459331814052,0.517122588605804,0.633142076441932,0.163857068300386,0.289049390237383,0.4405881483442,0.490285509697765,0.536419882031947,0.466447106402971,82,"AMH"
-16.6934414385367,-0.00387150374439145,0.583660807062057,-0.0683480789407867,-0.0731841282077577,0.316928559587136,0.78372635692594,-0.0113267571983923,0.00305727593075988,0.001757150822704,-0.0070057478838319,-0.0107174560009539,0.0703731336947919,-2.00509766502995,-1.82159734399192,13.0662159097478,-13.8022702116882,-36.163775291805,0.0470916197573271,0.00611431125243654,0.646296995998357,0.555264527633269,0.550215764465323,0.650374743613726,0.765214702616154,0.0107182952834792,0.00896943068157114,0.00901168199394327,0.0107316935623969,0.0128030538080496,0.103613472958823,34.8045546071792,82.0676798039099,13.981297110188,47.5357273548934,29.1617847099028,0,0.526611390372769,0.366481043468992,0.902035019546392,0.894185573428989,0.626044715975462,0.305744855697574,0.290617238048789,0.733212689672614,0.845403994744083,0.513879316131729,0.402535497416449,0.497018100214733,0.954059117575854,0.982291383590105,0.350020452516218,0.771544117572609,0.214935288312925,83,"AMHR2"
-14.027183177806,-0.00408664548572893,-2.5594917344432,0.640304156242886,0.796148300200027,-0.094958403511804,-1.61792216448842,-0.00641292833469351,-0.0334481712229393,-0.0104145183499469,-0.00568343656805483,-0.0110885350914561,-0.0154213750667675,5.29999678015816,-5.01631502236539,13.0304440166346,-2.30629476102226,-42.5713661056984,0.054610274449678,0.0039751326437799,0.331459538088247,0.147601196126033,0.107499883828836,0.137441542361201,0.335712663986421,0.00555102168455133,0.0025878462486335,0.00175922062211933,0.00223511623092376,0.00560326283456578,0.120870015272944,40.4899786509077,96.25004949509,16.0616743439065,56.0689815337857,34.1897599338648,0,0.303925081349806,1.14623689955211e-14,1.4374010787488e-05,1.30127871073733e-13,0.489628194573005,1.4401521607428e-06,0.247979913002793,3.24874496217727e-38,3.22016995972257e-09,0.0109970545305268,0.0478224778944883,0.898476261980269,0.895857177796848,0.958435043535394,0.417207435966246,0.967189733810862,0.213076762664502,84,"AMIGO2"
-15.6663728658497,0.00178653746797489,0.442113190750089,0.162145289826936,0.175260303150473,-0.20424166461615,0.197639421343972,-0.00826414168507797,-1.77685371343672e-05,-0.00264829884322927,0.00464731585742763,-0.00414210972138545,0.0375356482520663,-3.96719748469623,5.26866473059067,0.560515981705565,-1.48348829725284,-2.895193365645,0.0273477312268583,0.00365009070745096,0.390231437126734,0.337128645988397,0.334568159649686,0.381642613877268,0.513828738542125,0.00634487233556591,0.00538960237009875,0.00544403118672211,0.00603226604705739,0.00835719220740044,0.0611017182881391,20.6169414211868,48.7440071855723,8.47323665776763,28.3454785838462,17.0039285545158,0,0.624523034103229,0.257234730125782,0.630545146656165,0.600389583365582,0.592535956098884,0.700503670602418,0.192748454121514,0.997369524727062,0.626641653781231,0.441056942391776,0.620152565598127,0.539007774201899,0.847409974766137,0.913925521136155,0.947257334791411,0.958260987589837,0.864800834800464,85,"AMMECR1-IT1"
-15.9490910462025,0.00918322765006715,0.728863833813953,0.52648324617692,0.0481259042013537,-0.0841852553134094,0.343823610521031,-0.0110951694828255,-0.00768586069186337,-0.000838573262259703,-0.00098691841895974,-0.00839004313036677,-0.0624877361046944,-11.2990487433061,38.8107639564021,16.2893100687555,11.7903765881155,-47.4392480122495,0.0385846715364283,0.00456462521402763,0.442279564176866,0.40386876229559,0.399726774008864,0.47884466709994,0.623981910205875,0.00707165382849182,0.00642850154153594,0.0063194880700496,0.00752454916906343,0.0100576628713269,0.0888620196682264,29.7211201230423,70.7832369103015,11.8245846925744,41.1069295179101,23.4840255961364,0,0.0442383754050851,0.0993586509799246,0.192370061796544,0.904168668184057,0.860443911450815,0.581623152164918,0.116656353811727,0.231856077446277,0.894433496889416,0.895648890359132,0.404171609528913,0.481931372561783,0.703819963493801,0.583482870674919,0.168333033657237,0.774248526469043,0.0433766905547929,86,"AMN"
-13.1911569139668,0.00143803248310802,-1.19663131742506,-1.10314341284001,-0.726207065815407,-0.47165727098677,-0.520494105547572,0.00292462001922136,-0.00188721452042373,-0.00261558027028097,-0.00680588896467979,-0.00850456915210369,0.145543621079186,-9.80131340622983,0.919482964426519,9.79120639207822,-3.99391923499017,24.4860684318724,0.0394187486394523,0.0032097631984054,0.176843136491715,0.161321462292333,0.153696574566628,0.170796504061303,0.229518511435003,0.0028070537392326,0.00259208646591596,0.00249069561928789,0.00275439046180322,0.00375468270563408,0.0896281344506899,30.1778476134198,71.8996929867992,11.9210051936354,41.7106693576158,22.4674545576516,0,0.654140027393159,1.31820490342037e-11,8.02117739385685e-12,2.30183509325527e-06,0.00575337054613272,0.0233435181829005,0.297466183028532,0.466572123970379,0.293653534054052,0.0134764528652453,0.0235092013920568,0.104405503788861,0.745343768582686,0.989796600872573,0.411452247997203,0.923716793705628,0.275780929105942,87,"AMOTL1"
-14.4632625447666,0.0105448412081342,0.398784024586645,0.535431649943299,0.591036320059658,-0.0554479362271561,0.625526254641264,-0.000797738248850044,-0.00252577649455689,-0.00537477644822785,0.00129175144780121,-0.00562624844456852,0.14494036967057,-11.3704618094914,17.7516958024094,15.6453080716607,7.63312520912195,11.4587529840838,0.05181309289283,0.00457047476194852,0.230521946475685,0.210484498499532,0.215400064492113,0.247187512472658,0.291671089414902,0.0036160802959681,0.00334147931002623,0.00344229422701374,0.00388374053634707,0.00470650453963444,0.118432346422618,38.794691964226,92.2384564427031,15.5693026565446,53.4434403058913,27.9638809930212,0,0.0210456014622691,0.0836449578358338,0.0109652085848654,0.00607139584745768,0.822511986925422,0.0319825278123337,0.82539723925062,0.449717716295178,0.118430892315472,0.739432482865485,0.231923075997989,0.221018559276963,0.769450886717164,0.84738629209084,0.314953794062434,0.886427419254427,0.681974846389021,88,"AMOTL2"
-15.8724569806937,-0.00688999708933906,-1.02697099236337,-0.906830312460675,-0.475733024972808,-0.438546611790843,-0.94583790099963,0.0130781120175049,0.00736276960769439,0.00768534690101303,0.00644605237496499,0.0124231545149724,-0.00754946201519332,-65.627648623074,146.847377430693,37.0401862469081,61.7208485604247,1.584959929253,0.0536420611294005,0.00524504831154242,0.457348005088322,0.43273598925473,0.374179761662828,0.428199591388161,0.591907980313077,0.00733438483764829,0.00705275591020183,0.00611710198980675,0.00692980771279766,0.0095255989168962,0.12078730984764,41.2856172911649,98.3437502505449,16.0737809542845,57.217223255345,33.6638630801339,0,0.188974324968603,0.0247366064994094,0.0361199926190952,0.203585550199687,0.305757813405259,0.110054652691214,0.0745662449588241,0.296505566230823,0.208981647442326,0.352271632514837,0.192170108895165,0.950162979788168,0.111924825660728,0.135383539455708,0.0212010185137328,0.280716576991129,0.962447922407802,89,"AMPD1"
-13.0222956956943,-0.00416358452690786,0.024965598451896,0.170962053401046,0.0400489201968327,0.191767083216431,-0.127314173962264,-0.000723347675277666,-0.00156541443728258,0.000274044956690201,-0.0027665900668151,0.00165451705827581,-0.00552267134005194,6.54536454336516,-25.7196698572133,7.15522412962753,-29.2525403155427,-8.78480069065649,0.0232433537496659,0.00195205279826139,0.112148197221956,0.0992724192273676,0.0978109550001352,0.111694061757441,0.144816168202365,0.0018189018498421,0.00161630321831818,0.00159798473070317,0.0018099909197825,0.00235104217089913,0.0527069989577117,17.3436042964085,41.1683258132195,6.85326700333991,23.8886140645056,14.070339911377,0,0.0329307819718599,0.823837052153904,0.0850422462908128,0.6822077674706,0.0859981834806266,0.379323545541295,0.690863330708089,0.332787068969573,0.863835267525818,0.126385846654043,0.481596124971761,0.916549898760417,0.705881153142848,0.532139005200513,0.29645748349973,0.220748951749875,0.532398502169489,91,"ANAPC11"
-14.171299948377,0.00540279260568282,0.0613452644065592,0.460938562514324,0.0785019765783571,0.0417467102454787,-0.141388977665502,0.000593397200191673,-0.00456637270754653,0.000753173655197847,-0.00166972577829361,0.00160337050195696,-0.0579166172130206,-12.4577432499198,19.7620154071919,13.1465881110769,-0.819369745636156,-4.52006893656488,0.0350169852348737,0.00297932609383613,0.187534921097432,0.165809985243658,0.16714271386891,0.197870040618767,0.253280845914881,0.00295307391234036,0.00264920698564655,0.00265669073427051,0.00313153429067528,0.00401961661594799,0.0796741587346444,27.2400511208136,65.1420194775835,10.6584352243683,37.7969272424487,20.1644632432589,0,0.0697658732182805,0.743581799541099,0.00543722224420877,0.63859055593619,0.83290252649748,0.576687307907033,0.840743761466415,0.084766472215163,0.776793053119542,0.593896977275545,0.689976892121477,0.467275904579501,0.64743253294254,0.761609298079117,0.217409977974049,0.982704645177421,0.822632696663394,92,"ANGPT1"
-14.2913117968993,0.0069121267144079,0.127360008515916,0.783736177928417,0.417116762769134,0.274577137439413,-0.149638984780316,-0.00336509703296231,-0.00803064508602363,-0.00563977700963731,-0.00416060748725913,-0.000544755012131039,-0.17574700932546,-15.5776816714213,11.1980238866763,19.4523765594602,-5.62918402668989,29.1140874320278,0.0546609908611626,0.00433716136188667,0.203519696306638,0.171817990284029,0.176834196181153,0.205424570783464,0.280204659841733,0.0032141630598877,0.00273817563085359,0.00282583816516812,0.00322944809554922,0.00443153608762825,0.123535632265626,44.7914546468734,107.259038314228,17.4418071759548,62.0410355525976,31.9792109690866,0,0.111003623890252,0.531454568504773,5.08057909836389e-06,0.0183340610148533,0.181342657066199,0.59331759256139,0.295118475412426,0.00335871377301072,0.0459568837057954,0.197629754376331,0.902164980720094,0.154839890789395,0.728003573515162,0.916850588845491,0.264733453284484,0.927704559673992,0.362608073780247,93,"ANGPTL2"
-15.2636348778876,-0.0038670733612275,-1.74549789537191,-0.246927832363684,0.30804876451815,-0.127221507759791,-0.92575688782605,0.0111540107186005,-0.000831538993757074,-0.00550181591350648,0.000484810266575952,0.0028542257119004,-0.288849043128525,-19.2198480644541,30.7143462614822,0.223266456778743,7.85413476049427,-31.7473403939562,0.0755491392818424,0.0056069026685223,0.368138983264194,0.240494348479488,0.228189627257235,0.265240469781431,0.424998514650571,0.00576075692379916,0.00387963716439667,0.00372843075845321,0.004227037343711,0.00681737583970672,0.171943109328022,60.0047753496649,144.38578435578,23.3692249688158,83.7669112169337,47.0777622046195,0,0.490383697052575,2.12235825403941e-06,0.304537689418245,0.177026149522765,0.631479192065663,0.0293867512963488,0.0528425057123678,0.830286436697524,0.140040968087633,0.908688711434343,0.675457862932077,0.0929747210950619,0.74873689957407,0.831542112608619,0.992377233345335,0.925298392462233,0.500082727683479,94,"ANGPTL3"
-14.805174655824,0.0106714083946781,1.23882417395928,1.19811660456753,0.714946779825246,0.799836669025245,0.776081036524881,-0.0136738568981936,-0.0132772369380758,-0.00690167502584309,-0.0113890432151863,-0.00873010710521851,-0.0128658187091846,-24.4643645273483,52.1831262464306,24.9845542229313,27.4595273195197,11.1339652043119,0.0439114459383426,0.00413585058487645,0.261595693879728,0.24349002042861,0.242733937735095,0.285539885428923,0.348896974359253,0.0041569275855869,0.00388621626084808,0.00386120181284538,0.00455301370064338,0.00558137122819291,0.100015536272111,33.7492720932715,80.8619091137321,13.3680823970312,46.8731682168462,25.0772916276802,0,0.00987371140878336,2.18360202004261e-06,8.62800089766944e-07,0.00322544950466909,0.0050922712579017,0.0261225829827578,0.00100396137503714,0.000634329177412569,0.0738660477402203,0.0123693033944729,0.117782123252242,0.897643936989788,0.468522157966604,0.518709265636905,0.0616268918582136,0.557992353972942,0.657052740298645,95,"ANGPTL4"
-14.0502929485957,-0.0031103950342117,-0.234981042588938,0.0585205402150074,0.21229751450573,0.0754869905346996,-0.0649505776211427,0.0022246751377007,-0.000506642211062443,-0.00402337748879491,-0.00243091984565138,-0.000481962040690195,-0.000766749942940109,2.73236861923657,-1.27507640539318,7.76679923714064,-0.602725887715272,-12.1023835327934,0.0304473065649644,0.00261449630265955,0.17949484051961,0.1549327686841,0.153489271537868,0.177799805560596,0.230668194799952,0.00288260439268803,0.00252068636031682,0.00253225075675544,0.00288570158442635,0.00375932097644124,0.0687575023342133,23.2344322335398,55.3975925589168,9.20480870404571,32.0314071182262,17.9639126532971,0,0.234175035553093,0.190492277213653,0.705641798464589,0.166621216850728,0.67115620647426,0.778268811319937,0.440257332439525,0.840703458975028,0.112093292082568,0.399563156274144,0.897987102228177,0.991102567120533,0.906384625798948,0.981636856241518,0.398794433242898,0.984987318821581,0.500498678575828,96,"ANGPTL6"
-15.4570164418588,0.0077190740500081,-0.453632058076246,0.721208215740038,0.0436551582841138,0.118476965391377,-0.654719884559817,0.00448902011696029,-0.00855553332096937,0.00125065806481745,-0.00158647294073103,0.00643588161271518,-0.135314383859594,13.3212669455977,-43.1395711385776,24.4633087675585,-42.3462167539381,-8.20430487863439,0.05736377138516,0.00494398952143218,0.361392967098572,0.293895807440615,0.295485230520511,0.347879150564265,0.496614829184292,0.00558774567923505,0.00464007904700223,0.00462557109220844,0.005401624421175,0.00762469928487604,0.13126612449411,45.5601919304585,108.937654047375,17.9992707942654,63.1146265877785,34.4426474819701,0,0.118451876451543,0.209394510761507,0.0141293151621736,0.882547507643844,0.733427829945702,0.187381305885625,0.421761646661054,0.0652074047982487,0.786868564768399,0.768984912157664,0.398622838566849,0.302615813848672,0.769989754855814,0.692103266612115,0.174106104604547,0.502257852829259,0.811724485361605,97,"ANGPTL7"
-15.4138004360919,0.00305107034248551,0.759062009355731,0.769249528706785,-0.116973807215846,0.685646002625294,0.798891248141371,-0.000194210368147919,-0.00479419099562133,0.0055180067827236,-0.00411909779036667,-0.00214757046458925,0.510581028253094,17.4633089382683,-4.15645162073399,16.8810797628164,14.1754846867491,6.63238680727916,0.067715128911429,0.00580063544508613,0.342391301440688,0.320459286413284,0.333591054187241,0.342340892562539,0.415307356096784,0.00541139072317806,0.00517322024935889,0.00528990847264022,0.00547372422235176,0.00668970117460114,0.151290391000315,48.5788769559115,114.036379294682,19.9749364342416,65.8132069252442,39.673084331377,0,0.598895861146529,0.0266269847927116,0.0163745039785588,0.725850706654376,0.0451969836524352,0.0544029233871531,0.971370724534934,0.354065472971503,0.296892941520302,0.451737216741475,0.748190409576373,0.000738583254021131,0.719233354076533,0.970924765864977,0.398047714128197,0.829463525934162,0.867231582536177,99,"ANHX"
-13.4112563781993,0.00863717701151018,-0.847008127151477,-0.478159575941784,-0.736450805786863,-0.790296713940778,-0.617597434928595,0.00291411141953073,-0.00339199466794003,0.00417447323676742,0.003570050822337,-0.00103038078955966,-0.0461879687341182,12.6145532499953,-37.9447422317171,12.0739465688885,-23.8058603874677,5.67263755758653,0.0354022013395646,0.00279258153589988,0.161942442756701,0.143164943670843,0.140475402729088,0.161242248307365,0.216218372900404,0.0025421672005229,0.0022793614466717,0.00221451443253443,0.00251831936648578,0.00342992210529959,0.0802268464469847,27.0161741412867,64.7099484549384,10.7177828691811,37.6208410604596,20.17379877025,0,0.00198210535931217,1.69231962738656e-07,0.000838022795391144,1.58363390766156e-07,9.5204293694284e-07,0.00428529422299551,0.251666949670042,0.1367156278408,0.0594229165799062,0.156298151038845,0.763864906057814,0.564806403746231,0.64055284592321,0.557618907850385,0.25993956694582,0.526874809057707,0.778565925696959,100,"ANK1"
-13.1726320736666,1.58547252421205e-06,-0.777862550983227,-0.372745626795476,-0.123542072612242,-0.22727759626745,-0.0936748467458955,0.00398857862110811,0.000781506050827443,-0.00235753830018261,-0.00137892099173771,-0.00665773834404601,0.0619964596967542,34.5841831702178,-75.2267126613912,-7.44292509652674,-45.0978800120507,-12.6130769853689,0.0341392621524743,0.00270027018212362,0.135134581092687,0.115413382418443,0.110613610371016,0.12946451468292,0.176665779709799,0.00215592853131942,0.00185380398078489,0.0018100514218646,0.00208195413425148,0.00289990378266449,0.0773304047968073,26.0734189331011,61.8859567421086,10.310658904614,35.740507704535,20.5176093766168,0,0.999531519481149,8.60251568991839e-09,0.0012393885507242,0.264045855676542,0.0791703348189114,0.595947174405874,0.0643061401074401,0.673339731812453,0.192755648967579,0.507765814248856,0.0216845729569863,0.422721471617409,0.184702156211414,0.224148766679843,0.470376211034442,0.207015652569873,0.538723805895831,101,"ANKEF1"
-15.4872953965189,0.00997289283687645,0.523447241366192,0.163899112984755,0.10337081692684,0.34026257800418,0.436806190619722,-0.0157100578522223,-0.00970850793780992,-0.00777501135366705,-0.00835367860549135,-0.0133301304939123,0.0673845069250498,-1.84964655498076,21.6813308376297,26.0277960830782,16.5698989879981,-17.1274814223288,0.0485477710351605,0.00430456175062016,0.352351204201259,0.313614468677439,0.299674079431039,0.334898118507384,0.448596155241525,0.00566764656281677,0.00502563441799473,0.00479450067708089,0.00529260360749837,0.00726375674957549,0.108987125588593,37.2295517481027,88.5211021583291,14.9517457607289,51.2025590442191,28.6665054029714,0,0.0205135633763186,0.137389242290532,0.601243337544692,0.730136367603267,0.309620727691393,0.330196533630508,0.00557329228686643,0.0533845064272549,0.104877893375194,0.114480986629974,0.0664825027443336,0.536391104220762,0.960375630171065,0.806511880732442,0.0817210219748024,0.746229783961634,0.550191198881677,102,"ANKH-DT"
-15.4084566115791,-0.00374456348353786,-1.97520352217346,-0.825532401117213,-1.42133353997575,-0.93599164685044,-3.0626744831781,0.0195410071986106,0.00834125885952603,0.0160375605096899,0.0104608207754538,0.0362478512696808,-0.266955743757916,52.0106075506835,-146.429830428496,-25.892773783329,-79.0954333733514,25.5877901752852,0.0648651529625336,0.00531889853871053,0.439248602146209,0.344075727571134,0.356837321456134,0.384387325779139,0.624009822914963,0.00687772587541056,0.00545376225017512,0.0056151032500016,0.0060953417439109,0.00940169345543246,0.145393410758381,50.4439637487808,120.62462371239,20.1569138069527,69.856782955989,38.5325710043206,0,0.481425875963104,6.89909033135171e-06,0.0164275578581981,6.80102369915074e-05,0.0148908787367023,9.19840979697134e-07,0.00449438612529835,0.126152825988615,0.00428816496024362,0.0861255850647685,0.000115512307179138,0.0663439847529851,0.302514038534789,0.224774516072675,0.198945935216906,0.257528797791549,0.506654383597887,103,"ANKK1"
-14.5003374331057,0.00036596801703691,0.279082546897328,-0.00731519733700283,0.0791961682177268,0.238476546537562,-0.261059833726685,-0.00224598704812314,0.00218422390191123,0.000210822745067261,-0.00282844052266747,0.00542589266023751,0.0175265537680786,-11.1673322560385,30.2827762036133,11.0302986593671,11.4836913063838,-20.964448825906,0.01995511178486,0.00232970955420213,0.219001635463898,0.200415103605646,0.195778766276661,0.223524405319802,0.290479063207495,0.00352079271119266,0.00320571668688324,0.00316756811992947,0.00359801588933747,0.00463475254838425,0.0449771451127393,15.2493348629556,36.2247455871667,6.13764005587103,21.004776189738,12.1890140814234,0,0.875175967500208,0.202542941837574,0.970883495478903,0.685831343829931,0.28602031138385,0.368800922446533,0.523525210259453,0.495648308630322,0.94693465184931,0.431802354025244,0.241720439169423,0.696775491686251,0.463975701880446,0.403172158770113,0.0723108056171945,0.58457241797263,0.0854422158839721,104,"ANKLE1"
-14.199831371569,0.00203392321324413,-0.40956302409526,-0.500911014354313,-0.0472199628737574,-0.393476186091137,-0.210467813435724,0.0037152307711917,0.00540889412660483,-0.00189571426580866,0.00575000263865711,0.00189391741893403,-0.0728060474694388,33.5108639160733,-105.566580090345,-9.29966560699187,-74.7082589189429,-1.38651838095234,0.0334009912949429,0.00299082101848056,0.218533335914913,0.197600061690752,0.193142348949862,0.218246621127292,0.279694242079202,0.00346511656338812,0.00313491576986685,0.00310800579847323,0.00343470078349725,0.00446785768148787,0.0763004480957462,25.5728867489858,60.8199915131037,10.1538131819107,35.3155416015656,19.6983970830613,0,0.496469546254914,0.0609105273420665,0.0112455679480856,0.806856999250422,0.0714043867812772,0.451754951400871,0.283638920315328,0.0844605553893049,0.541897886042808,0.0941126608357903,0.67163996065165,0.339981354092796,0.190058529135455,0.0826130516651837,0.359730292900462,0.0343916207292615,0.943885342905867,106,"ANKRD2"
-16.6264285926097,0.0074149868452978,0.602561572335396,-0.0390189746993926,0.455499894405402,-0.656755378305786,0.764972755420307,-0.006904823710097,0.00267846562140831,-0.00474922267381653,0.01082958181405,-0.0187623501246606,-0.182436625703961,39.5287266503352,-103.639682319634,12.2971900840013,-69.0611840430949,-12.563987879925,0.057634965867792,0.00731653752590655,0.740224610064536,0.691154423128071,0.639792003700692,0.7961751721928,1.12622184110172,0.0118674827117898,0.0109670103653962,0.0102972326570876,0.0124128464382756,0.0185203373745032,0.132396014916969,44.4393041301695,104.752406823216,17.9169010136012,60.412246748703,34.1251808937429,0,0.310842533708617,0.415630448066532,0.954979513994929,0.476495760444645,0.409435156302014,0.496987025936053,0.560683110711036,0.807053210703526,0.644645439846451,0.382963200024514,0.311027965967564,0.168215141643757,0.373734838725287,0.322478441702396,0.492495062648728,0.252969967345079,0.712743855676264,107,"ANKRD22"
-13.5889284372904,-8.8098928728356e-05,0.01467698341846,-1.14926341726244,-1.50415472234814,-1.28743193335788,-1.67524072222241,-0.00963632821797055,0.000633088793939983,0.00617927228180862,0.000471103788921698,0.00418546295119496,-0.0364950851787381,-42.9369979635781,95.3012298345676,16.0949448676725,42.8842285435007,31.4657911289241,0.0582660577355911,0.00455925698841372,0.165494781300798,0.160230193269147,0.164794784462715,0.197147206936079,0.27764125699182,0.00266581787842566,0.00258615895410091,0.00263192998706557,0.00314470756683855,0.00444380027422913,0.132430942430989,46.2624630644488,111.109402300365,17.9406271150914,64.6317145016698,32.6259552493398,0,0.984583364978306,0.929331875698387,7.3598932493306e-13,7.01373181340091e-20,6.56346869009014e-11,1.601164522676e-09,0.00030061014784821,0.806612167614774,0.018884137270573,0.880915736783615,0.346261414994097,0.782872029655053,0.353346663230616,0.391044740907205,0.369653416414936,0.506999621885492,0.334825148054424,108,"ANKRD29"
-14.6288433405367,0.00316381238393282,-0.0480230826056686,-0.35908650106828,-0.210389310896916,-0.419905616588887,0.200922799049121,-0.00188394729019997,0.00401061002403919,0.00247039792823802,0.00602507810912288,-0.00398845224907639,0.0603938032098627,-19.8951740637426,21.9110079306418,18.4625342130923,-0.832436030709284,27.1523502196399,0.0347578324744617,0.0032376124716295,0.251699060572571,0.225677743593126,0.216745628888769,0.244583511191294,0.316809726799242,0.00401383674544729,0.00359042648042245,0.00347171017452961,0.00385018152926765,0.00512694609120036,0.0786772099435381,26.3524015547425,62.9703974941962,10.4844609502434,36.5784194468638,20.4399027310769,0,0.32846747615215,0.848685707028612,0.111576460985492,0.331710725072987,0.086012250150687,0.52594604337321,0.638810042265871,0.263981982639145,0.47672518051846,0.117610681263536,0.43660486788204,0.442715973117621,0.450269226464409,0.727872270255422,0.0782481140520037,0.981843651530404,0.184046267108865,109,"ANKRD30A"
-13.3035590591242,-0.00577434251838344,-0.210433182165345,-0.103024606172536,-0.11932115516005,0.26516234001513,-0.206733405587266,-0.000404280075045963,0.00115208343347801,0.000719855808349959,-0.00551155062807784,-0.000793340981346225,-0.116453514587954,13.4565548482481,-40.3974816347823,4.66318220025012,-30.6658017328481,-19.0704225805505,0.0273971975786642,0.00221796219885699,0.124625847508049,0.107131807119203,0.106175673971214,0.120412838060417,0.162689347277261,0.00203870061261704,0.00174452350250595,0.00174630300792287,0.00197497704059916,0.00266702326829047,0.0624523924315585,20.7340563412429,49.004484707252,8.1818799438537,28.3318995293064,16.9090185599953,0,0.009229208404489,0.0913115359530741,0.336219330758108,0.261094153823788,0.0276575245031552,0.203826531780112,0.842808147600209,0.508997130842527,0.680180368941162,0.00525956597713973,0.766112983558161,0.0622267490868897,0.516333628941977,0.409733359428881,0.568718265622587,0.279084960600023,0.259393615157666,112,"ANKRD34A"
-14.7205912082873,-0.00812087915889243,-0.423507119847232,-0.123250152942658,-0.0517857896301894,0.299804621132034,-0.0367364103538612,0.00526791551886513,0.000930151114883644,0.000478785719444953,-0.00497291242278247,0.00148175939810002,-0.102434533997361,-5.46780247106944,6.04586515699506,8.48212699904059,-14.4324679205543,-11.1354389802402,0.0387061743507239,0.00366363129630107,0.269365167922702,0.246848290166581,0.233523867773863,0.261802391783661,0.330640843360243,0.00438192896013198,0.00404891301533579,0.00386883888440895,0.00429555116872061,0.00542844959152097,0.08847278507849,29.3866656383224,69.7640852904384,11.6316768188346,40.5404653289238,24.0058548373992,0,0.0266490556105902,0.11589453350402,0.617571474573036,0.824502263987277,0.252144475883595,0.911531742133518,0.229289538978497,0.818302670312615,0.901509761319299,0.24699096636495,0.784882576290495,0.246942233468796,0.852394521613012,0.930940524190003,0.465863122443409,0.721839415005491,0.642745570704614,113,"ANKRD34C"
-14.362398006931,0.0010092477567205,-1.35570192029394,-0.853455978822985,-1.05692936335554,-1.07828990187236,-1.2939469191456,0.0112110646676146,-2.48886588744098e-05,0.00520791345933888,0.00562418261309851,0.00822007788965505,0.137454164046901,-25.6031030181532,41.0441519407588,9.12713163842174,20.2071372686172,24.1125007978383,0.0307737128101321,0.00260466496154637,0.220643896481733,0.201395446275369,0.196943382813355,0.225437956127953,0.308160901935951,0.00345210122038975,0.00323673749045804,0.00314973488062147,0.00356416517734021,0.00486935398925439,0.0685370748398001,22.8707041100341,54.2933897529592,9.17158210852282,31.5046974958917,18.3119562985542,0,0.698403111451749,8.03177726303296e-10,2.2580876948137e-05,8.02053671641582e-08,1.72621289674268e-06,2.68175883379314e-05,0.0011638030123341,0.993864784827041,0.0982403264151781,0.114570124203829,0.0913872487091957,0.0449048519517719,0.262939013335882,0.449667424672149,0.319661634689039,0.52126233208781,0.187918183351895,114,"ANKRD35"
-15.8339026303558,-0.00311745868759829,0.66852645993173,-0.502181101131766,-0.253468293873506,-0.0350755827202366,-0.827449033363941,-0.0137590605063333,0.00746543165630653,0.0039498718806567,-0.00124091498376575,0.01086531914902,0.0188167560868607,-20.5820939709653,49.2153253953289,27.8490542938635,9.29110257991589,-29.1663072560993,0.0424684546010809,0.00452044514509296,0.419696112412036,0.378340906984311,0.358803042302839,0.423007332718731,0.573184841894461,0.00694679735012588,0.006050218918946,0.0058023649798809,0.0068137943950318,0.00906504677095307,0.0965197687890205,32.1026703888758,76.0123573115505,12.670455333779,44.0062001386068,26.0760727764157,0,0.49042354263951,0.111186623870654,0.184401409982588,0.479922397479814,0.933915499437748,0.148851821717734,0.0476323738127431,0.217236071376324,0.496039299518266,0.855490079674193,0.230685488453477,0.845430248224462,0.521436020534196,0.517331171732386,0.0279525173975867,0.832784527153831,0.263349907592968,115,"ANKRD40CL"
-15.2464719520685,-0.00274598246169743,-0.760727886152305,-0.400833250840786,-0.77614757859616,-0.313078103067716,0.0899799911433093,0.00647365358695872,-0.000592443522251842,0.00787456740445369,0.00243320022443595,-0.00244042867990033,0.0225042767677571,-44.618906898496,104.652371234049,15.0887980525813,54.3940400478406,-17.7141806482397,0.0402311196001919,0.0036712704177949,0.331429284829954,0.294423848881568,0.282933590963027,0.304003169629201,0.384573913731775,0.00528394735740926,0.00479945799997297,0.00457395961479192,0.00489764116014515,0.00631400902971555,0.0905434250060984,30.8253108576044,73.0030472571868,12.3168401594744,42.2619245605023,23.5683429553265,0,0.454481156715482,0.0217162402417579,0.173382356815355,0.00608408962247585,0.303079747427932,0.815005780686144,0.220516892587452,0.901758943405596,0.085140476134312,0.619322593475706,0.699118874895568,0.803711379814573,0.147763569616915,0.151705207917051,0.220554760622273,0.198070016111154,0.452286179157873,118,"ANKRD44-IT1"
-14.6441608735908,0.010092785154094,0.35331328496991,1.22834536608591,-0.103490109177346,0.0794336741227294,0.20048951870485,-0.00785649053129154,-0.0157445664363436,0.00355236625681604,-0.00177703164267582,-0.00551629229802383,-0.0587489237743063,23.9270783194406,-81.5524776815049,9.26684425195561,-59.1892111981688,-3.69868795458818,0.0477988492195623,0.00409878245959542,0.250262929702761,0.208466192879498,0.212695094440789,0.253609079270995,0.332899537855282,0.00393643249643704,0.00331089921063779,0.0033084651593662,0.00393460909144822,0.00522808460413717,0.109563195356656,37.2709157795381,88.9382203793782,14.735397190739,51.3455430171891,28.2483901502455,0,0.0138015983486059,0.158018178574793,3.80856724291644e-09,0.626566230052086,0.754118801744175,0.547006194284834,0.0459513109593794,1.98078656002927e-06,0.282948052979291,0.651527471272413,0.291367326046363,0.591813153160022,0.520887984067312,0.359165444599975,0.529425502595733,0.249007922894531,0.895827147353872,119,"ANKRD53"
-15.1685300656727,0.00173256502267861,-0.219868226727715,0.0199652105861196,-0.348241136648944,-0.0148115790772169,-0.857363912355385,0.00226948599372914,-0.000398663508777587,0.00638110181157539,0.000957842776995122,0.0126107459005073,-0.050987114905339,8.70378250802071,-25.4747739779127,2.88517527887903,-18.0445018391145,-2.73696887449054,0.0255022872220972,0.00304763029386593,0.311026643922583,0.276694840231405,0.26562186212087,0.302599382162087,0.417088662171696,0.00495946682195679,0.00444090270988201,0.00423803366191488,0.00481835596188673,0.00652440515702798,0.0578654194961847,19.4730364727198,46.1618615857845,7.91275304730772,26.7779153875941,15.5709928685711,0,0.569698356634781,0.479621646129328,0.942477709876088,0.189843931302752,0.960960882327265,0.039821906954302,0.647234920772613,0.928469331265757,0.13215059579583,0.842426727247308,0.0532537459634638,0.378245985307592,0.654899709481534,0.581045922439767,0.715392511128044,0.500401849661274,0.860471840991372,121,"ANKRD61"
-14.7950774748954,0.00570748304655107,-0.625018932619947,0.696953893559267,0.678877335603971,0.156123039182571,-0.494561600472355,0.0110883047082736,-0.00494023043690742,-0.00389796983043168,0.002651479441818,0.0135118831646109,-0.0982736773594393,41.6076205326425,-87.9351294831551,16.5700392610486,-61.4014090584044,-15.1787743303363,0.0462604315960608,0.00408569949356712,0.282412055374448,0.239630438124315,0.231204411164839,0.26088841517481,0.340330182903149,0.00438351973872761,0.00382203158916225,0.00367340916301591,0.00407083701128203,0.00526810078086907,0.10521073142249,35.9297410323391,84.2539626069344,14.1446913362338,48.8165805609929,28.0133934860514,0,0.162431173359647,0.0268876250633635,0.00363221639254833,0.00332190800943686,0.549554114710893,0.146173306274156,0.0114210952701091,0.196160992142162,0.288630186892392,0.514830130167646,0.0103220706575922,0.350270288716357,0.246852901076308,0.296628226839626,0.241411111026383,0.208464732780297,0.587928801864658,122,"ANKRD62"
-15.2700355001493,-0.00726339160221275,-1.92391391226214,-0.988436184456658,-0.519631152854013,0.0150316437340418,-1.06481329390544,0.014069739989207,0.00375674296700023,0.00126291855829772,-0.00717365694766806,0.00480228898953458,0.169608489197098,59.8998915218671,-200.043146341585,-14.043281190963,-114.136855010726,4.82591292111166,0.0747777009376848,0.00576686864977144,0.344856085493752,0.28007497031556,0.260221325388658,0.287178004975076,0.421240367490769,0.00535234342245616,0.00439822117147474,0.0041482715784108,0.0045820641667707,0.0066100157840321,0.169957724492185,55.6584564943458,132.129665320293,22.391923946947,76.4703009214997,44.9276269148324,0,0.207848504691638,2.42059273113346e-08,0.000416842743872876,0.0458380563696302,0.958255709121527,0.011477824696681,0.00857102975614857,0.393021586534293,0.760789252761735,0.117443451138466,0.467521875603154,0.318305949985362,0.281835725883052,0.130028079511227,0.530555467672539,0.135551226706187,0.914459545377913,123,"ANKRD65"
-16.2070158131482,-0.0133067856780338,-0.721267502758739,-1.27412803614276,-0.113366255963303,-0.0705913458775754,-0.161533756231912,0.000487959863825905,0.0130699641294246,-0.00233200373138438,0.000174886230924172,-0.00600153391232361,0.0823942838897642,67.663477241308,-131.259711025671,1.29799888501793,-65.0132339468456,-39.0064863489088,0.0509437646570746,0.00533299443587312,0.580695034198071,0.502684371840901,0.438113693699947,0.49493972543348,0.747430308696943,0.00970180628174906,0.00824659472716498,0.0074809661036204,0.00821916349022634,0.0127609620837439,0.111819803264716,38.018371716596,88.4983291039797,15.7096727916493,50.8855047672884,30.8196377299989,0,0.012589294223198,0.21420843525761,0.0112560305044616,0.795820498779975,0.886585446524828,0.828895130237007,0.959886690737618,0.112990816083646,0.755249570166373,0.983024002976718,0.638137705708698,0.461214324444199,0.0751156770909075,0.138024314647994,0.934150371490854,0.20137723817859,0.205642927593721,125,"ANKRD66"
-15.2780659626759,0.0102316556350943,0.272010854988716,0.673439298716553,0.103784853051666,0.164046317991562,0.399284980790031,-0.00522725113224862,-0.012388870627815,-0.00181581136131709,-0.00613034105413316,-0.0104657264173653,0.030817301197007,-27.1113839566453,47.2420298164073,12.1210576752016,21.0698749975828,31.7750700282015,0.0403561279479367,0.00385352235304633,0.320371871096169,0.290490480499877,0.285209393731238,0.346140634143209,0.447598840686364,0.00504605990697908,0.00465189248389813,0.00451093621284929,0.0054800803683346,0.00723671717721892,0.0916887093292904,30.5426451950832,73.0999999831171,12.2548491915764,42.3712259948119,23.4535753981274,0,0.00792746280082724,0.395855002894054,0.0204339165209746,0.715940134613922,0.635550057551895,0.372360822461213,0.300245314129398,0.0077403839453747,0.687290065875579,0.263285656005919,0.148121654804273,0.736789487719795,0.374725438561276,0.518107233833686,0.322622747062609,0.618999738506538,0.175479029925012,126,"ANKRD9"
-13.2340641225862,0.0129876153398313,-0.617770096265157,-0.156989373201896,-0.031240657067328,0.206988160301589,-0.290517222262319,-0.00347387468291689,-0.00451045693104353,-0.000942407122939395,-0.00394253854617268,-0.00122925842097053,-0.0135034491220436,27.4936099066082,-74.3721189763074,9.45331263456721,-46.4751889682484,-20.3868543001628,0.0529603583102959,0.00389885959452203,0.137672927282788,0.111150091193876,0.102504578255021,0.114786421267317,0.159156604058626,0.00213166197279381,0.00172777072939157,0.0015963499819017,0.00177479373883157,0.00246913903376755,0.120447296001704,42.2907259332652,101.816294309084,16.5742599222145,59.0430244912207,31.4856058194499,0,0.000864936267836952,7.21551500521993e-06,0.157829610215911,0.760538829416659,0.0713495818855607,0.0679475518697947,0.103174324922191,0.00903929240690939,0.554955222040634,0.0263234336103974,0.6185904697561,0.910735512059719,0.515621382981197,0.46511272370642,0.568432827620707,0.431199294697359,0.517309945293005,127,"ANKS4B"
-14.0538086275941,0.020506338896289,0.156631831830623,0.45369697253192,0.330965510056727,-0.38394841508388,0.0292115119660098,-0.00394275541706162,-0.00956645234795235,-0.00965677545533131,-0.000397444520419722,-0.00816722544618295,0.0244494610204199,-44.0247967904738,87.2270022338528,13.5055116461727,51.936801802142,37.544177058404,0.0744646558960809,0.00610907963282502,0.196272108219208,0.185200501486857,0.183926915165282,0.215790320812605,0.290435414238338,0.00304921095602724,0.00291217100401683,0.00292032974845227,0.00332816518620445,0.00464231679787014,0.174025954656695,65.9882646569521,158.517016206624,24.9625842974654,91.8116737197153,39.4999953256338,0,0.000788790554676817,0.424850711894091,0.0142951050430493,0.0719490538435693,0.0751961364469778,0.919885191334958,0.195996807313972,0.00101986025891149,0.000943879638327413,0.904943799071284,0.0785266578981535,0.88827033495431,0.504669298060161,0.582134873729754,0.588486776207017,0.571605600006821,0.341865563501469,128,"ANLN"
-14.0839745636328,0.00369133616463843,0.0695671070492783,-0.188390327727706,-0.0958626506213099,0.0854622347815776,0.00332725199886755,-0.000899350807990049,0.00376687698458643,0.00267064580783877,-0.00159396057836234,-0.000322232855608072,0.119279620649544,-6.79407705518313,10.1620134334763,13.045248804267,1.69253188928042,-0.533005983433137,0.0252435247794186,0.00233070603523584,0.181255803801861,0.163426686888995,0.158547564950467,0.183097820240686,0.235597179498071,0.00287069283613243,0.00258165422275882,0.0025146301946874,0.00290051114429763,0.00375679083113793,0.0569011178488473,19.1928964961725,45.7367092973006,7.6172612207276,26.5265931310256,15.0449051731328,0,0.113242760696347,0.701122068865011,0.249012473666433,0.545424716008194,0.640673565815895,0.988732145436036,0.754062609619826,0.144539152348882,0.288216090345153,0.582631685109947,0.931646524127186,0.0360590031458557,0.723347016912822,0.824169824984276,0.0867879118696147,0.949125418467114,0.971738718554954,129,"ANO1"
-13.1016996888006,0.00311626743319745,-0.577403107754668,-0.170056049574808,-0.155002003127783,0.028223962001195,-0.475798093910254,0.00295883349646408,-0.000542135557255562,0.00014077644095186,-0.00201659349320785,0.00295949352913334,-0.0856231218858684,-2.00135681142826,5.79533499766172,5.10651269925965,-5.81059185140397,-8.23880029063604,0.0285018085939844,0.00230966105612479,0.124645966869003,0.107169633277501,0.102989857629666,0.114337920620247,0.157820091840756,0.00197983212754446,0.00171606530197229,0.00165718154415325,0.00182391990019055,0.00252057775348742,0.0640708822153404,21.6537162800396,51.8940305839307,8.55439569546636,30.2751768343572,17.1329907928097,0,0.177262622451739,3.61547193989205e-06,0.112559480471471,0.132318416669101,0.805026707355873,0.00257137582439523,0.135048361467291,0.752064908658979,0.932301683854984,0.268883628811286,0.240341755769398,0.181424710920962,0.92635993393288,0.911080046102571,0.550543402398563,0.84780021593408,0.630606447693283,130,"ANO7"
-14.4106446789717,0.0053783560028463,0.939979090256494,1.20296752482465,0.457569526226718,0.164247665961012,0.404022053030357,-0.00903076113974277,-0.0113741193166611,-0.00270290345986846,0.00106845666289326,-0.00213256950781592,-0.0748763299323567,-23.400082147947,53.0361709359268,23.1535565418428,26.7028933461611,-32.1481001620182,0.052435608583596,0.00423690068197708,0.215452505526385,0.193905612168471,0.200437650939904,0.229390517114609,0.282169426013337,0.00341771313033403,0.00309186779347411,0.00319339259354144,0.00359470645918848,0.00451475292032134,0.119087932607824,41.9179432329466,100.402989532597,16.3727450988021,58.0395626624704,30.7795376068378,0,0.204295552239958,1.28400423091658e-05,5.50871186960206e-10,0.0224390777495818,0.473980431831867,0.15218902626651,0.00823352837583611,0.000234406422176358,0.397326849853082,0.766290481652039,0.63667288244506,0.529513880535358,0.576683612643455,0.597337637639129,0.157317164731564,0.645458164004813,0.296271049168907,131,"ANO9"
-16.5298315652695,-0.00782260509582108,-0.651667407146039,-0.310936996030208,0.490226994178019,-0.073427312521826,0.0773615719134441,0.0129533027379482,0.000802030219621583,-0.0100189498870307,0.000302061981717333,-0.00439921717670401,0.268625491372764,32.5923854535967,-102.568039424431,-16.8011583251681,-33.7778129697549,39.681835021017,0.0633994237322069,0.00606348590597415,0.528393623362543,0.514424838116791,0.475885307599342,0.540533723961283,0.728565223372211,0.00839825931943017,0.00846741291983807,0.0080398595457309,0.00894057071954437,0.0121591566829024,0.137801115459713,45.9342651158813,107.411745505434,19.6162935478033,62.3521230307399,40.0644378785015,0,0.197010104122244,0.217464174494504,0.54555367222503,0.302945766534254,0.891945996881105,0.915436798484495,0.122981408052862,0.924537525518922,0.212705728603225,0.97304816926489,0.71749938466062,0.0512511411258731,0.477986913091856,0.339625615851133,0.391726828181752,0.588006759021456,0.321954063974028,132,"ANP32D"
-14.7303351940162,0.0151041162591854,0.229607395765741,0.552279809366165,0.305202274656715,-0.299448891232839,0.124340987752165,-0.00354236593554294,-0.00849965101060727,-0.00476826688773425,0.00444658860834751,-0.0023960939920373,0.0227598622085866,31.8705739092654,-87.7156708263747,7.45185839924048,-47.2530037279292,7.04624468895688,0.0414151936282827,0.00364573945874906,0.267941298433748,0.24005780641462,0.241224293148856,0.27442792605743,0.349597454268206,0.0041677573013144,0.00377068661457226,0.00378880574254573,0.00422240487529512,0.00547681391177423,0.0936212687919384,31.0558120517051,74.0920905645601,12.3887892376704,43.1442545152164,24.6841638293722,0,3.42866730794264e-05,0.391482625260017,0.0214135864627091,0.205791770029747,0.275195887766801,0.72208844020098,0.395355471051025,0.0241874372583427,0.208205753937764,0.2922979810118,0.661750377231611,0.807923531218515,0.304780635773289,0.23646309755233,0.54750692187892,0.273414648696783,0.775294746859155,133,"ANPEP"
-13.5427152440255,-0.00494156019502894,-0.127227849220836,0.235105101980799,0.050137990892989,-0.0415788696045683,-0.0724593718971858,-0.00531349896018792,-0.00867341656817511,-0.00530755514020225,-0.00340875569603758,-0.00536735291438193,0.0505792200808318,7.68983905041408,-18.7625607138788,5.71067090139245,-22.3763358915972,-26.2286447285812,0.0370406582942335,0.00287404425941384,0.142912560152725,0.120493249953398,0.118655626012371,0.137556920330283,0.185009394341959,0.00232919027545551,0.00198875055298422,0.00196341153571054,0.00223096496265227,0.00304520214741082,0.0833379653106469,27.8500838862552,66.6349000159955,11.0347233301475,38.6199159916021,21.654756012831,0,0.0855460894470841,0.373331878131707,0.0510345689043174,0.672623268126784,0.76244879880114,0.695315070728678,0.0225328033319287,1.29327975317875e-05,0.00686689829526816,0.126530208055257,0.0779746498835352,0.543906057834322,0.782459377701672,0.778271267825082,0.604794420218108,0.562320062800553,0.225811610042289,134,"ANTKMT"
-14.7598392784698,0.0033980636524566,-0.875521157460367,-0.863497641016357,-0.652660991907643,-1.085258516256,-0.596129938335788,0.011278798362218,0.00774401877514899,0.00539286272221196,0.01187732720657,0.00478176338344035,-0.0521390902443645,-52.5621413083213,100.561339953511,25.3661575652172,45.9915676718748,45.0498760850721,0.0612971932785922,0.00511492084747188,0.272197984526604,0.260938822994582,0.250320717879204,0.292665972036568,0.372208307744972,0.00428008932901708,0.0041553514823097,0.00399910631887978,0.00457951974462113,0.00594407182128597,0.142663957153031,51.1012599658982,122.464510935646,19.8106222977119,70.9081548946941,34.3108121162614,0,0.506470581437787,0.00129770614129718,0.000935643997688324,0.00912595953813699,0.000208753089374439,0.109243429364772,0.00840931061377063,0.0623743211478673,0.177492166889405,0.00949838630621547,0.421131811590508,0.714762198600572,0.303673332849342,0.411562661331403,0.20039319542526,0.516592046393998,0.189185110989452,135,"ANTXR2"
-16.4897010342834,0.000566018460640371,-0.882717626575878,0.345655247511708,-0.884228244988029,-0.0373349794790045,1.24026186769343,0.0158050259630475,-0.00859881258232838,0.0114950396306681,-0.00398508201681702,-0.0227929593317964,-0.000309781581804312,135.439362054167,-319.044315683647,-7.2388794272771,-178.069314451825,-42.7030335477483,0.0628805709519915,0.00657483862717565,0.590819964455055,0.551609096775197,0.53196882524595,0.640290443337388,0.791543535501419,0.00927096019745583,0.00902959244224872,0.00854170934813064,0.0103946253973783,0.0134059444763169,0.143473547653451,47.0387490271343,109.450094515884,19.3649984541667,62.805486537075,37.9598978127409,0,0.931396009075688,0.135161198127196,0.530901276519606,0.0964765746959119,0.953502145428395,0.117140341294047,0.0882338844369573,0.340948692883685,0.178381860837681,0.701438705555728,0.0890908923260503,0.998277245155386,0.00398540410687684,0.00355716761021823,0.708543782746584,0.00457897035940789,0.260609703380341,137,"ANXA1"
-15.2356620121785,0.00745683989684781,0.415411831228478,-0.194056227048317,0.039307479988862,-0.234871022924822,-0.296863922051347,-0.00448683952277769,0.00283175279052184,-0.00175309759328935,0.00254429770359054,0.002588761731845,-0.0225426811096381,9.64718834482086,-22.1277980602073,8.02975546196676,-9.50639024065311,1.31351086347671,0.038023377591734,0.00357175791727982,0.293026438625781,0.274811138346413,0.27106443526711,0.316113459474235,0.412166495540633,0.00462330107238268,0.00429574336108888,0.00427688064766621,0.00492678240301628,0.00642724888696711,0.0857321879773941,28.1434589973716,66.5269232034501,11.4208795277712,38.5958357837246,22.3810009893707,0,0.036822860648928,0.156290083284721,0.480098612726322,0.884701734890245,0.457484127074553,0.471369584798805,0.331805317421835,0.509767531238022,0.681878582262581,0.605559862102065,0.687110713613898,0.792594491235227,0.731759335735416,0.73942553761436,0.482007887734975,0.805445279188952,0.953200095125773,138,"ANXA10"
-14.2579538164991,0.000147701438850368,0.0336222605275838,0.177774019931945,-0.448000336900343,-0.183152536276597,-0.235824469965125,0.00153621685529614,-0.000833480921400377,0.00726401318542292,0.00238862172843553,0.00592162041954254,0.110787868621385,-15.174861486366,32.4059589811273,22.2861489052693,15.0104319724723,2.67681665693128,0.0283343905900837,0.00256669434359551,0.190500832374897,0.171284606533829,0.174794073196282,0.201636444171073,0.24496782224425,0.00302525195065554,0.00274491402723351,0.00277447679281322,0.00319692512366777,0.00387196769974189,0.0635738650137785,21.6313970716499,51.4732120882632,8.56985205443509,29.7952623296569,16.9459437597682,0,0.954110746323601,0.859905834709253,0.299322792877479,0.0103766701151762,0.363703622094678,0.335710499576603,0.611595020592979,0.761397947366957,0.00884063671698398,0.454965635559004,0.126175997268089,0.0813923710340312,0.482978447720896,0.528976352783693,0.0093080147903655,0.614411862441874,0.874486673093967,139,"ANXA13"
-13.4399044774507,0.0083266010562456,-1.20467705725508,-1.04689225485998,-0.153710747261476,0.165076605014276,-1.07006880026855,0.00814561827038389,0.00717105722035789,0.00348234055625213,-0.00329584817289449,0.0110144764598277,0.136236558630808,-3.68540980435432,-1.1249805951389,3.65357264835484,-6.95935121231306,-6.31711905753282,0.0359541082964271,0.00291002013036691,0.190714961105112,0.167175708675644,0.144155391045111,0.164011163570957,0.233352907416305,0.00297036319301566,0.00262108534912117,0.00228055832728733,0.00260053042918068,0.00367393138891689,0.0810333065139607,27.160331533577,64.8680180491135,10.7704358801558,37.7839752640994,21.2544695271303,0,0.00421834228996852,2.67317588616907e-10,3.79517655226692e-10,0.286294777574118,0.314176961755952,4.52631541213291e-06,0.00610111362413056,0.00622077774773928,0.126768863198353,0.205021108098639,0.00271750354318462,0.0927160136381439,0.892065642679399,0.986163294605654,0.734442228049187,0.853866048277147,0.766303380084953,140,"ANXA2"
-15.5529337515804,-0.000983142772151282,-1.22848379441658,-0.298588459972538,-0.744548121986756,-0.673557282387013,-1.48169494618538,0.00909262703914281,-0.00372362970414265,0.00620016797225996,0.00787229452345269,0.0164415168911743,0.0358149704100355,28.2062227423363,-58.0139228397048,7.87923448335279,-18.2912148943269,-8.77933976997098,0.0412898129412017,0.00378881852852565,0.398460068428485,0.326130498614553,0.312172636056062,0.33794848103798,0.492817157025607,0.00630219940510577,0.00532795367255383,0.00502774760033466,0.00536968239543772,0.00769770604714612,0.0907925506425739,31.1516315472345,73.5363754185434,12.8877937265443,42.5246492433461,24.314208830438,0,0.795260810463582,0.00204870889997105,0.359903477991293,0.0170766847662456,0.0462530363051929,0.0026420322153941,0.149085147421049,0.484623573732153,0.217504892143704,0.142631031056331,0.0326877081115345,0.693233803918347,0.365227411918995,0.43016190085945,0.540953424487216,0.667099581344876,0.718040712313005,141,"ANXA2R"
-13.7294963130909,0.007587534628614,-0.430750227270802,0.061306820200118,0.140180166495322,0.215753634940566,-0.403952895223774,-0.000963968032515831,-0.0042947161977401,-0.00393411272955912,-0.00614740783593454,0.000109524378552887,0.0304644408249884,9.60362586228431,-35.3145436044833,11.0709530222689,-26.9197425816088,-2.53340118820629,0.0477212158258975,0.00362802079044926,0.166664277293309,0.137505831571838,0.134966503007354,0.156852354398909,0.215147006067447,0.0026062597240238,0.00217540539007238,0.00213563807876215,0.00247227421390114,0.00338184094544269,0.108674444457363,37.1172598254468,89.4053902067123,14.6564481169211,51.7399640557393,27.8674665932252,0,0.036494889828335,0.00975094410793761,0.655706414916311,0.298977166854996,0.168970122838135,0.0604404386550247,0.711482000337954,0.0483573927672261,0.0654568380242192,0.0128992197885769,0.974164208693243,0.779226215492229,0.795837807640089,0.692847721270585,0.450030617837613,0.602862048110272,0.927564965344194,142,"ANXA2R-AS1"
-15.0536416604077,0.00985975941333786,-0.664474874394336,-0.774331198366985,-0.264123556821821,-0.211423386972056,-1.51311270264757,-0.013922408919569,-0.00875435699332377,-0.0137596784066317,-0.00875534497410541,0.00219179765153092,0.176385246603797,-30.3620047193816,34.4465852202798,24.9760383948377,0.604653501546983,32.0973521521922,0.0575591696046854,0.00499297126735245,0.433381393666815,0.356531423340743,0.333376186322449,0.357975726425416,0.591031987971675,0.00701277289360886,0.00570351749697371,0.00539709972737383,0.00570501998134736,0.00940490919747449,0.12848109872826,46.9153956812091,112.327997765015,18.0596493147686,65.4873681681984,34.7039025677412,0,0.048299040717148,0.12521833102126,0.0298673118656742,0.428203949803779,0.554782992665239,0.0104636081985275,0.0471118826606185,0.124807188020141,0.0107890544197942,0.124863962543944,0.81572393721269,0.16979905523381,0.517525123867277,0.759101627232114,0.166672618472074,0.992633131360702,0.355022233801192,143,"ANXA3"
-17.1261037068153,0.00773604057683202,0.495155944353213,0.21041794391165,-0.330389723303284,-2.5998298527749,-2.53356860327478,0.000195930959423138,-0.000978066898099788,0.00395671399138036,0.031632520058012,0.041705627158769,0.0715781998636511,33.6999483051273,-59.1175881237323,91.5551206722982,-8.2496653857502,43.223544506953,0.116016552542524,0.0107528494589172,0.710376818216767,0.725486670434676,0.730573762894788,1.01762661441106,1.11259902991986,0.0112256994731688,0.011682339496527,0.0117002248071788,0.015345569913241,0.0167449870888592,0.264915695821028,102.673599773149,229.103992770549,48.7945305041184,127.173340023009,59.9685927108228,0,0.471869253447506,0.485782265722345,0.771787967023783,0.651100980627719,0.0106249613635476,0.0227765335065726,0.986074600431556,0.933277596384196,0.735231928238046,0.039270099167713,0.0127515551442448,0.787012261872516,0.74274223872446,0.796377404952461,0.06060863220873,0.948277939930594,0.471051221391236,144,"ANXA5"
-15.5908111511273,0.0061300854493733,0.773631912509252,1.04091634163739,0.725602549372848,0.429646915000981,-0.151115887631204,-0.00986059626534402,-0.0157939984463111,-0.0082932935113155,-0.007497735980432,0.00248660328474963,-0.109508580348285,21.7579629434681,-76.7457674683887,-0.297810418395607,-59.5898883890925,10.3253206985408,0.0328209677441468,0.00400889893563806,0.37343888622456,0.345844337940993,0.327152420923006,0.40224277667582,0.522907630576875,0.00599342569037984,0.00560671108818604,0.00528675254617088,0.00643777826172841,0.00825012689134991,0.0751433517969701,24.5409361566725,58.1428544441321,9.86628675677106,33.6736410060029,19.8794054699092,0,0.126234827399573,0.0382987821905572,0.00261434566635159,0.026559317882654,0.285462617377092,0.772587842521148,0.0999212706696595,0.00484773977413046,0.116719411117228,0.244162109355367,0.763108104384152,0.145025605164758,0.375294975367211,0.186851099240632,0.975919790007355,0.0767887827430349,0.603483321960939,146,"ANXA9"
-15.8329164698339,0.00180424642072645,0.0739627445769155,0.0435480750126948,-0.00769337236942995,0.0340811086528699,0.0675395669251601,0.000695680043033432,-0.00116329073213714,0.00135530786253755,0.00135187982669136,0.000314642862387441,0.129465756328456,-22.462145257761,44.3613240811916,10.2280606242565,14.1164119493137,2.85058042252383,0.0324524173226277,0.00407709490593719,0.40762788157373,0.382074911754171,0.361405385149777,0.405267032229137,0.527306638720832,0.0064713334314773,0.00611378515279005,0.00579376981544428,0.00642579299393579,0.00845744612407217,0.0724523437941608,24.4778945121561,58.1597380228589,9.89300547863548,33.8254668020675,20.0971649033779,0,0.658104020701828,0.856016945384854,0.909255356225113,0.983016413946888,0.932980551607465,0.898082462764748,0.914390891184733,0.849094890921575,0.815043169770811,0.833368490254593,0.970323100021526,0.0739521728135128,0.358802017538546,0.445612670365384,0.301197931625376,0.676436401877098,0.887206444921667,148,"AOC1"
-13.0827760795007,0.00293365797775075,-0.457880925002004,-0.205927656931399,-0.0666582372736154,-0.210779954368534,-0.332725867273258,0.00219242116767874,-0.000897194151275833,-0.000841443964854335,0.0013850330712041,0.000936116376267272,-0.0145849421167038,16.3428505110399,-46.0344027591846,-3.74963107733611,-30.3980689704137,9.9783392911718,0.0183089934115825,0.00154780382915108,0.112875899023622,0.0988369661376958,0.0928486067340832,0.10560216969511,0.145273780768485,0.00179330225453767,0.00158385518491896,0.0015033302369051,0.00167512388867852,0.00232831462346105,0.0411142677467589,13.5627616145236,32.0812730433331,5.41534200164998,18.5819118426656,10.7887813030228,0,0.0580436539711708,4.98138635165395e-05,0.0372048996889467,0.472804187789292,0.0459359599308846,0.0220018076433759,0.221495599429775,0.571079596849511,0.575670454351048,0.408336676925073,0.687641703471832,0.722783164727889,0.228211193063951,0.151306853694827,0.488680569098908,0.101861426105002,0.355027789080278,149,"AOC2"
-14.4398258911605,0.0016559428934327,-0.374310087616915,-0.317386115958332,-0.418238546914419,-0.364938902656654,-0.927664565792483,-0.00238864106522303,-0.00206264249438668,0.0024775298526597,0.00234511313838575,0.00769709206987813,0.00616984442708624,13.2305207662979,-40.1643075354769,-3.78601442065921,-26.1274651552191,15.077522704564,0.0273204120284679,0.00240707248248703,0.221123848494625,0.191713561809388,0.178459153268835,0.20049757350687,0.289080077767925,0.0035536527054933,0.0030812176106313,0.00287106247986713,0.00317830116772044,0.00455042754268479,0.0606923486119879,20.651176441574,49.0041643078708,8.24550623668495,28.433640435731,16.2548730478309,0,0.491484954127589,0.0905007444060773,0.097818555353314,0.0190981610363581,0.0687337015977982,0.00133186921747858,0.501478643033588,0.503224740601312,0.388175206842449,0.460604913038547,0.0907395075713088,0.919028380484348,0.521739263156378,0.412438419562092,0.646118595361043,0.358151688942927,0.35363098112023,150,"AOC3"
-14.9848804861216,0.00084298736960993,-0.470901769032645,-0.418273639969026,-0.402412135229837,-0.308226454577528,-0.0202146887106424,-0.00553920240586322,-0.00364818633589794,-0.000416249936694697,0.00114694401364542,-0.00960200162880785,0.0338958417921632,41.0046399028818,-103.295291469489,-0.874814179170726,-57.5495608034252,4.74688446451295,0.0341173428221252,0.00303017455671611,0.308829658592737,0.257085032706591,0.23676801713858,0.257641106189699,0.378948766273393,0.00501862804245192,0.00417520288079012,0.00387463761650813,0.00412786190170052,0.00627692622104969,0.0752612067573585,25.1233995999079,59.1504984160307,10.2155206823979,34.2559405160706,20.1431457500173,0,0.780860656742097,0.127310358805098,0.103740161305241,0.089205225816926,0.231563763531336,0.957457727022943,0.269710962976079,0.382241001313996,0.914448343444999,0.781124237070986,0.126083603016991,0.652439342091788,0.102652222882229,0.0807565572077824,0.93175594701383,0.0929596970563767,0.813698409001826,151,"AOC4P"
-15.0631600872307,0.00211254460651164,-0.349551049685948,-0.135671503009787,0.241333453404442,0.172295891856015,-0.456220555940822,0.00415608136707373,7.48797330606759e-05,-0.00393718491738233,-0.00457877848251345,0.00552600134065965,0.0829878711194621,2.36335985241794,-15.1833083130731,6.69559725098155,-16.2465383975161,9.62794468886854,0.0280443713343056,0.00307642627633465,0.307053440349324,0.280697178820086,0.261919108182263,0.309781427052341,0.416037558710639,0.00485641912414773,0.0044907023377656,0.00424367181289809,0.00496479777552954,0.00659701165423964,0.0631641610257712,21.288544398468,50.5725782503676,8.57780226076272,29.281736037854,16.7023292893598,0,0.492279442549668,0.254951573126602,0.62885604096855,0.356839263314862,0.578084152187658,0.272822837454752,0.392113213341747,0.986696376202822,0.353522790759113,0.356398846128334,0.402226065332261,0.188898615827895,0.911604001410051,0.764003184024854,0.435053923434559,0.579007375765562,0.564315629648938,152,"AOX1"
-14.140918701393,-0.000879189794211037,-0.589948024855331,-0.0838673190396669,-0.264346010742721,-0.200117411628999,-0.258147858610973,0.00178068911541345,-0.0035662925355127,0.00200958550978711,0.00131350345591775,-0.00289022818177032,0.023172557689779,29.4845133260358,-85.8395853207405,-14.6687311158131,-54.2190462862901,5.00271699505504,0.0290604635541093,0.00244636801149867,0.197636165786916,0.164744522726732,0.15604547147739,0.17677240191512,0.253139760526729,0.0031511351773266,0.00265836481353186,0.00251441763477636,0.0028175197282459,0.00410003349902342,0.0653925251289494,22.0507076438537,52.4196164264287,8.73343891913963,30.4149878416754,17.6342357901765,0,0.719306536066942,0.00283559233112189,0.610699649739936,0.0902592163447612,0.257608148724803,0.307830948522358,0.572009498350498,0.179746436216595,0.424159940815684,0.641078507305363,0.480855079516844,0.723068391505395,0.181182417150458,0.101516228049985,0.0930341175354232,0.0746445365729593,0.776645323187427,153,"AP1AR-DT"
-16.4519174125609,-0.00385719088126645,-0.577993649505961,-0.424713768542473,-0.295583918851337,-0.987706394007998,-1.33998583057224,0.00907253060482726,0.00697176960501168,0.00569345134329947,0.0162783818478842,0.0226162440342553,0.214023219700466,24.8333489444938,-37.0114388203247,-13.8607100999144,-17.9893968244891,-23.8881245569336,0.0394092338323347,0.00521720917081553,0.567685742762127,0.505174358313737,0.473752740380902,0.565291078869822,0.737043294782691,0.00904894602598599,0.0081123783253607,0.00772393615955103,0.00886838701033645,0.0114630716577455,0.0847061798137334,29.1286694660465,68.9455714319888,12.2301328972814,40.2583051133237,23.4079210017647,0,0.459712265716469,0.308602985173077,0.400500840290787,0.532679973726759,0.0805935046462822,0.0690556059703297,0.316050838341961,0.390120435893283,0.461050674956701,0.0664240029356528,0.0484995017690847,0.0115154844471624,0.39391457970794,0.591391182077949,0.257077977653614,0.654983848199228,0.307484480357234,154,"AP1B1P1"
-13.7179700119373,0.00692723798600199,-0.143746728229507,0.36371300702016,0.117537089434459,-0.195400840463784,0.0333324455684773,0.00356323381548038,0.000289294818794359,0.000779000977361029,0.0045829226917009,0.000506896373996634,-0.0877843421730997,-23.4840105999611,41.9648176630163,19.4635623336902,9.53769578262489,5.64927816713327,0.0455409176452747,0.00353331787603826,0.155649369319256,0.132075968570236,0.135762051834766,0.158593729871269,0.201206184559735,0.00242180239810077,0.00207136219985628,0.00214594688413839,0.00246462822728931,0.00317455182382845,0.103231805629759,36.7229018804442,88.2818191230826,14.4018144926455,50.9949238260415,26.8338832137848,0,0.0499318166731548,0.355731521734127,0.00589047497467508,0.3866228578417,0.217917605354511,0.86842206594828,0.141205990990608,0.88892543763274,0.716597136119891,0.0629593731415468,0.873137142074505,0.395124192791414,0.522502763483041,0.634537082839187,0.176546210628289,0.851635340463035,0.833255763284121,155,"AP1G2-AS1"
-15.0238514952673,-0.00384673813577195,-0.59691591468978,-0.294696114904705,-0.779851808374195,-0.763373615234582,-0.658252505912345,0.0108470229706429,0.00715632218819813,0.0135260439502012,0.0105608792169975,0.0100944983673109,0.0268139884624434,-10.0258850172449,16.4060172599961,11.5381172579944,-4.80152188117765,0.314878964094922,0.0218856800518147,0.00275723667510936,0.276500284466801,0.244377842229689,0.245011465713376,0.294464353572258,0.374750121874107,0.00439410016073804,0.00392458055249004,0.00391527240518975,0.00466520032003484,0.00597023096471674,0.0493383127770295,16.6512828687002,39.5187343481538,6.67265430031114,22.9320425367159,13.296373022134,0,0.162972864878872,0.03086369339558,0.227854669974807,0.00145798068467408,0.00953049095874587,0.0790012883578542,0.0135664543313656,0.0682334980953055,0.000550930301582547,0.0235890733239525,0.0908739878956894,0.586804906931736,0.547101674398396,0.67803553116033,0.0837796493469081,0.83415123630855,0.981106608355444,156,"AP1M2"
-13.0436117091075,-0.000151143465277296,-0.128133038635942,-0.184573896978477,-0.246329199144685,-0.115391371982341,-0.320373883889239,0.000283170320236333,0.000469569110065681,0.00205039561642658,0.000398973310476807,0.00332796105387419,0.01469371985351,-17.6091847713971,45.3146642751407,9.7151866114399,22.3383137205963,-6.11846136824386,0.0173755756752481,0.0015275766477567,0.108366134548284,0.0990884536001776,0.0958361203321021,0.107976363222953,0.141962877068666,0.00174015774729672,0.00159908646218175,0.00155206186848387,0.00173363544295923,0.00227719782168901,0.0393206499569546,12.9712745088328,30.8043747787222,5.17602838789691,17.8740250332697,10.4406674525174,0,0.921183293939826,0.237043651999619,0.0625018797875553,0.0101605523872854,0.285217259076212,0.0240240701007556,0.870733536505216,0.769026621447673,0.186475180026522,0.817985471192388,0.143897973602858,0.708635227751628,0.174605757359265,0.141278572019615,0.0605238843799555,0.211385756130249,0.557860695658365,157,"APBA3"
-12.7465004129918,0.00117710252302071,0.11582574613344,-0.346266830392746,-0.499306102487336,-0.299901761527893,-0.0757438934527903,-0.00102219500626896,0.000639182628323018,0.000222112583864369,-0.00283841863992585,-0.00363121195668907,-0.0686378232914022,36.4174643329806,-87.6828326218426,-2.74727522342027,-37.2688363583279,15.0424317196324,0.0524896003566575,0.00402506368665066,0.167662481903566,0.153037177565012,0.153877846725546,0.170012120751026,0.214988773101346,0.00266829957654697,0.00245087639441324,0.00246696206479809,0.00271315375029369,0.00346265891515097,0.120575275649904,42.5598799581486,101.215209968374,16.6508736299626,58.6638110528822,29.012567035962,0,0.769947778793614,0.489674352967887,0.0236583776613911,0.00117524382961518,0.077731602364682,0.724601608042985,0.701654111658068,0.794248612091712,0.928259513122633,0.2954827925372,0.294326644708152,0.569184536985606,0.392177064562815,0.386325145065718,0.868949603741439,0.525235917104135,0.604123507780392,158,"APBB1IP"
-15.2695687701107,0.0161446915246187,-1.10633329019569,-0.967148069376295,-0.436416423940735,-0.497750789521459,-1.35923747947304,0.00177956011691194,-0.00151037815197001,-0.00728925471542619,-0.00561367071381249,-0.00680679355966804,-0.0529183226476217,-8.67005710085591,3.96035689642789,15.1547844104731,-2.59787503145836,45.1481984792799,0.0966227827473562,0.00820578363234966,0.374333071128562,0.348342861053761,0.334288669335525,0.348747937074274,0.682664725913042,0.00587653820221347,0.00555054605530316,0.00538446668271107,0.005557854255904,0.0111048926174328,0.222240166748447,79.0640074017914,194.126070044907,30.9154017759111,113.713795880947,51.6566983181342,0,0.049128231469499,0.00312184599175982,0.0054960196433668,0.19172003496862,0.153507602219653,0.0464725119793322,0.762023562731988,0.785534799734555,0.175814197763962,0.312474781533845,0.539906445811253,0.811793278269471,0.912680047091815,0.983723523356736,0.62399113440788,0.981773327786549,0.38211567981293,159,"APCDD1"
-14.2095578372854,0.00660201946504487,-0.702453994076928,-0.174759399987981,-0.303639604493194,0.011543641758963,-0.856490415834967,-7.26750473431597e-05,-0.00561007333080718,0.000519270363588101,-0.00414535231929164,0.00315959750471951,-0.0343107677261697,2.85765668377241,-24.3821691745498,13.070105632083,-13.7509964862675,1.5400744411757,0.0493661830116448,0.00382748069815723,0.21596926140982,0.179695768594953,0.17091684504815,0.194574278445527,0.287042020990221,0.00339158373123342,0.0028589709159633,0.00271443441061198,0.00307511642378823,0.00450825426944863,0.112262946204101,39.1909672282886,94.156523973388,15.3881310144427,54.5282900409327,29.3192471283377,0,0.0845455893567778,0.00114368558752364,0.330787295925338,0.0756449256297924,0.95269110944794,0.00284646013948846,0.982904192961888,0.0497310388048581,0.848290832143973,0.177648406805611,0.483398361256657,0.759887437766068,0.94187279685535,0.795671055113614,0.395679461049518,0.800901194915544,0.958108174823904,160,"APCDD1L"
-13.0989945329214,-0.00351131275068235,-0.212359159825158,0.058652814824753,-0.0085881237463788,-0.0487288177266432,0.0906824887110234,0.00113772098714687,-0.000994896503951831,0.000264818521380433,0.000284460890261955,-0.00336637874308709,0.00800973703832175,1.86094929023234,-17.9204289454652,11.5180630580733,-14.741198947696,17.0207965767366,0.0217733991132355,0.0018187412267203,0.113180568931994,0.0973066158891316,0.0956884752422885,0.109402384770698,0.143210011795899,0.00182460135135068,0.00158225104860563,0.00156693654551302,0.0017667727716084,0.00234685447145895,0.0490748099015667,15.9779448921292,37.9338682298659,6.38570764884872,22.0056982675722,13.2053786735391,0,0.0535290717237353,0.0606159664248662,0.546666452303022,0.928485191901109,0.656024137197006,0.526594340858903,0.532926463008779,0.529489499390017,0.8657935064382,0.872088731419946,0.151451987646251,0.870349285585796,0.90728015757568,0.636632470008716,0.0712743662488073,0.502933658838429,0.197422743431937,161,"APEH"
-16.0929533175217,0.00653993246814957,0.592694044854476,0.347157268085675,-0.463341675675993,0.0280615226753964,-0.132529541477125,-0.00935115435353644,-0.0046259956252601,0.0083212903632441,-0.000415828635152361,0.00391388676388677,-0.0778212034062076,22.6267416135894,-51.4660192464157,8.13642488169761,-37.7217688294648,-31.9446661399498,0.042273859096051,0.0049495417413892,0.477873342590393,0.432730569857522,0.434085436533381,0.491625326382522,0.613701899953602,0.00768466140830692,0.00690456774326667,0.00678876369810214,0.00776266371744441,0.00968257958880832,0.0970920169648694,32.6755545659844,77.2339516900158,13.0881810829587,44.8163229280082,25.6565550364653,0,0.186394420422099,0.214873939811933,0.422409470226794,0.285792412323434,0.954482198818653,0.829025939476478,0.223657621918752,0.502863769522684,0.220294805326101,0.9572795302533,0.686051369888833,0.4228306109975,0.488644134118393,0.505177687210908,0.534164140841187,0.399957524579739,0.213099442696458,162,"APELA"
-14.0991090572724,-0.00195674247637489,-0.368797356232671,-0.196748813609938,-0.129388826241606,-0.0477490015518995,0.0800883307706509,0.00422495175019387,0.00222103705592456,0.000662184732638667,-0.000896552507650043,-0.00377204530484772,-0.0127524063675711,23.0262842682319,-67.279332278902,-2.15321535700348,-48.0855812369297,-3.12145086524775,0.0201696311890547,0.00206547736296712,0.186052803723581,0.165344974874235,0.161210077688127,0.186327738391422,0.245099064790549,0.00298174086694899,0.00267049541085973,0.00263078184030648,0.0030134478880926,0.0040176160659752,0.0458226740549407,14.9006444297242,35.229339060406,5.9714507340137,20.4226073983841,12.3337352077696,0,0.343457378433953,0.0474547629032598,0.234074220678451,0.422200165843982,0.797747366062702,0.743850155022037,0.156500093243966,0.405581255717427,0.801267978488102,0.766071696306435,0.347794156674578,0.780782810178907,0.122268548866078,0.0561650368432469,0.718409730026206,0.0185462945732982,0.800204566714651,163,"APEX2"
-14.4866797250324,0.00434000042376162,-0.160540183434759,0.283952826767608,0.0963047551796523,0.379642210416276,-0.494299873868033,-0.002674428871653,-0.00522633776324206,-0.00155356557757382,-0.00774817536458623,0.00358305084185262,0.175460713060715,13.7254587364508,-35.8342706957234,14.2091968975874,-27.196694110806,-23.7726740650036,0.0417989247697496,0.00358555270318996,0.230675042915241,0.197265030682553,0.187576449264926,0.223487262975251,0.313635000967496,0.00366334950605384,0.00315434371841163,0.0030011810096674,0.00358078614561865,0.00493331988520962,0.0969026958385813,32.2866474005219,76.980413346446,12.7025883101529,44.5832576076631,24.9155238874381,0,0.226120368323532,0.486455018993322,0.150023528336835,0.607660337498743,0.0893720147603742,0.115017638066316,0.465359528188227,0.0975457424577439,0.604701506492169,0.0304781947301358,0.467657288432619,0.0701888984540286,0.67075463569996,0.641574475938811,0.263308081262213,0.54184833165715,0.340017329080333,165,"APOA1"
-13.1885444347194,0.00410579274091676,0.171451421959985,0.769179289871078,0.572009281920096,0.414692419982804,0.4454463223058,-0.00213786570926616,-0.00591785264995359,-0.0058124717005778,-0.00489964980989994,-0.00518300309413008,-0.0342083645748829,-12.2526167853269,13.7171888824451,19.3462341401562,-11.6793951886547,-2.30931717401222,0.0472764783243049,0.00353430688220724,0.124463099145178,0.104798269892376,0.107070318282585,0.123924941049267,0.155466424028144,0.00196525579725191,0.00166751504855084,0.00170874771277836,0.00195975987275101,0.0024892738196835,0.106946719723176,38.5965656986164,92.8911789398878,14.9947314698014,53.796922815782,28.1702215099818,0,0.245358675254548,0.168349019604239,2.14204005933703e-13,9.17390389053851e-08,0.000818920404333561,0.00416712721779331,0.276669827047527,0.000386836476582534,0.000669932619985214,0.0124148570221163,0.0373301789264456,0.749071719605952,0.75089948000399,0.882603646212204,0.196980494697389,0.828129208075201,0.93466480773397,166,"APOA1-AS"
-15.9657537424796,0.00443289547140734,0.468352274205739,0.38740169609968,-0.100423031098155,0.318737788432915,1.01881106489316,0.000749655578965248,0.0044225087253518,0.00920202508742496,0.000438150988801358,-0.00560358286429684,0.227022857048955,25.5124877297636,-49.5509597966074,4.5583620578492,-33.7639908072154,-13.7885964962103,0.0466710881656588,0.00566626217502729,0.471616515049007,0.428664113393825,0.437590695373801,0.494042037476484,0.563904351255314,0.00741129790472877,0.00671397312072749,0.00684101931574731,0.00777048053240364,0.00900994955850238,0.103484458111,34.0475342951516,80.6986588805991,13.9710555690538,46.8532787387656,28.1803038287834,0,0.434019770380404,0.320671646017842,0.366132305826655,0.81848748397752,0.518821370134298,0.0708076641459271,0.919431087817968,0.510087033374804,0.178584919198461,0.955033830473208,0.533986077690042,0.0282507271255386,0.453664544892068,0.539199087319811,0.744218689167881,0.471135712604803,0.624629978373285,167,"APOA2"
-16.0431701090391,0.000557138765642975,1.29479159278754,1.03715018588143,0.742297150695704,0.223810942207861,-0.062017151043253,-0.0126171102033923,-0.00901201236080112,-0.00931667594117786,-0.00381418291557119,0.00749580352548987,0.0677591494217846,1.24521552336358,-5.59575560952655,-4.46205004684863,-16.0662512428261,0.538777871754554,0.0481903983552152,0.00567831770674781,0.480051431499473,0.44457865875957,0.45439003311317,0.535684877358199,0.650465869834762,0.00775050333552259,0.00717003799996568,0.00745065746040403,0.00858707052166391,0.0103018950828337,0.108169343422197,36.268563426917,86.379725329779,14.4732331420235,50.4470476758366,29.5944713325151,0,0.921839491085055,0.00699266275891195,0.0196542643315156,0.102340281818776,0.676090893321001,0.924042653356087,0.10354429034336,0.208790272892384,0.211135144713969,0.656914308778307,0.466849882151905,0.531041256878995,0.972611457698819,0.948348455906875,0.757856575237431,0.750122734950634,0.985475030265804,168,"APOB"
-15.4570027925038,-0.00519191058657935,-0.643088357224359,-0.970960096916969,-0.831595672732601,-1.14485909596835,-0.677875626775732,0.00957534082336266,0.0146858109941138,0.012627177609943,0.0167820129161941,0.00982311339748062,0.0932194610198499,-21.2599167292308,37.5486846973081,18.5693398939088,13.4162383101135,3.84110570057426,0.0378868594603351,0.003849269429716,0.342697145689224,0.313166819572244,0.305496234126062,0.359787893614665,0.452454387759428,0.00545759142609267,0.00496804369312463,0.0048834771798368,0.00562348313447252,0.00719532407665387,0.0851585262568176,28.5997270854144,68.2552732038143,11.4107751868147,39.5956454586433,22.7165700365547,0,0.177399880943135,0.0605797843210416,0.00193222602204284,0.00648656996107374,0.00146242143010996,0.134076437446681,0.0793449744814175,0.00311601398909188,0.00971831674916414,0.00284252364294331,0.172187710635607,0.273666500597112,0.457263255158022,0.582236127222835,0.103662507242954,0.734736929310693,0.865727205282951,169,"APOBEC1"
-14.6261967782424,0.0125338707362737,0.236085285192128,0.784041966184511,0.512103333847168,0.360496930745067,0.277953184756588,-0.00874996780145945,-0.0120162123283194,-0.00746840355983624,-0.00673165526837744,-0.00827483972887328,0.000508759460511498,77.8659689753825,-176.692508665789,-1.85216880388521,-97.821929673338,-46.8135152898372,0.044946673998293,0.00376576629465254,0.247032466523291,0.203803637670909,0.200808720765904,0.236997773572371,0.319964788428093,0.00387511430272021,0.00321525505891923,0.00317618861728634,0.00370025853049366,0.00507329849620307,0.102814919133418,34.7100043060308,83.0594644980485,13.8211822376029,47.9870974573622,27.0389732888407,0,0.000873551664418058,0.339231275357093,0.000119550537108138,0.0107659700801823,0.128235149582878,0.385011629492949,0.0239463077150106,0.00018604383779673,0.0187042829190371,0.0688749488747613,0.102878263506,0.996051840865646,0.0248755885666468,0.0333950549597095,0.893395114759301,0.0414994727792327,0.0833920688669636,170,"APOBEC2"
-15.5064359160629,-0.00139952670145251,0.0973829300278927,0.0423148807623578,-0.00768520824837532,-0.486392595407537,-0.57131453084193,0.000374441281370606,0.000847025414085502,0.00220129502215045,0.00695217777356534,0.00953454337526421,0.116184888674243,-19.22564986648,40.5051177995481,19.7911256236602,18.2760064988932,-1.13785020300431,0.0331256964128152,0.00373024695208763,0.347020319755147,0.314422904505668,0.305323013437848,0.368925442353315,0.468473753905203,0.00556292309192248,0.00507012946441112,0.00493675086671621,0.00584226547820827,0.00740949068233582,0.0741474462027714,25.3449707363896,60.0757510408597,10.2021332051398,34.7185430480331,19.7711814388484,0,0.707524081450319,0.778997259162539,0.892944341999866,0.979918770271914,0.18736860889795,0.222645741113479,0.9463347832878,0.867321351417449,0.655669802614346,0.234054340432865,0.198163500416935,0.117127804675737,0.448116543391778,0.500162515887458,0.0523917556994345,0.598607005572288,0.954106323976604,171,"APOBEC3A"
-16.7060089697392,0.0122250995511409,0.81396092040022,1.25921480416794,0.533741532029618,-0.774031508681672,0.627947341124619,-0.0106169962632306,-0.0182191182305253,-0.00903961208884329,0.0101872638059131,-0.00788347126322862,0.0784934238546465,7.73830909096186,5.64812586343956,22.9659471543418,11.3317109095144,-7.73737973006899,0.0511240351523693,0.00617710166351404,0.612262176010529,0.552901317593108,0.562970421849713,0.692162595636546,0.790425540671502,0.00965717265664475,0.00886758882581937,0.00893698573963111,0.0104300472131324,0.012532819440435,0.112655409278782,41.1086034733601,95.802505974442,17.207779777038,54.6542864910492,30.4614363984402,0,0.0478047913298207,0.183705491040324,0.0227583208173165,0.343088245784596,0.263447474614174,0.426938092610436,0.271598116400879,0.0399201605155551,0.311785156112463,0.328706457196963,0.52933193119956,0.485954997936772,0.850688029820314,0.952987209556354,0.181998843779879,0.835748750300986,0.799491122706333,172,"APOBEC3B-AS1"
-16.5537176849955,0.0115915464702881,0.224952745631699,0.618317289297572,1.2474090111602,0.616355697277508,0.3778506531764,-0.00277393642676701,-0.00804547996100407,-0.0195928602271657,-0.0101386952194666,-0.00750292956459935,0.0671017463443492,15.000276048999,-19.1326422544192,15.9392492425639,-5.50932811649245,-4.01961208783547,0.0434662859510849,0.00566947328060873,0.60111023533907,0.535576886690421,0.510350638955041,0.60844394635337,0.815758621410328,0.00939787162298701,0.00845068896876669,0.00832698860266736,0.00962503328294461,0.0129756768246534,0.0959539183251924,34.0662411896034,79.3130120057481,14.432041831745,45.4975325181246,26.3403842763967,0,0.0408988102613309,0.708234119142704,0.248300002087281,0.0145165893320191,0.31105860685691,0.643228695406461,0.767866728017275,0.341071533141724,0.0186259059070806,0.292172689941988,0.563108641348923,0.484356940293447,0.659700495098234,0.809377208873752,0.269404571679948,0.903619194328224,0.87871164570332,174,"APOBEC3D"
-16.4371411421285,-0.00648520704547302,-0.475613310721814,-0.302471616482092,-0.629089725641882,-1.45977744512265,-0.773644414398909,0.0108880494059651,0.00817080918110316,0.0122816160895202,0.0207830095263205,0.011693921300865,0.260973981531066,-18.0132649428458,39.2119997429869,27.5271242402542,18.4702496650703,8.16107296177141,0.046721936550806,0.00574332485656017,0.546733364016884,0.493779807754177,0.491024952357716,0.626055162389945,0.775757303139784,0.00870250411561393,0.0079487084907456,0.00789346867198967,0.00974324335195377,0.0123582082382761,0.102904475579761,35.962755670262,84.9442882332907,14.6936707493229,48.9886117156494,28.2832905907498,0,0.258824884189237,0.384345101773193,0.540164825708722,0.200131609906021,0.0197160900887536,0.318630388342332,0.210883470864762,0.303977236992908,0.119726806172716,0.0329190733154482,0.344022460917024,0.0112101124636855,0.616450884162638,0.644353702625136,0.0610131563273232,0.706150197202582,0.772927671504428,175,"APOBEC3F"
-15.6155976160632,0.00718599163055583,0.070801796748287,0.00299246621723389,-0.954415838445563,-0.935996700614783,0.053702794095692,-0.0030239553907798,-0.00188694540338829,0.0155425436150494,0.01263953629563,-0.00128881721902101,0.0788496783804525,19.0177017678713,-59.8579869370229,6.66193436854506,-29.9499224633728,18.1776044399155,0.044026326011709,0.00421632379331095,0.382831301224769,0.34259188728738,0.333536557689777,0.395387333359578,0.480961361293005,0.00602404358794933,0.00540399833063443,0.00511410507719532,0.00604761557749947,0.00760683279358358,0.0992382428336092,33.6800389472352,80.0618934337325,13.5058485751555,46.4568410298377,26.0285639728808,0,0.0883201397477662,0.85327409719912,0.993030739136111,0.0042163760100539,0.0179188589402204,0.911095224432244,0.615680890043478,0.726957338118471,0.00237244975985996,0.0366175065119897,0.865459302873389,0.426875708659723,0.572306440417086,0.454673465373387,0.621826821501765,0.519132819104998,0.484944962798465,176,"APOBEC3G"
-14.9915530542954,0.0145039361510287,0.203390784978247,-0.255161546840536,0.389003386650696,0.178715909819455,0.292299011219964,-0.00714222116741975,0.0029188937632177,-0.00593817641128575,-0.00196530575950808,-0.00737055139883928,0.0924022191936152,-5.63898787435899,9.2646956066585,27.8295756478065,19.3321754797158,4.47668519971363,0.0591498751554817,0.00477970471273788,0.286987601256275,0.245923838332261,0.238865912154599,0.269735440617795,0.358134808963168,0.00446622684614373,0.00378739302852431,0.00373211403161528,0.0041918112928258,0.00565427078122397,0.135207813416807,44.0828468619921,105.193735373228,17.4487462339607,61.0085940560809,34.4166446667773,0,0.00240947757024749,0.478504885974184,0.299473415971558,0.103409819258081,0.507612404361204,0.414402714177045,0.109784566036489,0.44089260573792,0.111586483157331,0.6391811150653,0.192391479326421,0.494348515706146,0.898213897197899,0.92981889950566,0.110727290045371,0.751337491671595,0.896508465109616,177,"APOBEC3H"
-14.5500724727965,0.00107317118163165,-0.918426668821498,0.0385469335538509,-0.280390801885492,-0.0889696585942011,-0.608491335145856,0.00169288632621924,-0.00459217642965632,0.00209465124955086,-0.00260827253192168,-0.000249667866405892,-0.184113409985589,-2.92254524744389,-27.4274151305307,23.7573559679946,-42.2808042320669,-1.41179054185963,0.0715950111857801,0.00545190710113137,0.244691968021064,0.185645328012278,0.180423572693605,0.217213968019923,0.315457169720796,0.00386781131445524,0.00296973723602871,0.0028822697789185,0.00342352176933297,0.00498971884124152,0.165526195848754,58.0335705295668,139.629633569449,22.769089187231,80.7273288030061,42.8799610465984,0,0.843950194660094,0.000174452611109937,0.83551201426955,0.120167799215192,0.682103391761824,0.053740916019318,0.661614020161036,0.122026300533092,0.467387262045137,0.446138642491083,0.960093333948114,0.266012761219724,0.959835859578456,0.84427380642523,0.296761277987682,0.600453590700148,0.973734994863635,178,"APOBEC4"
-16.6377124918598,0.0138797842028236,0.727431199542115,1.01745553281309,1.08686757138545,1.10690246405123,-1.52011975360622,-0.00651588838879558,-0.00924598085043052,-0.0172989149903199,-0.0171228989678564,0.021194651041049,-0.172126720079431,-12.8824884601012,17.9797584407888,46.991170388132,14.1745777347511,46.5628277983139,0.0867523938027021,0.00835530429199307,0.588866222854143,0.537870527897038,0.56305779518738,0.620314344698995,0.907695815754274,0.00915664161001705,0.00845221087570946,0.00902279658608505,0.00983086836655809,0.0135847863401497,0.198369583854214,67.6437397036921,161.128711891325,27.5922666228146,93.572318291717,48.8844549741428,0,0.0966744218696517,0.216715870006001,0.0585394267582198,0.053570312805088,0.0743551449089565,0.0939927677032929,0.476711003997821,0.273993266636286,0.0552067664740316,0.0815524843186268,0.118718409822834,0.385554632505311,0.848959552390803,0.911151427036485,0.0885576218442771,0.879595038398052,0.340839479519162,180,"APOC1"
-16.0331513468629,0.00377445031901794,0.466510690130413,0.611345600192625,-0.364766857826975,0.238403884660649,-1.52187498335713,-0.00633714732401351,-0.00782489727700563,0.00807398141071118,-0.0029428600522806,0.0247817492500939,-0.0603492573751563,-11.7589915372174,2.67515852122875,9.93429148777412,-18.0256403378521,16.8478382651691,0.0461793795900352,0.00510861594941604,0.461558727666552,0.413523180523146,0.409627887827147,0.476615282775974,0.653585451691089,0.0073935102672263,0.00661449220940962,0.00645799674075751,0.00758376391302391,0.00982299926819689,0.106204983218889,34.2248420531131,81.1136373009259,13.7177478246836,47.0782675561713,28.0446868004415,0,0.460004098753862,0.312146258013423,0.139305318898629,0.373206347116387,0.61693289901272,0.0198854670730903,0.391376939426537,0.236811963918478,0.211215532603021,0.69798093854433,0.0116414933684114,0.569876247799209,0.731161721495758,0.973690234212373,0.468947499893586,0.701803807320771,0.548006685204228,181,"APOC1P1"
-16.1525828010032,0.0140710674058367,0.0166405840383048,1.02415279252456,0.554895214953795,0.840372803133091,-0.1315800376012,0.0032611576750032,-0.00820302751637078,-0.00362717091636606,-0.0128477974241086,0.00194887940440659,-0.0331994209592041,28.8681936469451,-63.5400436219214,3.65917509876418,-31.2717655600031,-14.3490759941032,0.0541427533495705,0.00598657437556776,0.51849651564346,0.451244318836592,0.461314594997418,0.548380105182727,0.72725160817831,0.0079814795633119,0.00704348203809756,0.00719986529822477,0.00862641211177926,0.0112427501081863,0.12306937067584,41.2126407239074,98.0811716053936,16.69894455582,57.0730040269209,32.1819663900595,0,0.0187513691173049,0.974397154596949,0.023230694618594,0.229031893290302,0.125407959596019,0.856424243289338,0.6828401162093,0.244170115493327,0.61441376029256,0.136393685536759,0.862379912513313,0.78734347527257,0.483634209730684,0.517094129887889,0.826551796419956,0.58374292279101,0.655688849831104,182,"APOC2"
-15.8164843877453,0.0103720510349638,-0.399872272943547,0.47724443875104,0.414494770343991,0.255914426841303,-0.0439913620527704,0.00388351092900564,-0.00617149297177057,-0.00429462684919212,-0.00485207143619605,-0.00306236206201554,-0.146152514374484,14.2690132371811,-31.6324196797391,14.8760383655022,-23.7666091523869,-4.96577460469059,0.0464032422235859,0.00474375390841163,0.448662466056207,0.37224135608,0.358478822254751,0.431824522730615,0.595943466918661,0.00697276289158288,0.00586790325230929,0.00569130050624777,0.00680886139514574,0.0094075656175218,0.105802425317192,35.845880570514,84.881812802387,14.4389360099517,48.9979324861366,27.8739668365424,0,0.0287816157957309,0.372792854278507,0.199813414738775,0.247574770397457,0.553425294205344,0.941155194542569,0.577558589393365,0.292920073311699,0.450492030599327,0.476086329568187,0.744786639230378,0.167164591614434,0.690581804435571,0.709398324580323,0.302882115409152,0.627638533116353,0.858604403373982,184,"APOC4"
-16.4544807760672,0.0512926569244337,2.28153804438055,3.44170620066968,2.31883439371448,0.55759043192639,2.42346561573401,-0.0372403019975838,-0.0532314781160448,-0.039919720415207,-0.0152664727992709,-0.0517112385219552,0.349581264902911,68.4526027774908,-243.392794047655,19.0641491574887,-179.663902897399,51.1426372756351,0.15007940404257,0.0129425381890923,0.535385219445849,0.512880318460068,0.503230285322745,0.623452439917108,0.946122664605119,0.00799555355367593,0.00768755540946741,0.00763608605331067,0.00913658415447963,0.0148998186419118,0.351707023408987,136.019303496931,329.043475477846,52.8341619133114,191.672736408939,80.1790026895409,0,7.39807655927844e-05,2.03069655035799e-05,1.93899500184241e-11,4.06757893660541e-06,0.37112972920275,0.0104229990925667,3.19875894096173e-06,4.37919944443832e-12,1.71564461239261e-07,0.0947380944937625,0.000519306291742616,0.320244346213408,0.614783924266589,0.45948327424615,0.718226555774807,0.348579990883996,0.52356758982814,185,"APOD"
-15.2028709047006,0.0251827704535021,1.79408145501813,2.23100232213275,1.41975592846928,-0.395335315483035,0.283048193911905,-0.0166253861225637,-0.0257769321144015,-0.0170688883300034,0.00578932003895286,-0.00372089205891471,0.00774243956969227,-7.65274179243461,-14.572724602647,33.6902866568741,-11.4112536586692,57.2112463526268,0.0968051160232234,0.00838357515249526,0.304202066192692,0.299662546160786,0.302375209491942,0.373822889559963,0.470753683073611,0.00468070357009437,0.00467815904396487,0.00474304123581341,0.00561879292311783,0.00736638153169914,0.230538447580381,79.0661030715337,190.674029301348,30.8142322609552,110.395483970185,50.2576700990415,0,0.00266610946658817,3.68684639579856e-09,9.69084857434384e-14,2.66157123105139e-06,0.290261967412584,0.547662817384524,0.000382461701456933,3.58713541805129e-08,0.000319784418973315,0.302846006931731,0.613475944996522,0.973208755500029,0.922893831661032,0.939079053381263,0.274246626739143,0.917671675639892,0.254970812197539,186,"APOE"
-14.4639031094602,0.00395820455591195,0.204461976983835,-0.0961572915087824,-0.160166020490387,-0.177333800113197,-0.123418778607743,-0.00241980489486809,0.00235784870773462,0.00306379987531367,0.00318223628263248,0.00123537752950959,-6.88994880592624e-05,-16.6381150720909,46.6639370615058,14.2138250481683,18.0230552520753,-25.930595237899,0.0252609320001926,0.00251098255187913,0.212814063841677,0.193077967214993,0.190083508255738,0.217032427391133,0.285107059273411,0.0033820903787985,0.00305446196738506,0.0030204275535543,0.00341028429217851,0.00452832723978903,0.0570983622049738,19.5821183669652,46.7649064481214,7.74804665958976,27.128457614614,15.1193912742245,0,0.114943585878498,0.336675839782406,0.618467746986156,0.399447315815162,0.413880225198121,0.665097784582727,0.474314892769631,0.440152420460874,0.310411164381687,0.350753199327365,0.784998495464019,0.999037208383818,0.395514927675985,0.318356506345716,0.0665791675126745,0.506460089167294,0.0863350510246363,188,"APOH"
-15.552930869209,0.0050149344968479,-0.745254619090578,-0.307639346880969,-0.806114096005144,-0.569938825163291,-0.229953878995858,0.013471883400841,0.00864588215986701,0.0166728476026474,0.0132820035330323,0.00654102141207087,0.122746472494078,24.0099924351597,-57.9277259733103,6.17112367383025,-36.7670430050739,-15.0176557843567,0.0415985538777183,0.00441690294560971,0.398204093032266,0.354041647842131,0.355110077417511,0.389885989468781,0.51044632867675,0.00613778045999368,0.00552117722807902,0.00550183014913801,0.00602997639082773,0.00806947875437112,0.0937334172856899,31.5012922248727,74.893264525703,12.7065318505928,43.3451671104162,25.5441554739897,0,0.256209381798291,0.0612703645803987,0.384882425486507,0.023205153486931,0.143793573459427,0.652353050001966,0.0281699644446588,0.117360548668213,0.00244215126132433,0.0276185374782458,0.417602398145182,0.190355783322552,0.445946187077018,0.439244018641422,0.627204374448438,0.396305115415018,0.556592931497206,189,"APOL1"
-14.776460271349,0.0174057694156451,-0.782897633731857,-0.981100546272763,-0.539870441304951,-0.403168334840045,0.148881922685984,0.0126946314575807,0.0125186021589429,0.00990578874409519,0.0137655087658652,0.00324929319204944,-0.0375256649392692,33.823965748457,-96.8861866236305,-25.1431248630102,-55.6413977651278,7.22139067712697,0.0499044301371046,0.00429846840710397,0.284981623786683,0.272375456855053,0.261491623671557,0.267130062972779,0.339905393518431,0.00430589356499842,0.00412161184528266,0.00394847379538227,0.00402382809810635,0.00524473351499654,0.112942679270637,37.3751111500065,89.7775529005127,15.0359424201294,52.3104258080506,29.4326189569201,0,5.13720131134209e-05,0.00601089665001829,0.000315759849506051,0.0389627337323377,0.131232719676054,0.661379116981106,0.00319631151969726,0.00238701892081381,0.0121154412583723,0.000623917403403052,0.535564321991105,0.739697418009262,0.365472614009472,0.280507259860382,0.0944846027570364,0.287475038741818,0.806182872346196,190,"APOL2"
-16.5977079246579,0.00689990198347635,0.188529749972243,-0.422097114377269,-0.00407139154016127,0.661361521559777,-0.832044147128629,0.000653662050195318,0.00982420761204929,0.00332215520250248,-0.0108616258467493,0.00820068909736232,-0.0053686791300927,-7.61358294716827,-0.132923475815577,15.484820255213,-22.5689264374062,23.2594237683648,0.0520924614650137,0.00638094804119056,0.597799642616746,0.569538782800173,0.53711048515616,0.638468424427449,0.98582912381966,0.00937540821017722,0.00883479612040654,0.00845402900622842,0.0102125115429296,0.0152927365880007,0.117846317935602,40.3662591799297,96.220888614644,15.879094198237,55.7256986180727,31.0124671595586,0,0.279550943853175,0.752478612730341,0.458620118058907,0.993951953217023,0.300269200764559,0.398666930453241,0.944415793568223,0.266142319819746,0.694343786257105,0.287527757179139,0.591787629648716,0.963663650846872,0.850396498426142,0.998897769944599,0.329475816714442,0.685477266956336,0.453253279322147,192,"APOL4"
-16.6864197730336,-0.00188763696832012,-0.35105119054508,0.44102499443045,0.0565830872784358,-0.332920071528866,-0.0590543337817977,0.00728490326029034,-0.00228314391359636,0.0017115849127131,0.00773400590252953,0.00337978234236143,0.158145084632301,-54.6384104310144,115.893254103676,32.3248430102288,50.153517566654,3.92235060628928,0.0461900695355001,0.00642328101226188,0.663478466994117,0.561519397184769,0.567431263702656,0.649919416867182,0.838207098671289,0.0105201146835262,0.0090710015932746,0.0091774999549934,0.010271803247439,0.0134598209525115,0.101543605837134,35.4438705662741,83.8638030461347,14.1249600531556,48.4298769774145,28.5721261527759,0,0.768853985947901,0.596731132426926,0.432211085242707,0.920568242682453,0.608477291701071,0.943832985563993,0.488639865516125,0.801275273839284,0.852054287603639,0.451488639778187,0.801735572379443,0.119373039155759,0.123183589181751,0.166995580062236,0.0221089475355382,0.300393254257103,0.890810332467494,193,"APOL5"
-15.8821820030487,0.0183862915109384,1.39714141776651,0.875933118072325,1.12839714081663,0.431190078149823,0.72049824732564,-0.00923981463530209,-0.00441559177812068,-0.0094384378110104,-0.00467880150717982,-0.00641811221058697,-0.0221460492542957,-66.9058184540815,144.787760426788,24.3675355840118,70.6992422647756,22.2315109475038,0.0642272196876075,0.00658718870474563,0.435458043515859,0.425153322657679,0.425285960917678,0.531329349485264,0.637861952273583,0.0067085223997947,0.0065210601583098,0.00658389994279679,0.00817076806118436,0.009940554073264,0.14829344526,51.3123226026145,122.739699223813,20.1176588119213,70.9859094268021,36.4905219797242,0,0.00525098010353587,0.00133456712492967,0.0393721784414728,0.00797168218312362,0.417060970937298,0.25866504426416,0.16841183435264,0.498324807687238,0.15169690196105,0.566897348540978,0.518506473760428,0.881285853127377,0.192269800153332,0.238146339086226,0.225799198605745,0.31926878724151,0.542364910388642,194,"APOL6"
-15.3981587556823,0.00143881253543065,-0.277497602660933,0.608171396614495,-0.0917479908152172,-0.108059828569713,-0.342702232628529,0.00164108395346564,-0.010005421242839,-0.000252479250173174,-0.00123490364386064,0.000943292437189781,-0.101965639066927,-25.0020562138992,63.2136384349761,7.25834599258959,28.6672746968468,-17.7773506194247,0.0352591849766336,0.0037213547614679,0.351024474063501,0.296580249456077,0.302163006676183,0.351917945537916,0.473086885942893,0.00560786180232054,0.00484863484311007,0.00489397094859081,0.00564057582346358,0.00761389184521786,0.0797929493410003,26.2634907738766,62.6837330154743,10.5254279531371,36.4406490062713,21.226760492779,0,0.699025142310202,0.429214608602029,0.0403046225760623,0.761404152157419,0.758797910403571,0.468822674580038,0.769797434691481,0.0390599951018699,0.958855503347914,0.826702867103351,0.901401603694762,0.20129251457748,0.341112179259682,0.313236735313978,0.490445117389583,0.43146688588279,0.402313199360974,195,"APOM"
-13.9034095288014,-0.00163118241015375,0.0433528896826526,-0.0489562835251151,-0.075891640902003,-0.0148619531598463,0.201205941623639,0.00119996310861319,0.00238598224108043,0.00185247042334575,0.00123075890387197,-0.00260621364535126,-0.0387831536848831,-3.82753965174344,-1.23948980123645,16.1151907622167,-7.35368122397171,15.3711252285383,0.0248683051801234,0.00248603343778895,0.199401010765337,0.182501579754726,0.179893977135278,0.202620321906052,0.26474799730905,0.00320994570947606,0.00294468087748174,0.00291108706873321,0.00326121761676264,0.00431355749311903,0.0563571970760987,18.813840597661,44.5466179694259,7.50220203348806,25.8155903240049,14.8440500001876,0,0.51173497352226,0.827884477700148,0.788505900282506,0.673120846680558,0.941528576382605,0.4472603113939,0.708533323876221,0.417785859132237,0.524548284987847,0.705881977404826,0.545716505109371,0.491347729177649,0.838788981143748,0.977802081851701,0.0317088764341822,0.775755789718698,0.300431961821279,196,"APPBP2-DT"
-13.9062733012026,-0.00372456757646703,-0.310141316378759,0.224636282188797,0.131059182035758,0.111315574538395,0.228759223344867,-0.00203578957485785,-0.00679519210229192,-0.00319013121832879,-0.00409712912188017,-0.00932530108002044,0.167321074712442,21.6170885831433,-70.6127994208476,15.770951943929,-56.3917328079377,-4.47503610518155,0.0327374021903674,0.00270669095401047,0.173838337836267,0.143811179066141,0.137866900303469,0.158548944516475,0.21919356975315,0.00280294713693459,0.0023504140353044,0.0022513204970585,0.0025582484875483,0.00361996506627164,0.0740414582383976,24.5901653800953,58.6402891881899,9.71340069870207,33.9675142696792,19.4602199125844,0,0.168803238578873,0.0744108398986335,0.118282713451166,0.341796762348156,0.482623250321159,0.296651881542745,0.467652896237387,0.00383942678571006,0.15648161920841,0.109258073852477,0.00999290025059686,0.0238318321131954,0.379349831423412,0.22852439013268,0.104455168839431,0.096880941005772,0.818124292291005,197,"APRT"
-16.3989810347162,0.0036481316400581,0.664227657372416,0.805727431846754,0.895898024137578,0.405751331565065,1.0611316159258,-0.0171012183502922,-0.0178888395338027,-0.0168037022420762,-0.0121622704704128,-0.0257574249386421,-0.00174724517687423,-4.26995147883341,10.1967841966553,8.17375494257569,-18.1831745565221,-17.6580927376916,0.0509385634769619,0.00557857968896825,0.559703699641503,0.492230064841582,0.452273852728526,0.563266539627297,0.770562488604924,0.00920835900490292,0.00810290614186096,0.00750935187242882,0.00917158249269764,0.0131609470062571,0.114555765480971,37.7659773385408,90.2174012302346,14.8042027133531,52.3713674219813,30.3857395553913,0,0.51314177264787,0.235326745589269,0.101653047767018,0.0476052794009518,0.471307035490426,0.168485339334272,0.0632911380943502,0.0272647310397312,0.0252404031755072,0.184812537093027,0.0503345017580082,0.987830853436188,0.909980256253861,0.910011065294376,0.580863431073711,0.728443426299354,0.561152221942065,198,"AQP10"
-14.8490170492303,0.0243765229394369,0.819576241165068,0.972938264693076,0.736239997357441,0.39032049719341,1.18995251722224,-0.00387109159803053,-0.00510965606097365,-0.00762455796852281,-0.00875308079219237,-0.0174490482298079,-0.248951455578729,-30.3314936302707,53.7212337845293,28.7743316638805,46.8855488558406,75.7320820735528,0.0992123448939255,0.00820168312635033,0.261325349140228,0.253636924392008,0.26086046719573,0.314792551247878,0.369142852459983,0.00399928686031574,0.00391939131019059,0.00410846512337624,0.00489822458644045,0.00598152668682187,0.229055053962213,85.2279546131766,203.795491907025,33.3061217020463,118.288145340666,52.6178957228783,0,0.00295735034654521,0.00171135288210165,0.000125080448005046,0.00476728566802141,0.215001557789527,0.00126609707419651,0.333071604119422,0.192340622851387,0.063479696978175,0.0739390243726672,0.00353238719046989,0.277097374845141,0.721925433014681,0.792085352254042,0.387623476352674,0.691834110195949,0.150070146063833,200,"AQP4"
-16.2676370893379,0.00824135404416115,-0.361097461305715,0.87595935436396,0.680985346134923,0.19429242285706,-0.229238770173447,0.00651179762361272,-0.0152252011672296,-0.00981331898151177,-0.000879076378300122,0.00482290632208858,0.113647865080149,-16.3499552644783,60.0153094783511,12.7155657842454,42.1445812660478,-15.9530549170875,0.0409284037956987,0.00518220932208104,0.545941859704895,0.493258343934138,0.462530173092079,0.523171989515445,0.695251803112412,0.00848915181038361,0.00797025268188549,0.00746541563111332,0.00821866880303048,0.0108898076378953,0.0900089694589352,31.1860603958361,73.333705189867,13.1137545879752,42.3386619891466,24.7960002384111,0,0.111763435454955,0.508342302874772,0.0757554633180572,0.140938615622033,0.710359061543938,0.741611164580289,0.443038220620976,0.0561006126529586,0.188676640603925,0.914819982973107,0.657850653510373,0.206722820511594,0.60008988154495,0.413136565563099,0.332228066811777,0.319533983396937,0.519982678042192,203,"AQP6"
-14.0930362694385,0.00289016326491457,0.429960788787522,0.607456532551595,0.46251526382295,0.0587172456669453,0.167910425786182,-0.00686932945712588,-0.00818908873080328,-0.00591903731777609,-0.00202035213724047,-0.0037489360526328,0.341433508936769,-60.1669388425189,236.593982765848,45.4305189387819,152.023274424038,-79.5579261211827,0.0773818032587132,0.00595567778604845,0.168781583789914,0.148785149132743,0.149459833841844,0.174805844632588,0.214069388018196,0.00268131127485491,0.00239625378834793,0.00240026368309207,0.00275834720987086,0.00347324021468318,0.175384830778518,57.9995283961547,139.993092054511,23.7151003466948,82.2032492681372,47.6376724051008,0,0.627478699328686,0.0108516823712583,4.4500788051999e-05,0.0019709243558896,0.736946439027397,0.432820789508192,0.0104092557375874,0.000632096162532542,0.0136633388232558,0.463893790183317,0.280419642111311,0.0515626010403541,0.299563710533375,0.0910202238252323,0.0554059712180855,0.0644060695634119,0.0949068496885828,204,"AQP7"
-13.6617267341447,0.00200062758725639,-0.464213368305755,-0.670577124162045,-0.346098433734923,-0.302722642522595,-0.700713000758058,0.00167414032928553,0.00458963044416783,0.00318679481823453,0.00140240352727095,0.00616944627885987,0.128919761323688,21.4871148869607,-39.0635469140567,5.63854961954856,-15.9746457494333,-0.212272235938985,0.0344372750571994,0.00269531699559959,0.154324445627789,0.137811965094063,0.128968480471259,0.147615523831582,0.19968229801595,0.0024465625915058,0.00219384124598786,0.00206304689962378,0.00233805141072313,0.0031624895121188,0.0774901887718027,24.5491248591211,58.2754615241148,9.94656460239136,33.7127288180299,19.6694754839994,0,0.457929463722409,0.00262942659851929,1.13945970002311e-06,0.00728365213370081,0.0402912283827457,0.000449559370906043,0.493796701733297,0.0364338448278288,0.122418109142378,0.548628047248736,0.0510785186967904,0.0961741140290734,0.381426960809816,0.502650106816262,0.570792907124193,0.635609643429504,0.991389427119764,205,"AQP8"
-13.1666367410811,-0.00215814060397128,-0.307025599091813,-0.0434486823453127,-0.139673099002069,0.149462874912001,-0.340621815378468,0.00149746241767507,-0.00108285028010807,0.00092756695108629,-0.00377542101545931,0.00255051532595084,0.0227963366989651,-10.0542020274917,10.8429376604718,9.47034535456542,-2.55575132080972,3.52911003335116,0.0231268390078584,0.00186278174805793,0.114966529239695,0.0991989235402449,0.0978329431937848,0.110643723990362,0.147289313191251,0.00184065155492667,0.00160182411685472,0.00158428693524966,0.00178762138496918,0.00236520263463488,0.0521107462544793,17.4194318755334,41.533182906282,6.89228587792552,24.051051539232,13.7106603089199,0,0.246636417333789,0.00757236893537659,0.661389543829313,0.153387038668816,0.176744065738331,0.0207444361567017,0.415902684043605,0.499033836692757,0.558225589366283,0.0346881454424144,0.28087776781731,0.66177820132036,0.563815759203028,0.794040947311196,0.16942616292918,0.915373211004116,0.796870787128972,206,"ARAF"
-14.5895980678445,-0.0159932590457239,1.0840021721308,0.544063957140399,0.353724441043162,-0.47801580786077,1.07640840113133,-0.00527649495964559,-3.62186672408119e-05,-0.00157131821467951,0.0108116416885517,-0.0120000803058543,-0.118176262423506,-45.6204725776106,28.9900057300423,92.4487513726793,-36.2625223919349,28.9412359205835,0.092711887879791,0.00797075311429874,0.263426561187624,0.250569214668744,0.252566191366893,0.292575483273841,0.34534326574328,0.00436758214301507,0.00415144605061568,0.00421117047630167,0.00473195696568643,0.00584854750910559,0.225327564697694,73.5504923612122,177.178642577653,28.4811490697714,104.201585786282,58.1490215157865,0,0.0448036920119101,3.8716748110031e-05,0.0299075914542956,0.1613571388004,0.102296556956647,0.00182749237699014,0.227007129042696,0.993039064350008,0.709050953823313,0.0223237343449372,0.0401885958541583,0.599955647292139,0.535086229623948,0.870030138179757,0.00117054119616594,0.727837512941482,0.618689835620635,209,"ARC"
-17.2472260762004,0.00805490412429965,2.14339856451837,1.45963552286828,1.22317136794788,-0.91301585164558,2.33461487679894,-0.0301812251526133,-0.0325056281049497,-0.0228113958578115,0.00251551464592967,-0.0411116612699909,0.0497921054618333,165.159364798475,-574.783240393887,46.4534518985188,-437.219670428468,26.2165145644099,0.171941520222773,0.0179859546956718,1.08964597229592,1.10780421408775,1.07394631887745,1.43564878411932,1.57643848651091,0.0177156320754881,0.0182544822129974,0.0173555029572658,0.0226444900018831,0.0263580907118339,0.446575150405052,148.366928967105,357.546742419973,54.4918152203638,211.499679246666,106.314125346558,0,0.654265696539684,0.0491763407330235,0.187639795604854,0.254723928510195,0.524802198277189,0.138621875624889,0.0884466150554081,0.0749626226159213,0.188724755373438,0.911547140838943,0.118822296377418,0.911221683477945,0.265630358314747,0.107928269158045,0.393944993456597,0.0387119573738356,0.805221799537015,210,"AREG"
-13.4315456364999,0.00138264484352095,-0.111393006114769,0.0951221682394433,0.0827483340453715,-0.138937589420342,0.153769177443556,0.000787915071421465,-0.00183886681766514,-0.00173371734203394,0.00137524465407386,-0.00335599989656086,-0.0254997108366027,-3.24181004026264,5.32561979801872,-4.26346631285736,-5.66340184612178,-12.8807171490082,0.016282223629755,0.00158458178729854,0.135523873206759,0.120706460857795,0.117576302180633,0.13482851511208,0.174318793772315,0.0021639693237637,0.00194270169627038,0.00191079178172848,0.00214846066467606,0.00283504571951177,0.0366027342148972,12.265067810587,29.1294294125678,4.87144910087424,16.9328296945244,9.82336414931481,0,0.382902208028527,0.411108888288955,0.430670165031533,0.481567226225571,0.302786471974302,0.37771476197711,0.715778560898425,0.343867469378611,0.364232691993309,0.522103055572138,0.236510011186899,0.486014741707131,0.791539172759025,0.854934473681393,0.381467990086536,0.738030347886827,0.189779128487718,211,"ARF4-AS1"
-13.2927878619431,-0.00114193780936703,-0.089986623493304,0.0375930671671637,-0.0679389205111833,0.0801912365453286,0.137371593479874,0.00200120320894439,-0.000517170332009673,0.000743413158228759,-0.00116881746347559,-0.00221164704011632,-0.0363305924011339,25.8029616560862,-74.2586105609795,-6.48903012470298,-52.3346702108152,5.31702548515581,0.0305925196010233,0.00251065045878943,0.126529131101606,0.116219076143991,0.113546252706066,0.126534582358696,0.162732940804851,0.00203498855382872,0.00187952334456459,0.00185397336098066,0.00204086571496038,0.00266065575811155,0.0699921321469223,22.4510870583092,52.5245660159004,9.00343848265524,30.3080146345602,18.7445788056267,0,0.649226197959259,0.476964689044505,0.746341391821964,0.549615114839881,0.526244272395706,0.398583594016891,0.325411706643373,0.783193035130978,0.688432100825361,0.566843301964944,0.405837309054875,0.603714155853275,0.250433632885213,0.157424105289364,0.471076887494509,0.084210758045034,0.776673475778041,212,"ARF6"
-14.8968635938071,-0.00298670030152399,-1.34754688301135,-0.584824887120941,-0.0435381571832416,-0.354262020988577,-0.538350269913679,0.00727249293222748,-0.00171462081148009,-0.00630356970868164,0.000675540761093224,-0.00114065029061205,-0.0677319683699856,10.6172535671627,-25.6522546401874,0.254735272745961,-20.7143746092513,-14.7807365091053,0.0348162210011786,0.00299488103732347,0.292899258929331,0.237013416725488,0.212077063118915,0.242145238025962,0.346843939541101,0.00467580190521223,0.00387227472620064,0.00352579850715836,0.0039070582892227,0.00566672432238542,0.0774129709329507,25.9845308267931,61.6072960585169,10.3601501925415,35.6229275331118,21.0211624489999,0,0.31863423465722,4.21037183598758e-06,0.0136069391199887,0.837342399901874,0.14346338123021,0.120628785636813,0.119863527455066,0.657914594822802,0.0738015458854711,0.862727942758068,0.840472462741525,0.381604700437813,0.682833957422496,0.677129482481501,0.980383598733761,0.560910284770381,0.481970986283046,213,"ARFGEF1-DT"
-14.1510846014546,0.0035366028929785,-0.584311782905833,-0.0180731298924473,-0.218063888791289,-0.0724761739470382,-0.322153697764189,0.00355972584804612,-0.00340756956363751,0.00145426954312017,-0.000450901809005381,0.00107569612505179,0.0910605330656949,-46.7789290286781,105.48596221532,31.8249802859554,52.9532018309593,6.49095261937969,0.0394848512379558,0.00312764803702128,0.196241235644279,0.162907940275914,0.161123123190118,0.177809445867859,0.242859547300476,0.00307187634768702,0.0026044657710259,0.00256729430392214,0.00280446417759637,0.00384936111972547,0.0886771795192594,30.1576765971428,72.3385455822353,11.9545027057357,41.914183426718,23.2263026683659,0,0.258158327720861,0.00290592718556602,0.9116633272289,0.17592816705268,0.683563053781911,0.184673442371694,0.246533001050509,0.190752440111876,0.571081114104332,0.872266661535866,0.779901067076786,0.304478507942729,0.120866941056907,0.144778205233227,0.00776374634388332,0.206455555417326,0.779887533672957,214,"ARG1"
-14.9238780253451,0.00406842031590801,0.0814627292182554,0.311027728953457,0.254037939111421,-0.00182427074716487,0.0964534523500085,0.00249986103771817,-0.000817437586161152,-0.000773133054034446,0.00165985721938161,0.000602728501918261,0.0968940643282619,0.0237516579706692,-13.5138957605903,7.46902968329818,-12.175217719625,-3.68357681419375,0.0354787803649462,0.00343324092615718,0.277876344279831,0.24852109895115,0.249732194056166,0.289699811320428,0.367139516464361,0.00437037540203856,0.00394329568588065,0.00398131566202815,0.00457457511564137,0.00586006241844332,0.0795799883433399,27.0113438719188,64.3452332712062,10.6999094650694,37.2623663190129,21.388651461181,0,0.236014012953563,0.769398481241642,0.210746870739987,0.309038582227208,0.994975668649427,0.792769426662681,0.567320996856194,0.835777081123822,0.846026844108288,0.716721407223124,0.918079166052002,0.223388099364256,0.999298402965956,0.833650730728855,0.485148387183983,0.743862267057969,0.863263720163029,215,"ARGFX"
-14.3545208494758,-0.000180203560603832,-0.144475986293384,0.021412321734455,-0.328555330546356,-0.221898856662262,-0.0324782176950611,0.00693241896336076,0.00221735890080337,0.00696751565525058,0.00548247888756426,0.00220892305594845,0.112526962702356,10.6019749283514,-21.585193572611,3.95172218549291,-11.0213724124477,-1.60226972577259,0.0205083894467902,0.00241940027459003,0.223708718648321,0.208880450217201,0.206480373941947,0.234034423552147,0.301258698516455,0.00354870718069452,0.00335287509459547,0.00330233475834234,0.00372094714303965,0.00485611428372873,0.0461259316688591,15.5551122100548,36.714363006729,6.35252663313279,21.2780154247592,12.5211611694151,0,0.940626274830539,0.518394713310589,0.918351926035832,0.111560476611328,0.343055015478145,0.914147681015791,0.0507597272761165,0.508400321138749,0.034869069178579,0.140640648901971,0.649199455214824,0.0147051738459686,0.495507755002615,0.55658443236091,0.533895225346322,0.604479241325276,0.898176713149014,216,"ARHGAP11A"
-14.1172944487227,-0.00311461564798146,-0.469360762382615,-0.175425890933867,-0.0985748788933421,-0.14537509748431,0.0137072067832891,0.0096636055392184,0.00621064971895251,0.00386462118833275,0.00486687329384712,0.00276420130484565,0.11875162961776,14.8095568522771,-38.263149765511,5.63312088167892,-23.8843828463671,16.4138472584568,0.0300981429720534,0.00271181310521048,0.200151758379295,0.177197471897692,0.176226797816264,0.195383392984446,0.250487541133161,0.00316938964937709,0.00284117813355196,0.00284028669936499,0.0031152230405422,0.00404192534916243,0.067361883475174,22.2412369959038,52.6442554121405,8.85203481678411,30.5193849559821,18.5786434556095,0,0.25074725818738,0.019025833109524,0.322173032890433,0.575913509633249,0.456845966769502,0.956359854507694,0.00229571568068949,0.0288198719389143,0.173625982206971,0.118220329982058,0.494049476005123,0.0779189466515755,0.505500394714304,0.467333296243054,0.524538861033973,0.433863731804082,0.376977351867236,217,"ARHGAP11B"
-12.9278200674971,0.00200325703018252,0.387561053838552,0.450933353728977,0.238656487097221,0.375832921561097,0.0293227234208661,-0.00165397106846939,-0.00291586118687814,-0.000410794941786721,-0.00498387561176936,0.00291423046610857,0.0195436034879706,20.4990876984756,-68.5343162314329,8.54623317053104,-47.2433040640372,19.3969425000179,0.0252347829061946,0.00221383935244287,0.147840725620554,0.133947391228962,0.131507316198585,0.14988252647616,0.189921172198873,0.00235406756101457,0.00214605598943197,0.0021107226583488,0.00239119559002435,0.00303715567267382,0.0576486199015517,18.7810117404686,44.5272274731053,7.51586518963723,25.8144470968747,14.6263838524271,0,0.365529423822532,0.00875496835751996,0.000761296925862092,0.0695581462078586,0.0121582874298287,0.87729894326235,0.482304215105125,0.174239469062638,0.845688182810066,0.0371364365764145,0.337293723246896,0.734600303971408,0.275061985097746,0.123766397858214,0.255499661598288,0.0672333396746269,0.184786314039308,218,"ARHGAP15"
-15.8474062255172,0.000207410004399372,-0.160914576636053,-0.383051565637595,-0.208568445538321,-0.306800023792482,-0.47065762336789,0.00789474649389079,0.00958591103052966,0.00423104415126658,0.00570518418481857,0.00986834105484487,0.0242842839560042,7.71580102047612,-8.08306588519672,-9.93501120502821,2.18639413352981,5.81429974522146,0.0379477540180136,0.00472222352235357,0.460468938884155,0.427126489451397,0.421679794685883,0.483907443301622,0.602580165732954,0.00731132314345183,0.00679113745718607,0.00680516265589212,0.00769871752160243,0.00960355228182622,0.08421656116249,28.8442751339888,68.4408962539106,12.0271532458175,39.9599373069249,22.7172219255557,0,0.964966493875346,0.726745460573653,0.369819987811949,0.620873094119363,0.526077174416107,0.43476099995622,0.280232483992363,0.158087668391399,0.534112620664343,0.458659220925943,0.304151219027621,0.773074851495492,0.789085350557028,0.905986153927688,0.408776612705625,0.956365794848613,0.797995333132996,219,"ARHGAP15-AS1"
