"logFC_(Intercept)","logFC_conditionXDP","logFC_age_of_death","logFC_sexM","logFC_pct_counts_mt","logFC_frac_intronic","logFC_cohortCohort_2","logFC_cohortCohort_3","se_(Intercept)","se_conditionXDP","se_age_of_death","se_sexM","se_pct_counts_mt","se_frac_intronic","se_cohortCohort_2","se_cohortCohort_3","p_(Intercept)","p_conditionXDP","p_age_of_death","p_sexM","p_pct_counts_mt","p_frac_intronic","p_cohortCohort_2","p_cohortCohort_3","gene_id","gene"
-14.3101844266106,-0.119465075172707,0.0145704038412622,0.602954680190062,-0.0239737710817512,-2.00633230294646,0.217872953899367,0.417955195253981,0.10657441119543,0.236632160037103,0.0090459248739637,0.41911455001583,0.139555876810845,1.23903524029549,0.278602521746403,0.267815235086661,0,0.613660249014307,0.10724192813415,0.150252733776203,0.863605630160357,0.105389232966504,0.434202377213438,0.118615743891667,1,"PRICKLE3"
-11.144181916028,0.183755169039802,0.00712249177677279,0.232470020404896,0.136131955657257,-5.62347823143251,0.0264427871164908,0.682145589364779,0.0498948290523916,0.11305006057445,0.00435197289114814,0.182864121407913,0.0251209572458604,0.281115559544674,0.132994274485371,0.112855146366996,0,0.104070574127764,0.101711532090759,0.203631932838534,5.99134618678005e-08,5.06736370754637e-89,0.842398459938394,1.4993454375456e-09,2,"SYP"
-14.3742951351814,-0.0269851288853595,-0.00505202509777452,0.667255393241495,0.0147964138463335,0.26185776759025,0.437060591528238,0.234983688195865,0.0758110606561008,0.167598418487786,0.006550929780055,0.326977289893203,0.138888860145753,1.34825613034049,0.192607157447341,0.209296757432386,0,0.872085019244809,0.440593093841992,0.0412828339891764,0.915158520739649,0.846003935761738,0.0232572929881931,0.261552305065661,3,"CACNA1F"
-12.3041301492246,-0.0349837916202028,0.00101844706518674,0.0816134890227903,-0.119073458154602,-2.58467740156087,-0.0381370859236738,-0.162762646140788,0.0250817926397168,0.0578192142458784,0.00215424955240584,0.0964754518985095,0.05696723146458,0.4384230246161,0.0651512893462245,0.0689512633907602,0,0.545142602880425,0.636383074320789,0.397580172363001,0.036598969152007,3.73783582780764e-09,0.55830436631802,0.0182480428021375,4,"CCDC22"
-10.2209114315994,0.0755471603292059,-0.00180974796840452,0.0245541318062577,-0.0202645411891771,-1.54507555534528,-0.0154676045805779,-0.0982060749890604,0.0258401404602406,0.0589405473366164,0.00227353836519465,0.0937428336466241,0.0183019559678288,0.166759809648438,0.0682383263127603,0.0587544498400737,0,0.199929681623242,0.426029113377866,0.793374823044049,0.26819292995391,1.94574616792631e-20,0.820680092604941,0.0946296362984766,5,"PPP1R3F"
-12.9399151556315,-0.0340457562936039,0.00386464313594064,0.143734184011616,-0.000369416070855449,-1.06675541157158,-0.258524617671482,-0.403982137697258,0.0354892347927398,0.0821695014350992,0.0030616298196319,0.141452623752067,0.0690730540495254,0.624499163287395,0.0927702042366528,0.0967953220402874,0,0.678628286488277,0.206846987804532,0.309567722275496,0.995732779180357,0.0876034144492887,0.00532444023636185,2.99862308374886e-05,6,"ENSG00000270012"
-14.3256332593607,-0.203645396093302,0.00400690084979625,0.21917556249585,0.248076301079037,-5.32937276955696,0.0478707928286774,0.620425323588311,0.0997607904537599,0.225318989476209,0.00856691345604516,0.380006975080456,0.0839846830230878,1.07661665241713,0.259138844171604,0.24433778066996,0,0.366096534374987,0.639986165151449,0.564096723540092,0.00313858967571334,7.41708708703972e-07,0.85344059010034,0.0111102608258883,7,"USP27X"
-11.3577026526606,-0.201986830034755,0.0104351640491136,0.264843902068199,-0.00798444194585387,0.273643479685122,-0.030250656341284,-0.20414114651571,0.0492481908023666,0.115175465789135,0.00429242887858507,0.180490674099991,0.0436246847516286,0.408919024496275,0.133434076698265,0.115080710934007,0,0.07947654372619,0.0150546060886445,0.142279495639964,0.854777790904015,0.503375910214787,0.82065031829196,0.0760804498099291,8,"CLCN5"
-11.120457857276,0.20553049533814,-0.00207617976681227,-0.239956361942691,-0.0779158950571013,0.262272783024841,-0.0294878969997648,-0.0120621070716481,0.0559725362868283,0.127188696142224,0.00511889337125447,0.204746674659699,0.039522139870696,0.333749560992129,0.148434358506726,0.124164570773011,0,0.106105256908602,0.685042757267637,0.241210274292827,0.0486725065338227,0.431962935635033,0.842529098618346,0.922610350590028,9,"CCNB3"
-7.0735554474184,0.050529489044327,-6.46320271258598e-05,-0.0146231134419521,-0.00332993532187352,0.997138078322268,0.0870168873752994,0.0744973054969795,0.0304194230200364,0.0688964907829235,0.00263184528994685,0.0987155703691023,0.00618714488920765,0.0633698312310823,0.0825067242275664,0.0662137612302216,0,0.46330739528071,0.980407771732537,0.882237168089554,0.590437424477824,8.67580872236988e-56,0.291578935597546,0.260545364005624,10,"SHROOM4"
-13.2310286284723,-0.123419340746854,0.00591105077326955,-0.0213856554077363,0.004358494465308,-5.35322446391956,-0.0999823334123961,-0.0515226008956689,0.0334417305458881,0.0746969420887829,0.0027336581449924,0.121827534147018,0.0717212269296803,0.670804254477365,0.0851042531327206,0.0988511201469383,0,0.0984800015574746,0.0305933193054758,0.86065502037499,0.951542432596174,1.45968758831108e-15,0.240066009251972,0.602217609773649,11,"GSPT2"
-9.7259272231414,0.0147601586156324,0.00198339740059428,0.403768884809302,0.000390852543694112,0.329055083819861,0.0398076271404798,-0.099548439409918,0.0335201836539555,0.0785923060562834,0.00290823296146727,0.120506476061892,0.0200347487037288,0.197333391201024,0.0903020359294327,0.0755147257073288,0,0.851028213613759,0.495242751277716,0.000806369636509721,0.984435271219198,0.0954133591644963,0.659337831967565,0.187414866535755,12,"MAGED1"
-11.1361117228888,0.00788745294764517,0.000528836061292501,-0.0499466253852769,-0.0460418594534791,1.58419243251438,-0.515955951449247,-0.522943219303369,0.020782036553987,0.0483948402706436,0.00182520334214223,0.0789141538790685,0.0365612852164352,0.302748293577951,0.0547314937647456,0.0520369903346606,0,0.870533175040479,0.77201446315155,0.526783576704366,0.207919692458128,1.67047455573653e-07,4.21826859376262e-21,9.23800072015233e-24,13,"FAM156A"
-10.1458319526599,0.121256659508927,0.00146729401950607,0.0849001538706447,-0.00914096080847216,0.556797742253122,0.159440961808433,0.122337133310388,0.0259217668393411,0.0597548630636567,0.00225643270665208,0.0955770959188628,0.0196833863433426,0.19336010310921,0.06844617634354,0.0592824125707267,0,0.0424343603256797,0.515516823397183,0.374384916162785,0.642361328724527,0.0039819313124905,0.0198359994486457,0.0390525416180155,14,"GPR173"
-11.5516531666759,0.334166070452365,0.00188755649127142,-0.182179478396736,0.0312863153190189,-5.55427731016753,0.168247801481443,0.344780047211185,0.0594347357961291,0.137425337774639,0.00501964283480079,0.206962517186071,0.0304000147026177,0.289696129363551,0.157589008441009,0.134823754769508,0,0.0150315072479058,0.706891602120842,0.378722001352131,0.303407027019691,6.24908414564227e-82,0.285684443460224,0.0105498863375416,15,"TSPYL2"
-8.96184714154777,0.0744459310233017,0.00522369723525134,0.0799381796501522,0.0637760205854121,1.33511664605097,0.0198390637999267,0.0763600332878921,0.0422831097121467,0.0921182538980345,0.00368915077662319,0.14168060028464,0.0120688040991943,0.121236059952488,0.110581414559715,0.0929221247371849,0,0.419000712125143,0.156786636651409,0.572608494179515,1.26138411194254e-07,3.32504933209163e-28,0.857618249257584,0.411211371091704,16,"KANTR"
-10.4099513414387,0.0798047131016426,-0.00107049109175744,-0.807605236767727,-0.0076462919694785,-0.450643709049866,0.0495381392808598,0.0127270987693485,0.0295334220485216,0.0680757105260826,0.00258291972787599,0.101559747667823,0.019922535378751,0.19237219713018,0.078503304881185,0.0666738581497872,0,0.241079239514831,0.678544574619459,1.83493277006751e-15,0.701125836386417,0.0191518755972441,0.528019253229986,0.8486149948612,17,"KDM5C"
-14.4474925486868,-0.015032127278262,-0.00225444120183624,0.0222933285750156,-0.0873307476746636,2.72103731335285,-0.416253266226163,0.114925617286979,0.142416755509515,0.325747655823852,0.0125219227048623,0.534565729444557,0.184840788035301,1.3672288282764,0.373999331335076,0.334523489274351,0,0.963193451820005,0.857121527035768,0.966734964359077,0.636595131557234,0.0465706399738769,0.265717604391007,0.731184569327256,18,"IQSEC2"
-10.370299170861,0.0397222401271448,0.0016383962178769,-0.217038884287634,-0.0839044329512706,-3.43123214817223,0.131616798662822,0.160142648426351,0.0167957124176968,0.0384927752404357,0.00146309342787642,0.0618700545100325,0.021567040127335,0.182692256931442,0.0438468426070228,0.0408116674645124,0,0.302100157296352,0.262791950096876,0.0004515238036379,0.00010007873062662,1.07041083768817e-78,0.00268441797995891,8.71114293229144e-05,19,"SMC1A"
-14.1943997555516,0.251129064327209,-5.54380540134066e-05,-0.279658170444496,-0.112047436944136,-2.21950658998787,0.217141979253148,0.0547440676188652,0.0668477028396933,0.158465890030243,0.005737272028047,0.251183300546413,0.148080787359341,1.18639631901045,0.176148009191491,0.182678274902135,0,0.113022795141006,0.992290329126198,0.265552597708631,0.449251041930179,0.0613732334742921,0.217678540998432,0.764425255246193,20,"RIBC1"
-12.8991389859195,-0.112526991567179,-0.00538944673302189,-0.0618386260024539,-0.0732483843299025,-9.43033593152164,-1.00851256733656,-0.660807344511174,0.0549802458182853,0.124173830689457,0.00481697182246455,0.194636731820068,0.0663408692546058,0.468631078661296,0.142491097643198,0.130648179659389,0,0.364827163869512,0.263206102391199,0.75070262572716,0.269540408149834,4.62674528106711e-90,1.46541907471419e-12,4.23866008993841e-07,21,"HSD17B10"
-8.75647423483777,-0.059513654427643,-9.42167390753187e-05,-0.000900522067996663,-0.0548497351591688,-0.959314125876931,-0.0794134632079005,-0.0771979585591742,0.0123863079429184,0.0282150693936172,0.00107812071184486,0.044725999653302,0.0106758485818157,0.0947423420288285,0.0327697139242161,0.0284373602834949,0,0.0349198915877241,0.930361687330702,0.983936320765889,2.78062109710443e-07,4.257719942255e-24,0.0153768404521626,0.00663424768452246,22,"HUWE1"
-10.1258675525451,0.0598668481941487,0.00105608025191482,-0.0329098903218275,0.0152826271238218,-0.101881104337195,-0.0978401444143918,-0.120421022764526,0.0125484256841223,0.0290426558005832,0.00109763869728332,0.0480713382537879,0.018657218272778,0.17921755831169,0.0328387927653642,0.0317310142843214,0,0.0392704174026298,0.335980127456324,0.493593056152473,0.41271408438448,0.569710950515629,0.0028880644330207,0.000147609260814633,23,"PHF8"
-10.0338298066212,-0.0178896321776635,-0.000360350829454302,0.0554133759407021,-0.022069788360361,-0.0986009609767968,-0.00630794135423639,0.0160387681194372,0.0167359146422586,0.0385448038581058,0.00144803427541101,0.0625279668451606,0.018923626941183,0.175302080479468,0.0441979020543989,0.0399464009314279,0,0.642557725029818,0.803472806359798,0.375500356947173,0.243511066112883,0.573800501436886,0.886511020972703,0.688046728462087,24,"FAM120C"
-10.5694607958399,-0.0238014034277951,0.00292594729102239,0.200787416756073,0.00594142370862805,-0.70250673880286,0.146428811717303,0.101495778921967,0.013515149490175,0.0309616962052989,0.00116661546553026,0.0542601417106676,0.0259329754973762,0.256235168814354,0.0351827179403177,0.037415811328678,0,0.442049417438308,0.0121394371365368,0.000215210052478297,0.818785828128023,0.00611317406746496,3.15537570295894e-05,0.00667487578764639,25,"WNK3"
-11.8334710791478,-0.140623317597045,-0.00116330007559385,0.168816267401354,0.0556455106288987,-6.88727844258932,-0.18746147804594,-0.0608334439511489,0.0382586056275729,0.0866093822697372,0.00324894555173173,0.140254813677994,0.0330079428811506,0.321401411196836,0.100344019877416,0.0909167524979101,0,0.104450542426685,0.720302413124958,0.22872885277216,0.0918301220406738,7.18590375517769e-102,0.0617358927196505,0.503424359456779,26,"TSR2"
-14.3663483227246,-0.112963048178605,-0.00776248618013615,-0.189093848174498,0.148623107836064,4.42833670061531,0.183631980157899,0.327825772612618,0.106497560061532,0.236176811483873,0.00901027018041328,0.386443569355708,0.120634002180213,1.36962678780033,0.280751045449578,0.261150750674536,0,0.632437662867611,0.388954263810527,0.624616481145093,0.217942837965351,0.00122393256303641,0.51306408349977,0.209365379624089,27,"FGD1"
-10.3418754500801,-0.0646254750733967,0.00472524011507459,-0.0342395577882127,-0.0258266397459089,-0.311237430063015,-0.0185252844548337,-0.0795786747077267,0.0254008041316867,0.0579810534772188,0.00218625065568415,0.0915559254414052,0.0214472352610137,0.202855904715491,0.0672994875431432,0.058526902233981,0,0.265023401912087,0.0306687631027968,0.708423480174631,0.228514465261254,0.124961180740686,0.783111613154689,0.173926794376048,28,"GNL3L"
-11.0564793009489,-0.0221591965624911,-0.00643657786415769,-0.00949595378863951,-0.0512852788087691,-3.7991006894899,-0.043467867340985,0.16736396277623,0.0474107284946594,0.107159678965441,0.00406368029958382,0.164615958222047,0.0269443003402038,0.22540279543412,0.127113596829563,0.104469231624108,0,0.836176442240162,0.113210056849335,0.953999144121706,0.0569908025200364,9.68680529544777e-64,0.73238039238039,0.109146605848988,29,"MAGED2"
-10.9415339873643,-0.154949030385339,0.00170513176548698,0.498221842146129,-0.00636325315407721,-1.28676617793832,-0.0262042592297936,-0.194876099088634,0.0453401320429642,0.102597341785732,0.0039142535184415,0.165420343885739,0.0251753457061064,0.237442661377477,0.120272313018285,0.10267500203548,0,0.130976176752457,0.663111595879605,0.00259657875442223,0.800455743174247,5.98424790879132e-08,0.827526966105945,0.057697435306616,30,"TRO"
-12.1089122707646,0.0701515917625418,-0.0081592232081214,-0.247463972276553,-0.0289149965998169,1.05595308601802,-0.118516054862665,-0.207206657540796,0.0383818836601343,0.0899267093587797,0.00338525545617061,0.145975200385794,0.0609094135808209,0.544433291773437,0.101441143447253,0.0958212272703822,0,0.43533354933957,0.0159427383575816,0.0900286370152393,0.634985626914606,0.0524349620846892,0.242676366800689,0.0305850785577689,31,"PFKFB1"
-12.8211953639904,-0.117254421584187,0.00397740700964016,0.0936877302304074,-0.0305315953501521,-2.59061921895581,-0.325635448391647,-0.465751722989285,0.0365783169346286,0.0853846087857111,0.00324347543555006,0.139776714383965,0.0667953571883037,0.579774022349082,0.0951922634940366,0.0981090330165116,0,0.169674613075841,0.220093562452313,0.502687548666092,0.647605222095032,7.88341758046556e-06,0.000624330016041028,2.06163461345011e-06,32,"APEX2"
-11.8059299884231,-0.0705533364629985,0.00758003981009283,0.246725041517032,-0.0898534637863346,-2.82240483850954,-0.065572673824368,-0.0902063566750184,0.0311444247062248,0.0715999050385189,0.00270403657479186,0.121083999092144,0.0480936387409782,0.404086502742944,0.0812957308923588,0.0785435997178385,0,0.324435927215383,0.00505933795480226,0.0415864101996635,0.0617199233159836,2.85556688761092e-12,0.419900254012108,0.250767295780305,33,"VCF2"
-11.6834965439498,-0.139628731218379,-0.00436817901225062,0.109495741232736,-0.165616756228557,-7.59130312820458,-0.452899882041335,-0.525768048284838,0.0352352268911128,0.0799477365301088,0.003095772422312,0.12967617729061,0.0415323833787873,0.288993826693293,0.0919890730659336,0.0836124592352164,0,0.0807240867280796,0.158240411380527,0.3984580827374,6.67300131303812e-05,4.44698197007273e-152,8.50491909031642e-07,3.21262442097599e-10,34,"MAGEH1"
-12.6171145118321,0.0529792891458482,-0.0125893516576154,-0.0266664471956951,-0.0579355880914184,-3.83594299590139,0.092705687133055,0.103802986835003,0.0629019740800471,0.150835709315386,0.00542143775730515,0.234151998945285,0.0609664698927475,0.551354462263933,0.172046530520718,0.147697584982151,0,0.725409524160992,0.0202252576337871,0.909328798035904,0.341966906560898,3.4683532619301e-12,0.589996720639315,0.482175653511045,35,"USP51"
-14.415474303314,-0.145872943373714,-0.00371329619027138,-0.161138313007795,0.144852758962395,-1.45968904507805,-0.173159786072483,-0.234786314980559,0.0545906522791253,0.118225263289256,0.00416355227726488,0.183248771074124,0.103571703917585,1.24729052795944,0.138739039379411,0.166208249503476,0,0.217256590070484,0.372469205688305,0.379215952103342,0.161940574279067,0.241885119139336,0.211995517688543,0.157772410175494,36,"ENSG00000288739"
-10.0984112516829,-0.00423558304652489,0.000286598971346507,-0.0625882337365825,-0.0799448557324332,-0.11752916213808,0.0410248591882247,-0.0939480050061778,0.0209918802231722,0.048490494684818,0.00181430853608922,0.0762497820876577,0.0201792304834885,0.178254073374698,0.0557738929227662,0.0488299161233763,0,0.930394322401319,0.874483629819086,0.411742173150711,7.44056761595092e-05,0.509680626202565,0.462000537627067,0.054356518017047,37,"RRAGB"
-8.90751821152706,-0.00487367684481314,-0.00287461942627764,-0.00328838846593423,-0.0108232826352255,1.05678271601102,0.160748665832599,0.234540255011718,0.0389193063176896,0.0870560833761228,0.00348922427273441,0.135760112154834,0.0202249000598375,0.209349709364684,0.102749034934552,0.0860959698374326,0,0.955355202359803,0.410021208926658,0.980675488514482,0.592548620756423,4.46622297144259e-07,0.117705215889241,0.00644628693801175,38,"ENSG00000227486"
-12.5368622767002,-0.0735349157916941,0.000967922739100315,-0.134151406354744,0.0545281746101731,0.329006661712712,-0.0373972369766754,-0.0168408068799883,0.0523803423473895,0.120993041580949,0.00462200490654622,0.197075574282785,0.0608265361024841,0.598220814230001,0.138305229071157,0.126213821724201,0,0.543345648943003,0.834123341414282,0.49605471148477,0.370010486811598,0.582336326652243,0.786855304174605,0.893852715396585,39,"KLF8"
-11.0459098220686,-0.11741264991111,-0.00297150364121993,-0.164411497778992,-0.0385377256694054,-5.40461638769667,-0.322036030494961,-0.199480143896653,0.0468884888969264,0.102829427595771,0.00407877448768689,0.160991721575041,0.0269396200797742,0.218857522482584,0.12298322365544,0.104660168193193,0,0.253529037698887,0.46629010173188,0.307139827339438,0.152567187315057,1.21992671405772e-134,0.00883079058975016,0.0566528544358718,40,"UBQLN2"
-13.7813693925525,0.143795063076349,-0.0328034179485429,-0.639097518197042,0.0366569598096686,1.69201798551572,0.224159177690385,0.456563989127298,0.151341654726942,0.360005511463771,0.0142380478034269,0.543741723828757,0.097250523357106,0.938621579526145,0.420043517373141,0.337295563568199,0,0.689580359221767,0.0212267607512064,0.239846861330544,0.706223180487811,0.0714412244776395,0.593578840701733,0.175863350949588,41,"ENSG00000230105"
-9.65267999269214,-0.0792349922350989,0.00733002188698624,0.453570189883236,0.00121520152777495,-0.153705350552369,-0.188890898438019,-0.245439147868203,0.0310438037726045,0.0701082423843198,0.00272197979289979,0.111565501939439,0.0181753038006522,0.17659258071151,0.0815503762191014,0.0704201023425524,0,0.258400031718067,0.00708333155515537,4.79284120981601e-05,0.946693125777581,0.384084419610506,0.0205447299976433,0.000491482114052743,42,"NBDY"
-11.0051730613781,0.0135939001284928,0.00046879335334997,-0.0363305429310253,-0.0251709979396087,-0.472721228019197,-0.114814497958729,-0.14407166473601,0.0251604990443111,0.0582228400469776,0.00215452419259423,0.0939992987261063,0.031467638050576,0.285588249775853,0.0667813154247451,0.0609842343202853,0,0.815388278940269,0.827752036261358,0.699127867993788,0.423768106894123,0.0978728896210869,0.0855668938541981,0.0181550236160514,43,"SPIN3"
-12.3177394620509,-0.0511291575270632,-0.00332698721298443,0.223936230076509,-0.237251228801059,-5.05428775316576,-0.0954999528977687,-0.304813186913336,0.0286781207999768,0.0664036125963583,0.00244725923901392,0.112153305468587,0.0640445196197938,0.419824250529072,0.0744455318857643,0.0767076770802211,0,0.441314401699287,0.1739961892432,0.04585804861828,0.000211830210706966,2.21474895480953e-33,0.199556389702391,7.07651088993592e-05,44,"SPIN2B"
-11.0085540427466,-0.0320753629506176,-0.0076952046186498,-0.0494890588885277,-0.0732564341419385,-0.516436261737313,-0.0199984273778398,-0.161158091498824,0.0453140147966229,0.104022649519276,0.00393488218672977,0.161626240627336,0.029093056288322,0.257396176592683,0.12253050098612,0.101002948191698,0,0.757816177520757,0.0505078284466693,0.759456592994418,0.0118021957283029,0.0448150077054267,0.870351651587673,0.110583021717801,45,"ENSG00000226310"
-12.4716607865385,0.0528559696184573,-0.00543381483074772,0.126649351034348,-0.0665425886469677,2.11991333300081,0.433617560456864,0.2696437092072,0.0480366965931518,0.111506163056065,0.00416235509479451,0.182291926486758,0.0573926545208743,0.516626640008525,0.128552647134192,0.113444978948984,0,0.635486807824486,0.191734072187776,0.487204990026205,0.2462822091487,4.07164798920061e-05,0.000743340377498427,0.0174603480787856,46,"ENSG00000286977"
-10.5659505450264,-0.0960743885633097,0.0119342136167507,0.18785435153272,0.0654114865134965,0.859680522965728,0.45554043638763,0.311565198916256,0.0569596745850588,0.129158617452564,0.00527296658640666,0.208150712166219,0.0294457343753538,0.322600637635145,0.148913211039941,0.126816464032409,0,0.456968393800729,0.0236182731334858,0.366795571762405,0.0263221984415137,0.00770239379595704,0.00222002870467804,0.0140172981385377,47,"FAAH2"
-12.48606981504,-0.106209121761946,-0.00321876214512461,0.0914425356045725,-0.171381296589803,-3.80728176584146,-0.325364385059568,-0.290459289689178,0.0359193085979218,0.0817789182224065,0.00313687028265496,0.136521550482348,0.0695135767536298,0.475663873361903,0.0932441446633114,0.0913380360114415,0,0.194034978942279,0.304841513221739,0.502983420480354,0.0136846499079946,1.20301314020676e-15,0.000484139820309163,0.00147250932034873,48,"ZXDB"
-11.5962262739836,-0.0737882807774524,-0.000176830385357972,-0.0480894561365239,-0.153727005589876,-2.89473600905871,-0.360236399515302,-0.20946769312474,0.0365272997310871,0.081812558375683,0.00317232047694748,0.135174598966436,0.0449609796965196,0.315388604723123,0.0959595972557278,0.0855616336151739,0,0.367100027771713,0.955547617241949,0.722021743238139,0.00062823907664338,4.37888859305718e-20,0.000174005390595752,0.0143591956440725,49,"ZXDA"
-8.951455915141,-0.109323240146736,-0.00111444835655342,-0.00268360324014827,-0.0348451123703804,1.64388175889833,-0.0607369307701678,-0.123955335089146,0.0304115486969156,0.0686269349338572,0.00273557454137317,0.105131207662063,0.0152827701450941,0.150557573210134,0.0803889905587651,0.0669369262125618,0,0.111158449395044,0.683720860617439,0.97963522790042,0.0226061500252433,9.39061336802075e-28,0.449926288349106,0.0640512532595804,50,"LINC01278"
-12.6581914985856,-0.22149361094634,0.00280207542274279,0.174373922169268,-0.0956328312053731,-1.4245603124457,-0.279227786367646,-0.359346230252974,0.0555917387135828,0.123007894807649,0.00494712597681927,0.210079396712082,0.0708007135349975,0.536679051351041,0.144197296985862,0.131247984162463,0,0.0717587744401012,0.571118697997356,0.406517191885098,0.176781108442526,0.0079449830898615,0.0528152155314156,0.00618294732212984,51,"SPIN4"
-9.84061444580568,0.070865408024278,-0.00670614675870826,-0.087154210200642,-0.0466536436140135,0.724425110782204,-0.0755839324512063,-0.129941224636039,0.0310229371017824,0.0699685859959152,0.00270692007684815,0.109490000884735,0.0202324999097335,0.182117492173926,0.0822363300736805,0.0692104937219592,0,0.31114734241763,0.0132340343525085,0.426031135621164,0.0211175408871852,6.95588074224269e-05,0.358039952778404,0.060452520199784,52,"ARHGEF9"
-13.5143758110218,-0.134991259440098,0.00320415011496611,0.502160267169656,0.0403495506820415,-1.40732830397251,-0.562045266829848,-0.359975874882921,0.0591129673047477,0.133788684627041,0.00511797242929186,0.23786646953585,0.0937933159861524,0.865889133786314,0.157472987591454,0.151734792478136,0,0.312980094894543,0.531276574685623,0.0347635861828626,0.667052751047474,0.10409897246718,0.000358136533519962,0.0176728665506998,53,"AMER1"
-14.0678765020814,-0.0340767388534889,-0.0103970761932128,0.310798074687049,0.0929507627399288,-1.05770942999384,-0.615106714670134,-0.350826337831736,0.0669921183154907,0.157836772926952,0.00590599896321942,0.280114245377605,0.134409315274893,1.32689852652835,0.179172337454412,0.186005514522431,0,0.829066785688973,0.0783355450241306,0.26719712179918,0.489219967097878,0.425376056658177,0.00059684281595594,0.0592805119741103,54,"ENSG00000287370"
-11.2295525335821,-0.143766342849479,0.00828097789039369,0.412985753457938,0.0255682939754385,-0.116111151632334,0.205957025993695,0.194843773864644,0.0437430786302505,0.0997873706593718,0.00380841689277429,0.164219522880237,0.0431776792620362,0.431127712835543,0.114661827060455,0.103653988939488,0,0.149661870140567,0.0296759711005836,0.0119086561679833,0.553740359434992,0.787683735493087,0.0724607011916209,0.0601419102051029,55,"MTMR8"
-9.50552902146637,0.0271405151682703,0.00202749112430732,0.113142598501856,0.0298443381807918,0.260368369771797,0.159113395931216,0.235027948720612,0.0299794587215289,0.0677962870651932,0.00261755886971256,0.109839082333778,0.0210173054151651,0.210564778713825,0.0787786358247537,0.0682617365822397,0,0.688917520117368,0.438591859196149,0.302974347883223,0.155610943307439,0.216263907939431,0.0434090015082644,0.00057521238435521,56,"ZC4H2"
-7.80521422563133,0.112530307951692,0.00303806356917709,0.0315568770653942,0.048094077387551,0.655123746690598,0.359167730601061,0.409388568990756,0.0254188008126954,0.0578156678570467,0.00223353162845575,0.089131193748914,0.0145132089743328,0.149233262491027,0.0676346506660306,0.0567624685608731,0,0.0516110860022328,0.173764681103403,0.723301597989003,0.000920326542927041,1.13386558469955e-05,1.0937884118817e-07,5.50102079610352e-13,57,"ZC3H12B"
-10.2960888063044,0.126748019565626,-0.00160793214983957,0.0407165897569671,-0.0238459451695052,-1.33456602258791,-0.0380992015015603,-0.207218973097316,0.0269752247320093,0.0630753581665515,0.00233828603976408,0.0972680063761124,0.019264504196023,0.182669459322775,0.0721071727050087,0.0616954615997767,0,0.0444873474095939,0.491670585905564,0.675506969426374,0.215783646671278,2.7540327606012e-13,0.597243184178397,0.000782988887347561,58,"LAS1L"
-10.9339105777777,-0.0372510641379349,-0.00259090305486395,0.124175974315915,-0.151041463219228,-2.4702858396144,-0.109707480397141,0.0678073795288736,0.0420825807285944,0.0955066915406064,0.00369031700969323,0.150483975418975,0.0356150591962688,0.271558590099241,0.11102264616831,0.0945193708578048,0,0.696509801325203,0.482628380519491,0.409270886972007,2.22581903482714e-05,9.31218732000643e-20,0.323077195201966,0.47313265236594,59,"MSN"
-9.49949035914422,0.367916187222963,-0.0140804653086523,-0.407492722226471,-0.0136659278988609,0.975016532665919,0.214303840825209,0.0713251970494301,0.0584081741327301,0.134394887552534,0.00524409718988747,0.199510692939059,0.0176637153787903,0.174415269316207,0.155195845156927,0.128852145460147,0,0.00618938611208018,0.00725271431923733,0.0411058675199573,0.439124584757398,2.26806019798291e-08,0.167321800665949,0.579891677100744,60,"HEPH"
-11.8005103660655,0.310016908343657,-0.0033827331993743,-0.34624665641332,-0.140189995105295,-0.691807771139826,0.0353901561360011,-0.144825814635922,0.0554597829098965,0.125671095508791,0.00489574497145055,0.208926813074121,0.0530228002121945,0.404114476211624,0.146358381678701,0.127408407455519,0,0.0136291796403203,0.489594625322606,0.0974663342746308,0.00819431048924011,0.0869131833886339,0.808931435682454,0.255661494386722,61,"EDA2R"
-10.0276863519553,-0.177381658047814,-0.00412880443549841,0.143664056225537,-0.00598306196478659,2.39580874621311,0.0457986999495305,-0.112815775863059,0.0365710388821921,0.0827250891634963,0.00315099186932593,0.129273178947468,0.0226197938794413,0.226392040741568,0.0973052898399676,0.0815244620591911,0,0.0320144235992,0.190087951059907,0.266430011189791,0.791390356629255,3.58989069446638e-26,0.637876270239492,0.166411342986988,62,"OPHN1"
-14.3965671334671,0.0301052691239559,-0.0110814308658978,-0.242667851611039,-0.0111476011005371,-5.05800262406749,-0.955667678803293,-0.661069791499814,0.0704557190350489,0.164484270908278,0.00617734196495452,0.260976150211932,0.144281935750162,1.14618842840253,0.182345023421882,0.18749503454213,0,0.854775848582304,0.0728317903560409,0.352450384432715,0.938414622901518,1.02000168636683e-05,1.59721005948101e-07,0.000422207394923388,63,"ENSG00000289038"
-10.6314147400982,-0.0812138399298492,-0.00240795012813064,-0.113371008101376,-0.0741091462714514,-2.15584760009867,-0.128451057542251,-0.0800927819771086,0.0184686569044626,0.0424948029015273,0.00159906436454673,0.0680224435835143,0.0248982240807738,0.208517992370788,0.0486822637595579,0.0448638800606824,0,0.0559856175155434,0.132105836252032,0.0955799183662534,0.00291575034633326,4.69878315779976e-25,0.0083259047834804,0.0742224370918502,64,"YIPF6"
-12.5281815706486,-0.120052453830958,-0.00380176907221453,0.0855580259902349,-0.0278754673782043,-6.93474315758242,-0.294577491044741,-0.173211079286069,0.0505504214683458,0.116270290865547,0.00441619544165208,0.185370927195671,0.0512798702949996,0.435933377014569,0.133494138505933,0.119808294545465,0,0.301824342633223,0.389309783085299,0.644403769142626,0.586720385337107,5.59406183075539e-57,0.0273371328546352,0.148251462552352,65,"PJA1"
-9.25894403822801,0.095790835840103,0.00591835250838749,0.248056475482219,0.00451234848903216,-0.289470495029577,0.201046822648384,0.128129087614044,0.0278132340917115,0.0651472458740214,0.00243907135110335,0.104199810839974,0.0286092209888493,0.284607282414741,0.0739754067955012,0.0660280071301114,0,0.141460408776497,0.0152461826841262,0.0172851867749674,0.874674626244724,0.309111830120228,0.00657270480471337,0.0523157551487804,66,"EDA"
-10.6354259992872,0.0743835579516903,-0.000114762050153364,-0.154568755660402,0.0289551014000248,0.0644871717951275,0.19199764191511,0.153133439833625,0.016147969347238,0.0377231760610482,0.00139837617812584,0.0615639303001166,0.0244732435203706,0.248711705241267,0.0425502056511794,0.0417351490499365,0,0.048629416908049,0.934592574752172,0.0120490960599852,0.236756451271264,0.795415484486426,6.41401315277605e-06,0.000243337336589783,67,"IGBP1"
-12.7096876693629,0.00403089687029033,-0.00182319931197077,-0.147798292343271,0.00240772381286293,-5.01772695826457,-0.416551690597875,-0.268053284699951,0.0366729098723977,0.0847790611465135,0.0032124563401296,0.136936341009523,0.0594818986390798,0.515201386105088,0.0951978152040758,0.0949759832811028,0,0.96207814776252,0.570346969184149,0.280444576951818,0.967711838110987,2.04859178489761e-22,1.21074820489664e-05,0.00476765327758778,68,"PDZD11"
-11.723668237764,-0.143615813524953,0.00188230975870423,0.230194858997295,0.0176467219963145,0.896142934953311,0.0606377723690299,0.0196863701942825,0.042428239397133,0.0953730269313613,0.00359474754149172,0.157990448620722,0.0439156927868028,0.421196852243462,0.111887494219609,0.100029696705177,0,0.132110151184166,0.600537439508995,0.145111531224448,0.687807815281158,0.0333693732931371,0.587850827402605,0.84397993687642,69,"DLG3"
-12.3895092896673,-0.247540441046058,0.00120955371085679,0.00175824344293878,-0.0021495839864963,-3.76182454477468,-0.0263224411422259,0.144236310706074,0.040655153267034,0.0917728889614536,0.00341188265243289,0.149568418651171,0.0505080448734769,0.453458364421718,0.10728075994096,0.100204908683811,0,0.00699009961252603,0.722955131733858,0.990620727290561,0.966052888069898,1.07807559408475e-16,0.806177453350478,0.150033366703749,70,"SNX12"
-12.5078405466279,-0.111275620246078,0.00710982673507852,0.259148154929432,0.0248909122820058,-3.2501658368231,0.0482748297115077,0.0890628200967938,0.0504996134272005,0.114398041516069,0.00429010644282028,0.194127270776612,0.050764709940489,0.496512081824297,0.131770255237538,0.122155428345001,0,0.330699621090725,0.0974666883030707,0.181896159952542,0.623908038283915,5.91003730912665e-11,0.714099413290844,0.465944013235152,71,"FOXO4"
-11.5960216947337,0.0847553869264431,0.00230883499197559,-0.0386378140492267,-0.0336763720954139,-1.79493046665902,0.128722488524665,-0.0711582082060651,0.0194773361712544,0.0452488209014479,0.00167864777086012,0.0743168317708057,0.035340198123505,0.316896962856207,0.0507737310255354,0.0524526907375509,0,0.0610551250765912,0.169003251632086,0.603128649560525,0.340630742045817,1.47813486158986e-08,0.0112377293764056,0.174902959984803,72,"MED12"
-10.1726614607101,0.00178881408943044,-0.00079032551305135,0.0980909647724708,-0.00851727138694351,-2.55980986917995,0.0396224576668074,0.0859692800603891,0.0309364261569679,0.0712214756427932,0.00272791377373888,0.110332768066996,0.0175412853680605,0.172026542150122,0.0827041548263923,0.0695853548456292,0,0.979962264383514,0.772032043438712,0.373978072717596,0.627282200149351,4.42383412528527e-50,0.631876976359757,0.216662788526007,73,"NLGN3"
-10.0709208536959,-0.144972821697054,-0.00353185412075506,0.0499660145136712,-0.227906056840112,-8.35155970138375,-0.364175645332514,-0.280648240817165,0.0419897718248476,0.0959269751901802,0.00369673667508844,0.141199050852625,0.0202094486589154,0.141933044435366,0.114447300269067,0.0921317799790557,0,0.130716323904701,0.339376561464091,0.723436807569544,1.70067300649994e-29,0,0.00146242687263097,0.00231783638060692,74,"GJB1"
-11.7028846331679,-0.0770392409072124,0.00912082665125564,0.00447926859981958,-0.0690992305507104,-2.24151367689839,0.0565701416186118,0.0360839916685692,0.0519473740064536,0.115117840482908,0.0044828622790948,0.186874397498414,0.0413420211241303,0.333554898053581,0.136091263367165,0.118820969977914,0,0.503354708453614,0.0418912483914427,0.980877010908016,0.094641853495439,1.81632000664493e-11,0.677645655528249,0.761368878243306,75,"ZMYM3"
-10.620055259561,-0.126009816356958,0.00168965000591793,-0.020449932543012,-0.0898247963388839,-2.81276156103035,-0.102202448011539,-0.114367668787235,0.0304055595027502,0.0679082696297232,0.00260549646797123,0.108035969688875,0.0239680176487051,0.189817860452653,0.0794248772222702,0.069388872828565,0,0.063512208521706,0.516665197597227,0.84986695547626,0.000178467779689788,1.11716441476668e-49,0.198170521105298,0.099308891635048,76,"NONO"
-14.439011849736,-0.00151486628527025,0.00129568248622625,0.243269052298662,0.0290423964160332,-0.626066832658864,-0.0833526036808652,0.21707168127624,0.0614536719689566,0.132347480282346,0.00493035120291284,0.248532004839097,0.137760840014193,1.3214964989427,0.162042071732907,0.177205901163058,0,0.990867510086716,0.792706894551829,0.327667026239637,0.833029679419971,0.635673948262365,0.606980287998431,0.220587016174425,77,"ITGB1BP2"
-9.33078168697414,0.25175370551533,-0.00216186463841356,-0.14107573782994,-0.00632828460014667,0.914061707685426,0.131867169112229,0.0874728497678919,0.0254932061215802,0.0578923692126857,0.00221127596235404,0.088975965562038,0.0137227539964715,0.134295131136884,0.0677999833375099,0.0566952080942097,0,1.36977531478929e-05,0.328245066310171,0.112841692409713,0.644689078204105,1.00095426645813e-11,0.0517817215781271,0.122864401096736,78,"TAF1"
-8.94053651331769,-0.0987728367533536,0.00245140111149716,0.170802095645861,-0.0668829007625368,-0.162410215655632,-0.076370348353326,-0.244248924156761,0.0224855737035833,0.0512468853479486,0.00193129402250418,0.0784715725340234,0.0109784495966356,0.0985516903617962,0.059870789927972,0.0500569263116625,0,0.0539307960836841,0.204332312566963,0.0295095964353763,1.11370046939898e-09,0.0993588556328359,0.202101864812633,1.0639658029855e-06,79,"OGT"
-11.5151371170841,-0.157626597915752,0.0150825041273256,0.479117890835716,-0.00346947152360371,1.35736956108015,0.130470252504663,0.353950182420293,0.106220656332395,0.229907126569733,0.00933018008457524,0.373139167583067,0.0400333206543645,0.37822981554561,0.270881310297075,0.233903095313168,0,0.492959148305606,0.105980047758577,0.199135204318404,0.930938119540181,0.000332276335622032,0.630053894091883,0.130220159166876,80,"GCNA"
-12.1210540744764,-0.170410557719494,-0.0086352913992221,-0.101113619334563,0.0674082704255996,-1.5665930416861,-0.733749333432579,-0.871603015959995,0.0988865298794524,0.228064662008423,0.00876582100921494,0.337167348057066,0.0490135192580863,0.49219087189047,0.270028316933292,0.220506463020028,0,0.454941144434968,0.324570408052173,0.764259923611773,0.169038599480992,0.00145809276639523,0.00658158979649746,7.72638643217558e-05,81,"LINC00891"
-14.6278035166467,-0.29050978981248,-0.0126874784464494,0.254771096191385,0.409667798885035,-6.79489312659932,0.652372531806597,-0.50554655622725,0.0687248799532177,0.126779862603823,0.00422472368606156,0.195995566761993,0.0940056284240565,1.19626079986772,0.147575099609293,0.214475343652839,0,0.0219373669974105,0.00267200799574668,0.193641438211504,1.31312074522949e-05,1.34608016349732e-08,9.84209063309601e-06,0.018416731310896,82,"NHSL2"
-13.2438797592319,-0.171533530548394,0.0079961631827534,0.565521445675289,0.00996264292948166,-4.75643174926627,0.406710002742799,0.483181955059881,0.0784426909599491,0.173834483340333,0.00649018596320982,0.295573981996129,0.0713000916884133,0.649484952085058,0.205915636132437,0.186498666199431,0,0.32375857135269,0.21793446083582,0.0557097677258244,0.88887463978579,2.41783391318738e-13,0.0482534784889394,0.00957513158115896,83,"RTL5"
-10.6247965708023,-0.00210919394473416,0.000650160411407416,-0.22472630885428,0.0516928502226101,-0.144451809136853,0.148785446099511,0.163689804681479,0.0242013796072751,0.0556515420112509,0.00209766252137433,0.089577148274171,0.0251339817699632,0.264131401429204,0.0636395603295874,0.0580830020085769,0,0.969767405851125,0.756602636157207,0.0121160584936957,0.0397158967019313,0.584451738889709,0.0193903833604769,0.00482929706774703,84,"PIN4"
-14.5070043129083,0.208452357416116,0.00110820280381677,-0.564595884586826,-0.00807252782291397,0.28279102968379,-0.110553586539846,-0.293591517640664,0.0570682090186297,0.127455293711738,0.00453437054451664,0.187317892951857,0.155474452479097,1.33981275775179,0.145330433703321,0.170847717276414,0,0.101945549068808,0.806920590434124,0.00257738194030561,0.958590930033513,0.832834541670655,0.446833291929481,0.0857164254994662,85,"ERCC6L"
-12.0427423402725,-0.272264547583486,-0.00245334288599284,-0.216002730087825,0.115157325517597,-13.2430001020318,-1.7185510853492,-0.49587527787452,0.0584680084678336,0.130707258318839,0.00509953919929767,0.195320166313785,0.0314146161769091,0.295415424889272,0.156110124330017,0.130789857185343,0,0.0372502971109652,0.630451758373723,0.268773886801748,0.000246639416410083,0,3.47429208831574e-28,0.000149806859889822,86,"RPS4X"
-8.6640519056234,0.0348454315800155,-0.000544378168423968,0.0442939147211064,-0.00276895910450831,2.14287689434909,0.159587452628183,0.0998882146069675,0.0135821607523994,0.0313341231512838,0.00118992475028854,0.0499588013044923,0.0125226199578985,0.124289394094624,0.0359736988990507,0.0315755972050481,0,0.266112263207405,0.647319193677514,0.375289534483462,0.825001647928312,1.30692549137102e-66,9.15498013652452e-06,0.00155904487590217,87,"HDAC8"
-14.234803890059,0.105601366562757,0.0216855074183551,0.344645507187853,0.333568434848805,-16.7886895067519,-0.659411335405353,0.268654905485215,0.0756640949923095,0.16639889438038,0.00658968708100146,0.274086608018521,0.0694870102283548,0.93819170541185,0.184480232231826,0.187609285800537,0,0.525671183545089,0.000998940128553146,0.208596936927452,1.58314997981664e-06,1.2961796775736e-71,0.000350994176838395,0.152146249516831,88,"NAP1L2"
-9.16462523110078,-0.0654355900226908,0.00163860357702487,-0.0574316775576353,-0.0626627914486932,0.299526436574651,-0.220619128915278,-0.30337889453998,0.0146823341529327,0.0334272161813488,0.00128531118795432,0.0535128976647747,0.0141963465097792,0.125142044381428,0.0388277261420319,0.0339529980044314,0,0.0502823369176949,0.20235556129621,0.283167678751791,1.01474061537344e-05,0.0166888618169243,1.331288822894e-08,4.06218636831393e-19,89,"CHIC1"
-15.6108075116165,-0.369253977451588,-0.00114554714873332,-4.92701453201496,0.0793706160892292,1.2427730312734,0.439757930189891,0.586275530074409,0.10067403055104,0.204129733701798,0.00559258752201201,0.150656907743844,0.0674939119935632,0.666124104947295,0.219914589552296,0.110845154412174,0,0.070463722365979,0.837702509902936,1.39078694973521e-234,0.239608046195331,0.0620864413412355,0.0455352597034142,1.22892863476878e-07,90,"TSIX"
-13.006439681497,0.00772173150355652,0.00513610702184561,-6.721773652292,0.044597736042632,1.36589159168918,0.0553399420146354,-0.606648669843837,0.0934652459259919,0.210214198232977,0.00843603333606391,0.283968242459215,0.0154296501430642,0.128498266771141,0.248161725889603,0.216243557902233,0,0.970698148963144,0.542637374232943,7.19824159544502e-124,0.00384761814740646,2.16925206568326e-26,0.823535891815587,0.00502548988031955,91,"XIST"
-7.0247543882832,-0.0231556077283253,0.00400240547945363,-0.0673102769120617,-0.0350859186272328,0.880727906742507,-0.0065940110801808,-0.0433951742608585,0.025747778207933,0.0567843655765203,0.00226655364685621,0.0843624742355484,0.00667449441392906,0.0658715074545113,0.0678749202194648,0.0558353547826011,0,0.683434174940419,0.0774201496068647,0.42494600587559,1.46650864057369e-07,9.00643849070719e-41,0.922607712157535,0.437041452845747,92,"FTX"
-8.34791145161708,0.00240274811025742,-0.00133592862076108,-0.520419398395611,-0.0130628897917213,1.33654163401929,0.00898413460215353,0.113619723550711,0.0101181345685106,0.0231481014773846,0.000876780207740017,0.036237073627179,0.00922130805393077,0.0883202145930154,0.0266380617853778,0.0233732420966017,0,0.917328917492854,0.127589764262367,9.02284638038689e-47,0.156600390661023,9.82566375217339e-52,0.735915763681227,1.16733838827248e-06,93,"JPX"
-10.4228352431989,-0.0463668072398115,0.00424226521710091,0.0540034167749224,-0.0476053919772042,1.60734442719213,-0.191517582401134,-0.285939386198421,0.0311545297888402,0.0710796640934866,0.0026676421244685,0.111061422203688,0.0225657834044169,0.195313663546877,0.0828644836909423,0.0703778332449642,0,0.51419366482775,0.111774466638751,0.626791200039784,0.0348904737754609,1.87911080264354e-16,0.020821019065407,4.84629965788111e-05,94,"ENSG00000271533"
-11.3238169087974,-0.169015878947792,0.00500362087878249,0.256162976158418,0.0902343450954938,0.22901505586011,0.0265220588626765,0.101504073460303,0.0672324417268172,0.149027515998495,0.00588131242953769,0.240533800905114,0.047174632358423,0.475105885273172,0.178687213618618,0.152503056681708,0,0.256741984990712,0.39489933048163,0.286886318341771,0.0557771678689223,0.629784984884095,0.882005564347923,0.505675027973,95,"SLC16A2"
-10.5764098025852,-0.0735029267155622,-0.000382020745854543,-0.121582750417376,-0.0218759631532389,-3.01862715439238,-0.204301773859918,-0.00717360632571179,0.0335914582383507,0.0753335620095863,0.00289939512215968,0.117814724951056,0.0227984409989677,0.198339647327703,0.0891081579005807,0.0756811436070486,0,0.32921334791086,0.895175095979319,0.302080251914192,0.337287947665738,2.62592663928663e-52,0.0218630196114907,0.92448382640564,96,"RLIM"
-14.002675148983,0.165187422074665,-0.0101168740766901,-0.535036720583262,0.157501826587185,2.84795174555084,0.608035728646086,0.113827880869693,0.132305370915551,0.309660454320683,0.0116302913503327,0.481911277858946,0.125619284470692,1.3553468157758,0.367010739583127,0.313181928968578,0,0.593724230909339,0.384369922613576,0.266896028470526,0.209913644977183,0.0356171330147194,0.0975751627531364,0.716264204863839,97,"NEXMIF"
-9.82918057493972,-0.0397909414035206,0.00132117182949,0.0737017474667318,-0.0322137262247911,0.198923782877595,-0.00969381004727072,-0.0338353910218646,0.0193325248764764,0.0447577875594079,0.00168058498328539,0.0711383885488651,0.0186034727091056,0.177664351941634,0.0513027029279892,0.0451361010667273,0,0.373987851226264,0.431786605045478,0.300186554829859,0.0833452574926274,0.262858401754806,0.850129494491171,0.453477369431249,98,"ABCB7"
-10.7607136559324,-0.0426876462629777,-0.000947530638422506,-0.0293492724923354,0.0216595510085393,0.575506016049183,0.104803090711632,0.0438452692853492,0.027090392334458,0.0625648721222609,0.00240226812880839,0.100438881448533,0.0288889339466071,0.287584050416427,0.0711846257143334,0.0642621180199519,0,0.495052971228015,0.693262363121803,0.770125861150508,0.453403769945395,0.0453735326377219,0.140947595061053,0.495056885940664,99,"UPRT"
-11.5593118202526,-0.00636633267767381,-0.00901682732859919,0.033559894691738,-0.0311462241514431,0.772143111151934,-0.160391887417973,-0.15728266367443,0.0471730251030659,0.11192543749724,0.00413860900473817,0.173879886324945,0.0460635414037247,0.421083408007807,0.128144478595275,0.109034721441795,0,0.954640688037177,0.0293532452865523,0.846954118903165,0.498940443929162,0.0666976688787243,0.210697851264524,0.149161169940509,100,"ZDHHC15"
-13.396412822272,-0.490294703159356,0.00423374099325784,0.380412503010554,-0.021324508177831,-5.38144046537169,-0.290088747166973,-0.179835538898573,0.0860509895725624,0.19129288161422,0.00749094620490237,0.312159262396424,0.0843434857867237,0.703069905781,0.221502565094032,0.204888178610605,0,0.0103754788427176,0.571950610863168,0.222977527736009,0.800400091014001,1.94513332962011e-14,0.190317454674265,0.380092808922574,101,"PBDC1"
-13.4597417141218,-0.131998380323571,0.0138756365354368,0.701353917627627,0.24482122501404,-9.97530233758778,-1.53612339377858,-0.242919897016898,0.0739467659045444,0.16307513552346,0.00657338817360096,0.275619945012576,0.0559743496760728,0.665794881952244,0.19141096591606,0.173148731336511,0,0.41826618278101,0.0347825895290195,0.010939001837849,1.22096109102555e-05,9.5488080309779e-51,1.01308442761627e-15,0.160630226189425,102,"MAGEE1"
-8.22471589655792,0.0941666285336957,-0.00756101831108058,-0.00765955963891182,0.032535727943618,1.5637851993284,0.139380483391774,0.0583250135412202,0.0520980351557043,0.115919803559989,0.00468496260447608,0.173089274005448,0.0161393933977882,0.165987844484893,0.138705047560251,0.113010354785407,0,0.416594904942167,0.106551102264738,0.964703472352553,0.0438083288974537,4.46460541096116e-21,0.314959652287597,0.605782284868544,103,"MIR325HG"
-8.29198679331967,0.0227195101838893,0.00337237979242416,0.0490614935666629,-0.00574384104245764,0.212892939064954,0.00100727812844814,0.0307862527773677,0.0172835063395405,0.0384409877236314,0.00150569855407822,0.0604578700919227,0.00851599415248891,0.0820637478108601,0.0452040968916696,0.0384079865996944,0,0.554504970329014,0.0251075261494744,0.417079238666837,0.500008188954364,0.00948006820953967,0.982222293593267,0.422808321573693,104,"ATRX"
-10.5152139728491,0.0638352297134771,-0.00112167883676121,-0.00433729622971533,-0.102811743115984,-4.25837713570748,0.0900339270782801,0.151141995886564,0.0198196635635795,0.0457994846270697,0.00171547991745231,0.0739032608437318,0.0249619336964466,0.207164757104925,0.0521321522401086,0.0478283590972935,0,0.163378614666314,0.513203832620283,0.953199952948594,3.80947799074895e-05,6.87052020416613e-94,0.0841618066316671,0.00157719544402061,105,"MAGT1"
-11.7399841935472,-0.0157766045902221,-0.00341679441674166,-0.146934571163012,0.0118901227297318,-7.66767314875236,-1.18079064187063,-0.386262602439773,0.0495829995911767,0.111295918103453,0.00443442880143467,0.170717272160831,0.0365713724633806,0.296590442476627,0.132010071109215,0.110470067308162,0,0.887274582224985,0.440994392629413,0.389409053286238,0.74508946396268,2.26696279315031e-147,3.72957355427946e-19,0.000471340328160263,106,"COX7B"
-11.0466595954978,-0.09911912070468,0.00368549399872882,0.0790596940080983,-0.0433607067843416,-2.15812166706777,0.0919743136681261,-0.0309673342433008,0.0298593784750007,0.0692363603635453,0.0026018224533116,0.109046751213216,0.0282770363832055,0.265530046575204,0.0789317804011473,0.0705568232153266,0,0.152256893644315,0.156627759251515,0.468447533241667,0.125171240197468,4.37877975453276e-16,0.243922648651143,0.660734566369531,107,"ATP7A"
-11.3307745973529,-0.010016481564868,0.000235062209550406,-0.059077006936,-0.0653639224168886,-7.10329575714314,-0.606742929260962,0.218746907355633,0.061010979022866,0.136611803247879,0.0053024864894189,0.205965811314617,0.0349190602473978,0.267920489659791,0.162312704515213,0.133865599297542,0,0.941550870172011,0.964640910137818,0.774243110809636,0.0612246657878349,6.91855564053765e-155,0.000185407985765995,0.102242353517386,108,"PGK1"
-11.624968420241,-0.0640153377595911,-0.0027467858161195,-0.0951997991611475,-0.0671015075867266,-5.41754295486403,-0.0527008185075251,-0.0567095546905534,0.0259105550448982,0.0595879084441746,0.00224294066870939,0.0962959005968597,0.0364911935807236,0.303257426058837,0.0671059377813184,0.0645923201661041,0,0.282687886246715,0.220712409836337,0.322850388611803,0.0659385569201398,2.22911793418663e-71,0.432255635192555,0.379964743457156,109,"TAF9B"
-11.7272805680029,-0.199819291067136,-0.00343245287030287,0.261710371901826,-0.0190418019382193,-9.2476393592832,-0.0622406488545312,-0.4329648919738,0.0819168265515495,0.193200539567175,0.00731550567479862,0.28318638244784,0.0345460377735069,0.343485643400113,0.231162758524242,0.184610193789747,0,0.301015354474766,0.638924965235209,0.355401465352346,0.58149606584055,1.1839429746277e-159,0.787737052576358,0.0190121609026064,110,"ITM2A"
-9.61447027456782,0.0545072537658976,-0.000460442724113428,-0.0289018980244212,-0.0140210938397016,0.85177365315299,0.0251669457753769,0.0148230408379566,0.0313622077048714,0.0694082368152378,0.00274654061983668,0.110354904873104,0.0186385407326963,0.178611156910121,0.0821610577683328,0.0698225578783095,0,0.432269542813952,0.866862876105437,0.793398899849936,0.451892614758078,1.85260792445593e-06,0.759366845343187,0.831876215392552,111,"BRWD3"
-13.7515265668323,-0.0836502286430431,-0.00146247351550614,-0.0165101327745264,0.0528529038401988,-0.94822289387562,-0.323575959434811,-0.0755858477908029,0.0436752750809051,0.0978533120331697,0.00358314119030162,0.165686162642956,0.100625383283725,0.971220789971968,0.115109544411239,0.126458342497054,0,0.392632355743195,0.68316059551419,0.920624561032587,0.5994134083235,0.328905599605767,0.00493837454360055,0.55003117253957,112,"LOC124905202"
-11.6513584413554,0.00962884822322938,-0.00317226120021242,0.00976253230525396,-0.019040424410281,0.513858450830833,-0.0343108925823183,0.221613494678688,0.0521605344527459,0.119529847411276,0.00478537138335381,0.195206394652966,0.0629492747886947,0.563903080308078,0.137171256526724,0.123534379684257,0,0.9357950471304,0.507389447355913,0.960113355977353,0.762291895389291,0.362162012204472,0.802485428662592,0.0728224493989856,113,"HMGN5"
-9.88650679135788,-0.129653735108285,0.00370281397526725,0.0526513853507088,-0.0427862138509916,-0.308309863488235,0.061742727339555,0.167701964021154,0.0421813860921058,0.0927606836399268,0.00367186583256049,0.145448060090178,0.021699136010194,0.192166445991296,0.109579246441862,0.0931449762485946,0,0.16219628386903,0.313248819985633,0.717356204395299,0.04863319251343,0.108628183564407,0.573126628596118,0.0717911506619961,114,"SH3BGRL"
-12.1434986575891,0.0404730358224177,-0.000726251778025421,-0.349151601304511,-0.0558838335570952,1.55141134003867,0.246828455253981,-0.0198316639689261,0.0555475527009175,0.127173936764733,0.00497972705336119,0.206734997267633,0.0739485812018808,0.64326077233254,0.144931817298318,0.132679140781304,0,0.750295723061113,0.884046368821762,0.0912415023987569,0.449821860512972,0.0158743242751058,0.0885557115080879,0.88118210917105,115,"RPS6KA6"
-10.2595616896031,-0.0815799433123761,0.00314770030937731,-0.00829920142691661,0.0117875911142345,0.370045671792261,0.21512104860843,0.225143133765109,0.0228939444182808,0.0526582186486102,0.00200772347168189,0.0868585857817331,0.028709148601022,0.279860626124177,0.059712650451241,0.0558964238965722,0,0.121325293675821,0.116928809021397,0.923879225310059,0.681375706360066,0.186084965272072,0.000315044979701966,5.62861406344615e-05,116,"HDX"
-10.1485124732823,0.00690679086265818,0.00115938144389719,-0.0174168858591221,-0.0435306620103924,-0.253407385235213,0.0793987219300776,-0.0842987997926892,0.0207803467488516,0.0481083845212174,0.00182856310289655,0.0777667001599104,0.0221304560050913,0.2088398394761,0.0547136575207967,0.0493424228521022,0,0.885842164087007,0.526054969798011,0.82278586961096,0.0491829240082735,0.224974869571896,0.146733019137752,0.0875538629119309,117,"APOOL"
-11.182891628138,-0.0077594507126393,-0.00578860686623334,-0.0909598931941073,-0.0184117028123072,-2.1189883949986,0.0780344639467683,0.0815302917404852,0.0325581433465757,0.0765429136738707,0.00283178390351161,0.119387216002332,0.0301426603666545,0.289947496730023,0.0870881848876079,0.0758282275467274,0,0.919253685241296,0.0409381799029979,0.446125822858233,0.54131956394695,2.70785609699607e-13,0.370231604036802,0.28228648536224,118,"ZNF711"
-9.23998859677226,-0.0636338085346217,0.00113491528918308,-0.0775006069683605,-0.0636964731075729,0.829053035503139,-0.102275240040414,-0.224035079754176,0.0161991539033005,0.03734767010369,0.00141627837696252,0.0587145287148354,0.0149593099774119,0.135785251865238,0.0431785039487591,0.0373048449141536,0,0.0884142136722095,0.422936975391559,0.186849637766177,2.06280523402535e-05,1.02402920488697e-09,0.0178526064961245,1.90716893947221e-09,119,"CHM"
-13.4948776163571,-0.478806610041376,0.0253323992374679,0.719492372685473,0.372673692136108,-0.896330774964586,-0.149268044840736,-1.02907380285901,0.113629696325769,0.262098875569538,0.00936251211034726,0.428879374324248,0.154142486761195,1.39229862260438,0.300341965712862,0.296481139121044,0,0.0677273300145594,0.00681551058936154,0.0934232385981222,0.01561800080949,0.51971961031413,0.619193540870729,0.000518603667148148,120,"DACH2"
-8.00149299531799,0.0406922709018673,0.0017664898762345,-0.0664123155996639,0.0608913517697904,0.59426002237624,0.284965728842035,0.258944112016876,0.0384021919699034,0.0864730024179286,0.00342259401103621,0.128357153329012,0.0124639669270009,0.129574081244665,0.102699017326567,0.0845680364997251,0,0.637942299859214,0.605766385390943,0.604875195441665,1.03223802978379e-06,4.51263314821238e-06,0.00552414595908814,0.00219891384605236,121,"KLHL4"
-13.8145087365119,-0.354966185212377,-0.0115061554683721,-0.0551275433109017,-0.259698896621834,-0.850934156438331,-0.509168863639206,-0.28033244542435,0.078089091265555,0.181961845732757,0.00675270546059891,0.289405479117438,0.167306264901535,1.10413684598554,0.209435571355541,0.193718216123749,0,0.0510841011327945,0.0883936660417058,0.848928715544166,0.120605637592264,0.440897718405459,0.0150510664701078,0.147864848962036,122,"PABPC5-AS1"
-12.4596320359556,-0.0390383844718399,-0.000465097597492264,0.0497229884188535,-0.13104134177899,-3.48148735139294,-0.318855152915235,-0.258223814868493,0.0521016321940163,0.117018282857959,0.00456037293711239,0.193684609124096,0.0679206646339883,0.477796627393256,0.134713071680197,0.123143193339218,0,0.738674418650936,0.918767195195108,0.797393832701776,0.0536899700171742,3.18001026151942e-13,0.0179367773928108,0.0359989395040156,123,"PABPC5"
-11.9301263622541,0.0132640806868847,0.0121260343662429,0.129456873370785,0.0991323452585411,-10.1035459866567,-0.383712407653954,0.1057623487435,0.0465666029386824,0.103856367295026,0.00413430103673522,0.170456148743698,0.0326356124480576,0.339719184081099,0.119498010780831,0.10801498790373,0,0.898374025710999,0.00335670044139181,0.447569551713015,0.00238508846501296,2.27556125573522e-194,0.00132257391573458,0.327508278352317,124,"NAP1L3"
-11.2413372190431,0.102795233270184,0.002425124771037,-0.335478906077918,-0.0307140799835928,0.154176388661952,-0.063934914483124,-0.0158074554131131,0.0540890381170746,0.123517398133495,0.00482017020352727,0.190981038475628,0.0420010833752517,0.376781078124763,0.142345624577457,0.121832419661984,0,0.405277538761309,0.614879798381413,0.0789845715961755,0.4646150107247,0.682397624064594,0.653321542106906,0.896766177596183,125,"FAM133A"
-10.7110208728129,-0.0314997476530815,-0.00561497691499769,-0.0981984989901217,-0.108169481397475,3.35053683947484,-0.112555698513935,-0.0189890632885884,0.0761674733184902,0.165261305603459,0.00637927259968277,0.25941863744436,0.0392573492211785,0.352762599392321,0.196674384822467,0.169324048524432,0,0.848834520249085,0.378755968250838,0.70503472991449,0.00586214188431294,2.13973578924655e-21,0.56712237262098,0.910707417410345,126,"DIAPH2"
-13.1369520844222,0.0254339439641249,0.00707785108411797,-0.295570077295299,-0.0558549493291341,3.01190852366104,0.223284116890889,0.0645134342926542,0.149584699923464,0.342434833651528,0.0134344619544289,0.538541340816535,0.114808675245355,0.961395014750815,0.396965995096645,0.338714051827083,0,0.940792506309059,0.598302679099886,0.583119019332357,0.626609440364707,0.00173116569272928,0.573791284556155,0.84894416005362,127,"DIAPH2-AS1"
-14.6121037016162,0.381782949447734,0.056518550613662,0.923748890522802,-0.251304272803827,-1.25005889581968,-0.911266228369744,-1.11447070713946,0.231728094183262,0.541475142235754,0.023438564400757,0.821813662911891,0.226306160501665,1.31763394573494,0.580442050752584,0.53236496405263,0,0.480760847270056,0.0158936469285733,0.260997367799937,0.266800220282455,0.342765657428161,0.116426250639411,0.0363104649934636,128,"SYTL4"
-11.9716439353185,-0.0885946394959825,-0.000269471279108578,0.122749711621956,-0.16894532396786,-2.14814698307986,-0.101810250146152,-0.278993117805461,0.0330540145004453,0.075237746152868,0.00288347009520433,0.126819988725713,0.0554355968607791,0.408189149527075,0.0858269597858832,0.082460456218405,0,0.238984368622131,0.92554303982353,0.333091775900577,0.00230679542958057,1.420119873041e-07,0.235532697947763,0.000716056254886444,129,"CSTF2"
-14.1078987368764,0.142162769215527,0.00633569538782449,-0.403207587865202,-0.497978567388391,-0.82622646537263,-0.312879946700421,-0.0453552205759332,0.111448107481208,0.246291440174048,0.0103462533908485,0.408612503718902,0.235956457511308,1.14121451712185,0.282309213154442,0.260871324816687,0,0.563795169886859,0.540295530369258,0.323754171727811,0.0348180594124781,0.469072645200198,0.267737405086508,0.861975091369384,130,"XKRX"
-12.0936695498707,-0.15332484345063,0.0109293886162106,0.164623501602731,-0.011417441829675,0.850189755023974,-0.146264707577365,-0.00961864918997637,0.0813411810124395,0.17835334794015,0.00721383889448699,0.29089781086371,0.051891045073144,0.453957112223004,0.210974442368988,0.182911919363618,0,0.389971530286055,0.129757566107178,0.571451407669538,0.825849964041095,0.0610902644063411,0.488132822215307,0.958061584613173,131,"TRMT2B"
-11.6899096200919,0.328726439238182,0.00582851491423556,0.00886193743874943,-0.0491874307142677,-1.35621022579716,0.210882304604118,0.155799523922938,0.0349645434590494,0.0818899194961613,0.00305723379197471,0.135535170603129,0.0473879598860451,0.434485907374412,0.0926362244720562,0.0860916934151853,0,5.96356383715124e-05,0.0565896610864842,0.947867641204052,0.29928254849172,0.00179985045974912,0.0228187211713284,0.0703434285034918,132,"CENPI"
-13.4557034395372,-0.345943764061751,0.00020121370439075,0.0311403542493227,0.000124346534052366,-6.06473013769091,-0.66741649250053,-0.36893809030719,0.0503041379451599,0.113613763230163,0.00434660524592818,0.18291033045527,0.084115303556834,0.715681152457146,0.13181979228836,0.132234082404161,0,0.0023274940138828,0.963077395564088,0.864814088140764,0.998820498299614,2.36970736915546e-17,4.12498230811476e-07,0.00527018857847973,133,"TIMM8A"
-12.0569139296555,-0.150159450177108,-0.00445575287782818,-0.114112579332482,-0.0181502782146108,-10.1520202339256,-1.13306851866846,-0.141631178475013,0.0597059052157601,0.137372410817152,0.00518539963899234,0.205376774566641,0.0417454201585658,0.335666296849096,0.161476781359706,0.132948852957791,0,0.274357348932265,0.390181516157877,0.578466874611102,0.663718568323434,6.18447904618889e-201,2.26823820977065e-12,0.286737588319404,134,"RPL36A"
-12.3512779251619,0.0258309711106807,-0.00375000295598468,-0.0381004189372988,-0.0726536652984207,-2.81159839989896,0.108080685630268,-0.100292594762603,0.0415910093988616,0.0989450790678662,0.0036805231295268,0.155999190628668,0.0529352960695977,0.462706995793238,0.111971287491053,0.102174722103941,0,0.794043363572791,0.308261029852395,0.807049036977368,0.169908006709854,1.22901302754219e-09,0.334417818229921,0.326307137129882,135,"GLA"
-12.0155921070834,-0.0412332794174376,0.00171151171787747,-0.108354323102063,-0.0507928531007232,-9.97768203354873,-0.653634069623104,-0.434739404961048,0.0639761536449754,0.14102360893191,0.00562028019272154,0.218017499692057,0.0403064508457092,0.303058921546043,0.16533910092988,0.143485591098599,0,0.769991779538922,0.760728506089145,0.61919026183422,0.207609179572909,1.02210492583306e-237,7.70826404849436e-05,0.00244677556789614,136,"HNRNPH2"
-9.16044825036335,0.102639674095964,-0.00191166491330392,-0.0767814381768096,-0.0163048490279369,0.757885258122727,-0.171219137817515,-0.0483433138432925,0.0259473706134299,0.0583299884627409,0.00227644031178265,0.0907027774985009,0.0147331014439667,0.137610224982005,0.0685360633361828,0.0575531357561392,0,0.0784691755444784,0.40104262094324,0.397264424601348,0.268431708816675,3.64011313246262e-08,0.0124813701667079,0.400921248068029,137,"ARMCX4"
-12.1229991506868,-0.0648430793982616,-0.000322388984868087,-0.236526047346521,0.0323533307991319,-1.88243164605847,0.0153547255668468,-0.222529000065497,0.0276563056933298,0.0640659866617729,0.00235889444874837,0.101623333291646,0.0414016908690533,0.410120267871872,0.0724073140220556,0.0727807416179856,0,0.311476106603265,0.891292018635795,0.0199398517471824,0.43453816490042,4.43351564128082e-06,0.832059896137566,0.00223172379546437,138,"ARMCX1"
-13.1200537007266,-0.124785718619255,-0.00922591044141995,-0.0831082272671178,-0.26553118419282,-5.0086241275216,-0.182373953734427,-0.39195419478172,0.0492917891424313,0.114919860176674,0.00428120612351343,0.182830672222322,0.0946645330906249,0.611589197625947,0.12857755533932,0.125418818721946,0,0.277545405553502,0.0311634565442315,0.649422995729056,0.00503212486173855,2.62262342687936e-16,0.156075038567143,0.00177706833829519,139,"ARMCX6"
-10.8112574200095,-0.0153567933094065,-0.00745345671895247,-0.141192230733762,-0.116794601154632,-3.95534731849101,-0.262564170333523,-0.364212576224539,0.0329501543492406,0.0762551611742401,0.00288134026724182,0.11690467399848,0.0268651742430832,0.212313601049113,0.088673516238718,0.0748047868442467,0,0.840396029042082,0.00968712439947144,0.227141429169694,1.37738816114385e-05,1.84415811399838e-77,0.0030662073285237,1.12254961996721e-06,140,"ARMCX3"
-13.6267501966213,0.035135672841149,-0.00787572478890843,-0.63004543801222,0.0582896632218887,1.76935243175866,-0.203075299246946,-0.100513205877786,0.053312116890781,0.120823253541587,0.00452232866805645,0.186671778757104,0.0913805081930753,0.876922960056953,0.139283958365418,0.137509409916877,0,0.77120257165183,0.0815925106496617,0.00073775203306759,0.523552761998926,0.0436243003501471,0.144841952133353,0.46480657246367,141,"ENSG00000261101"
-13.9967496599335,0.081461048728883,-0.0146546508601988,-0.613081866581633,-0.347744689996246,-1.0189213716981,-0.535064434137139,-0.301895155901327,0.0747864777759398,0.170345029448892,0.00657477382801546,0.266532499782784,0.185332509504176,1.02096612052115,0.197597703963809,0.183057807642461,0,0.632499274338547,0.0258191676187264,0.0214360822437337,0.0606101707560073,0.318280696384769,0.00677211475399264,0.0991108975160005,142,"ENSG00000286000"
-11.6915048820253,-0.217658132850125,-0.00165645268119445,0.190087702657753,-0.0127981000626229,-2.01874087168981,-0.279443303409137,-0.287984918193899,0.0384521841154033,0.086660920753039,0.0033106592256833,0.140774587246172,0.038184197736908,0.336111539903493,0.100891717941288,0.0900927988915236,0,0.0120183012079938,0.616836236869578,0.176920279145566,0.737498776920992,1.8996460127358e-09,0.00561019493668539,0.00139088237674378,143,"ARMCX2"
-12.3415214688242,0.0465806706613668,-0.00177761127620413,0.0874088498215138,0.0416776053269097,0.155979820373482,0.036501336520366,0.221233861071808,0.0954667548952834,0.211359198072228,0.00879481227300994,0.338360627033069,0.0567915535884858,0.576011683297088,0.249557766742784,0.214209420304133,0,0.825570317734778,0.839822573277093,0.796151895239164,0.463028102582275,0.7865503927241,0.883712922888068,0.30170106162279,144,"NXF5"
-9.06525194374603,0.0485973527913148,-0.00200933158348132,-0.0351434434068591,-0.0471125883856434,0.165454412298987,0.0544038878388716,-0.0267356372283568,0.0322815477995862,0.0730696188599804,0.00279882907316115,0.109805068827916,0.0122379393597356,0.115676763002949,0.0866058241307589,0.0705772568873047,0,0.505997481944673,0.47280744914706,0.748928141830553,0.00011825496120204,0.152626128064683,0.529887231294129,0.704826156216615,145,"ZMAT1"
-14.1608099259691,0.412633680263306,0.0228860726635294,0.526904686514029,0.42957885376085,-16.5117567257425,-0.349864547183403,-0.690298954292092,0.0880286707241062,0.206013166180993,0.00785555719016774,0.323899911331267,0.0649455551515266,0.860168448395923,0.221445465381063,0.221445958100508,0,0.0451828592262777,0.00357561169523487,0.103789873009839,3.72946294974134e-11,4.00044016434428e-82,0.114126814810407,0.0018255637096731,146,"TCEAL2"
-12.2783438134763,0.0947577548054707,0.000154249351811085,-0.172659244964338,-0.129738302545087,-0.746559590726679,-0.127172510730193,-0.477994539537446,0.0287289703017941,0.0672771327100636,0.0024887171079949,0.109716223385151,0.0607008699847252,0.452614051824229,0.0753792713434544,0.0759620544382455,0,0.158992244634454,0.950579186097129,0.115559300557322,0.0325704747601847,0.0990575849220736,0.0915837627791832,3.12305566201005e-10,147,"ARMCX5"
-9.82896055967707,0.0381465571926026,0.00451201603126525,0.136841586437382,-0.0438840719873106,1.65854020594627,-0.0815538232617,-0.187522958430457,0.0431684384671297,0.0977557597381506,0.00373138851666789,0.151981279772861,0.0203000370740644,0.189482490809676,0.112897007776327,0.096521672786656,0,0.696371569627265,0.226583852292688,0.367915674103268,0.0306356778347593,2.07755040560586e-18,0.470064784510036,0.0520395107666854,148,"ENSG00000271147"
-12.9885581482854,-0.0666871430675026,0.00567085181653647,0.334842324965611,0.00255253913607286,-0.460524605335164,-0.478679059126543,-0.804050907937117,0.0409272994464442,0.0955886842360603,0.00357145036774467,0.166232081404862,0.0729509028677921,0.654922120810382,0.106031179618611,0.109043284903309,0,0.485398083839822,0.112325053032168,0.0439773873868907,0.972087856444676,0.481946941551106,6.3462654453298e-06,1.65974253710011e-13,149,"ENSG00000270050"
-11.7045668806923,0.0852408072748638,0.00433785297350375,0.273753686418712,0.0500223202757874,-3.66908411766929,-0.365283037916668,-0.0117115719056666,0.0470104810923981,0.10591245762147,0.00412362452400042,0.174059410324561,0.0355675642730421,0.338967820973954,0.121547018012767,0.107770325887392,0,0.420921688830836,0.292821805276577,0.115774389941751,0.15960456355605,2.64134127948463e-27,0.00265334919134235,0.913462981885861,150,"GPRASP1"
-12.8143383773489,-0.0252878579648483,0.00508986748520193,0.194348094192397,-0.247991198400155,-1.80496470866778,0.0142943517420451,-0.269670942263035,0.0457885125385475,0.107898402761363,0.0039301770172304,0.178082005877074,0.0853250727040591,0.579093308941043,0.121172004910697,0.11474756189421,0,0.81469983799391,0.195294929972638,0.27512311064432,0.00365580775435593,0.00182775573076714,0.906093453395324,0.0187671828588539,151,"ENSG00000286327"
-14.6638716360838,0.0857070611913815,0.0175195603005977,0.373299484129316,0.297735989586331,-12.1120752121726,-1.73069178009057,-0.611621003494315,0.0802352875997146,0.173162292379131,0.0074385445342492,0.30303594945228,0.0872645977056131,1.10253156345569,0.199592712823868,0.198453867338712,0,0.62063384741821,0.0185107279857111,0.217999389028834,0.00064517446449141,4.47779934570379e-28,4.27901464761276e-18,0.00205662929855016,152,"GPRASP2"
-13.4533026438555,-0.203710812832422,0.000674592308831245,0.0268297680802957,-0.10638977626154,-5.42707629830953,-0.744110971101971,-1.1804580733267,0.0355488689727456,0.0777274658688071,0.00293282064228602,0.122891806424051,0.094502887321412,0.665875885106743,0.0817349778864623,0.107945612475364,0,0.00877148699035437,0.818080228126622,0.827179609311058,0.260257237028036,3.63076341085143e-16,8.71066638424881e-20,7.78251391718912e-28,153,"GPRASP3"
-10.1632767734067,-0.0654828720230251,-0.00188763179717322,-0.0610511357633385,-0.0550400735125155,1.34373534270634,-0.103507816603071,-0.292958322272705,0.022492523059605,0.0520811355365618,0.00198109048387477,0.0833674858528923,0.025882513164442,0.23759146063004,0.0595646261676593,0.0533868285402899,0,0.208636264801725,0.340678935392022,0.463977238283334,0.0334587273290706,1.55253006884782e-08,0.0822566870828477,4.07744103385386e-08,154,"LINC00630"
-12.1112296491456,-0.0280289157302589,0.000776771466271926,-0.0864594134041456,-0.018069170430792,1.51815753291322,0.183944252618432,0.0270495385617275,0.0337191312326188,0.0769899172737199,0.0029345604007459,0.127294167704316,0.0498714528086702,0.4664215490957,0.0873828914703005,0.0850302787109639,0,0.715813530945,0.791242329056636,0.497005101895675,0.717116725015767,0.00113430558072677,0.0352880546605972,0.750396533244115,155,"ENSG00000239407"
-13.5190947820663,0.106041759995438,-0.00268104050685291,-0.453018562735454,-0.139772050732803,3.10266745072264,-0.061129339668652,0.0508758440906185,0.0552299866549034,0.123519521926915,0.00472885231348227,0.201584013056583,0.124891380688632,0.911075063990718,0.142498428121817,0.140050627541196,0,0.390615311478444,0.57074561110533,0.0246212378435155,0.263076623256101,0.000660426630170016,0.667935920720663,0.716405054018422,156,"ENSG00000286846"
-12.8742366761593,0.103981990030579,0.00681469205151563,0.56589659306328,0.324028032518157,-16.0342541263889,-1.26905631444446,-0.37427349529828,0.0938228366574476,0.219849011512805,0.00823607256880688,0.325709578750438,0.0399906302733169,0.508823145282015,0.253579860703589,0.21055747050735,0,0.636234572638408,0.407998987516172,0.0823118414756162,5.37974248682262e-16,5.86924878580823e-218,5.59889839955275e-07,0.0754800842656141,157,"BEX1"
-10.1770956477962,-0.128152998434696,-0.00452901888079067,-0.0375791283005711,-0.100915570650036,-6.46291132179972,-0.38437677092929,-0.355720751230159,0.0317903892687254,0.0710154003304932,0.00276996673429656,0.109577615055018,0.0188073982754169,0.146361220539128,0.0836584139265743,0.0709447094812277,0,0.0711403698603882,0.102039718851502,0.731639609931493,8.06189188739601e-08,0,4.33584581473536e-06,5.32944450105428e-07,158,"BEX4"
-12.2942579884057,-0.196619165536725,-0.00278307866878845,0.0554332192257598,-0.0409396538265069,-7.1780170786396,-0.0829797709735339,-0.11765382413991,0.0357068888928851,0.0820395096897309,0.00309787684031771,0.131495984534015,0.0438886879337416,0.379979301326033,0.0930169330818919,0.0887891651222949,0,0.0165461739560443,0.368981606471922,0.673347473779951,0.350919879319191,1.36423264194402e-79,0.372342993866547,0.185140595314146,159,"TCEAL8"
-13.3997308816796,0.0179332593166451,-0.00194684382659944,0.102025774939406,0.22507382705092,-7.09152276258455,-0.0491581535857922,0.114145084221967,0.0503150120964513,0.114860465368181,0.00448910098878766,0.191837532998206,0.0548313298982981,0.696718904022572,0.12911620385382,0.1316028704756,0,0.8759299007871,0.664519131667921,0.594840782846961,4.0459510276892e-05,2.47456247590792e-24,0.703405092622756,0.385753038525794,160,"TCEAL5"
-11.4417480079828,-0.098313386092928,-0.00270572428227537,0.0610849160397356,0.0206815745195036,-7.45624067308637,-0.525577529735981,-0.2518060666473,0.0495222208991983,0.11184506663988,0.00430177462749411,0.172522296531161,0.0305737992739756,0.269132150903949,0.130047854028095,0.112030637669322,0,0.379393652609282,0.529363051263833,0.72328665651689,0.498756475821206,6.11915350757069e-169,5.31293223973912e-05,0.0245982865513181,161,"BEX2"
-10.9357262713845,-0.121009105344623,-0.000863004816192032,0.00382517815442402,-0.115363494346351,-6.41325384131156,0.0205741762829706,-0.193823593548458,0.0437663852607643,0.101689174116544,0.00388277640357775,0.153358323968774,0.026160970038258,0.217191405199534,0.117355381005412,0.0980619813656806,0,0.234050303008117,0.824107693071745,0.980100629200955,1.03487160222349e-05,1.25425786561416e-191,0.86083200775428,0.0480934597924621,162,"TCEAL7"
-12.3999835493591,-0.249788306480364,0.00559012537754539,0.105147290897359,-0.105989907075188,-6.62355824828113,-0.413275410424261,-0.344555329102808,0.0446463812203192,0.101203242066074,0.00393905944778768,0.164405208298562,0.0559999440974943,0.427887987585909,0.115631155011929,0.109153861058659,0,0.0135800181104138,0.155854611467726,0.522457524099722,0.0584005971767761,4.76021812771099e-54,0.000351456684487346,0.00159618884591077,163,"TCEAL9"
-10.8654330957924,-0.068098009157646,-0.00670186705026673,-0.0712996449249739,-0.0189170430885772,-8.61484481869355,-0.930124480383118,-0.40798682874707,0.0385042639221515,0.0874246120631579,0.00341896779103661,0.131393896459707,0.0240524074057034,0.19950369718555,0.102692352589816,0.0854507720719439,0,0.436018551284478,0.0499722002627747,0.587377373184804,0.431578888117128,0,1.33611647470953e-19,1.80132103264651e-06,164,"BEX3"
-12.5062852442099,-0.0189184896018858,-0.00781246429250342,-0.147461999749526,-0.369980572441529,-1.27680055571499,-0.207324356448381,-0.243281275764805,0.0519929688587893,0.122688896963577,0.00457921691105763,0.192617671004116,0.0961505043400193,0.595397297382881,0.140740050134542,0.124374658847393,0,0.877452931033045,0.0879950596694126,0.443933160509443,0.000119119256160777,0.0319967372098026,0.140723712174553,0.0504609460271872,165,"LL0XNC01-250H12.3"
-12.0235238231871,0.0954406938457135,-0.0057144644342224,-0.017655029577775,0.0720393151441616,1.47784746038388,-0.234621187541352,-0.12510174083325,0.0354187714063696,0.0821723562266865,0.0030393586505509,0.135488827032381,0.0462011054345091,0.481956693755632,0.0947995006801774,0.0869873372582639,0,0.245450978373615,0.0600869981575852,0.896324201953765,0.118935984170601,0.0021669017493498,0.0133265994708839,0.150388557742073,166,"ENSG00000234405"
-12.1082366323876,-0.0161821756434067,-0.00183011982499567,-0.130437747099493,-0.0729182642086838,1.72181677695214,0.161289223360959,-0.00783187342178765,0.0431495616541911,0.10059604350367,0.00372283154101584,0.160297956009559,0.0592088647544712,0.516246542360648,0.114692755472861,0.104071348859187,0,0.872201349091933,0.623006732209505,0.415805036771218,0.218119836446594,0.000852194814236345,0.159643338293411,0.940011946538245,167,"RAB40A"
-12.8112578461948,-0.125959562041265,-0.00712529650924689,-0.257438424446961,-0.156398009782214,0.892372709372873,-0.202268499259606,-0.385043728367224,0.0573178257177981,0.135416970332615,0.00505666856555038,0.209473753191584,0.0823814792191294,0.619435258588198,0.154976015509966,0.136368652575246,0,0.352287817211267,0.158808826349457,0.219080430155568,0.0576354055848764,0.149691205842111,0.191838365222795,0.00474949960661203,168,"ENSG00000287619"
-10.7821718222101,0.0124449929816547,-0.00192967994749016,-0.000199962957597042,-0.0587277200097346,-5.69775071109619,-0.253540176231905,-0.0616738103662717,0.021317043856907,0.0496874626273986,0.00188939336301013,0.0784818959292124,0.0250464598908866,0.210653852273167,0.0561593740815244,0.0509507562314897,0,0.802227415642799,0.307101671144445,0.997967082954771,0.0190397736760882,4.03969609524747e-161,6.34200449075683e-06,0.226102746963644,169,"TCEAL4"
-11.3154143102985,-0.143650210096389,0.00155904277112791,0.0542651269621268,-0.011596182319629,-6.9037660887481,-0.42238023072478,-0.27709228090562,0.0359195382832092,0.0827815720722346,0.00310813075027721,0.127689110858657,0.0296975754831986,0.266928497472536,0.0953637465858397,0.0830478365726058,0,0.0826890759352297,0.615947926402629,0.670852347031293,0.696184802115451,1.7051788920582e-147,9.46057033363356e-06,0.000848287637481805,170,"TCEAL3"
-14.2909234525335,-0.111204835377048,0.00248947593516929,0.559395676943803,-0.0732239683331367,-0.364372486363822,0.144301153226945,0.0179424779011979,0.0520045619952393,0.104428440446622,0.00379051466407266,0.215879436669096,0.146286267476348,1.19140756245718,0.132519626160541,0.156172485681332,0,0.286925565956821,0.511332274630346,0.00956304570848298,0.616686044003642,0.759731329965059,0.276196214747084,0.908533219837258,171,"TCEAL3-AS1"
-12.1312477576438,-0.260566266399386,0.0111464901089956,0.311242325422169,-0.087791064714497,-4.68184556729432,0.0751311440359455,0.140030503733192,0.0775899784342929,0.170519072558584,0.00657196979115297,0.273351341705862,0.0494273656108321,0.390947102364912,0.201741131297131,0.176171978718223,0,0.126493430612647,0.0898735086517115,0.254863177781447,0.0757060323517436,4.76688351274917e-33,0.709584918359472,0.426700080305242,172,"TCEAL1"
-9.68113116796514,-0.0852232556401996,-0.0016539811974272,-0.10828290877026,-0.0621541522760497,-2.72340745949111,-0.121386950753236,-0.0910231434006845,0.0355684756528107,0.0818361982561714,0.00303416653078357,0.12001626275028,0.015708392729856,0.138610719617879,0.0956881046669232,0.0789802766452177,0,0.297695391617616,0.585671818152485,0.366931886976489,7.59769907187462e-05,6.02726511783199e-86,0.20459487323247,0.249124121924548,173,"MORF4L2"
-12.0746364327149,-0.101695146204498,0.0034018074461026,0.182491875718463,0.0137257890200649,-2.16239698951222,-0.414315049684678,-0.360465575756835,0.0440376424988196,0.103797105555157,0.00387760178140511,0.166093911850082,0.0480247134586486,0.450463164486097,0.118027200234798,0.106445702360827,0,0.327209861803585,0.380325476276861,0.271887135024568,0.775026110077778,1.58360239581301e-06,0.000447541928670509,0.000708212951512218,174,"MORF4L2-AS1"
-6.18361686093462,-0.0620979578342025,-0.00324053401302973,-0.00496443465832833,-0.140875177982489,-7.4688622490112,-0.304680667925898,-0.0866321922414401,0.0457036535679547,0.0985209274531706,0.00401621981772866,0.145641225112095,0.0051511250573292,0.0515415356255998,0.121182352624122,0.0983903727169155,0,0.528496880467732,0.419746157777545,0.972807981825069,1.12736992491628e-164,0,0.0119291597998543,0.378591427176409,175,"PLP1"
-12.8215103026055,-0.121782346442666,0.0064444168907984,0.359014367026148,0.0595477166485136,-1.37572524158484,0.159747129175806,0.0517189119712683,0.0731625384964402,0.162974862079047,0.0062202460745616,0.271304521213656,0.0635300096647126,0.629760546382441,0.192027592557829,0.171919476637348,0,0.454914960875887,0.300183995732858,0.185739192240731,0.34859585615462,0.0289239738777634,0.405467229370923,0.763542463731463,176,"RAB9B"
-12.4422712308824,-0.252223339037032,-0.00398799353588017,0.125926101887697,0.0700678506351659,1.36946597813266,-0.191226099911711,0.0474718924602784,0.0714007340136193,0.157655561621909,0.00631649561217092,0.264247167995694,0.0737604541816437,0.704391459091224,0.183697241616095,0.168059799378296,0,0.109634553652317,0.527804039331119,0.633684983096816,0.342143809840168,0.051873373711695,0.297882442119676,0.777582960156253,177,"TMSB15B-AS1"
-14.5580163679435,-0.579069642134492,-0.00144917707153213,0.00135493920257132,-0.677816460172999,-4.99479106017512,0.0363424132583014,0.514159736314292,0.122283737613736,0.262380863304208,0.0105019641753068,0.444358768564232,0.294506901136831,1.28299181478403,0.313482118251256,0.299599772179145,0,0.0273153702466013,0.890247490348161,0.997567093367372,0.0213616932112364,9.89790845911039e-05,0.907706929050682,0.0861336224120234,178,"TMSB15B"
-10.2119961688253,0.0112825003003725,0.00954796799014754,0.172971802312105,0.0339736935353056,0.33237310681407,-0.0610058714787069,-0.105480514358846,0.0407863950547268,0.0927883505228612,0.00350808268115408,0.146429207209613,0.0204365763181812,0.210967350281556,0.108650660882996,0.0917384592404671,0,0.903220620104795,0.0064945987703783,0.237497182286245,0.0964332944186651,0.115147587364411,0.574465979913859,0.250227899185105,179,"SLC25A53"
-10.7402410884722,-0.0744834352331376,-0.000644689032571194,-0.0480601612994587,-0.0250325907560203,-2.98616213630523,-0.146450253839282,-0.0686233161772839,0.0382585407604862,0.0856060405972285,0.00332057931279865,0.134123266922904,0.0250680581076689,0.219588584549533,0.101208566345079,0.0855324120157306,0,0.384260954329303,0.846058771846264,0.720097647121744,0.317995693118831,4.06528232109709e-42,0.147892887936808,0.422374966290416,180,"FAM199X"
-11.6919462213002,0.140253111230104,0.0179579026881818,0.298643260718283,0.041025489985455,-0.221852837272595,0.0787967058551357,-0.256992263874138,0.0669470917725656,0.148146525248714,0.0059512203651213,0.245181243522644,0.0482314351646914,0.466151686111494,0.172511826862841,0.151468013957138,0,0.343782051431497,0.00254855584518556,0.223204589863202,0.394993533844098,0.634128428169473,0.647842710123141,0.0897577828620154,181,"PWWP3B"
-10.9157977688402,0.0589630891937591,0.0106583453260216,0.170117715084142,-0.0430873847057306,-2.17619241179673,0.0912267179197189,0.0627474494141224,0.0435444280331619,0.0988477054817773,0.00384289345590807,0.15741642414887,0.0295623421641192,0.282102599089266,0.114240123066452,0.0997927540087063,0,0.550838329238732,0.00554532778079477,0.279836842878846,0.144975882747825,1.21755137793869e-14,0.424550030856832,0.529494659874565,182,"RADX"
-10.6982454770808,-0.303357781579208,0.0189798397678876,0.487384929858232,0.0841186038745907,-1.24807773546493,-0.0327877988789928,-0.0683045828325097,0.0711392086246586,0.158049858069843,0.00647224574521012,0.247385645631052,0.0284100132652334,0.297341494325028,0.181303556633431,0.159925992416828,0,0.0549362241654883,0.00336248415917791,0.0488220618778486,0.00306762704847645,2.69930496051367e-05,0.856489425906384,0.669305620963318,183,"TBC1D8B"
-11.0072957594548,-0.0315079678819812,0.00476935498388018,0.266169352086302,8.01073190472051e-05,-1.26095702201351,0.125578764560379,0.177154903760252,0.0361458217078878,0.082594188745162,0.00311502816621617,0.134200480548264,0.0324784388455325,0.318721681736595,0.0944760517814306,0.0846871610795814,0,0.702847676990787,0.125749807799904,0.0473259950008303,0.99803203816005,7.61211256879616e-05,0.18377781785381,0.0364497532196867,184,"MORC4"
-9.60688377785649,0.0241287570123716,0.00452423338112598,0.145412834632831,0.043692961305095,1.0629078241731,0.196357384926817,0.185161901253186,0.0192183459662073,0.0437368961190371,0.00166181787737591,0.0713401724690853,0.0157188323963787,0.164736727625764,0.0504193877739264,0.0445002963502567,0,0.581167831777844,0.00647977966857309,0.041519714207936,0.00544163546662479,1.1026662854405e-10,9.84089050352622e-05,3.16976593093126e-05,185,"RBM41"
-13.0735269843639,-0.131021102390094,0.0147098937627677,0.506900611619811,0.0306087589972727,-10.4021085626678,-0.21647594084168,0.109806706038389,0.071608260405056,0.15761983423098,0.006368183531788,0.267760641140661,0.0579678601716445,0.52468389106762,0.183616563976995,0.166865918251297,0,0.405833793041949,0.0208934595745395,0.0583431113702291,0.597478636264656,1.79470549340476e-87,0.238415499450575,0.510503736715239,186,"PRPS1"
-9.58542103658689,0.138907686387958,0.00261035253785034,0.215600142529706,0.0301748885656508,-1.88048280041346,0.0931843489674084,0.000690596729031343,0.0379767194026672,0.0880484339868902,0.00334305954856297,0.13142361944774,0.0178053531217814,0.180950428171253,0.101463776714558,0.0847236832278101,0,0.11465106570517,0.434904008904901,0.100901730883765,0.090130676080556,2.68921696169203e-25,0.358409405960364,0.993496383240466,187,"TSC22D3"
-11.2381901361623,-0.0788966699455734,0.00187550602792641,0.180202570328242,-0.0318312250346346,-0.238919622852451,-0.105514015940259,-0.0781661063968275,0.0413354588859762,0.0939279364294186,0.00364255584068608,0.152779327562976,0.0410136821395065,0.368882091359417,0.10840480876749,0.0965799922749834,0,0.400925080910094,0.606631721141057,0.238200820794771,0.437682655075101,0.517188312455585,0.330387651238718,0.418319273924185,188,"MID2"
-11.8938935716826,-0.110233850586229,-0.00596328157836535,-0.165028940451505,-0.0506391751312897,-7.45521342441605,-0.237261343116372,-0.106908112368028,0.0549850809065066,0.119893058448359,0.00482602637400159,0.1929514014358,0.0393339754435403,0.314602708840788,0.141599246452124,0.124589546806256,0,0.357868192436814,0.216588529567107,0.392391952247416,0.197949456227995,3.85057847955995e-124,0.0938198276748027,0.390846898439405,189,"PSMD10"
-10.9640995244121,-0.0345923809724583,-0.00216871720944796,0.00926794719276126,-0.0340809544980091,-0.443303238007325,-0.149891427196806,-0.188957930866787,0.0176139752487423,0.040906747961525,0.00152327483837831,0.0676137055629819,0.0301030184819561,0.268464891447141,0.0463143173957361,0.0454070992425009,0,0.397753622768969,0.15452747401089,0.890973868590116,0.257573860722851,0.0986870917661473,0.00121049733241267,3.16277237677148e-05,190,"ATG4A"
-7.22393515180758,-0.0683916228484923,-0.00673135675323826,-0.447617032256448,-0.0314572965522621,0.583172819486102,-0.00569947376575588,-0.0240239385997092,0.0323685129377926,0.0718171229516946,0.00283393956982666,0.104322978197754,0.00568969222995463,0.0553973200444676,0.0861753135881211,0.0695445619137141,0,0.340943610652893,0.0175363671043488,1.7812286830597e-05,3.22387930798744e-08,6.48039509870909e-26,0.947267856965671,0.729758582730493,191,"COL4A5"
-13.4957207497109,-0.186900925666503,0.0386629257844804,1.25669932305877,0.277293058149393,-8.88574086525535,0.0180702173845855,0.526908520400657,0.116299506758939,0.261850082646836,0.0100497899294385,0.444258931452988,0.0715987081073829,0.89599292590464,0.312341842655486,0.278179404058299,0,0.475368959341195,0.000119505806430227,0.0046729572317865,0.00010755769562821,3.50450023338302e-23,0.95386494372471,0.0582074866929744,192,"IRS4"
-14.208034803679,0.0741511964798886,0.039241906767276,0.843374619326288,0.0489097974504043,-8.11506410463146,-0.356724935282825,0.0230856304387511,0.106110908064381,0.246262449729477,0.00955866570852664,0.431482525257557,0.118842619083184,1.18431054624302,0.283371519818323,0.26830745585118,0,0.763333370829837,4.03659600061011e-05,0.0506306091873225,0.680668560833028,7.27522538666566e-12,0.208081077484359,0.931433265898776,193,"IRS4-AS1"
-13.4185376092472,-0.33490359310694,0.000752300496010218,0.0906500662380587,-0.235343834940131,-7.04866706095464,-0.0332100413779079,0.0625597530802923,0.0522649143008857,0.115988418240325,0.00441521926442685,0.192659714005701,0.10880916900006,0.720009863752833,0.133576057877902,0.137083863568576,0,0.00388454598084138,0.864704988107938,0.637984224862537,0.030548530075905,1.24688342307793e-22,0.803652640661195,0.648130279684533,194,"NXT2"
-9.07284762760356,0.225629837842105,0.0016317664755421,0.0202712712545607,-0.0503669297239006,0.745690857644709,0.0865699877632433,0.0767151861617828,0.0353823530463707,0.079755772136906,0.00312283429296341,0.121368052837523,0.0127640378316534,0.119920020762464,0.0942480271024248,0.0770063128787694,0,0.00466923114776915,0.601303175896092,0.867351854717379,7.94666663047656e-05,5.02778520678195e-10,0.358339531382146,0.31914353423987,195,"ACSL4"
-11.5920081366761,-0.407508423055187,0.0103709210866406,0.855965408467086,-0.0257420112196404,1.90576784832132,-0.124024209498081,-0.231963504944329,0.0724967244333719,0.164970523022402,0.00613487588082064,0.265255088145512,0.0516622183772299,0.495319492253045,0.192454420039737,0.16583868603216,0,0.0135041565138121,0.0909350362757813,0.0012511649431265,0.618289962120827,0.000119303620818858,0.519293915683653,0.161894037446721,196,"TMEM164"
-10.8419805471167,-0.0751363708766839,-0.00216579758989215,-0.101256977844937,-0.102897159222255,1.36400928631532,0.0215289407459154,-0.0335291202855015,0.0308341577888368,0.0701527874108984,0.0026912390978943,0.114252063984013,0.0395107882556367,0.344901261311033,0.0812360666629607,0.0734967718824021,0,0.284151896675904,0.420959043250932,0.375477704183501,0.00920674828048209,7.66044814960823e-05,0.79099634620764,0.64824721268354,197,"AMMECR1"
-15.1438140168593,-0.645050941846743,0.0112762408833549,0.910775428969781,0.638413398965694,-6.13778063399599,3.00473913709035,0.809924120372346,0.157091643313228,0.325988683328705,0.0120935446896488,0.55611407716887,0.109340298109829,1.37156767848619,0.39578925324645,0.412360629698311,0,0.0478438720297825,0.351120454954774,0.101474006130023,5.25860290203348e-09,7.64073305355781e-06,3.15576131698957e-14,0.0495166383726571,198,"PAK3"
-13.4040772791305,-0.168308773995857,-0.00341969310691095,-0.373704510649389,-0.218868651150725,0.660728749388018,-0.0893508084169286,0.0547567544947142,0.12285956557893,0.278546060188629,0.0110127368359285,0.432381229130815,0.14552271760556,0.964068897912554,0.316041711759138,0.282900591982627,0,0.545683845794344,0.756164305636762,0.387426394447501,0.132576971904932,0.49312038462599,0.777392707052198,0.846524529160052,199,"DCX"
-9.12815069196363,0.0494813721502327,0.00089643208502632,-0.130573346645567,-0.0776144291618653,0.303341749533722,-0.0455568718331466,-0.108330191328166,0.0114830438783122,0.0264110007853921,0.000998474954364581,0.0427949317479318,0.0142387968857757,0.126040176775646,0.0301133006677103,0.0274856915038911,0,0.0609974809006956,0.369291505918734,0.00227973919111525,5.0112157272004e-08,0.016097087824746,0.130318060891099,8.10309215149955e-05,200,"ALG13"
-10.079852310546,-0.384443217435591,0.0024260604603495,0.653086742387845,0.156233500240616,1.70225992475421,0.410478630627833,0.274866320500977,0.105612289780987,0.234736225451736,0.00936297503615647,0.365547968277194,0.0309719125954751,0.320321674114441,0.27768722731912,0.236514783205847,0,0.10147033138851,0.795548721367613,0.0740027182185293,4.55040076633779e-07,1.07115003232195e-07,0.139352932617366,0.245173398236342,201,"TRPC5"
-9.49310025654228,-0.0425864526960733,-0.00298606631450329,0.350835879948135,0.13393924395759,2.39787803196777,0.32778091993472,0.121670518539465,0.0893455023887571,0.206863254164356,0.00787985556817642,0.312545062057692,0.0368289384440618,0.361437257252488,0.245252192020358,0.200977398619316,0,0.836894293112918,0.704725460450602,0.261644404099965,0.000276053061776001,3.26077679674436e-11,0.181384082149251,0.544917212690979,202,"RTL4"
-12.4608215799413,-0.150750159818498,0.00312940880512147,-0.125617947505855,0.0768665857124915,0.729577603558459,0.00438343804566882,-0.182741577269776,0.0512776737938453,0.116861659768973,0.00437831261083826,0.188157579134308,0.0538010032668579,0.577506689289444,0.136208430189166,0.123742718669887,0,0.197054762024496,0.474762143196033,0.504375561673376,0.153084639798323,0.206473048909253,0.974327037446608,0.139732874584168,203,"AMOT"
-11.3260408590103,0.0435563620580572,-0.016192994571037,-0.160802375342679,-0.110502498993665,-0.0703380394831385,-0.0961874319564384,0.187819980207454,0.0962111270793962,0.227392401667463,0.00904794975188134,0.342959240113598,0.0748721285577519,0.645190611291367,0.260394553784213,0.21448539307097,0,0.848096959175468,0.0735043052480315,0.639164486048809,0.139975313695877,0.913187415133605,0.711836227103623,0.381205513769868,204,"LOC107985651"
-10.111622297544,-0.0754800715645445,0.00643841750759507,0.144880709810391,-0.039983719143768,-0.261890659382615,-0.200858908376474,-0.119948127131929,0.0430827500412147,0.0951505247508838,0.00375545235727548,0.151008569332807,0.0221810767239887,0.197484473083622,0.112287243332263,0.0955509914613892,0,0.427620440978006,0.086451868335868,0.337346976137921,0.07145027592975,0.184795676220418,0.0736477662636398,0.209358605311335,205,"LRCH2"
-10.7463760230966,0.314367077312427,-0.00649718478694888,-0.161572555806533,0.00946793883016546,1.49613305444789,0.284122182280609,0.298995934645209,0.0591673772861853,0.138866451255251,0.00497317320030024,0.212686554611859,0.0346282819976014,0.359131159507452,0.158478570423296,0.135681794715138,0,0.0235858846105384,0.191400756949666,0.447449164263568,0.7845331779765,3.10018538516058e-05,0.0730030915149321,0.0275485801780141,206,"PLS3-AS1"
-9.05080739564683,-0.0305706336093914,-0.0063747865077121,0.0289760974170696,-0.0297981316822639,-0.397998890231709,0.062339514724977,0.0259932603392763,0.0418466682396324,0.0966374556469887,0.00369754404504547,0.140408364317774,0.0143285235945593,0.139570737249474,0.113963793497721,0.0914453943973505,0,0.751741776003107,0.0846970745694589,0.836501773508888,0.0375588158575986,0.00435008053409417,0.584370776602439,0.776219580004597,207,"PLS3"
-8.63979942360818,0.0648373626916242,-0.00581799644749897,0.0954627337566298,-0.023963722970465,1.86714370857584,-0.0125042251288923,-0.0132960994130645,0.040438654929734,0.0906225889782653,0.00355731111092691,0.13472015720661,0.0123711101943017,0.123009976039465,0.107280120902612,0.087779115414612,0,0.474321269187591,0.101943442953665,0.478572596429726,0.0527366237328029,4.88646506954617e-52,0.907211291134052,0.879603205842385,208,"DANT2"
-13.4941783312305,0.115236990164207,0.00189515971791243,-0.309080291902567,0.189001510100511,1.65990982479515,-0.366944679289456,-0.642227400363138,0.0599323313255358,0.14222813797437,0.00530897564207702,0.219580559216496,0.0630895395809352,0.815415546480025,0.16087242550057,0.149075704503947,0,0.417810075302188,0.721112194147489,0.159251305924434,0.00273756242668061,0.0417843834484671,0.0225504050254557,1.64691111872307e-05,209,"DANT1"
-10.8850157046091,0.0932811285419769,0.00784936843454107,0.110124124772271,0.102405351945154,-1.77452336769946,0.211969433770488,0.3470735977276,0.0421377545640302,0.0979877331204999,0.00367722139767028,0.158070317866275,0.0488527175632054,0.484980576233024,0.112307400658568,0.101996403915131,0,0.34111351007726,0.0327943279916308,0.486004282809989,0.0360639349597026,0.000253243225341634,0.0591060116748513,0.000666985243103897,210,"KLHL13"
-9.21262928936829,-0.00648914143493537,-0.00285745451989883,-0.0252136346413654,-0.00564923506802025,0.196151218776614,0.0837425583511817,0.0827243249851373,0.018751929275851,0.0425466589348702,0.00161557201032621,0.067305674996219,0.0132816557629249,0.130067864248689,0.0494384065620989,0.042488788270101,0,0.878778207213614,0.0769447475547841,0.707947708658735,0.670587981755503,0.131537055565399,0.0902887407569833,0.0515385320886056,211,"WDR44"
-10.9058758646143,-0.0542248595923126,0.0117434077061719,0.168392709530465,-0.0120930208150922,0.476179002974805,0.178671558402422,0.241074017366905,0.0627163015621559,0.139129917766538,0.00554239677122038,0.223672938644372,0.0348890458470038,0.339916805239281,0.1640846126471,0.14088034219806,0,0.696726872602317,0.0341046662732158,0.451538612226834,0.728881561975782,0.161253173022107,0.276198460144816,0.0870447543607149,212,"DOCK11"
-11.7011362037615,-0.145294052632884,-0.0139251174628599,-0.599621648941847,-0.123168736740097,-0.102974887627427,-0.0925822728803254,-0.0435179976454611,0.064088078408564,0.14431510096094,0.00558858106392821,0.222815420776282,0.0498002818185601,0.40620850496765,0.169304313508591,0.143926894130734,0,0.314038858143481,0.0127130164748545,0.00712139026650505,0.0133889017126996,0.799879898909559,0.58448905707291,0.762376256698779,213,"IL13RA1"
-10.2444026419858,0.251765194393634,0.000313714966992407,-0.0695212877794148,0.0332395938828317,0.178845892095288,0.00163166535531111,-0.0131061970564171,0.047471867459568,0.109887176645142,0.00419969528543283,0.164165185992405,0.021065862418401,0.212241702303071,0.126212367054243,0.104833284396425,0,0.0219562183628626,0.940453837899375,0.671942355698905,0.114591098355731,0.399423107145819,0.989685287088106,0.900508171155724,214,"LINC01285"
-13.0119030870995,0.12861645317777,-0.00928527647878966,-0.626733477217167,-0.0707734579589512,-2.49820884423156,-0.483277834187572,0.341802577005404,0.0936721706687898,0.210777213822357,0.00858253838659155,0.33626836223877,0.101803788800368,0.784818892071795,0.239896329436891,0.212763016535693,0,0.541728709768124,0.27930586065534,0.0623512564417981,0.486933271522901,0.00145674051792886,0.043954145048796,0.10816534253174,215,"LONRF3"
-10.5169091530034,-0.294357913455335,0.00344233661996098,0.317350385368369,-0.0366078145068687,-11.0422347870888,-1.0049793656555,-0.56546974360187,0.0568579220812881,0.122223394121558,0.00513705920307813,0.187698011072185,0.020708827181984,0.166836202130855,0.145862881038914,0.124056644494701,0,0.0160243781367977,0.50279488272294,0.0908845876921264,0.077104441450124,0,5.58351148946653e-12,5.16042960859372e-06,216,"PGRMC1"
-14.5405978061275,-0.112468988366158,0.0139473743089469,-0.383190950783387,-1.03828753941626,5.20295554803358,-1.43258357595342,-0.260907168544063,0.180567172296471,0.430131193666848,0.0161412142690941,0.618283918920443,0.415657911119369,1.51066840995807,0.519102088396395,0.396010114542659,0,0.793725447303009,0.387541430628215,0.535412282743832,0.0124918168173058,0.000572876103518819,0.00578484783918552,0.509998737684527,217,"SLC25A43"
-13.0586602408955,-0.206648224790301,-0.00899736516665442,0.0493491366052431,0.00447798409944416,-2.38591892990204,-0.456175140220894,-0.273674356726612,0.0420974870244783,0.0969818539458571,0.00364334044249731,0.161554535491014,0.0709021261355871,0.650787251971179,0.110679381095605,0.109997450930636,0,0.0331062254106568,0.0135287908707854,0.760012586494693,0.949641277426813,0.000246177414394638,3.76264796514083e-05,0.0128461438255235,218,"SLC25A5-AS1"
-12.6045278803306,-0.229194213926926,0.00253851428351759,0.213104064097591,-0.0134327485533219,-13.4708040384453,-1.09169342225159,-0.608171808005708,0.0563400002210379,0.124714001195456,0.00506663372825528,0.195345387596526,0.0461412018013742,0.364875207638807,0.144332736224331,0.129269977762449,0,0.0660980015183417,0.616352956317039,0.275312875480359,0.770957524063013,2.29614651970826e-298,3.91681175825201e-14,2.54284415582206e-06,219,"SLC25A5"
-10.8836754772528,-0.0822829006735602,0.000592217374654897,0.0265729010694918,-0.138574136172719,-2.85454641839916,-0.290790963690395,-0.368437861932804,0.0230725712876566,0.052830688202839,0.00199618187872081,0.085907503387498,0.0304783989912769,0.227283351416093,0.0606728018621344,0.0551612166027554,0,0.119355845048427,0.766714600995536,0.757078188419171,5.45105755753589e-06,3.52923004508119e-36,1.64491749100066e-06,2.40099668127045e-11,220,"UBE2A"
-11.6317959924056,0.0260407944779705,-0.00254704167961506,-0.076473754688273,0.0316261246462751,-1.32473366270008,-0.098078088908987,-0.157029754177497,0.03694818997654,0.0854818553334699,0.00324022792678953,0.135198154344824,0.0347306657977946,0.346999018922627,0.0987429496392471,0.0872881639963052,0,0.76064389743638,0.431827253712704,0.571637169126634,0.362500397871836,0.000134708645913198,0.320579975523581,0.0720216760817323,221,"STEEP1"
-11.797901665314,0.149787307778778,0.002196626955593,-0.0506230096887471,-0.0420420579114608,-1.25144427958679,0.0163608774234389,-0.102152652537334,0.051352769983222,0.116698044948353,0.00444725036140688,0.186912966393315,0.0436600195200333,0.366743173074599,0.135786567173207,0.118369735737622,0,0.199300857569508,0.621356159080181,0.786516143498654,0.335576729661232,0.000644129564663746,0.904095269442769,0.388139461484127,222,"NKRF"
-13.6313685380324,-0.235138990775764,0.00451823830350362,-0.34707874665417,0.218975371189833,-14.1564753931137,-3.05954574125063,-1.09375199462786,0.091829131961221,0.204632252347201,0.00764464609460617,0.297421827029889,0.0545206322745574,0.532668589736855,0.256257258248008,0.20628415425616,0,0.250522667565546,0.554498293660392,0.243227377108782,5.90998813895287e-05,1.26852290093213e-155,7.37954051841408e-33,1.14439245256349e-07,223,"RPL39"
-12.0889580293195,0.146499352633933,-0.00369952005789885,-0.0182714439581977,0.026674845408891,0.494527491059943,0.097991785347552,0.0350989910967669,0.0398385821120108,0.0940070834574399,0.00346629117575644,0.152907870564107,0.0468167613475735,0.482839198601732,0.105511944659341,0.0978189170456556,0,0.119141698058376,0.285843227142941,0.904884662286445,0.568832846351652,0.305737313657637,0.353030616331397,0.719732753426047,224,"LOC107985694"
-10.6175900373649,0.0704620105582651,0.000992431238271331,0.0142314848869512,-0.0170494249318873,-1.06014353142371,0.197200240407924,0.118707267333967,0.0294592715342852,0.0671946208533742,0.00258169519467662,0.107722955769962,0.0223817512043575,0.217416096899747,0.0772444762642402,0.067465747622695,0,0.294350393729084,0.700674076559665,0.89489577971154,0.446205868015572,1.08201497835803e-06,0.0106818978681248,0.0784893895662147,225,"UPF3B"
-12.4731378199269,-0.0483369240299653,-0.00234964794799785,-0.0140627205349384,-0.0584660219268735,-3.08901637902401,-0.343513585895798,-0.28847098573539,0.0349247878453587,0.0806539251947642,0.00305219412036924,0.132581083952465,0.0613558441017247,0.493338031978029,0.0921707858588428,0.0896958140646905,0,0.548964360986694,0.44140514441313,0.915527741180075,0.340640425583051,3.81389528790739e-10,0.000193830273308007,0.0012994413925794,226,"RNF113A"
-12.3845443880397,0.0471913180887738,0.00150650520438347,0.198533773695401,0.0959019590920082,-11.8358973336867,-1.94715920777301,-0.493659220971678,0.0538448436468108,0.118513064690722,0.00482648128282469,0.18798628720612,0.0432867894327959,0.375911225150548,0.139329298428017,0.120511000463568,0,0.690486399727778,0.754939271426398,0.290918992780103,0.0267256422201337,1.3555048256513e-217,2.20794332266905e-44,4.19655318280077e-05,227,"NDUFA1"
-10.9914878819711,0.100443450420467,0.00112228600072792,0.0170273118368883,-0.0251161039040324,-2.58152076106854,0.232762909633055,0.309505287887112,0.0176878932044258,0.0406550709744983,0.00151257528826488,0.0678521977445098,0.0274645896614904,0.247729082898877,0.0461822718659194,0.045433459134656,0,0.0134877026482155,0.45810530626302,0.801855013437134,0.360459213872766,1.99392314453689e-25,4.65307546836948e-07,9.60662082865933e-12,228,"NKAP"
-12.3667586042658,-0.0909429634729765,-0.00708523706419897,-0.135827401502931,0.0914495066224115,-0.240163152796061,0.136880289430267,0.314808343595582,0.0508730148442306,0.120227747600206,0.00449960227443495,0.190359257192686,0.0588207013094613,0.62328597583703,0.136561640309587,0.123612126170553,0,0.449395971630118,0.115340419596397,0.475516683855808,0.120013636557333,0.70000200876855,0.316182609829092,0.0108733411553618,229,"RHOXF1P3"
-13.6029953345014,0.0476403272429019,0.000928035703457706,-0.443733757158475,-0.0512050126285622,1.55483381685598,0.0203767210545496,-0.0129051926432856,0.124661383490533,0.276536062856992,0.0110617191335252,0.43339085770831,0.109949539919294,0.991408197271348,0.330810049532083,0.282622373467292,0,0.863221118673182,0.933138996616513,0.305899014712604,0.641420408386622,0.116809173398937,0.950884212782636,0.963579398478079,230,"RHOXF1-AS1"
-10.8048383236313,0.0817127928474088,0.0100229825395154,0.106138843201798,-0.00223996599012137,0.751198143512501,-0.121877511717536,-0.205819577930176,0.0614183065036252,0.136336541104584,0.00532446134999137,0.212831121369212,0.0330527205644957,0.310675443423108,0.158294329591519,0.136524336754564,0,0.548942020908614,0.0597762096182292,0.617990867176456,0.945969131977543,0.0156081585343173,0.441334077327754,0.13166539685466,231,"RHOXF1"
-12.3579181662842,-0.303892656059754,0.00431399746158479,-0.0204276148547132,-0.00344898663170941,-4.31379080165665,-0.104286506430159,-0.174905365109225,0.046997444841172,0.105011983971176,0.00407406887028017,0.170879516115645,0.0504480889668399,0.450241033595148,0.122163694958815,0.112209727963403,0,0.00380506907482724,0.289649132692209,0.904844410890854,0.945493456868682,9.60448083978967e-22,0.393292284589975,0.119058829788751,232,"ZBTB33"
-13.114065050118,0.260658087456856,0.000483646477489728,-0.545570496498937,0.382150435159212,-9.45614861122839,0.662287285507939,0.873583322281232,0.0769832604048466,0.17710809846982,0.00671733249732549,0.271986917498347,0.060647594290017,0.707743690477133,0.207661036683806,0.183525222494588,0,0.141089553950187,0.942602081097161,0.0448700811938554,2.95418690652282e-10,1.02210899979961e-40,0.00142632183529186,1.93575904854631e-06,233,"TMEM255A"
-7.57741580534679,-0.0457670692494011,0.00445469336711644,0.0648990860724877,-0.0842054972606837,-4.48054255501745,-0.148548329417396,0.0366334206972683,0.0360839193642681,0.0780967382586566,0.0031290739358543,0.115261641735038,0.00727876349557292,0.0665679822796365,0.0953487410918468,0.0783177832012391,0,0.557855030234085,0.154548993625824,0.57339481918071,5.94072419080847e-31,0,0.119245702332476,0.639960845334159,234,"LAMP2"
-10.3286284893356,-0.0309103687458231,0.000916869115202331,-0.138314673936735,-0.0669388766327711,-1.81295659380516,0.14821149199449,0.0342147491566123,0.0203902162257154,0.047176648993001,0.0017704580055559,0.0744998671869253,0.0215033761394794,0.19305638100665,0.0540594014414847,0.0483194827748654,0,0.512335878694116,0.604548175335352,0.0633714848130629,0.00185229091701757,5.9538242961083e-21,0.00611330456477595,0.478886714188087,235,"CUL4B"
-10.6304751572556,-0.0616513047904231,-0.000351345001501506,-0.0502863140023964,-0.0604247680037097,-0.196520854262429,-0.0889722029585572,-0.080854254796226,0.0318596058487905,0.0716120353597816,0.00274176184113702,0.114401345177826,0.0256007490295618,0.217028590931299,0.0838574997057247,0.0717637057692463,0,0.389289248594124,0.898033667566779,0.660255445057071,0.0182614690098283,0.365196984966697,0.288693175741648,0.259880613998636,236,"MCTS1"
-12.0299451690545,-0.105093382827255,0.000758987753540264,0.0446349039743073,-0.232328893598488,-5.05267136030048,-0.603613412001037,-0.580120629035702,0.0446027332679513,0.0998539064292084,0.0039075635568194,0.162562374191902,0.0603739319927663,0.368927315336002,0.116168080865833,0.105365234285154,0,0.292583315676883,0.8459914486456,0.783645894634948,0.000119005557604863,1.07904204977046e-42,2.03583964896979e-07,3.67481258247307e-08,237,"C1GALT1C1"
-14.5303763692688,-0.559436295288293,0.0121476881524471,0.731768352705223,0.184800134195539,-2.97773583035846,-0.33145944768223,-0.993364209372024,0.0967004071905989,0.229966283378862,0.00836114614968663,0.384729539395672,0.0879720929774105,1.22647766908547,0.25779847026161,0.25334433832076,0,0.0149871949735701,0.146258863884185,0.0571668158196406,0.0356701466188649,0.0151875303680295,0.198537008848616,8.81807333231074e-05,238,"GLUD2"
-12.6908846184448,-0.283901972442139,0.0177719009127502,0.478679367630613,0.119244502112188,2.69983702091755,-0.882427779524024,-1.47130853413548,0.106239591753212,0.257185424044725,0.00982791581242543,0.395094683886406,0.0956982071476004,0.877689981688526,0.291571254730551,0.246120455803996,0,0.269644982224486,0.0705585438178546,0.225682354247426,0.212746994251048,0.00209747635671023,0.00247438251694675,2.25891203727124e-09,239,"ENSG00000286163"
-9.50810624535733,0.038979715743459,-0.0120487357403602,0.0307797947756355,-0.0458726549239188,1.88915278348637,0.117064290956328,0.0658734323192838,0.0781471260914877,0.16869414867121,0.00721344701377475,0.258640154724216,0.0206805981130213,0.188316041684133,0.202105155152702,0.165462610538137,0,0.817262452760007,0.0948568652863705,0.905270404610646,0.0265446520188975,1.10460552353286e-23,0.562437589586669,0.690544147776244,240,"GRIA3"
-8.94154916076009,0.010632075085853,0.000715610218033596,-0.0429604868210272,-0.0488033108991616,0.477284331725266,0.0863625897640919,0.1144374879924,0.0139520171887158,0.0318351601916267,0.00120682634333026,0.050403509393071,0.0113605537317015,0.10348484601218,0.036866422619061,0.0318332162458683,0,0.738400143144283,0.553202116171597,0.394030258976658,1.74019970877716e-05,3.98586402975795e-06,0.0191508645262825,0.000324506063127305,241,"THOC2"
-9.8902536759321,0.0298540912714645,0.000247286520209446,-0.081246348915532,0.028328536210588,-0.664648502121551,0.0431463871330952,0.192500257707026,0.0124746619943609,0.0288136832778861,0.00107549890040308,0.0466868012698997,0.0156556515873621,0.155223456351123,0.0329393894750904,0.0306241426904716,0,0.300151703467197,0.818148289782124,0.0818164715736974,0.0703769823192608,1.85319368683146e-05,0.190239108306045,3.25962521163294e-10,242,"XIAP"
-14.1937470523877,0.000137020906857008,-0.00698655260358723,0.101490260737175,-0.0450888575446266,1.15803800265151,-0.629019081413104,-0.565686704845528,0.0660232401169469,0.152576413262424,0.00582584759795641,0.264128609224891,0.153929272641609,1.23732501505231,0.171977823835244,0.175084425678719,0,0.999283461650096,0.230437097978477,0.700796410164723,0.769583822636495,0.349314056584024,0.000254628404884516,0.00123385241179936,243,"STAG2-AS1"
-8.82876946505763,-0.0167231030903531,0.00270711616626126,-0.0101674147682951,-0.0903633000438733,-0.531944038175842,-0.0441827762058562,-0.086200471786409,0.0152214922267481,0.0344669965437963,0.00132127794756434,0.0543850766972751,0.0120546004786579,0.103623590673537,0.040134730922442,0.0345614421870466,0,0.627540318837386,0.0404756119414793,0.851698038397446,6.57109891561301e-14,2.8451487340755e-07,0.270956982512914,0.0126268946239589,244,"STAG2"
-12.7917042972,-0.144771700289747,0.0138668564621976,0.253515823447764,0.100331251036185,-2.45110165068609,0.725440488011267,0.825301776164448,0.14722855670875,0.328398348378367,0.0135447796218557,0.527945634479808,0.0941465632087387,0.930753379392162,0.384559219920929,0.333259240260204,0,0.659327571288443,0.30593982750546,0.631090129640423,0.286562838544445,0.00845198290761331,0.0592382799711734,0.0132694056566512,245,"TENM1"
-12.7763561969742,0.198994573633238,0.00337696858906183,-0.430173576253704,0.143017209772132,1.74384431077805,0.785101499398455,1.27915423870309,0.195105120112449,0.445572584199235,0.0193915027768374,0.700430106628213,0.119939175255916,1.15555365415314,0.482518434737005,0.458934322202715,0,0.655160885054348,0.861750076443743,0.539112034812545,0.233098763805626,0.131273607399635,0.103717729563392,0.00531611882023227,246,"ENSG00000225689"
-11.0628032634013,-0.190122281071704,0.00195413093152909,0.121806682690517,-0.0426275327299967,-1.25263261761848,0.0286069587064995,0.0934811861509322,0.083922091174019,0.181691719064464,0.00766338004324102,0.284675429882908,0.0324642355702623,0.286449216092548,0.219556105710345,0.182683935812729,0,0.295376224502613,0.798726221528794,0.668739103284636,0.189162278838303,1.2256994651392e-05,0.896333410834688,0.608854027171823,247,"SMARCA1"
-10.4850153003158,-0.0601722134261078,-0.00382280854613108,-0.0159096385595873,-0.0250209377932497,0.375401029245749,-0.000660608596627895,-0.148136742729818,0.0245368241465363,0.0573428311876898,0.0021176861903057,0.0894127498738587,0.0232181508805144,0.214145438398916,0.0660984309351894,0.056973448765187,0,0.294020964710651,0.071046239654191,0.858774191069349,0.281191950682721,0.079598740193106,0.992025822431519,0.00931962234084191,248,"OCRL"
-12.9058699310526,-0.250689805288342,-0.00871027555859465,0.177434565499764,-0.0253158472170549,-4.50451778711888,0.0777320225691402,0.165842786839992,0.0783465868012176,0.174880264833694,0.00701888022381381,0.293073029366558,0.0608332929674925,0.550806174542946,0.208490970726492,0.179164277460081,0,0.15171672064722,0.214613896339897,0.544894770305142,0.67729937426152,2.88485581849737e-16,0.709273781094133,0.354629718123598,249,"APLN"
-13.3923972168725,0.0781605950488107,-0.00521818209289338,-0.196087594954744,-0.359277560973702,-4.11980449035683,-0.780588909251995,-0.749459528846949,0.0550978354237452,0.127150437893663,0.00482419120032082,0.212119389087347,0.137572090935856,0.725927825728755,0.143475111087871,0.13939095596779,0,0.538746517603672,0.279399262035502,0.355267221245835,0.00901305708895131,1.3850565219821e-08,5.31051209897282e-08,7.58749762232449e-08,250,"LOC105373334"
-8.99485709256853,-0.0366443378889194,-0.0122877575631273,-0.170451597014791,-0.025349213848209,-2.82947232056147,-0.00860353263707524,0.117159707981319,0.0473068749931735,0.105472634916632,0.00404999248667167,0.154486278964208,0.0111478622972244,0.105370530186604,0.128364956518544,0.102646858820076,0,0.728268438631694,0.00241318558022383,0.269877558281611,0.022971515433409,7.86582071821647e-159,0.946562598213848,0.253709245470077,251,"ZDHHC9"
-9.2723359619501,-0.237757716734559,0.00362757165794177,0.898096472951663,0.0584413251503426,-0.403671143148794,-0.118933592817588,0.192277003731553,0.0587354732831178,0.137128484885534,0.00525417154519588,0.202305318152811,0.020449951691285,0.209943805576142,0.158965163764456,0.129588845022561,0,0.0829479458344603,0.48993171360729,9.0246811835092e-06,0.00426625118584554,0.0545104421666096,0.454355247929518,0.137876167700155,252,"ENSG00000235189"
-11.9410003815032,0.0453531289788316,-0.000723344269325944,-0.0987453998377071,-0.0460916452546801,-0.666180328743143,0.160893483199406,-0.088907914316812,0.0327056032626351,0.0768358637681178,0.00281434861431697,0.122406480451572,0.0453776654910658,0.424620381986527,0.0858590611401544,0.0817069153327668,0,0.555016421535908,0.797163227252155,0.419838910732794,0.309755993099424,0.116674857973801,0.0609406956244688,0.276536811065806,253,"UTP14A"
-11.2975961394089,0.0597118293233374,0.00214186098148946,0.185014205357132,0.132238003414386,0.173593332140569,-0.0962418983065645,0.035831146289148,0.0413590408032883,0.0963610029141493,0.00364431509855864,0.154228477418291,0.0294453382949835,0.348353246280294,0.111485463448145,0.0951877885403604,0,0.535476391889944,0.556715807278368,0.230290383596425,7.09009796942657e-06,0.618254583772107,0.38798981222419,0.706600315063132,254,"BCORL1"
-14.3231926416731,-0.0918322748123405,0.00527807987689654,-0.178580916378992,-0.0263432073233482,-0.845875510793002,0.0237600717740832,0.141422039528193,0.0858397215277742,0.195792739519072,0.00741531183887782,0.317290010274944,0.156073824184799,1.36132322925714,0.224985633942824,0.223747785987662,0,0.639049630237654,0.476600249604809,0.573549405238358,0.865964311313373,0.53436099195237,0.915894121489612,0.527347630878035,255,"ELF4"
-10.4548388254124,0.133112102375279,-0.00112187853110945,-0.0128081270353027,0.00425901386477503,-0.643052795163312,0.0714611378009974,0.153747016614026,0.0190460603494103,0.0441718234613077,0.00167835377675843,0.0723102651442317,0.0217869521126581,0.210716700342538,0.0503679195974135,0.045693269039296,0,0.00258247022339814,0.503852871225355,0.859408344258644,0.84501358370363,0.00227518318699797,0.155962349835965,0.000766094598117146,256,"AIFM1"
-13.8511113657546,-0.353466764811403,0.000519703741254524,0.396715394261,-0.239469751558219,-5.49189795017001,-0.73546869291545,-0.568107664714096,0.0585252096677317,0.131107454311779,0.00507910925721007,0.22732786352331,0.148850631795647,0.905427856445427,0.149097536728162,0.155682897538993,0,0.00701759505408383,0.91850123039829,0.0809632226292261,0.107661763268341,1.3152091256363e-09,8.10581307062646e-07,0.000263126424355712,257,"ENSG00000286650"
-11.1102999591332,0.0741999057934348,0.00408885896819829,0.328676555534692,-0.0844797942197987,-4.65408284237105,-0.177229539433018,-0.219330132505748,0.0380048467284072,0.0882184907059133,0.00330758654547447,0.13934670970966,0.0314108002103299,0.264976695674409,0.102410363079667,0.0876365887799526,0,0.400296148787312,0.216381929643077,0.0183392621517203,0.00715560956567068,4.63820039692675e-69,0.0835263296213363,0.012324185447892,258,"RAB33A"
-10.9690545418234,-0.0747253797634867,-0.00156235238239604,0.0580537076266789,-0.115496022971268,0.57413528870863,-0.0300878097040067,-0.0371953422124078,0.017050569960893,0.0395240162348611,0.00146578829410274,0.0665933389321924,0.0363854128271504,0.299102778752087,0.0448285030591946,0.0453243156940652,0,0.0586734520251811,0.28647852161217,0.383336874629828,0.00150229555522658,0.0549179139566614,0.502108496373971,0.411846381015248,259,"ZNF280C"
-11.8127145148446,-0.0387962146158171,-0.00507732570824785,-0.0132296798738244,-0.0189480817278862,0.160179430737124,-0.175926599806842,-0.189975524938219,0.0235330931726564,0.0546320220112446,0.00204815299466227,0.0911368611848012,0.0451397796656959,0.404436547759677,0.0617960753504405,0.0626122827495557,0,0.477619247343288,0.0131759524030116,0.884582354086649,0.674657425071638,0.692063882004789,0.00441486800249222,0.00241208497212601,260,"SLC25A14"
-11.5738691976745,-0.0784270634243389,0.00460842332076861,0.0408935347096256,-0.171859356561593,-2.24760843439016,-0.0143274301280083,-0.0835031394616591,0.0271472655223136,0.0626800536485757,0.00231705798562575,0.101857317649272,0.0448970467223271,0.324754982760456,0.0708048562289057,0.067411855469172,0,0.210851158430691,0.0467109699680362,0.688067780444651,0.000129265196797214,4.48669335000064e-12,0.839642369091726,0.215456211524671,261,"RBMX2"
-12.8954094926981,0.248881836563859,-0.00280296931419705,-0.600866755731347,0.0171844345256318,-0.0534500905230849,-0.0338829547360158,-0.237427647398726,0.0901867161392359,0.20740437264753,0.00872438471287384,0.347629967937541,0.0745232543239369,0.675945924472401,0.240591670586717,0.209256740911088,0,0.230145727001656,0.747998298771543,0.0839046211254221,0.817632114076067,0.936973360723454,0.888002831481475,0.25653303915432,262,"ENSG00000290740"
-13.8034664391542,0.0931533099940392,0.00837246086371637,-0.119987487989231,0.0960905183134661,-2.0352253111488,0.631153962244123,0.649591776645011,0.0674051514667614,0.158700913059569,0.00566570644920682,0.243727317042523,0.0798637378164335,0.942231289961747,0.181303872694152,0.175308910327152,0,0.557221167671396,0.139476447035773,0.622505743654884,0.228906351710843,0.0307721992188506,0.000499183708513202,0.000211047222085041,263,"ENSG00000287160"
-8.1223803989009,0.312965618546781,-0.00518299008711689,0.12533384127916,0.0279640890041245,0.641098923185523,0.196919372894241,0.0860776258955249,0.0692569019595902,0.159374957456876,0.00613663817722932,0.222949232091887,0.0125726253646422,0.125189747819041,0.183018755368716,0.151690116334611,0,0.0495641539271836,0.398335530345796,0.574004869799831,0.0261346932951797,3.03891005110403e-07,0.281948780221239,0.570403699330415,264,"ENOX2"
-12.7222340939703,0.359941233158788,0.00735421473316073,0.1674891277793,0.0444062005134774,-2.01538585715327,-0.580986668411466,-0.561032156557376,0.0825696100888788,0.191288346238667,0.00751664474691167,0.298157380365773,0.0620423371456712,0.564444170205419,0.213702500949521,0.18627018111327,0,0.0598810551111267,0.3278811643906,0.574288146863259,0.474151726510186,0.000356209010541909,0.00655448808569376,0.00259595160315087,265,"IGSF1"
-11.6316613894791,0.610301642638958,0.00800014377050575,0.249532103852462,-0.0691009876063096,0.410727460482783,-0.304495266682181,0.40960829248633,0.132342982311053,0.310748789594863,0.0127387891029943,0.466119827935326,0.0497887765698342,0.421675036112699,0.347098366415725,0.287778170065067,0,0.0495334432928304,0.529994466873655,0.592415490551996,0.165172730214301,0.330037728693234,0.380345818452024,0.154635490340032,266,"ENSG00000287806"
-10.0734347053033,-0.106907205498625,-0.00104711050573784,0.267282195726964,-0.0384158346290155,2.0046040831793,0.00863733477404411,0.196739275694483,0.046186348532632,0.10284259657106,0.00411041416875019,0.166387748387614,0.0264359911752695,0.256355698036932,0.120083890285103,0.102663012380624,0,0.298561743320106,0.798919484736793,0.108190119872011,0.146178183453238,5.29831319913855e-15,0.942659599882336,0.0553193067851502,267,"FIRRE"
-11.9725723913265,-0.0925497069563324,0.00196289105100145,-0.0149168491778998,-0.0547920522839052,-2.29091506681748,0.00433095798799051,0.037299010519308,0.0300287386769464,0.0684676582208778,0.00259395786119711,0.112954206471692,0.046646836726067,0.397597752926016,0.078695266594004,0.0756261358608368,0,0.176462081497663,0.449219649501665,0.894936017136148,0.240148966795303,8.3176521647575e-09,0.956110944607444,0.621869406529991,268,"RAP2C"
-10.0288919156092,0.0435852955531015,-0.00805222159620542,-0.132307345830242,0.0512353842544152,1.62656353672013,-0.00275900383863256,0.0428429486570405,0.0481882875253174,0.111888945434905,0.00426073584975844,0.169556294532482,0.0329100113067562,0.337377426012661,0.131244915140994,0.108873380590059,0,0.696876226200494,0.0587758279540295,0.435205396024179,0.119510193295356,1.42698279955428e-06,0.983228268783301,0.693941587108633,269,"RAP2C-AS1"
-10.928110009613,0.111004629236959,-0.00733994212892935,-0.155048195662232,0.0529169017980535,0.135670290690943,0.0208854495148896,0.322720059001418,0.0535096566194549,0.12242948206124,0.00482185786077382,0.195327604455882,0.0412078773043822,0.40149860768271,0.14186213973622,0.121066066209416,0,0.364574891530446,0.127953256029908,0.427320388424047,0.199091121679788,0.735431206355869,0.882955563505501,0.00768390785081868,270,"MBNL3"
-12.0689319923853,-0.00363169469052814,0.00737479960255332,0.197501565027332,-0.116167508301357,-1.0281155032859,-0.0897401638045292,0.310359909113354,0.101022041504436,0.23153141137264,0.00947519263608214,0.371561060123132,0.0636491804607312,0.539543571430348,0.26371885356947,0.225810255881007,0,0.987485264792801,0.436376178556784,0.595040902918755,0.0679826476036834,0.0567114422598149,0.733640216894584,0.169308888678901,271,"GPC4"
-12.3371312567769,-0.111435529339578,-0.0045662267950456,0.30312627314987,-0.0622125101517466,-2.46003668382603,-0.175411956348773,0.121394349354658,0.070465926013295,0.161227857780985,0.00621390587478359,0.262273521549648,0.0603528550817724,0.495450560516155,0.186334303998152,0.160816749699798,0,0.489459997048471,0.462436923279712,0.247777735039239,0.302628500997719,6.86120641689554e-07,0.346508594045548,0.450332176244631,272,"CCDC160"
-10.0636982026449,-0.218038318325915,0.00210112611060033,0.117837650292147,-0.09426342198076,-1.22656675238879,-0.109952586432703,-0.0754135958985963,0.0401861250488942,0.0881159258371007,0.00358854505129432,0.139490448019029,0.0212206369014272,0.179204849526164,0.104338364047102,0.0886289142750229,0,0.0133442067608624,0.558205388274507,0.3982380484636,8.91001504846823e-06,7.67459508375895e-12,0.291970901660076,0.394829588846519,273,"PHF6"
-10.2066228590138,0.333752537319915,0.00343553877311172,-0.0565035562667466,-0.0300708683600385,1.27450073947773,0.124557987751502,0.163356328009694,0.0593818484322996,0.130883841801885,0.00536431417114417,0.201713475348371,0.0220468342560781,0.202552356350389,0.154813109580484,0.129713466632771,0,0.0107725891979034,0.52188447604238,0.779387047642348,0.172582035304751,3.12989846565543e-10,0.421067844243296,0.207899282037844,274,"HPRT1"
-11.0732881378969,-0.0666851359737763,0.00025520104259396,0.0694977200122313,-0.0585281023062194,-0.752858569759995,-0.163375595503197,-0.207249744156695,0.0235361255176841,0.0536316697785741,0.00202372642135867,0.0891081647852396,0.0313831644785507,0.264337201642336,0.0619291645948305,0.0570263242215548,0,0.213723782030275,0.899649192090872,0.435434793703352,0.0621881016146801,0.00439812144657155,0.0083370935055305,0.000278755829946329,275,"PABIR2"
-11.2530929888622,0.0488190772536941,-0.00167018537604849,0.0692283397844636,-0.0042706616714446,1.15418019937277,-0.203170195665092,-0.212054923763968,0.0289533171978649,0.0664890161872837,0.00253215240965823,0.109773934828442,0.0350403910440641,0.316918637443521,0.0756016968109392,0.0690203644786696,0,0.462800810650473,0.509516220826683,0.528272926687779,0.902995438205234,0.000270652406588703,0.00720158068949075,0.00212378409839999,276,"PABIR3"
-12.6056823493977,-0.25963945706129,0.00864036620090281,0.309209152335382,-0.130980567874327,-2.09130819087271,-0.0483108523995674,-0.103739656365867,0.0555947217832198,0.12484243385463,0.00481605035478789,0.211794341903769,0.072158287170115,0.567703845591557,0.145861609930495,0.134901990529504,0,0.0375496416622906,0.0728008454738752,0.14430381235893,0.0694956386724324,0.000229781343237837,0.74048571925163,0.441893197664062,277,"MOSPD1"
-12.8423058659892,-0.100084853799588,0.000633042551376172,0.17606784263965,-0.249594342464352,-8.69777488324899,-0.312978409696598,-0.273689014081562,0.0721171589679529,0.161251583416576,0.00641506657863732,0.257916397318254,0.0784855809116607,0.474079664376069,0.192101370573978,0.165487209416957,0,0.534813370339613,0.921391881001905,0.494825056356615,0.00147209047589939,3.51087205266041e-75,0.103263133562848,0.0981604589650723,278,"RTL8B"
-10.7840624284582,-0.103134393430177,-0.00388320673112096,-0.146604899514249,-0.0511105717074399,-7.75273615629781,-0.464157509808123,-0.123527823810579,0.0675626102155653,0.145860988376396,0.00592910487284201,0.221378920254365,0.0228495793006531,0.17529715242455,0.177636165366653,0.145390022038629,0,0.479520999676633,0.512506517129497,0.507820539065728,0.0252976039768251,0,0.00897598626829071,0.395530447237591,279,"RTL8C"
-11.4121898299016,-0.161851404794108,-0.00169404193749617,0.111545581015425,-0.171816463850494,-6.3720164404978,-0.44870995647337,-0.415845422788761,0.0290836407082093,0.0658729080657825,0.00253436486030561,0.106979231196571,0.0382573355956449,0.25936452424625,0.0762121908400207,0.0693770556937432,0,0.0140092801887927,0.503860048894174,0.29709446135143,7.08654562086725e-06,2.79121305691183e-133,3.91748874979368e-09,2.04753156807626e-09,280,"RTL8A"
-10.3765895841414,0.138442113203289,0.00132909855532391,-0.0198972464748529,-0.0254154663960406,0.573679958196951,0.230309859304369,0.202368852087073,0.021424563507226,0.0499403774143653,0.00188360868071283,0.0813825808317261,0.0275057915244241,0.27333130401798,0.0564987074483093,0.0526270691629085,0,0.00556877253986607,0.480428909156009,0.806851162339648,0.355484138481813,0.0358305931704078,4.57434337787606e-05,0.000120386535462431,281,"ZNF75D"
-11.5705045398116,0.0310518782465386,-0.00896470218147307,-0.305777594722173,-0.180762644556059,-0.886251705830643,-0.20166061675543,-0.246656546804232,0.0679975112711524,0.154468608347668,0.00585737958807351,0.235430464006569,0.0484508200584874,0.352396221722157,0.185531652499282,0.152538147825353,0,0.840679905412008,0.125893743063894,0.19401183386544,0.000190836349191661,0.0119056138523407,0.277066084757772,0.105874938794681,282,"ZNF449"
-14.486269109463,-0.128583440947627,0.0131157570876683,0.971612876526145,0.444402038265585,-10.8378661445708,-0.596219211937882,-0.0448466913690991,0.0798674683190618,0.172783713345263,0.0069573390477248,0.336229256745386,0.0606152391539792,0.999593852376181,0.197314733867348,0.204758546538071,0,0.456763184788075,0.0594070791671379,0.00385568798105129,2.2755124932047e-13,2.17018991272461e-27,0.00251387805177519,0.826632663038857,283,"SMIM10L2A"
-10.2492447270492,-0.163988587078371,2.63852805147222e-05,-0.0136332859980397,-0.0481174089227627,0.427997975970903,-0.0419286315810396,-0.0797288530335622,0.0364800246017106,0.0817983422736653,0.00319319505192851,0.128837833052965,0.0257060817728677,0.241354188372623,0.0960971250922878,0.0821010329073482,0,0.0449853863801935,0.993407177435009,0.915727221965609,0.0612301593660935,0.0761758569442992,0.662608091175342,0.331495208992213,284,"INTS6L"
-11.634950605396,-0.0106333711254126,-0.00156164590523894,-0.147759003824228,-0.070615445961564,-5.80519676643081,-0.144818577704641,0.0283891326052918,0.0329318517304083,0.0751763769182538,0.00284705381180377,0.120257329283136,0.0387941334883597,0.319013149451125,0.0869220571154947,0.0788817441158376,0,0.887517897180225,0.583339734879758,0.219187976132771,0.0687192763942178,5.41567040785961e-74,0.0956986802163199,0.718925776615479,285,"MMGT1"
-10.8122402884626,-0.0435612962603616,0.000340314914412127,-0.0119359806565343,-0.0278907144232599,-2.061992194814,-0.170497287564906,-0.0394729447541225,0.0338354929312845,0.0765455201475714,0.00294705412292019,0.120731289971611,0.0271254897670204,0.235077587449581,0.0894066214134699,0.076871733457568,0,0.569295009396345,0.908067602397304,0.921246236853173,0.303850802530976,1.76240852700867e-18,0.0565222378972088,0.607607891409918,286,"SLC9A6"
-13.5736261821128,0.142476943956977,-0.0209623973966165,-0.782105489550123,0.208397210931274,-7.75110080152953,0.128056333293918,0.797793677915009,0.102479821183035,0.232202087579724,0.00912833975990727,0.369435839141104,0.0655903856696145,0.780587771476593,0.282828386503199,0.235233837350405,0,0.53948610814949,0.0216525330391033,0.034257592363341,0.00148677576552331,3.08793705035654e-23,0.650714050456135,0.000695131919930591,287,"FHL1"
-12.7978280575741,-0.147362646407443,-0.00454719516576384,0.0987846498210641,-0.182561569541703,-1.77731497819899,0.233876981376377,0.235066515944985,0.0675200101152713,0.152462567816268,0.00583729934289984,0.249068393231522,0.0878204550161708,0.66157703380304,0.177529145434204,0.159401516604248,0,0.333769199305942,0.435985872825605,0.691650237501925,0.0376353100768512,0.00722087782100691,0.187704420193304,0.140298110512433,288,"MAP7D3"
-11.094689178388,-0.0731432135683877,0.00200357253040348,0.00265962803153046,-0.0712778486231799,-5.18243693028365,0.0386833345796174,-0.0146000173412755,0.0175800456422435,0.0404808930253034,0.00151246286730047,0.0662329843865706,0.0291008587016882,0.247132854528415,0.045522060912594,0.0459868911333213,0,0.0707844682227669,0.185267827804008,0.967969041376284,0.0143118943648132,1.22626533033628e-97,0.395452325858013,0.750877777192553,289,"HTATSF1"
-12.7377110277116,-0.333441676056355,-0.00870932279313809,-0.753543732402077,-0.0848978963778377,1.05881576494659,-0.448950136472652,0.13923397731169,0.0966659214593137,0.213419283864531,0.00851590664465358,0.334333952061687,0.0774176307355638,0.6062264705503,0.261201130082616,0.21306467546255,0,0.11819887602475,0.306443876177346,0.0242046358599327,0.272806557091702,0.0807122989684484,0.0856524454333414,0.513445447650219,290,"ARHGEF6"
-10.6853717514789,0.277571790355517,0.000404254122481061,-0.197787462445807,0.0634652639804182,1.92657696368223,0.534510583316849,0.734148569533157,0.0310139846709544,0.0706974007229099,0.00271949556096783,0.113950332533021,0.0215076986138431,0.236086767562745,0.0809821305316456,0.0706512293624647,0,8.63001544658548e-05,0.881829495659006,0.0826108850514206,0.00316935526931291,3.33747092930139e-16,4.10182142263869e-11,2.72010578716943e-25,291,"ENSG00000232611"
-9.35497388430591,-0.00849030564249162,0.00121646852473624,0.0402259946824417,-0.0671952024661692,0.90774161794322,-0.0696740984392075,-0.0866406939094857,0.0179542650162463,0.040913643366489,0.00155212470153924,0.0650836220761881,0.0138277642864767,0.121306508307754,0.0472825607018116,0.0406846725678716,0,0.835605561905881,0.433190300136856,0.536531623541501,1.17717752277386e-06,7.26220177689871e-14,0.140597771412082,0.0332074636363061,292,"RBMX"
-13.4124831872122,-0.920586910845071,0.0158015671892128,0.665029870740201,-0.0131663687688762,-0.056123856375809,0.0731857615956616,-0.00609626962370808,0.127339707814297,0.285057911036744,0.0112506593024689,0.478652349011142,0.103002796097153,0.907289686412368,0.341451489312242,0.295813411560032,0,0.00124018463774119,0.16016958322911,0.164717311183935,0.898287185870552,0.950675272971998,0.830284098206782,0.983557962768696,293,"ENSG00000291054"
-12.2428590477146,0.0422455813252523,-0.00128495344361784,-0.43848676652234,-0.202914703885553,0.418002615866411,0.0667144124257158,0.0148524097692301,0.0626378549347076,0.14111137326936,0.00544656691506429,0.228481145509157,0.0716960344928682,0.499586761454148,0.163559564065307,0.143852742145061,0,0.76465196734766,0.813494837246919,0.0549669169253042,0.00465177240023196,0.402763050697059,0.683353977571077,0.917766686458587,294,"MCF2"
-10.2641516481996,-0.174641428099986,0.0113429872520996,0.470847769853223,0.0427445714775292,-0.364307901699997,0.00242393679460755,-0.013038361345946,0.0662988295945307,0.14463922165811,0.00576444838953205,0.22585569910777,0.0262383509979759,0.257340062107858,0.173261234564655,0.145919813967731,0,0.227267405724528,0.0490969308820284,0.037093969398742,0.103294482123278,0.156872947201883,0.988837903279183,0.92880143878418,295,"ATP11C"
-8.31482724555234,0.11842262767859,-0.00171023467756308,-0.125829226759667,0.158098388414216,-0.561715034633769,0.393223821870169,0.523798900586729,0.0319576908988685,0.0715291428966473,0.0028276745781144,0.108493941262694,0.00949222811683871,0.10182407505211,0.083341657775246,0.0700228786842865,0,0.0978057436225818,0.545298476508205,0.246137925136646,2.75744422034857e-62,3.45768727842802e-08,2.37923511960683e-06,7.40986741120097e-14,296,"LINC00632"
-10.601179174247,0.109702389919105,0.00190634126459804,-0.0327259567552149,-0.12990046352918,-4.39421379947616,-0.348573185905689,-0.281542336946971,0.0464829446116564,0.103772471375977,0.00403958233115173,0.15877294048495,0.0269856366605848,0.195409394009556,0.122604473278038,0.102802703982329,0,0.290446117136763,0.636987148381495,0.836698759307632,1.48169303716167e-06,5.5362607807875e-112,0.00446811574722985,0.00616888869179315,297,"LDOC1"
-8.60153930895658,0.322875985499649,-0.0050020854464741,-0.28810730635137,0.0307557247007845,1.71507388976185,0.0176842649095028,0.0830073825039923,0.0499100855137141,0.114081579719009,0.00446228984067651,0.168902930490007,0.0196963866714593,0.201331853231792,0.134548784423837,0.110678359076079,0,0.00465159849640606,0.26230135709304,0.0880533869135583,0.118408015374712,1.61435648294834e-17,0.895432111550072,0.453262251310808,298,"SPANXA2-OT1"
-9.7008396864584,0.391301791898571,-0.00712630604595057,-0.402271477159767,0.0197910797985367,1.92717369234664,0.412004592749541,0.197906070723367,0.0711079054232494,0.161383842952645,0.00658536881128669,0.248951681843537,0.0226617763650228,0.231156290931651,0.184139220203145,0.157826059136521,0,0.0153225091304378,0.279189309620736,0.106124227233383,0.382486343539458,7.61330593758691e-17,0.0252561301751283,0.209859986507213,299,"MAGEC3"
-13.9286048314703,0.40094635113607,0.0133977231824018,-0.407949587629845,0.0150060748873562,2.90021349350954,-0.900232988960834,-1.22805578348468,0.0523785661845029,0.121362136958285,0.00481036753904608,0.204882949058679,0.144608737509437,1.25397910796927,0.131604134836049,0.154502212278572,0,0.000954115454484275,0.00534985743402921,0.0464660599267189,0.917351730678276,0.0207331722759018,7.89385806859207e-12,1.88833153773652e-15,300,"ENSG00000288098"
-13.0812355709198,0.0213123093717621,-0.0141920903488929,0.0935379166711905,-0.135047517293718,1.50798611684258,-0.212049393491235,-0.161299953155007,0.0496298065119842,0.114548169768435,0.00431352718536093,0.199126399461703,0.109622347120905,0.858347967488961,0.130462152952113,0.128692260728363,0,0.852401290598375,0.00100139030445214,0.638539774924696,0.217973668827662,0.0789438785378063,0.104083541895237,0.210068443147042,301,"ENSG00000286085"
-10.3328475833895,-0.0483325246051887,0.00407848225397484,0.101140719065109,-0.0853151061156263,-2.42880099189505,-0.26210995692219,-0.209384081288049,0.0348237289370789,0.0773782260037123,0.00309136565645738,0.122718936298635,0.0222917354553217,0.180455880159705,0.0917093776389526,0.0776228923478673,0,0.532215933473778,0.187064130750729,0.409845501251181,0.000129605042130764,2.71655764241153e-41,0.00426253657139348,0.00698722083193033,302,"SLITRK2"
-7.97927641653375,0.150109625178533,0.00854994867748539,-0.0359431202608842,0.0512445331686315,0.937739921671037,0.225111154507796,0.296268481835091,0.042732262470258,0.095677431510958,0.00382043184008008,0.146796001646423,0.0141736453186041,0.145593428305369,0.114483226600792,0.0938034406281842,0,0.116668068423467,0.0252240898657595,0.806571948504155,0.00029979145805502,1.18835881911324e-10,0.0492611574442526,0.00158639494534526,303,"ENSG00000289591"
-10.481150523816,0.315668850560762,0.0105818251678567,-0.470122125034337,0.0470008518118498,0.642299954071347,0.562241055037479,0.709092674695847,0.0587190849408939,0.13623595428558,0.00530719573939407,0.214020556964839,0.033704037129557,0.363756594138195,0.1561563351372,0.13265253492863,0,0.0204996758586309,0.0461669470650159,0.0280475000520596,0.163161547918923,0.0774393008351452,0.000317604495952035,9.01732429129523e-08,304,"LOC105373347"
-10.0402916992193,0.0276222347914258,0.000832504608343974,0.0533145356767192,-0.00190018346093162,-0.304594199227351,0.0365390287925444,0.0651182514637843,0.0265770459243951,0.0613968282171256,0.00231180882540337,0.0953039389108168,0.0175654030940087,0.168289029492631,0.0712939789634628,0.0599941955433107,0,0.652784875664262,0.718765155554517,0.575877934601455,0.913854799225825,0.0703040294668252,0.608292635286478,0.277740461877851,305,"FMR1"
-13.2420623056485,0.296252935524446,-0.0114453502016844,-0.111940432478547,0.261642793267216,-1.49631808336759,0.721392321284555,0.479729202394026,0.11646901463901,0.287063919103329,0.0102612037731971,0.432479324178778,0.10009673445134,1.06011857236125,0.326618763436299,0.272141104829514,0,0.302067269128153,0.2646789029011,0.795763182260106,0.0089515391699014,0.158108153933388,0.0271977608837605,0.0779349324576004,306,"AFF2"
-9.71102061022379,0.0595509103509323,-0.00199371469535086,-0.0620944599081958,0.190738975277422,-2.72713745215754,-0.160710753255353,-0.0746340109697028,0.0279510055877211,0.0633672129087281,0.00243869527589638,0.096896112585407,0.0111765532735684,0.13127557829088,0.0741112317969237,0.061979575947318,0,0.34733308342058,0.413623704096978,0.521629624941536,2.65832440166039e-65,7.41781878665584e-96,0.0301201035593492,0.228523473419519,307,"IDS"
-13.7698526208649,-0.0437635692105153,6.6008444360218e-05,0.0901941126480861,-0.155537784504265,1.75049514063186,-0.126706912714398,-0.637590910179051,0.102221159257109,0.231921673124558,0.00888567239188884,0.383117301168949,0.130367853761165,0.939959608493991,0.26812509829564,0.240134883646968,0,0.85032812228541,0.994072858877079,0.813881472888198,0.232842532576489,0.0625595622846335,0.636522558112903,0.00792763070230837,308,"ENSG00000238039"
-11.7446275139636,0.139894416928634,0.0022843302189443,0.212017399113836,-0.00420463576400091,-0.678449515520171,0.0827312179366335,-0.213828679218337,0.0521626567127165,0.12491010255723,0.00455585894867486,0.19094121141739,0.0369623159994067,0.377997244395691,0.143838911201463,0.118536130520186,0,0.262730472052467,0.616086158257733,0.266835094494671,0.909432279679781,0.0726771123627487,0.565179191291815,0.0712451948266811,309,"EOLA1-DT"
-12.8607262387439,0.120046717225001,-0.00632949028469441,-0.268530579978292,-0.0632520258911346,-4.10096430578964,-0.222867975215324,-0.151453311420083,0.0316363695820915,0.0739980029805491,0.00267422509809898,0.117098748003106,0.0692892454788455,0.553463333187426,0.0824586097297862,0.0873811258137642,0,0.104739831525951,0.0179401911559533,0.0218366253238343,0.361311278839852,1.26642283646628e-13,0.00687610026147465,0.0830512941431733,310,"EOLA1"
-11.7975404890203,0.103541300892981,-0.00200274658651099,-0.276461499145672,-0.0840961001842789,-0.212554859760175,0.0228162401119174,-0.0159345245455093,0.0281921217299889,0.0668085830270803,0.00242042541520464,0.104623965505084,0.0480098156459353,0.40485418910128,0.075511493926013,0.0711683637398488,0,0.121184643531155,0.407990108772017,0.00823134923111568,0.079835060825845,0.599572183680661,0.762533253863468,0.822835904004189,311,"TMEM185A"
-12.3143171909519,-0.0283705820440775,-0.0116715323367983,-0.251976688654374,-0.164577142818273,-3.99237294721697,-0.414850327559485,-0.597199129478127,0.0365026790476133,0.0854963861185215,0.00319708376991592,0.133681345203572,0.0593740468738319,0.412362878625575,0.0960472130684232,0.0901923785879918,0,0.740014836688588,0.000261546122012365,0.0594426117415257,0.00557352803142808,3.60674403928344e-22,1.56572148242114e-05,3.55831008249228e-11,312,"EOLA2"
-8.782470049103,0.0866353623873905,0.00374656119432894,0.140197767090735,-0.059213907466702,0.987770232751981,-0.0610804936855366,-0.169601366290026,0.0241346443382789,0.0546889049149183,0.00211600234589945,0.0850142049673494,0.0133489546896941,0.124905914978933,0.0641047257601493,0.0534060281460402,0,0.113159864356138,0.0766298025731586,0.0991251217214851,9.17113898435969e-06,2.61317167079878e-15,0.340679469703096,0.00149476961831968,313,"EOLA2-DT"
-11.3955441546144,-0.315365693919228,0.0103143195476354,0.412588740265038,-0.00385304782436005,0.105106807010458,-0.144317925785653,-0.14861691765037,0.0655471990740096,0.151719554088176,0.00564188725531621,0.233986708493715,0.0490596695842762,0.45978156693834,0.176546901464633,0.150542929308432,0,0.0376532647029546,0.0675242939145424,0.0778499217594347,0.937400112125819,0.819178572156618,0.4136724082415,0.32354154842134,314,"MAMLD1"
-9.79051053803427,-0.00760149673749535,0.00393885664531622,0.0247837317009547,-0.0662655234853069,0.0433858844210489,-0.00141082203044629,-0.045327601341867,0.0201550655322228,0.0459438051171522,0.00175993549284188,0.0743811084907789,0.019750026162699,0.18008828515992,0.0528626951760776,0.0471033886330458,0,0.868588188230005,0.0252165715320351,0.738983862534655,0.000793042028908891,0.80962136113149,0.978708246037082,0.335898817475185,315,"MTM1"
-10.43365102757,0.0581393983419368,0.000307888847222234,-0.12678116919856,-0.0296732294939749,1.66386933652657,0.0263606603359462,-0.136144451825329,0.0283791098130588,0.0644233480433753,0.00249966767313484,0.103130700725221,0.0255307321722239,0.238372655192579,0.0743176880190341,0.0655051618913127,0,0.366813354732169,0.901970966976921,0.218949903000739,0.245131766485081,2.94931576495028e-12,0.722812572594874,0.03767460730776,316,"MTMR1"
-9.31694723038885,-0.0253683063445711,-0.00230463873386047,-0.0574030636052195,-0.0386885045973121,-0.42703930411117,-0.129239441200849,-0.142552216848629,0.0233214239515056,0.0523044646225224,0.00204564681996069,0.0821069023717551,0.0143704217900857,0.128987583069849,0.0620890034134336,0.052006169873303,0,0.627667652279753,0.259908945578318,0.484473341653024,0.00709756244484779,0.000930626308205937,0.0373864255112566,0.00612406606287466,317,"CD99L2"
-12.0621739240981,0.109202970285838,-0.0238767888009678,-0.173205799906634,-0.0995965152992821,-0.423979186732326,-0.123763326427233,-0.020204875350528,0.0952975494575195,0.223639450769245,0.00849956834031028,0.33708287494424,0.0717350444251536,0.617911775271012,0.260240979584573,0.213604256902697,0,0.625337910999716,0.00496683871873314,0.607365652674184,0.165017059864587,0.492619521663334,0.634379318254591,0.924640312001977,318,"ENSG00000287918"
-11.5287156989669,-0.217708030726275,0.00182676311735562,0.0776561222892782,0.0449237566031763,-5.48564560709859,-0.171000695796063,0.0649473252729206,0.0384960664489677,0.0865186731023099,0.00331182756462122,0.138897566758589,0.0305745688280889,0.29839480469856,0.101370857327169,0.089490093406121,0,0.0118589934241785,0.581230913414295,0.576100880415844,0.141746625263497,1.7694933193941e-75,0.0916260035548745,0.467992797595338,319,"VMA21"
-14.5309596591446,0.208407800274853,0.0129626271168864,0.0105742959030578,0.142599819426962,-12.2877789690184,-1.36137788690861,-0.0328627220609019,0.0860429312691048,0.188917617968063,0.00789871216482719,0.311699516616731,0.104668950655102,1.04113600837979,0.215640039637106,0.204702803958121,0,0.269954377102905,0.100775329639258,0.972937239463894,0.173075176231963,3.79875935670727e-32,2.7333054232237e-10,0.872456738648012,320,"CETN2"
-11.6599998282005,0.298871570150402,-0.000246541314147103,-0.0439164439492288,-0.0431164400868181,-1.44340591274281,-0.113816350230973,-0.234130804440289,0.0196804191569983,0.0463317611401119,0.00173528219348215,0.0787033127751382,0.042481131220772,0.3614471216822,0.0511704467288818,0.0541254796201626,0,1.11346138189631e-10,0.887020265836467,0.576844423901635,0.31012723890264,6.51302912652305e-05,0.0261309925565862,1.52045471593426e-05,321,"NSDHL"
-12.9143233736783,0.304237074151394,-0.00386041752280573,-0.310840238782708,0.0408865522153195,-0.86132028633024,0.205521349712256,0.117200741196219,0.0688540659017703,0.164153772622871,0.00620781210726036,0.253977642000494,0.0646919805292183,0.702203721912781,0.184363632892535,0.161668624492329,0,0.0638298707278512,0.534031017492649,0.220994406093502,0.527374549059608,0.219974468094699,0.264952941564141,0.468486227195451,322,"ZNF185"
-12.7268623078712,0.538643050702379,-0.0097288923059464,0.293019816255973,0.00164337439651741,-3.55575352173593,0.189282398318806,-0.362614991147295,0.148504181473861,0.394787619938231,0.0144174788915998,0.526363194420384,0.0524888337916593,0.554991724863775,0.444360535395251,0.329117752567481,0,0.172445833622379,0.499803829835793,0.577740951735009,0.975023090185618,1.48548437939935e-10,0.670132754742082,0.270557811271491,323,"LOC124905237"
-11.7738340393747,-0.0269519159728768,-0.0031583005063458,-0.0283799079411758,-0.0169271285326811,-2.91345674837729,-0.106312705284237,-0.0969487047045269,0.0328528592460647,0.0775326603505626,0.00287251075257296,0.122310829018856,0.0386443388401429,0.365052327517384,0.087429106778448,0.0797949503442582,0,0.72812546226105,0.271553838134592,0.81651391101287,0.661369248625561,1.45235862116854e-15,0.223989665008392,0.22437641566891,324,"ZNF275"
-14.6031599940206,0.410040929105572,-0.0196651285731371,-1.00893533228316,-0.176716686989487,-1.79440913488704,-0.607166935679972,-0.381874017316199,0.0832988597179097,0.195946598694222,0.00748363200451516,0.286645495459774,0.196169198294305,1.27434897749941,0.218719209140148,0.209148087127784,0,0.0363834737778401,0.00859511660296862,0.000431869382957496,0.367674409205542,0.159101846793877,0.00550303425625379,0.0678721516771575,325,"HAUS7"
-14.073659399899,0.115238529483195,0.00363168322424706,0.637018675724874,0.302766957692435,-12.9688706339748,-0.147083566943535,-0.236171121079812,0.0994502673241538,0.237652304785347,0.00862788615022239,0.383082667657014,0.0709172209662551,0.904844241013684,0.258476799127859,0.252237079342664,0,0.627744515653183,0.67381067460661,0.0963374153643049,1.96086563798899e-05,1.36679979214019e-46,0.569329180819333,0.349115598054526,326,"ATP2B3"
-11.1130931656508,0.624796402562123,0.000514774567985967,-0.298947269920652,0.0108859849417682,-4.13746352529755,-0.285215203020265,-0.238396751388488,0.0526830684778885,0.124304306086209,0.00465783645848797,0.178820609574422,0.0268432387031856,0.236993847879985,0.14008731224761,0.11893306029771,0,4.9991461217158e-07,0.911998609723082,0.0945693102170767,0.685081226790882,2.98684621887109e-68,0.0417521937084323,0.0450206372410419,327,"CCNQ"
-11.5677531129111,0.219584313378419,0.00245694977167431,0.568961752618352,0.0850464717400813,1.79936043248691,0.492713689922194,0.303810480750165,0.0524327455576307,0.120978472681746,0.0046618848645851,0.196655396329502,0.032832443104164,0.3733401950172,0.13842788722578,0.119972422778411,0,0.0695132582573288,0.598173263296896,0.00381348515273112,0.00958872809528936,1.4382697161051e-06,0.000371769817528597,0.0113305371098375,328,"PNCK"
-9.8156136042139,0.436051917708175,-0.00145535045485937,-0.447397022319008,0.0219161235106352,-3.76918177746914,0.167102673065738,0.326964284047584,0.0487331643471316,0.11115007663068,0.00419139468620576,0.160097782939641,0.0135727650423183,0.133112606230832,0.12866558758197,0.108907471506283,0,8.74199413671706e-05,0.728423467211389,0.0051976257342475,0.106372807500522,2.21221534051986e-176,0.194034431556307,0.00268017637717138,329,"SLC6A8"
-12.2235612473345,-0.0824650109774332,0.00262720487086871,0.199651078670447,0.131158018128188,-10.7784309438558,-1.37351684579164,-0.15978152297136,0.0438136149084272,0.0985436877694566,0.00385198251977945,0.155267419393947,0.0360805839719376,0.365036863518725,0.114997301928854,0.100673885169101,0,0.402684156991171,0.495213869496504,0.198494365532758,0.000277828399785657,1.2977894381601e-191,6.98644359064182e-33,0.112485499714511,330,"BCAP31"
-13.3125272461985,-0.172236509202611,-0.00108069894904919,-0.100810831859654,-0.0808631881424287,-2.81316257539153,-0.0770783065239332,0.355945163845086,0.0510573987818323,0.114018139571089,0.00425352886743893,0.18469508485214,0.0924179866065858,0.731488429369758,0.13470371603208,0.129183835851181,0,0.130888811928841,0.799440595128466,0.585187587198943,0.381588919800895,0.000120156816141303,0.567182262266439,0.00586314871205011,331,"ABCD1"
-13.3130125863367,0.125514430680377,-0.00131340984134476,-0.0768616435108663,-0.186472241553956,-1.47517362157766,-1.00381842652622,-0.423381668446757,0.11094998103925,0.271851635599898,0.00994672805371695,0.389685812991442,0.115475158931774,0.820230138630723,0.315332415570701,0.24935963637436,0,0.644295071417449,0.894949164836148,0.843639702298098,0.106348469993057,0.0720997935246133,0.00145573578203447,0.0895312235197485,332,"PLXNB3-AS1"
-10.104087660339,0.122760999071826,-0.001981067453074,-0.269734524833563,-0.0248620047998501,-3.04782221775613,-0.204714484850631,-0.632933975445748,0.0467738085310978,0.10661992973474,0.00411229162042739,0.155133467170021,0.01600978910671,0.151388653065951,0.125614131893165,0.102835360019663,0,0.249572295820202,0.629988568604251,0.0820830475619567,0.120441007872952,3.83670184244783e-90,0.103163008297946,7.51589174210986e-10,333,"PLXNB3"
-11.3962810922383,0.0969165455213721,-0.00159465544457617,-0.194121747804044,-0.01048797814039,-0.975544191358442,0.034363846263593,-0.0418898379121218,0.0530709719004847,0.121913587633033,0.00447441118530485,0.186858985905668,0.0318993079137915,0.31169187729645,0.140028048414343,0.120596068165341,0,0.426636198349664,0.721545163198468,0.298866312796503,0.74231905023092,0.00174904430376691,0.806141403558977,0.728323448312578,334,"SRPK3"
-11.9440648883177,0.0366684376336889,-0.00518833538843902,-0.0945151560936305,0.0263502338019852,-4.06726121337153,-0.56724538540126,-0.349989405132447,0.0408569504007405,0.0958370368162114,0.00362403253734763,0.14654493057403,0.0382162474581141,0.349591900425891,0.108839163517053,0.0949406046602888,0,0.702007182765549,0.152244865321409,0.518955152149278,0.490506513884284,2.75805257843886e-31,1.87040892287432e-07,0.000227445369246993,335,"IDH3G"
-12.1734858354711,0.0633277242197449,-0.0101202976208262,-0.240460124607116,-0.048604777430075,-10.8766669484714,-1.57646510217012,-0.828288547490466,0.0543060750287705,0.122597186663002,0.00487341316993201,0.184268169398163,0.0451495764304919,0.315904591040868,0.143525409941703,0.120927542150907,0,0.605469487099132,0.0378353118666792,0.191911025382272,0.281691242623333,8.90196583616146e-260,4.56897530135606e-28,7.4128481324846e-12,336,"SSR4"
-14.2854289052123,1.26715793854687,0.00607911029606216,-1.59844158766081,0.192132081086643,-7.42514554524619,1.23779500276891,-2.77816954168723,0.210655292401653,0.539912852696834,0.0191382695241,0.699466779814959,0.0439219574599475,0.50141817041823,0.644557237184221,0.499326632886318,0,0.018926903696272,0.750756825050017,0.0222994188522348,1.2176857263839e-05,1.29493336299189e-49,0.0548098835359838,2.63913903677791e-08,337,"L1CAM"
-14.3938883807833,-0.00173042759673768,-0.0034859615447855,-0.643941405309433,-0.120121941331153,0.845322866765351,-0.795610941695793,-0.717080827920672,0.10234602043143,0.25295125254189,0.00878441191127556,0.363109697709341,0.177237350074485,1.28396217220484,0.293232426859319,0.24968271024991,0,0.994541751897949,0.691489185792189,0.0761612326311706,0.497932625068468,0.510300061772845,0.00666281510008865,0.00407923889396041,338,"ARHGAP4"
-10.9666528573224,0.138404974213712,0.00503597409347209,-0.0103043865008018,0.0217354801181458,-0.857905866003449,-0.297346909993989,-0.278556404363733,0.0394041746848861,0.0905281147861947,0.0034296748496372,0.141405295248091,0.0252351020587421,0.244891882000431,0.104127512604113,0.0904298662848909,0,0.126298714259643,0.142008302798806,0.941908539190051,0.389062215854694,0.000459699754151026,0.00429550930888,0.00206751591697709,339,"NAA10"
-11.5654753936787,-0.0106071971017151,0.00879421649121413,0.390920527038219,-0.0243862991596569,-2.39190246190595,0.114825063398368,-0.246327783841848,0.0634582048516586,0.151857069947496,0.0055861717388211,0.225263688005459,0.0315097819085175,0.322516960687375,0.171946747320645,0.144748224166927,0,0.944313150899061,0.115421984883405,0.0826716122128891,0.438973432964122,1.20381383917793e-13,0.50426488461889,0.0887990126573785,340,"RENBP"
-11.6104195985985,-0.10270449713093,0.00500572205358111,-0.149029754235495,0.0335239275555605,-3.12524939566884,-0.0571451445047666,-0.0470456768964233,0.0391030833854002,0.0872478314201217,0.0033794055375477,0.141447649025075,0.0324632666963133,0.31532433347177,0.101386111176073,0.0915210335890547,0,0.239132382976554,0.138541732445542,0.292064433796925,0.301757118190544,3.72068111804133e-23,0.572999985741106,0.607222460529456,341,"HCFC1"
-12.8173799943341,0.215286205225829,0.0027702211595655,0.303473296975595,-0.0114075455562595,-1.31465092690873,-0.19451077810509,-0.281697690718484,0.0469775324540502,0.110612286327313,0.00411770684043374,0.18968794205067,0.0664381120123087,0.607665853406049,0.123017174906367,0.117844685859492,0,0.0516170722151319,0.501101116360948,0.109630643691597,0.863671945370069,0.0305070613606596,0.113839708597427,0.016829349690331,342,"TMEM187"
-12.9980303202632,-0.0722798309694488,-0.00282193175601507,0.00272044268252369,-0.00794255913156539,-2.93745452865607,0.0934317490379983,0.151144327430233,0.043127180728037,0.100104824269447,0.00372543131591438,0.161851229176558,0.0655189595865403,0.605316497105636,0.11390765848197,0.111498866856623,0,0.470269003009667,0.448763622744174,0.986589554960396,0.903512541870701,1.21756175276377e-06,0.412078646472899,0.175236569248137,343,"IRAK1"
-9.40307955397161,0.0510912262725575,0.00109517950900764,0.00535853898853187,0.029232729357341,0.213322148511763,0.000984088417513215,0.000606456442977795,0.0235559883719416,0.0542150677349585,0.00205676456748064,0.083158363044592,0.0126973457979138,0.131419172457249,0.0626781963916497,0.0531555157593597,0,0.345997832846466,0.594395774383264,0.948621661016928,0.0213199015068521,0.104542514988003,0.987473208521446,0.990897055022029,344,"MECP2"
-14.3326371681877,-0.357258763096518,-0.00866514406927231,-0.506273574239027,-0.108739412099046,-1.00987601592242,-0.2709147921753,0.748649302991698,0.179206308433236,0.414364428515171,0.0187370666493328,0.705650232857668,0.138039982438245,1.1740342818712,0.524738714690619,0.387917563162459,0,0.388585764750314,0.643751472055711,0.473092268808446,0.430849666417737,0.389692077534775,0.605655284796657,0.0536169299668296,345,"FLNA"
-11.7203776323288,0.0566433479931887,-0.00425897805661635,0.0706705320712361,-0.188321037355274,-5.24491649343526,-0.0727316103647697,0.00233009506083854,0.061393748762644,0.144871162224903,0.00530203647736278,0.213805103132454,0.0432791341178914,0.303258710597243,0.168923566373098,0.135832577468521,0,0.695803748549128,0.421817471371505,0.740994117561405,1.35325015843027e-05,5.11356770735649e-67,0.666788849252664,0.986313624224443,346,"EMD"
-9.88735664611313,-0.0841233862543725,-0.00231676427914627,0.338086821604378,-0.134447244491865,-8.7324227667559,-0.518346455723314,-0.360869857020723,0.0450195355658324,0.105110367374501,0.00393159943271752,0.150854207693736,0.0164791555607793,0.129539688607914,0.12363431953807,0.0979567048256079,0,0.423517389012697,0.555681755856389,0.0250163972566881,3.38860944004291e-16,0,2.75802919129829e-05,0.00022962656327076,347,"RPL10"
-12.881837465531,-0.0559770730244711,0.00581182857622432,0.252604846345216,-0.119557756600886,-2.67432885901753,-0.297139818651258,-0.410267143009568,0.0408496249098539,0.0937565598701523,0.00354464030701262,0.159891313342645,0.080549656609862,0.605587041188765,0.106001523433646,0.106964481490832,0,0.550476000051053,0.101086230742874,0.114140426939268,0.137736259542058,1.005007319519e-05,0.00506036867798317,0.000125285873412536,348,"ENSG00000280195"
-10.1663063641546,0.101096793032524,-0.00314362713372115,-0.0714045172245081,-0.0155139833373508,0.00176483731944656,0.101652945645598,0.0992516502508706,0.0213683342095658,0.0492229274370106,0.00186961506176536,0.0779649441707889,0.018175644826321,0.172285514524617,0.0565998043868302,0.049174197913534,0,0.039989654256571,0.0926793933589563,0.359743400633766,0.393349441388579,0.991826870487985,0.0724953685285195,0.0435529013525925,349,"TAFAZZIN"
-12.7131002884681,0.221568190343428,-0.00116727839595511,-0.0293783064427787,-0.030180729257723,-4.71012993547392,-0.311251653520392,-0.314510765691436,0.0324312135927961,0.0768548476144081,0.00287987947763457,0.127142468488264,0.0619812526747394,0.527553209082286,0.0842415066171864,0.0878096968456674,0,0.00393977985770823,0.685240866239811,0.817263499021721,0.626305675487186,4.32778467958598e-19,0.000220099673042778,0.000341324367323117,350,"ATP6AP1-DT"
-11.3774884251321,0.0519741069620421,-0.00557397386153928,-0.15163572543489,-0.0720283197681625,-9.29056277771812,-0.633032071120374,-0.198356172004892,0.0509801763036779,0.112769675778933,0.00452192975085646,0.172685995197462,0.0312734379255402,0.23036678766814,0.133251247605668,0.113172015756899,0,0.644879492014155,0.21770495787561,0.379888972049501,0.0212687841541309,0,2.02748531785202e-06,0.0796541530997423,351,"ATP6AP1"
-9.70089149500218,0.0361006273331102,-0.00455678659012862,-0.227210119353111,-0.0255291278423799,-4.7520028932272,-0.242636861567413,-0.097782862099249,0.0262440143544582,0.0589593979102081,0.00227255622006008,0.0898348477978257,0.0133888167166064,0.117594230101606,0.0696037391271149,0.0583755789968497,0,0.540341668308693,0.0449484015539797,0.0114323505552443,0.0565529536957064,0,0.000490347695169839,0.0939215703263431,352,"GDI1"
-10.4752867722035,0.0982821691290167,-0.00490584668642988,-0.0550589420985771,-0.0041351277726024,-3.74405710808621,0.238809892654511,0.19956224867337,0.0451868716675964,0.0996422585081819,0.00400518096889748,0.156376022349304,0.0182249624564105,0.183257667494833,0.11718988034851,0.100232557874568,0,0.323961256692831,0.220622260250648,0.724768329605164,0.820506460356572,8.94666034916454e-93,0.0415696357555715,0.0464817362667459,353,"FAM50A"
-12.2345630261104,0.313537848404358,-0.00830756041796259,-0.119180943856595,-0.0101356602236422,-0.866742502642419,0.505671765350396,0.166913125205291,0.080277627267631,0.181962800752461,0.00697173795763049,0.289618018273863,0.0440141846309264,0.439541867783053,0.218434680300755,0.181719834679124,0,0.0848726821091625,0.233416016756883,0.680698019968408,0.817872898116745,0.0486184533326237,0.020614064424825,0.35834720385671,354,"PLXNA3"
-12.71741635869,-0.2993524474341,-0.000405527270599296,0.250887240745556,-0.0842978897622652,-9.52364686474879,-0.637589526067962,-0.762058958018629,0.0327117062872057,0.0728203493295409,0.00283210005282989,0.120464983409483,0.0585585754725335,0.459784565546117,0.0798932855278915,0.0894686500039378,0,3.9423069602622e-05,0.886140444053399,0.0372824997413215,0.14999527429085,2.62924567351223e-95,1.4572454354208e-15,1.62881351388507e-17,355,"LAGE3"
-13.1570485354151,-0.119475735998176,0.00157617180557099,-0.115269056623908,-0.0634042898306839,-7.47297436010893,0.200410075308974,0.310280950769177,0.0406945033127414,0.0910082742366885,0.00337840998440504,0.146233570956768,0.0687463905879932,0.575813174638964,0.103970375278336,0.108376474366459,0,0.189250077538617,0.640827241252418,0.43054871092255,0.356375953824137,1.62821415111927e-38,0.0539087542738038,0.00419661505239658,356,"UBL4A"
-13.508393006536,-0.0786415263082121,-0.000856021442258121,0.0422858045389086,-0.273689875854402,-5.02666691879509,-0.0886195949746416,-0.285304893510721,0.0599529103523187,0.143756508481232,0.0051244965998601,0.226581017888437,0.113474324594835,0.747293214974639,0.160991597992187,0.152289150419546,0,0.584346635731666,0.867334655619193,0.85195424149135,0.0158691914900676,1.7379407283821e-11,0.582003223898334,0.061007372160438,357,"SLC10A3"
-10.9323965636008,0.0986351804189273,-0.00241034434548455,-0.0534819912916581,-0.0400181299969107,-3.77856479276518,-0.055915189389074,-0.0678374950762016,0.0286844777029206,0.066273412827179,0.00250918257969576,0.104753012672155,0.0251097464485944,0.219450554260344,0.0764033199068399,0.0666065887697125,0,0.136669964896899,0.33674860591676,0.609663917026164,0.110996755762714,1.93601841849599e-66,0.464264763304718,0.308449782721113,358,"FAM3A"
-12.0203790913853,0.0431478101693455,0.000508757843018942,-0.0121148681640631,0.0400476359410237,-3.19524922154371,0.10653405205484,0.0902286669445399,0.0283138748828889,0.0650545824083496,0.00245208169289694,0.106543393528037,0.0376714937082799,0.37916429748237,0.0738784551873764,0.072316715989107,0,0.507166925816928,0.835635031744684,0.909469032679349,0.2877477870528,3.54386769130768e-17,0.149297334484043,0.212145498599706,359,"G6PD"
-11.7487969860625,-0.0123010053804759,-0.00234295290432869,-0.127031850178795,-0.0604324485008027,-1.9940678636973,-0.349665342357546,-0.425916079749352,0.0214089432390741,0.0499450967547791,0.00189176856996477,0.0807083515249932,0.0416770269206882,0.334397348228252,0.0558699433426713,0.0563781098811693,0,0.805457324214531,0.215531205823151,0.115496315593631,0.147053437698076,2.47392481488042e-09,3.88550649146143e-10,4.20033942372057e-14,360,"IKBKG"
-11.7351103422065,-0.0493027115746628,-0.00108314552377013,0.07231159491655,-0.0486990851938286,-2.52716966460555,0.0282995407098809,0.075110583528813,0.0190070625808509,0.0429969682511552,0.00159001934407863,0.0730687192775494,0.0404551449284271,0.347856459501089,0.0493870717139073,0.052929523536129,0,0.25152401496153,0.495735260576224,0.322350997610061,0.22867470946852,3.73097885071588e-13,0.566634430623909,0.155879244920563,361,"DKC1"
-11.777703201248,0.0770073884177394,-0.00363522905997445,-0.101364329487813,-0.0655936504748797,-2.92600591822713,-0.0994737826768954,-0.0163318735819622,0.0382747937651999,0.0868525365101885,0.00328996659090915,0.141387202130149,0.0431933176555054,0.350014798227762,0.100616193246244,0.0906841413479585,0,0.375269926945641,0.269183826853289,0.473419024029271,0.128861588462979,6.2897423423976e-17,0.32283644126739,0.857077008354056,362,"MPP1"
-11.6406520956455,0.0347068048343081,-0.00664262586582341,0.0159578817401679,0.094921734117192,0.0645064988598715,-0.0787751061675581,-0.134225882355562,0.0454636270234861,0.107954456504722,0.00397130299356687,0.169050829027669,0.0419223965720285,0.442019084598604,0.122028712578104,0.106509294073944,0,0.74783539310816,0.0943949323599555,0.924793842835304,0.0235602859606865,0.883971908828974,0.518573636841992,0.207587505040896,363,"F8"
-14.2506068468169,-0.185872890496337,0.0061715965421024,0.424475901166784,0.0246644973082266,-5.09453935947029,-0.679944593494002,-0.377253278207795,0.108204630575159,0.239920987055639,0.00943681571575357,0.419556851883354,0.12057228915215,1.02445802577553,0.273925630536275,0.256439768571094,0,0.438501919451002,0.513117331223972,0.311669849150222,0.83791442038178,6.59546881503614e-07,0.0130565412188472,0.141259082732664,364,"F8A1"
-11.124691301074,-0.0926181540170717,-0.000827348176988547,0.0734765686191489,-0.0870683788034272,-3.19843781136009,-0.375283684634743,-0.317343499647703,0.0127959746272498,0.0292516396507409,0.00109440123818108,0.0500703531189741,0.0335177739959512,0.263853077260815,0.0329387968480656,0.0373897899882732,0,0.00154415295483868,0.449659691937911,0.142249180812906,0.00938565042828956,8.07234980323683e-34,4.51228754029916e-30,2.11243576855193e-17,365,"FUNDC2"
-13.5432539464106,0.120594446751687,-0.00231297848785787,-0.135142100883213,-0.0826617076870951,-1.3943334009368,0.130637957204797,0.309791019094135,0.0460106300612484,0.103711997063391,0.00377535057760446,0.171532661223811,0.103561085306108,0.821568767322345,0.121955102149884,0.125243908032829,0,0.244917948789126,0.540106045728537,0.430784130860443,0.42475864282312,0.0896664722924586,0.284080795198913,0.0133796168574299,366,"CMC4"
-12.7793060452317,-0.178483952142125,-0.00621038562963484,-0.130622441871008,-0.156012864831877,-3.07389890845895,-0.916846835555988,-0.798275108655121,0.0285713653351138,0.0652872765019652,0.0024596843279106,0.103467063355842,0.084142570933002,0.547848232476123,0.0736014243668909,0.0801895560751828,0,0.00626034136706796,0.0115740765905551,0.206785350961294,0.0637178442726292,2.01325343147412e-08,1.28232701272448e-35,2.40181604732609e-23,367,"MTCP1"
-10.2732241501221,0.0141651978561565,0.000936616893954126,-0.0474625987373625,-0.0144476952143745,0.549598970548347,0.0883577725264608,0.0448581395387894,0.0153097178046667,0.0354852748044796,0.00131936856506384,0.0585251760368887,0.0227532023443785,0.218814302579988,0.0403856167943786,0.0385783550652688,0,0.68975671979681,0.477767490252739,0.417378613698687,0.525445277491159,0.0120146378984022,0.0286803484933294,0.244918775409352,368,"BRCC3"
-11.2576384764701,-0.100690245473273,-0.00397336874844138,-0.034813131036592,-0.048328123015586,-6.32615118766049,-0.378712988553516,-0.203609026913698,0.0405408444568069,0.0904404815754394,0.00354201419721114,0.14279097351742,0.0310477149794085,0.253176884595064,0.106896997265995,0.0915582748153275,0,0.265566042367368,0.261955023882838,0.807381968479367,0.119571223679164,8.44776708807201e-138,0.000395926611850245,0.0261606276402222,369,"VBP1"
-11.8269297902156,-0.152558210984297,0.00315398796327017,0.0624072339373696,-0.0312125219527731,-4.18496112452269,-0.0658344936053735,0.0295758884475546,0.0311215800375642,0.0711989592287081,0.00265822398498214,0.115511461119037,0.0402632010573923,0.357230093759057,0.0813284036158739,0.0773176850240745,0,0.0321369685049556,0.235424128656736,0.589011698875983,0.438214320219674,1.067539411326e-31,0.418233605921769,0.702072555027463,370,"RAB39B"
-12.8366697140583,-0.162005814558727,0.000324253088533214,0.166039377899072,0.0730617294835549,3.02604164546625,-0.216525793194395,-0.259554594473386,0.0466234341919795,0.105332765650253,0.00407257561184584,0.182919217245867,0.0760032760396836,0.776820077354682,0.1211757669605,0.120864562835611,0,0.124039281229254,0.936540539038244,0.364026330414465,0.336402801439524,9.80281002476511e-05,0.0739579012745111,0.0317548488427412,371,"CLIC2"
-13.9030777658433,-0.00746845196695058,0.000847290216893962,-0.231500973135762,-0.250288621319751,0.975252051504028,-1.19715113850245,-0.876702179853934,0.0420988909900412,0.0942993124557602,0.00368435804453662,0.154884938644646,0.191484485729259,1.03068087846045,0.110113458375882,0.119176808344874,0,0.936873996521197,0.818115419515267,0.135002101518451,0.191180081310494,0.344035798114622,1.56764140582629e-27,1.8905614853861e-13,372,"ENSG00000224216"
-11.5090265180872,0.0667201666571886,-0.00553241015063243,-0.158660527298432,0.0130468129534313,-0.331391793075993,0.0983450872113039,0.208509750873243,0.0579753272109114,0.134377255462315,0.00510273698442062,0.213108744284417,0.0577612713239733,0.55645485483128,0.151672511923764,0.134617114518792,0,0.619531927635981,0.278274158622739,0.456571012804271,0.821298833775771,0.551481766480752,0.516723582451296,0.121403435241916,373,"TMLHE-AS1"
-10.2930190604699,-0.0970629806125869,0.00127397137626625,0.182303053499736,-0.0424712277432679,1.23086685173171,-0.24313114989129,-0.293449887312143,0.0233745481140721,0.0534424167452412,0.00206132638932602,0.0881891718446805,0.0269288373206481,0.242694900378464,0.0611775236572562,0.0554211842458955,0,0.0693372210122319,0.536552420541449,0.0387170238144891,0.114757495469969,3.94353382817811e-07,7.06189451771408e-05,1.19078513775468e-07,374,"TMLHE"
-10.7191826619937,-0.154329441059908,-0.00578490213689767,0.0661462029819608,-0.0622063484340291,3.15275026496389,0.0972968289781075,-0.105763756341368,0.0273864589252048,0.0635972287995858,0.00243116109774352,0.107503715688028,0.0436204919070355,0.437889473456367,0.071556057578965,0.0708513988673119,0,0.0152381398221173,0.0173370271445396,0.538361735549681,0.153845004085714,6.02669845324836e-13,0.173915775564558,0.135501417690425,375,"SPRY3"
-10.5393686885434,-0.0256654476914636,-0.00228594903835124,-0.0057523473256791,-0.0737133914246809,-1.49997629662914,-0.232843654406709,-0.236367115818799,0.0167139804667418,0.0387365588849031,0.00146125958900387,0.0635464450831213,0.025973699948856,0.220793058270544,0.0441475126138035,0.0417407530869614,0,0.507609861242795,0.117730962749592,0.927872461968054,0.00453970130524695,1.09381127495605e-11,1.33322549257126e-07,1.48973057876355e-08,376,"VAMP7"
-11.5921076058393,0.0583568757251255,0.0042444375681114,0.0367542575563305,-0.0424484795212456,-1.45492769031704,0.883498095222804,0.920001523725124,0.0376539749161772,0.0854046287343519,0.00322383393586139,0.140390615756001,0.0309224437978507,0.292493898327358,0.0986901134359855,0.0876406031323342,0,0.494418086352999,0.187979208687736,0.793475670087113,0.169833148865315,6.55123901717245e-07,3.48324162286464e-19,8.87593028067998e-26,377,"WASH6P"
-10.5956231033433,-0.0887167504048921,0.00266545749116386,3.10064018657938,-0.112025156708855,-0.925687644631279,-0.125375063069125,-0.449338250164244,0.0274872305665819,0.0623086504451906,0.00242363911336377,0.151167048968247,0.0247449349846046,0.209888497634221,0.0725750617228614,0.0631877058063862,0,0.154496504009033,0.271430206117452,1.70497450417968e-93,5.97716567516087e-06,1.03190257240525e-05,0.084073840673974,1.15066836150889e-12,378,"RPS4Y1"
-14.3996917610722,0.129323589642199,-1.28931199859136e-05,2.14886808050728,0.0501974455548114,1.82180587222772,-0.427097805741013,-0.262675533048607,0.060764580883781,0.114346643454768,0.00452396937221573,0.513495555964119,0.14154656129004,1.32155056711518,0.139050595401697,0.156332904574146,0,0.258064161590467,0.997726066070512,2.85437155812349e-05,0.72286262436868,0.168037664884004,0.00212966145224399,0.0929122052935465,379,"ENSG00000278847"
-10.6526632880087,-0.0643673918292903,0.00466948615363192,3.58692876462273,-0.0365285605562193,-0.918928495064799,0.126098554809906,-0.00204791148475403,0.0338015082254207,0.0769206187820109,0.00300914455955366,0.189521053711319,0.0260674563758484,0.266303175491506,0.0893194748822863,0.0775478795865866,0,0.402703403865295,0.120718388134994,6.92841588765255e-80,0.161121698719058,0.000559164839200975,0.158017695316077,0.978931634765613,380,"ZFY"
-12.7636343668718,0.111184799923323,-0.0116392447054658,2.27831556894478,0.111318935467459,-5.91371923399953,0.406869427091371,0.579345033995522,0.101893143300965,0.247214303762547,0.00892313244764771,0.471880807773906,0.178401086343071,1.80405524423099,0.288052299116213,0.269617692817966,0,0.652890227614667,0.192100644078141,1.37801051708877e-06,0.532639889257123,0.00104540028606078,0.157807331597474,0.0316530413205825,381,"PCDH11Y"
-9.13413835250799,-0.243077848567066,-0.00792814998714554,4.78069226955574,0.0777413012005873,1.58095816416092,0.243559344333604,0.00672857026922741,0.0675635066489092,0.173507470746628,0.00616959096842954,0.280566118458444,0.0152648296164927,0.167415533848465,0.192401725601311,0.152583843277622,0,0.161224617501079,0.19877950671521,4.18652061594619e-65,3.52743470299862e-07,3.61157150554122e-21,0.205552608684464,0.964826663407362,382,"LINC00279"
-10.6552910545532,-0.306759677097364,-0.00450613768937118,1.65939913693704,-0.0267106821520858,1.57686119411942,-0.422533349403263,-0.137079148385776,0.0820646796372007,0.196788945716305,0.00745098047886377,0.300520094797631,0.0295155882488811,0.288158046652966,0.227783492312012,0.181836011619409,0,0.119037626404911,0.545331095991739,3.35625177534263e-08,0.365481994053105,4.44459013728065e-08,0.0635993792946824,0.450932456961155,383,"ENSG00000291032"
-9.26228842663692,0.022562855290863,-5.34520348586287e-05,3.54545352924949,-0.0383191007766318,1.29209488005885,0.0115910899010586,-0.0132555106109344,0.0245063531347589,0.0547124315657138,0.00219869627350214,0.120879335827673,0.0152823867018475,0.146054163711718,0.0637958897783667,0.055034389760615,0,0.680053650007469,0.980604709591214,4.2349097856916e-189,0.0121621991430936,9.01590683919265e-19,0.855825833512202,0.809664646052005,384,"USP9Y"
-10.4949211726377,-0.257798809851512,0.00576517144191642,3.50455766226507,-0.0411351934548807,-2.20095571294361,-0.0880326447231498,-0.0450744182113593,0.0617432155277116,0.139847980457581,0.00549550703218348,0.260033397969546,0.0201540306024895,0.183682257763256,0.160182631393348,0.140612390977887,0,0.0652674558663257,0.29414591238346,2.12644974564532e-41,0.0412467979453114,4.39374354768564e-33,0.582609731794767,0.748545416711446,385,"DDX3Y"
-7.84249067464636,-0.0112136427183846,0.00076278692382593,4.15921925419705,-0.0385545213916258,0.535567172123282,-0.046821322932021,-0.0406171916736769,0.0169331756602231,0.0378843945502866,0.00150326835295064,0.0815885573781132,0.0067435273655465,0.0653759639498969,0.0443789623941303,0.0375316129933811,0,0.767232864625445,0.611860857326661,0,1.08253324341065e-08,2.56683128556685e-16,0.291409685209261,0.279157985853371,386,"UTY"
-13.70324659047,0.0102767366432445,-0.0102454063410803,2.71376047800835,0.0499420631502486,-1.99726414960914,-0.663418666099988,-0.628112072243593,0.0526854593241082,0.105289085897304,0.00433753478162236,0.436574700856842,0.090740474105061,0.843345710370609,0.11996879985243,0.127522573726276,0,0.922245988627368,0.0181749558982847,5.09897733805687e-10,0.582056337534558,0.0178718432872361,3.20364675399695e-08,8.41461413382102e-07,387,"TMSB4Y"
-8.95890400382823,-0.00309301074396728,-0.00407243924404094,4.15433022470414,-0.000872411439420907,1.77720206408181,-0.0443437392857123,-0.0494556888636305,0.0244286427535605,0.0540693232624993,0.00219392430006358,0.127578335086983,0.0137637378533215,0.138576878588512,0.0633676450654333,0.0545193166759475,0,0.954382262002607,0.0634200582569152,1.37182277546707e-232,0.94946010994223,1.19300880827155e-37,0.484061467592227,0.364342117710528,388,"ENSG00000290853"
-8.45632004322474,-0.112117641797006,-0.00303526933920098,4.03308080962276,-0.0103120751264552,1.41782131975098,-0.0584946036249837,0.00687694219495872,0.0188622560570683,0.0425590077539655,0.00167428894734524,0.0957288832889816,0.0111796438983577,0.11715420921132,0.0494992887717938,0.0424882786187788,0,0.0084285008857095,0.0698517696720675,0,0.35632129460341,1.02843340843888e-33,0.237314381406629,0.871420005803946,389,"NLGN4Y"
-9.24907534117301,0.0433695122163235,0.00215138661931854,3.72300092607282,-0.0258791980321036,1.66981116660429,-0.0531029607291776,0.0729394598362925,0.0351915402751635,0.0802836317116267,0.00317391020203201,0.15655637484032,0.0209342691812364,0.216061727089923,0.0936880014335789,0.0793542364695326,0,0.589056584355225,0.497876477028579,5.30576753503905e-125,0.216379713464691,1.08907812376636e-14,0.570845708029653,0.358010440969523,390,"TTTY14"
-11.4365171954658,-0.0218300437476437,-0.00236953213267486,3.38298052464425,-0.126921139802712,-0.491751042595921,-0.099641008537392,0.00110872384477923,0.0397332941171584,0.0867941924329755,0.00351473613828847,0.242439700354363,0.0414961607151883,0.335937661138008,0.101840905761336,0.0904013972450444,0,0.801415944819752,0.500202793361408,2.97841352201319e-44,0.00222356273135895,0.143244132547066,0.327877177065922,0.990214626232546,391,"BCORP1"
-9.7223504631053,-0.133192075185311,-0.000787021781192722,3.93306222359936,-0.115090619146807,0.0990254300437949,-0.220577348860335,-0.29355718968119,0.0281530758060159,0.0617916116510434,0.00247775259311327,0.150020045689022,0.0174910325947949,0.1475666267214,0.0731438356435727,0.0620721209765516,0,0.0311224044325193,0.750761565791869,1.70486445171329e-151,4.70516169105545e-11,0.502185029177024,0.00256415878692515,2.25304065166568e-06,392,"TXLNGY"
-13.9848873326983,0.105636753559488,-0.00331572857053669,2.94597469894035,0.0476254345145788,-1.89040912820217,-0.680874500532727,-0.383043120810056,0.0623818065611572,0.115884253100802,0.00458046040391125,0.597146147927222,0.108081556453813,1.01411419547203,0.136450529207014,0.14082922977103,0,0.361994462102141,0.469136072723089,8.08007944750963e-07,0.659471111138766,0.0623078208801051,6.04105465474875e-07,0.00652992792814284,393,"ENSG00000260197"
-9.59437563080449,0.032009658277164,-0.00132724670783486,4.16971340014687,-0.072277308573273,-0.698459311561017,-0.0429674414786999,-0.207701697163194,0.0215395992822444,0.0467493318013016,0.00189685233439174,0.136987998021011,0.0136079498188596,0.121064908386128,0.055348316532743,0.0469742790607997,0,0.493527973005472,0.484108377111739,1.69913193965611e-203,1.08784332985914e-07,7.96032987905333e-09,0.437566078062644,9.7970531837152e-06,394,"KDM5D"
-12.5420865970096,-0.0733253824632748,0.000243244740569248,3.35755594332698,-0.255188468659934,-0.94703807889493,-0.520205620313396,-0.568314661646697,0.0472720020595389,0.0968265118358652,0.00408600390067754,0.357011426078882,0.0835457682987048,0.530512546500124,0.114150945468148,0.1065759087095,0,0.448878408975171,0.952529010626284,5.22197388625434e-21,0.00225454731916834,0.0742389439185196,5.18466892555786e-06,9.68766370935887e-08,395,"KDM5D-DT"
-9.91825060130691,0.127488740564834,-0.00275795655925879,3.65658692282274,-0.0146695784345939,2.00508670589157,0.146456939507841,0.123263245889624,0.0377976591115415,0.083691856755459,0.00343972692382892,0.187055332520814,0.0216451834502364,0.216815694337211,0.0980377182635014,0.0844668094099978,0,0.127680872910545,0.422671431926249,4.27698530227511e-85,0.497943245485975,2.28977546017111e-20,0.135206045627269,0.144479849077665,396,"TTTY10"
-11.3841083883379,0.0641940061705367,0.00237444185381028,2.77205237107882,-0.0756666908976265,-2.01226496572083,-0.0562471978781914,-0.0894069594117532,0.0228800621662054,0.0491200406943085,0.00196863644944272,0.158175559739196,0.0348719130336834,0.298476233461353,0.0570481659514549,0.0550368554585933,0,0.191253418483249,0.227765337749319,9.20782862349142e-69,0.0300184927872034,1.56443921704747e-11,0.324152843597949,0.104270737848914,397,"EIF1AY"
-10.706168252286,-0.176809369552178,0.0105239044038383,-0.124422030807541,2.7890821827945,-6.34471271711195,0.837550165944587,0.317136588008384,0.048232947827086,0.10750616680097,0.00420536548091231,0.167005364857929,0.0393375515930521,0.254244690489785,0.125943401155816,0.109118341381458,0,0.100043252542166,0.0123321507030828,0.456260737453414,0,1.8777895366586e-137,2.92673548049694e-11,0.00365666856475936,398,"MT-ND1"
-10.0697070445329,-0.173677542439926,0.00839638937800505,-0.142605290866738,2.59003158489438,-5.27325576571595,0.461634816751185,0.798428495464714,0.055297982579681,0.120849596732237,0.00489886392971191,0.18805903018074,0.0360096302418503,0.216965493740417,0.143112211157849,0.122560445538905,0,0.150678798109522,0.0865386009805478,0.448270999025024,0,1.75339196582473e-130,0.00125671882192151,7.28986019677064e-11,399,"MT-ND2"
-9.09082135095606,-0.0753594627652868,0.00542653656383672,-0.199839283791972,3.94860803260532,-5.2533411474031,-0.304573390075033,-0.297545583496795,0.0327995506311251,0.0739054508205133,0.0028628018166051,0.114584566795072,0.0466970749164843,0.203102166783302,0.0863647124029472,0.0745540775447275,0,0.30788312148483,0.0580217663935189,0.0811533082919671,0,1.62825878245356e-147,0.000420939621521158,6.57943126925151e-05,400,"MT-CO1"
-9.64405826792214,-0.0908407667887721,0.00659893606448193,-0.180440865628573,3.61249609285237,-5.31298270966747,0.512334645582402,0.679452888517481,0.0618056441165565,0.13419486862742,0.00552704256261552,0.208409041697879,0.0435062768467737,0.218433265132628,0.157893381925062,0.136067777819768,0,0.498449260585097,0.232502934940518,0.386599014070304,0,1.11584234554165e-130,0.0011752739071465,5.92983074810264e-07,401,"MT-CO2"
-12.7864905573007,-0.519588162892026,0.019869271501848,-0.0482995049821785,1.58490918290955,-12.4041618613582,-2.02134382750109,-1.87311634544839,0.0978176442149265,0.206170610617351,0.00830476558414337,0.318662490421715,0.0332053119205263,0.383840520368302,0.245236842147843,0.228978557822225,0,0.0117293035840686,0.0167333700574894,0.879526514064488,0,4.17929295910229e-229,1.6876900180648e-16,2.83106780752361e-16,402,"MT-ATP8"
-10.8549929087756,-0.183877997575705,0.0110377025575573,-0.242301648846337,2.64654498130322,-5.0570466462199,1.5658504431689,1.11756012572783,0.069395000498953,0.150178604072636,0.0060902187085964,0.238455149667837,0.0368948192961955,0.26022425392704,0.178522207196491,0.152976669719619,0,0.220803089785727,0.0699297327615113,0.309567050239862,0,4.02638185114523e-84,1.7680328144687e-18,2.76384481800316e-13,403,"MT-ATP6"
-10.0726786915606,-0.221570727648647,0.00558058715566755,-0.0619671911217509,3.81181276855385,-6.08956592049229,0.983638320411715,0.882656948701579,0.0453348700659237,0.100551859986133,0.0040019194972956,0.158286356507577,0.048558853964911,0.248464571024045,0.117331220047364,0.101692666828346,0,0.0275562333702195,0.16317342464492,0.695436641059111,0,1.19048976143555e-132,5.14063214336214e-17,3.96981954980351e-18,404,"MT-CO3"
-12.0420144318214,-0.214444505860168,0.0168441548998451,-0.220019248506262,1.92602485864098,-7.91848030291288,0.199153626342484,0.505413289833949,0.120843163492509,0.258183033340237,0.0110071222091954,0.40994464210033,0.0358772548265942,0.357103758626988,0.304761045508726,0.267447617583098,0,0.406204716327854,0.125943482180562,0.591471554478033,0,6.0986751830961e-109,0.51345030834511,0.058789325036344,405,"MT-ND3"
-10.1594034898479,-0.165312850271469,0.0112483904433619,-0.392330412272264,2.36296937323068,-6.86831814228003,0.210808350773461,0.404824682884203,0.0621689307518806,0.133167591622949,0.00555668119844664,0.207459843014365,0.0322477685792671,0.208904905316865,0.160174273070398,0.136496342052761,0,0.214461895305796,0.042939280808526,0.0586090002247571,0,4.57560421337922e-237,0.188134216490028,0.00301869191870089,406,"MT-ND4L"
-9.99019960844274,-0.20689296458046,0.00692824695970261,-0.319186086664235,2.86834321615894,-5.22898510565276,0.529258859595841,0.875371810082275,0.0599312373028455,0.129487042743447,0.00532962766380971,0.203445281942793,0.0365533797868927,0.2164440115622,0.153750628408094,0.131232649807526,0,0.110089957216894,0.193618268773939,0.116670344022265,0,6.06340664520307e-129,0.000576747601698299,2.55139703826701e-11,407,"MT-ND4"
-10.100758000427,-0.121964704861334,0.00314818195437758,-0.268003082999145,2.25452790882062,-6.87317634968922,0.407021582262214,0.575490516947189,0.0381982988405725,0.0853318885434744,0.00331883132931902,0.132663219358343,0.0293342085347079,0.197024122631016,0.0994791864990869,0.0855138357383022,0,0.152918576266911,0.342833510867406,0.0433651104395889,0,1.2575379219598e-266,4.2854566757662e-05,1.69903207569768e-11,408,"MT-ND5"
-13.1014100558001,-0.328957787747051,0.0106792919927145,-0.231280228814334,1.34125794620717,-8.66868607411074,0.404732409128283,0.152311579820318,0.0598011642509695,0.135603347453029,0.00502240794755399,0.204029672282695,0.0343005768602395,0.485231581353079,0.150972778921023,0.146960371811479,0,0.0152712136021317,0.0334758696254197,0.256978432601269,0,2.20737383237121e-71,0.00734397351339266,0.300009698499861,409,"MT-ND6"
-10.3357903379521,-0.169653655075396,0.0108957186773621,-0.0696716547724877,3.00229016043827,-6.14964724017958,0.78219912328868,0.514147076003393,0.0618323181456139,0.133397105885016,0.00542296098699247,0.208225337884504,0.0398768361115007,0.23841721183728,0.159840838988124,0.137361228216853,0,0.203446278206138,0.0445177757936513,0.737928813350475,0,1.04511599888197e-146,9.90016924191423e-07,0.000181815155423198,410,"MT-CYB"
-14.9820813466935,-0.186438863722945,0.00250307779941481,-0.557111316859547,0.175859461510158,1.26218584514885,1.8819540962056,1.77535442535455,0.116379334459124,0.190054969150938,0.00654690516771022,0.286282117673888,0.0901390757280543,1.34229048556582,0.303941980573672,0.30241356820437,0,0.326605873524894,0.702216656452828,0.0516520895798734,0.0510595205963006,0.347052199955694,5.94733706756386e-10,4.34174593372045e-09,411,"ENSG00000278704"
-14.7067691653345,-0.0879190467128629,0.00613018316126917,0.126711483480992,-0.233034536171718,-5.5223716107835,-3.26143218977522,-3.78730980109894,0.131685769188257,0.309425479590842,0.0112570139481694,0.428797029286662,0.185298178054586,0.781219000929035,0.345944008671907,0.331220554455532,0,0.776305840777247,0.586052282290509,0.767608458711251,0.208529526312996,1.56148461179544e-12,4.1945839793767e-21,2.81461089938837e-30,412,"MAFIP"
-11.7130199409632,-0.180808639257291,0.0013399736540993,0.115362946268332,-0.0285471587300069,1.76445474785132,-0.462731248716017,-0.447739857399564,0.0845658252597786,0.190901570312147,0.00786858321724091,0.301024083761147,0.0417689384238986,0.375023560106524,0.218893460772118,0.187486789640347,0,0.343572446103136,0.864778815347123,0.701545574625913,0.494319846137618,2.53969175000417e-06,0.0345189849779713,0.0169350803003517,413,"ENSG00000276256"
-11.5789876175559,0.0322142266618775,-0.00236857605029896,0.0449162115045589,0.0133808388008888,2.62921463791345,0.131242422306429,0.234203698228838,0.0908223214646639,0.211829546738214,0.00853718870364222,0.317006602433931,0.0336597869067008,0.344096723881445,0.240253302825897,0.198050777990176,0,0.879126857298295,0.781440614840484,0.887326005351039,0.690975272918611,2.15679434245679e-14,0.584882498715763,0.236990039714402,414,"ENSG00000278384"
-9.2097674082723,0.25148480535342,-0.00289385187156063,-0.493475707099132,0.0312232754055317,0.407117721411531,0.407375604377926,0.406149895551784,0.0630975278103849,0.139327783078717,0.00536720972043508,0.208683282555027,0.0118489695535671,0.127645118977686,0.16971055769718,0.137069699835521,0,0.0710767521083809,0.589767835149802,0.0180441329812192,0.00841113329751557,0.00142543808047168,0.0163765368758545,0.00304567224581642,415,"ENSG00000273748"
-11.4436153342265,0.192392234158882,0.000858070532124782,-0.443402055017609,-0.0758645396459524,-0.700887916225144,0.0978453258466396,0.23149007525455,0.0731899131455893,0.153060356219597,0.00643837294902264,0.257247271655449,0.0372312663783457,0.300306701580043,0.190155170481744,0.161897735790396,0,0.20876459788364,0.893976343286984,0.0847725945670876,0.0415842766465768,0.0196005915692805,0.606863899551945,0.152759015179398,416,"LOC124905564"
-13.9224147851369,0.430246520648055,0.000770191454605324,-0.0771982561569844,0.23681153019106,1.02489764320247,-0.637198013595604,-0.54188284063437,0.0698041208042238,0.161141390610728,0.00607504577814062,0.276725114772858,0.0774807745096525,1.01533039789245,0.183407328969386,0.174209663770641,0,0.00758526380299386,0.899114896884326,0.780267151890149,0.00224019027679671,0.312771913141,0.000512334495124607,0.00186757531915969,417,"ENSG00000278817"
-13.2033232412829,1.17766993563136,0.0107409898212397,0.0879845184568325,0.0487583756941839,2.05925212722763,-0.239090860730275,-0.362909142654249,0.129610062500973,0.311340383236055,0.0106009652918045,0.457991547201037,0.0715072394260523,0.618577973523387,0.331850257776454,0.306977138460372,0,0.000155211127370273,0.310960505651576,0.847656448436178,0.495323505955557,0.000871553420103459,0.471230646353679,0.237125358176435,418,"ENSG00000277196"
