"logFC_(Intercept)","logFC_conditionXDP","logFC_age_of_death","logFC_sexM","logFC_pct_counts_mt","logFC_frac_intronic","logFC_cohortCohort_2","logFC_cohortCohort_3","logFC_GEP_8","logFC_GEP_10","logFC_GEP_9","logFC_GEP_3","logFC_GEP_6","logFC_GEP_5","logFC_GEP_11","logFC_GEP_4","logFC_GEP_2","logFC_GEP_1","logFC_GEP_7","se_(Intercept)","se_conditionXDP","se_age_of_death","se_sexM","se_pct_counts_mt","se_frac_intronic","se_cohortCohort_2","se_cohortCohort_3","se_GEP_8","se_GEP_10","se_GEP_9","se_GEP_3","se_GEP_6","se_GEP_5","se_GEP_11","se_GEP_4","se_GEP_2","se_GEP_1","se_GEP_7","p_(Intercept)","p_conditionXDP","p_age_of_death","p_sexM","p_pct_counts_mt","p_frac_intronic","p_cohortCohort_2","p_cohortCohort_3","p_GEP_8","p_GEP_10","p_GEP_9","p_GEP_3","p_GEP_6","p_GEP_5","p_GEP_11","p_GEP_4","p_GEP_2","p_GEP_1","p_GEP_7","gene_id","gene"
-10.05286673871,0.0319882885312241,-0.0018199453709862,0.00948452938757587,-0.57190344246321,-0.194931886244886,-0.0438478093202697,-0.0489811577926167,0.0647876681371947,0.617401527248039,-0.507288823374613,-0.018129813334627,-0.310485149142504,-1.24640698544645,-1.55997819383803,-0.0567397915140498,0.413030900013399,-1.21057891383127,-1.63295693611012,0.0412719928844493,0.115641276863618,0.00353616891097201,0.137535299490507,0.259314531710104,0.648619507534199,0.110403727487818,0.107320286207243,0.3279813065501,0.285769362841675,0.385444750529605,0.277179408212698,0.340644428162008,0.453648749630797,0.346611208720299,0.562336049548971,0.391887531844798,0.466468421307363,0.488517001710781,0,0.782074572021217,0.606786542488669,0.945020908448083,0.0274230170432095,0.76377025272377,0.691250379183441,0.64810116546113,0.843409179442091,0.030734844453418,0.188136138820998,0.947848974821915,0.362050920691039,0.00600486647473202,6.77437177808525e-06,0.919629724367071,0.291904599225429,0.00945358517403172,0.000829729565534645,1,"SLC9B1"
-10.5259595642342,-0.176249289269092,-0.000131084620814365,0.103035849857144,0.163235151461331,0.823950589866743,0.11341390946101,0.0567369470296958,1.55638653005535,0.783261429944675,0.162551069407153,1.98524719623315,-0.411388889220597,-1.44069492436222,3.0426430140286,3.12828338633738,0.552690316441936,2.34563184396061,3.37729865302987,0.0386625547527095,0.111541840994433,0.0035088776788091,0.133320043861121,0.210850502234545,0.690475358647696,0.103567395604182,0.10185809115471,0.352996599458353,0.321736415222402,0.4235843752575,0.301619975291079,0.385857074405154,0.512114639680569,0.352695711520194,0.499265492174101,0.423357432163571,0.470288524005993,0.440578114858702,0,0.114079807761382,0.970199567581298,0.439613582713993,0.438827411417776,0.232748305258701,0.273484441221397,0.577514079182904,1.03815721640439e-05,0.0149131320272274,0.701162760568305,4.64321892254714e-11,0.286347208282738,0.00490469560911936,6.30804042683714e-18,3.70984508208221e-10,0.191724906809505,6.1119987411278e-07,1.77987499293498e-14,2,"SLC9B2"
-10.2725231054253,-0.110672935508213,0.00300664282323974,0.0755613596758574,-0.200652456641754,-4.77762257838662,-0.182664525406288,-0.264720292148866,-0.16119451297956,0.450436852635592,-0.200747639452524,0.359656608332654,0.266653037506551,0.0730677589919355,-0.46550180028333,-1.13930544460316,0.647729817809195,-0.103702830100242,-0.879666948113249,0.0493916570957715,0.122901688540168,0.00419107427547569,0.150173700127365,0.209141074839444,0.492278181792499,0.124332832020712,0.122137193684075,0.270881118180077,0.235427224938026,0.319044370081428,0.226701196684683,0.275952731241168,0.386093845520451,0.298287940460022,0.449628630224793,0.330957039549942,0.36339046735443,0.395861901238332,0,0.367854376894605,0.473132303532841,0.614851969036336,0.337351232808832,2.86717275195865e-22,0.141790046944726,0.0302042808490836,0.551793507696814,0.0557129494822045,0.52920803066954,0.112630771656466,0.333894243221665,0.849897898831094,0.118623192455681,0.0112807032244571,0.0503308127523278,0.775356277935392,0.0262727564634333,3,"BDH2"
-11.2143855338341,-0.107129626119681,-0.00547567052623319,0.00186988314380544,0.183289095915757,0.956231149309216,0.0993152892297207,0.00606566256748812,-0.0589538030633025,-0.236991627340703,-0.0489220456151548,0.318349273247634,1.07489094571346,-1.8372337382212,-3.38664642370716,-3.02555000908376,-1.42248792572388,1.56507824502614,-2.76755764085524,0.0467628720509669,0.129474690680159,0.00394698679703813,0.159476429102828,0.288076913630072,0.87579923395939,0.122787512483039,0.121353673359695,0.403808530673489,0.360087423553267,0.483856049846082,0.340148501127628,0.400698218590009,0.608445099031306,0.468345947351595,0.935873255269159,0.475078509591726,0.526357076922584,0.748067649234651,0,0.408000459567983,0.165349087410151,0.990644907747428,0.524613127458161,0.274904180014285,0.41860794546057,0.960135660200498,0.883925772240349,0.510441590068666,0.919464189184044,0.349318181430536,0.00730643523871743,0.0025314591710608,4.79172402580228e-13,0.00122556326091852,0.00275150601210097,0.00294505568027642,0.000215932075290154,4,"CXXC4"
-11.1668945853057,0.0623701701140102,0.00709510864636256,0.0160930566524617,-0.477481377783239,5.61320391164949,-0.138791855252767,-0.301128323710105,-0.676084765654249,-0.862864579374117,-0.784999990483829,-0.852254505710648,-1.30379161214132,-2.99448684960278,-2.27589587193574,-1.6832785185767,-1.4284481340502,0.649432326407004,-0.262302989342167,0.0575038018550733,0.181864896601179,0.0056142526031101,0.215567650312547,0.587627454224679,1.4778415475526,0.170616866045441,0.166068217545693,0.680830790430468,0.583036414532041,0.79486604833657,0.546109773664817,0.688344524276981,0.835542804613564,0.651725330652512,1.18648640501024,0.75864255603448,0.866495157346264,0.926447719724558,0,0.731637714487097,0.206313574551832,0.940489752432108,0.416471531005721,0.00014572438766177,0.415948124994577,0.0697885106808449,0.320695788737306,0.138886664990887,0.323354576867117,0.118620064051458,0.0582120753819384,0.000338525017965951,0.000479222701040308,0.155983976128543,0.0597139095739138,0.453559927416542,0.777078967221549,5,"CXXC4-AS1"
-9.15883427263612,-0.0254392254565034,0.00153382316280558,0.0293604022976133,0.187232794823616,1.00728104014585,0.161312152774231,-0.0456806284190288,0.54950398853567,-0.489154274674944,0.0472389414367246,0.393433652893935,0.305264905268786,0.373695347047921,0.382064553666143,-0.236712933871126,0.023670539971953,0.0313967772987529,1.45453881408705,0.0150455345167848,0.0474339038987608,0.00137927301325036,0.0552050455926927,0.112810234848377,0.350682804522329,0.042974269534827,0.0417845582498058,0.165091265869332,0.148869470860148,0.201240474408909,0.138774898121871,0.171509464786836,0.195720940146227,0.160268538440281,0.274778663654437,0.188326870026705,0.218780033344327,0.209757667277065,0,0.591745071398414,0.266115839866665,0.594834923431319,0.0969718790211469,0.00407441425181759,0.00017424925727909,0.274287619868959,0.000873193529989088,0.00101695691594165,0.814411494248108,0.00458186401547121,0.0750969003430969,0.0562198742285435,0.0171301447888111,0.388980522443307,0.899978428972908,0.885888660488566,4.08014256021631e-12,6,"TET2"
-9.02976481898071,-0.0981962291985708,-0.00142493392314009,0.00828335046610025,-0.451020636683501,1.44775156580075,-0.0282611568634371,-0.102880826202581,0.610417117687189,-0.373895870626749,0.177361585275037,0.694483841551144,1.1392246128405,-0.346801849187272,0.559302628350349,0.125023978062776,-0.231676030692346,1.51389285913031,-0.05297069007267,0.0213844094722412,0.0585373374715888,0.00180464831344841,0.0708238082869645,0.134777491854863,0.336708048593373,0.056409541691808,0.0549951858016892,0.165959176327744,0.149387787436135,0.199725947476561,0.142186834832037,0.173212149166043,0.234826232220073,0.172695081976591,0.258921101429842,0.201595491288811,0.226739184546904,0.243323711787017,0,0.0934452648439077,0.42976671240178,0.906894013103902,0.000818654908631834,1.71011206023198e-05,0.616371416411891,0.0613833155988097,0.000234963013921788,0.0123196238491358,0.374527436294871,1.03794403626618e-06,4.7988001719806e-11,0.139717302451371,0.00120087827935658,0.629191483712745,0.250468424709137,2.44210928067804e-11,0.827665688070198,7,"PPA2"
-10.7582154705188,-0.0486108441369802,0.0022713924263587,0.0463700578637094,-0.410675088613775,-1.02491887752276,0.0628699980705402,0.0451628371006013,-0.00804215559623972,-0.35734141635052,-0.282215788102631,-0.0854441863551412,-0.199077935597512,-0.735529669411469,0.291428170786648,0.581979484938777,-0.666084005542676,0.02685378776428,-0.316527989528522,0.0269684849273593,0.0878688246571374,0.00253072254360934,0.10116631807133,0.285702807928325,0.703689043930675,0.0792519393946037,0.0760762118474841,0.335854228203462,0.290246372758651,0.392120731947165,0.268670212027658,0.333585972901291,0.397793932490888,0.302086819473194,0.488161886445606,0.365665495243217,0.406701261986479,0.464379882791256,0,0.580112360822862,0.36943764326439,0.646697627863632,0.150598531800672,0.145256104249801,0.427607212779965,0.552744526157118,0.98089618025824,0.21826084857129,0.471699522117722,0.750465007298048,0.550653274348671,0.0644546590097264,0.334686776116293,0.233188547971465,0.0685207923403904,0.947355304595766,0.495482841993665,8,"INTS12"
-9.95662994717964,-0.0175240805983019,-0.00269976209458566,0.0242313588117047,-0.0664254874327833,1.58512086231362,-0.0749572462555546,-0.21093749128742,0.629324490747304,0.142309207455795,0.324757150825305,0.542367963546676,0.572166553505111,-0.959241145180937,-0.154095924968441,0.195810486080616,0.785229424055502,0.714884032164605,-0.339871179100299,0.0313997029950929,0.0942637883063522,0.00286299646359481,0.11037609335967,0.216498394995596,0.657675974340577,0.087429159945761,0.0845592087986596,0.317475610938541,0.278446985799273,0.374692878622314,0.26381529446092,0.324798498610919,0.411155737934446,0.31624820887982,0.509456435009796,0.360851059271123,0.424449525383473,0.441343792218252,0,0.852519502108896,0.34568868719114,0.826233719839768,0.75898231843333,0.0159444269956367,0.391252393454246,0.0126115624754604,0.0474482858390492,0.609293727290729,0.386090560509861,0.0397957742679287,0.0781361135607393,0.0196462550607524,0.626072247028972,0.700717737041812,0.0295516305007853,0.0921311251650674,0.441250891286407,9,"GSTCD"
-12.3017043172476,0.375378791545474,-0.000152324507206982,0.219465078192878,0.254944459107152,2.88322136666346,0.0141923722039535,-0.315805997996553,2.6017964549957,1.24596508993392,2.32173727868746,3.29314377090558,-1.96534300268677,-1.53896820737322,2.20949079929661,5.55116269981929,-1.17906839551236,1.61855081689358,-4.48400703171702,0.0791836723883464,0.277599399431538,0.00787613431338519,0.333716956663842,0.385905935783617,1.77557019311115,0.218094713546298,0.206471502037115,0.964999986726012,0.879881561510065,1.06200176745121,0.8093665261562,1.07274525798648,1.41874011788524,0.948827166074419,1.34055242647732,1.11566290921874,1.16601386728328,1.60066260889895,0,0.176301109341831,0.984569867454738,0.510770527483554,0.5088439389922,0.104412429711286,0.948114801111439,0.12613113850836,0.00701435088826772,0.156757936177675,0.0288017327316393,4.72575794959837e-05,0.0669411869681454,0.278035561085201,0.0198773680147251,3.45867959761019e-05,0.290588213185266,0.165104777221808,0.00508901961908716,10,"NPNT"
-8.28014501663214,0.109903245165157,0.00146920063692159,-0.0503307179815742,-0.223017407309194,0.715223826128202,0.0302897287532873,-0.0373329923353111,0.178196273300019,-0.014816255364038,-0.234229344470659,0.387900975218399,0.382897450255833,-0.762932882425357,-0.109747609074267,-0.552589622796026,-0.135998825871077,0.244539801897674,-0.898226855114416,0.0164662751874268,0.0454011584666365,0.00141165464868236,0.0546621891996793,0.0902778022044827,0.252757390109185,0.0436811064880808,0.0425639757713555,0.126422951079478,0.112275197771055,0.150872359029628,0.107064974586898,0.131224569766533,0.176700200280339,0.132995082582425,0.205069448890548,0.153915871224948,0.17508481308883,0.187442199803036,0,0.0154900351805926,0.29798466495504,0.35717611878777,0.0134982424998079,0.00465938358498109,0.488040615828521,0.38043067630508,0.15868007251539,0.895012969642389,0.120542621495588,0.000291157728456408,0.00352420785075947,1.57686046286683e-05,0.409257767787231,0.00704633945416656,0.376916522365199,0.162505791448664,1.6511006654289e-06,11,"TBCK"
-10.4781992162031,0.0674007035558019,0.000310710607175482,0.0112999450330015,-0.172983225864624,-1.16771790020222,0.0401081922673388,-0.0559388929122436,-0.0157111150394494,-0.256172285769888,-0.125559266272323,0.383943564109205,0.134749730287977,-0.378485740291607,-0.1380472633698,0.044732278473845,0.139803817849389,-0.00402137402803076,-0.061934495480621,0.0203338363759445,0.0687460868896212,0.00193672935763292,0.0784344552577419,0.209881327981381,0.582702915590699,0.0609104194277831,0.0590248463191911,0.273571482753508,0.235121392255482,0.318586070942913,0.21758106864656,0.265495741423861,0.306073598565396,0.244860258643521,0.429805782980901,0.286970104599247,0.335390541407105,0.373281133497184,0,0.326874068083668,0.872541905068561,0.885446270665964,0.409828538190892,0.0450735060697804,0.510230806550579,0.343273176333615,0.954202943129581,0.27591934194952,0.693496793004041,0.0776310074692312,0.611775920366107,0.216241532018146,0.572904012636527,0.917109384111305,0.626136401524473,0.990433494758475,0.868220561888128,12,"AIMP1"
-9.8252799818552,-0.0546554444361007,-0.000452523598676007,0.108731079686092,-0.326044075850215,1.65557451747599,0.0238399987382938,-0.122826236994493,0.260620112510595,-0.679850551428095,-0.532038967521151,1.29806418007415,0.823323050897556,0.0900824533989301,0.762113391606099,-0.638908788206576,0.0828058876389624,1.07858788003932,-0.165026779814437,0.0181189338827887,0.0590698331797814,0.00169508783009446,0.0679555758488465,0.184865748276233,0.48278862950643,0.0522913776034681,0.0510050452785445,0.225622065514082,0.1972757529021,0.270296823276866,0.183261171684489,0.225028390734099,0.259573909177549,0.208304025426874,0.370295828415327,0.242749016204822,0.271347199920327,0.311940761958447,0,0.354826361030971,0.789498618392191,0.109591537694611,0.0777858219823517,0.000605382900250127,0.648456942969985,0.0160349375845347,0.248042101818644,0.000568541670128319,0.049027689011582,1.40926148954769e-12,0.000253446554322476,0.728561488430514,0.000253538450768767,0.0844552333882253,0.733015282134706,7.03980465190095e-05,0.596782952188056,13,"PAPSS1"
-11.2343469529694,0.34207924734602,-0.000220805928118636,-0.256347272944854,-0.061541792378854,-0.662629177255553,-0.151018731954149,-0.118329052894629,1.7886304173404,-1.28611805651933,0.658517217951709,0.0780001556990063,0.675468278504462,-0.019213772914533,0.990473333442457,2.47455258929171,0.224529010179541,-0.285870595656503,1.11729562384482,0.0389055134860653,0.124072287724622,0.00364553579125995,0.140364262349443,0.33914465670344,0.979630489609695,0.112240868763508,0.107438423957805,0.441543621681928,0.421201473443222,0.565598243157926,0.384587524517245,0.479942922647937,0.576053467677633,0.430830292285219,0.621201151899723,0.522791608037071,0.610505232279147,0.622037993827235,0,0.00583171711767663,0.951702578211748,0.06780506313197,0.85600513185717,0.498782107829167,0.178467722918598,0.270737292978715,5.10302169256845e-05,0.00226225670356661,0.244308771539424,0.839279558262162,0.159310905030817,0.973392173482231,0.0215056653589817,6.79086837232503e-05,0.667573290992918,0.639604038878278,0.0724650203043454,14,"SGMS2"
-11.0803960372417,0.0420585520900031,0.00213893144619485,0.0174783366175668,0.120100984644849,-1.46381439143463,-0.0280078473303039,-0.156233304362032,-0.663969794598774,-0.990575615750234,-1.42199536481944,-0.270134526093977,-0.610747442602421,-1.32929710568051,-0.790448616089917,-0.968403368886821,-1.57098412824528,0.464906507335011,-1.31600782817339,0.0259417061282328,0.0902245961422301,0.00253672215575392,0.101441250814668,0.261466444565118,0.76721447320085,0.0773953417074558,0.0770947545154624,0.365624082943548,0.309099328843597,0.440249701248053,0.285334603309731,0.345600222622194,0.406548297310336,0.319580091947377,0.599508831504386,0.391131660819345,0.379959685285305,0.519490090838672,0,0.641105307060991,0.39912380126999,0.863201613814344,0.645992806574444,0.0563964091081649,0.717441502687436,0.042712531239942,0.0693718573660379,0.00135195728862101,0.00123801204207633,0.343776920418695,0.0771934176663915,0.00107655853229061,0.0133835171404361,0.106239695029151,5.9066421954948e-05,0.221115242214266,0.011300439045793,15,"CYP2U1"
-10.6177348072354,-0.00933029323597418,-0.0025020019121792,0.0048600836600495,-0.472816811148057,-2.01055622575546,-0.019693303007241,-0.184977116870463,0.524099305894831,-0.159124357280738,0.296611552996903,0.681530661059478,0.534717411305338,0.0464255570900108,0.228718595276629,-0.282081298701998,0.114882206269339,0.279092935464565,-0.521243213521204,0.0220464650614726,0.0754130803054063,0.00211539631302238,0.0852112788675481,0.258572948150654,0.630378859012794,0.0657522520311717,0.0641360296777021,0.295076212580155,0.257867374949215,0.346272188695505,0.236634530889003,0.288301085434963,0.32392991598084,0.269911919948855,0.487590398910782,0.309427251706093,0.346676118129966,0.432594274260242,0,0.901535012826695,0.236905070382061,0.954516768876122,0.0674651662562511,0.0014254819678186,0.764552729901933,0.00392487562224267,0.0757083694956563,0.537183091452252,0.391674294067398,0.00397551459801829,0.063636408482166,0.886037652474025,0.396782042715144,0.56291240488115,0.710433671062807,0.420788619166021,0.228232651329942,16,"HADH"
-10.2222477257167,0.112220551712909,0.00443580831075573,0.0513247427909852,0.239540173047915,0.0278057683036168,-0.016834178539119,-0.0217298350489975,-0.464631455236838,0.343099859617905,-1.40229981009179,-0.721834228135445,-1.31075372817981,-0.865157182851127,-0.746994377370907,-1.67889487400505,0.176478866138359,-0.864303115135277,-2.36340069050857,0.0421260655405292,0.11679621775065,0.00362175424920006,0.139283587277902,0.225182902284393,0.697224071815073,0.113052407217964,0.109125856242355,0.347972942603233,0.300922486679263,0.411026690048172,0.291161696887604,0.35954095151385,0.501805439366268,0.353355544725466,0.592696221861181,0.410036636955325,0.486806555447696,0.550942890400612,0,0.336640916284996,0.220662686377257,0.712507184543622,0.287438222980752,0.968188256024438,0.881627829092122,0.842163898127758,0.181793988456497,0.25421954184318,0.000645590920884188,0.0131695012322898,0.000266736233811832,0.0846917974550041,0.0345150846287856,0.00461653824279255,0.666906295984999,0.0758227955227824,1.78883967629943e-05,17,"RPL34-DT"
-11.4629521358522,0.0650482235433702,-0.00579560228959818,-0.209266565402295,0.567285856596095,1.28622767713742,-0.313959410866971,0.182968320518103,-0.493595287256744,-0.713103403250276,0.388905048771652,-0.383695828390442,1.1797544310243,-1.06809630089982,0.149349819300553,1.11126352371356,0.547482077137606,4.13216522525972,-0.493779172469594,0.0521380790214392,0.137300585449295,0.00433814045677491,0.166999860665014,0.248823479975316,0.817579134761337,0.135529399607383,0.12723078760139,0.446217433624587,0.373358068247722,0.495954605875542,0.362258355392388,0.405878244019377,0.626528586757087,0.414532146318316,0.630447799652864,0.461629696153563,0.490054334445033,0.727130082954371,0,0.635667435112597,0.181560828449926,0.21017140784263,0.0226152402306823,0.115669066235105,0.0205287485415224,0.150410755718982,0.268650085435173,0.05613683687012,0.432949444443248,0.289519039022681,0.00365297437737904,0.0882346003219456,0.718633826117586,0.0779582778499614,0.235631489603267,3.39646537172663e-17,0.49708745657412,18,"RPL34"
-11.23755432354,-0.107119246960395,-0.00406934431252938,0.0751804500170625,-0.16828375500031,-2.47544547056268,-0.261848439273388,-0.289757323783609,0.247731034787218,-0.451106565403259,0.250073549321757,0.44095203674742,1.09059645832967,-0.811278823408739,1.03663070894721,0.705748913539293,-0.353700437984492,0.311153873776963,0.577574249377593,0.027606690418967,0.0953279958036458,0.002640609242957,0.106425065928387,0.314702717354958,0.809030920053619,0.0821751021703097,0.0793489070899586,0.394588371013765,0.333502661404053,0.458489830619912,0.305110889470841,0.370881542698482,0.463229409717521,0.330739417114345,0.554523836883535,0.401077973634428,0.419865227741528,0.509588145045276,0,0.26114397541456,0.123301535750909,0.479929002587247,0.592830484145818,0.00221509831697065,0.0014402077782254,0.000260523915322029,0.530120926821829,0.176173038692871,0.585458650408411,0.148396397582775,0.00327628015583546,0.0798848979721824,0.00172275017531833,0.203120403750416,0.377844677487892,0.458644717639098,0.257040510465568,19,"OSTC"
-7.15743588302456,0.141389357939152,-0.00413939246908709,-0.210551600479893,-0.30337634268876,-1.86370773933069,-0.133509588479603,-0.0646762940547193,-0.651875146353866,0.490755862235151,0.390838055989818,-0.348342077785166,1.44203786703939,2.61724731441245,-1.33879975820123,-2.70176068511836,0.753468386487818,1.23984657343299,0.0634354523146259,0.0387527518155751,0.0964201954516479,0.00304234584182182,0.119805002108473,0.0892024234745281,0.232407036900521,0.0965147540882914,0.0937911226195478,0.131463956269562,0.11400109158633,0.151525974233088,0.111516719798796,0.136022110325499,0.197010972869338,0.150883301226516,0.223515290583796,0.166566170813293,0.180702574834108,0.1806732139329,0,0.142542782014523,0.173642551451505,0.0788407114121558,0.00067142855348353,1.06476245556546e-15,0.166570582530787,0.490459610988012,7.10086232004947e-07,1.67110417379759e-05,0.00989873182671971,0.00178607139035965,2.93251036801294e-26,2.83693267182028e-40,7.1149523685326e-19,1.22840690823429e-33,6.08144237066692e-06,6.8257852584159e-12,0.725508814912646,20,"ETNPPL"
-12.0228412320184,0.106015022749586,0.0135518395679633,-0.315537516172646,-1.08355377110116,-1.69752517556817,0.42917502834033,-0.0323777139031317,0.819574729018719,-1.47716619503437,-0.818759004579839,1.29411673830217,-0.0589304038744244,-2.39326111445399,-0.699357914394293,1.75020634344046,1.70574345525624,1.48669429027752,-0.215398823721166,0.0960570247610817,0.277355244672612,0.00868745815022584,0.324852241923232,0.83099313206804,1.8701647934875,0.263611255393845,0.264575521001977,0.918920307131536,0.806112180924595,1.0834056391009,0.766081584935567,0.966327330634514,1.23276608649774,0.916375930397458,1.50127627598754,1.06417400224296,1.25271191234611,1.24031180619912,0,0.70228668649176,0.118776071113946,0.33138583148148,0.192258723967797,0.364043358589581,0.103512093346297,0.90260118516032,0.372452539003603,0.0668833096606966,0.449812830925688,0.0911681749813374,0.951372035597635,0.0522128228217108,0.4453572703277,0.243690344367238,0.108961102209638,0.235314142964364,0.862128698616514,21,"COL25A1"
-10.7052192385117,0.122333029950464,0.0064828371860968,-0.003343452457969,-0.0362156696004993,-1.23928957661451,-0.00700658743604166,-0.150454837980543,-0.335106301153991,-0.679808720959646,-1.00605042554815,-0.515972211857771,-1.43750288358698,-2.75769886913353,-1.2063112946182,-1.60401718216745,0.664360018184553,-1.45139490710989,-2.90108813525806,0.0371355949330193,0.113437621714853,0.00338927278054688,0.130908984498536,0.277944124111018,0.819613470026687,0.104592896435749,0.101399348426332,0.38519965897874,0.3402101606647,0.455320403596211,0.317680929905291,0.393588399100215,0.544594782396827,0.38134660375463,0.665909942507793,0.432458470299352,0.527130485372428,0.621879159891247,0,0.280847820755073,0.0557798504180089,0.979624018094436,0.896330360298678,0.130523306689182,0.946590354484848,0.137865952629668,0.384325093409266,0.0456947337528632,0.0271368316480415,0.104336592679097,0.000259902068832347,4.11060785057705e-07,0.00155994889364526,0.0160068236267117,0.124479518893016,0.00589818949300455,3.08564300080462e-06,22,"SEC24B-AS1"
-9.4336506151218,0.0394969130485215,-0.0012246847642171,-0.0418335336373343,-0.198505636508463,0.0184980766077613,0.0525706539672559,-0.0214073009400887,0.410514295734037,-0.561004950226402,-0.0227968228929431,0.456768486724742,0.395915834739295,-0.660600553408705,0.439926392732516,0.0261920016614853,-0.018989897863501,0.331800065280665,0.56565918022216,0.0144093677142643,0.0455311900421155,0.00130917458911319,0.0523838503618847,0.135840901069244,0.360175589285384,0.0415467727124464,0.0401470029372778,0.166373814420995,0.148339832636947,0.200406742880314,0.136873350608696,0.168275226925486,0.206829997843168,0.155795234271899,0.267561049867531,0.182431389014164,0.215432392548812,0.227194936438507,0,0.385684883654834,0.34954959502263,0.424524704755263,0.143930448638498,0.959039856392882,0.205750675887149,0.593879297994015,0.0136090128089478,0.000155642053914167,0.909433776537331,0.000846387275025743,0.0186332838364189,0.00140350101544431,0.00474657725821723,0.922018303723474,0.917095253175571,0.12352168368294,0.0127832049370944,23,"SEC24B"
-12.5432461364395,-0.0107885082783188,-0.00367536703471865,-0.328808544278624,0.139924953700618,0.541524603505205,-0.362682536262706,-0.0375074736314352,5.65419363821417,2.27334297414413,3.9254116516581,7.87845233502766,4.38752245294077,0.898611975815462,6.1884404483632,10.2782818883258,5.37374700618984,2.92036760423258,4.64652505580677,0.0837578107020865,0.233932691873232,0.00686918003406515,0.259948209570602,0.422330444420395,1.4791201167368,0.212237100492059,0.197016151485307,0.872494810993136,0.856690121630742,1.01228498774995,0.786336163432957,0.98538022900578,1.36030072756635,0.890580586410841,1.07676026770049,1.04744119915131,1.16253796682001,1.09473499489117,0,0.963216198002586,0.592614049275172,0.205907102901642,0.740405591993529,0.714281009495751,0.087477719381693,0.849013203344623,9.14253942241207e-11,0.00796298874308311,0.000105416896026252,1.2552599268415e-23,8.4829309863951e-06,0.508870135100296,3.68482417381132e-12,1.35371618559356e-21,2.89193597156016e-07,0.0120027953995432,2.19150654242809e-05,24,"MCUB"
-11.8624086245488,0.0265352497894425,-0.0034090669466644,0.120103477374081,-0.328889518205883,-2.55372832112275,0.0775780700262613,0.080599773523532,-0.159711543122913,0.757518134213451,-1.06676263184242,1.11452869433519,-0.493553515709184,-1.82379044086674,0.941477294069914,-0.153124350979952,0.584277985987462,0.247434214470794,-0.089006181449417,0.0399394635542675,0.134728914025855,0.00368158873906107,0.154097950573088,0.415101582478636,1.0955060805395,0.118093206195297,0.113415381926234,0.533222182964466,0.451293645637892,0.622827620006533,0.416989718309371,0.529553662701962,0.731032631886279,0.468217506310643,0.808896920444915,0.550004553469035,0.639583914915203,0.756726826419666,0,0.843864399264577,0.354457869528344,0.435745901996191,0.428179403852517,0.0197483713776121,0.511230827399825,0.477294962329205,0.764542119802223,0.0932401301923783,0.086754220345587,0.00752218482051826,0.35132725232167,0.0126023171884625,0.0443498513284014,0.84985753648773,0.288092790545117,0.698854320774897,0.906368786426659,25,"CASP6"
-10.301409841422,0.0311221119028924,0.000185736581208974,0.0106067654217113,-0.244404286353773,-1.47403551351308,-0.0462793112223461,-0.0654740076376446,-0.198980250533115,-0.235801479136934,-0.603476597212147,0.276944770871724,-0.243610369958164,-1.46062852380172,0.142938862655213,0.0986801617964825,0.293014143554939,-0.140949245347439,-0.18538086293058,0.0208114525481262,0.0681732467539319,0.0019289715697225,0.077850371566021,0.212867613305201,0.54510243553994,0.0610916643366679,0.0588190814016264,0.264543673453064,0.22598297644229,0.311795532545795,0.20914732674299,0.257841947347505,0.331343058049868,0.236272505491225,0.409711381841054,0.275701631400256,0.319075531790131,0.366112715540447,0,0.64801966409177,0.923291937467818,0.891627180070861,0.250905994379939,0.00684805927747142,0.448727079401413,0.265647318463595,0.45195238790991,0.296740864038019,0.0529304061937977,0.185449520578826,0.34475842113534,1.04230287187195e-05,0.545195878909496,0.809669151923036,0.287875210125889,0.658675501117098,0.612611563777535,26,"PLA2G12A"
-12.7758712293909,-0.15690893245586,-0.0119379888576585,0.699502589771036,-1.13161024697939,-2.5089817350205,0.23432098682299,0.381030443309329,3.18561553652553,1.63244755738345,-0.548336130616081,7.66558296435839,1.74029646025261,-3.94347748390912,7.76493076102774,4.54882063790043,1.23371306647011,2.60650663333988,3.45332408699558,0.111888730713586,0.287563481890863,0.00926680914865046,0.352070703699378,0.563502022935343,1.37338475860479,0.277413727981002,0.25885326243532,0.884682170934112,0.8405199283322,1.04618792442711,0.784088736139233,1.02665441665147,1.65331116249644,0.917130841353285,1.09222112842139,1.14555856401634,1.12853002233184,1.05600520893039,0,0.585306742388967,0.19765812691584,0.0469418832635757,0.0446247793068832,0.0677208157790023,0.398299274714153,0.141022503955846,0.00031716786121863,0.0521143684754731,0.600189683596855,1.42145922934465e-22,0.0900537626526028,0.0170698468886334,2.52776307993045e-17,3.11703057212762e-05,0.281501133110228,0.0209076732266092,0.00107480158644748,27,"CFI"
-11.9793986693037,0.233577073061569,0.00133818984917842,-0.178065529846036,-1.28211749964336,-1.60885940813844,0.489527172050215,0.295397431680874,-0.354667736762333,-0.508410478831029,-1.45011178853887,1.20323765858905,-0.799336863638286,-0.395230464961803,-0.211715171043399,-0.0624099133816918,0.0451333243863658,2.06490370632017,3.28286187992488,0.0401994706937825,0.130730958197792,0.00367853172845308,0.154528939892605,0.531723381472729,1.10954917793316,0.118196250442028,0.115805160194241,0.53478410502131,0.466059972551859,0.646760712787475,0.426636560309267,0.552280564125153,0.574206423852248,0.497600359229947,0.845231800928145,0.580742312501296,0.597936566900499,0.575966250799049,0,0.0739859024473078,0.716019542230537,0.249192945934266,0.0158979881764611,0.147055226812444,3.4482043109494e-05,0.0107471643863442,0.507203766751946,0.275330432603396,0.0249539514807528,0.00479806752772461,0.147802171429113,0.491259294730042,0.670492407765107,0.941139583947262,0.93805348041109,0.000553603315315101,1.19985399280197e-08,28,"GAR1"
-11.9941864729552,0.0341786918954987,0.00455720065678596,0.104002883413692,-0.0523163705658687,0.722189396448285,-0.22031611509298,-0.394135673506143,0.909023314051178,-0.20844040294593,-1.58783778197523,0.900862122049141,-0.80337282779414,-3.52863078028637,-0.983706511897274,-0.0253480393959411,0.226231032087542,0.0849183947081061,-0.638908270108978,0.0475316216371513,0.155198240191648,0.00452690421576594,0.178617663274956,0.399908154050867,1.29171455271722,0.135800124140052,0.133017763464756,0.553418433018735,0.506605737958332,0.690526870467161,0.460690220001894,0.590097440022322,0.897664035959373,0.553398755845381,0.957907130102182,0.617855543075765,0.73955368830193,0.817817435883375,0,0.825695127250279,0.31408255310758,0.560387933978481,0.895916937968505,0.576097812239167,0.104727193555243,0.00304626507268189,0.100473878044058,0.680746255476789,0.0214789255339036,0.0505285891575367,0.173379730231808,8.46272053377052e-05,0.0754740634092567,0.97888892508465,0.714249254854289,0.90858475209127,0.434663813364838,29,"RRH"
-11.446210937996,0.211611583797926,0.00495146129763069,-0.180361394294143,1.05428015741346,1.30526426712845,-0.115109297655818,0.00773710794322008,2.68244582183352,1.18864538240937,3.43427678905941,5.22210165432032,3.17635706505195,0.959080253590995,2.509253101059,3.8442393326311,3.42566140633358,1.23728689553802,3.01583568281263,0.0731611914998595,0.207564193839264,0.00628334229476128,0.25000280224373,0.413740339783445,1.25653186443917,0.197678722858385,0.19004826410379,0.685908471191909,0.613978353535305,0.764650098229813,0.575543180487012,0.716841989582175,0.92041344544347,0.692809933123725,0.919454884099861,0.827864686069912,0.891694222669857,0.850644639430786,0,0.307965908797436,0.430679244854176,0.470640387136693,0.0108290109584011,0.298905548193778,0.560361295880139,0.967526069542585,9.19937145666352e-05,0.0528710343652566,7.07881029528642e-06,1.15418471845929e-19,9.37787577186501e-06,0.297406922153808,0.000292504625518268,2.90231999278934e-05,3.50425052973627e-05,0.165268451436248,0.000392087338605082,30,"EGF"
-9.58455576870872,0.205292165816441,-0.000555046929878403,-0.119578588507864,-0.0862640651816743,1.27554646991463,0.0485366084432186,-0.0427147508600124,-1.40645756161999,-1.03474882640372,-0.282231462467671,-1.34268235952797,-0.460119922763024,-0.395470539746825,-0.447703796422506,-0.50235519383634,-0.117612776578678,-0.454820063247346,-0.990873247375688,0.0233195743914183,0.0724593888573037,0.00212463215658387,0.0838977485369279,0.199534941861926,0.52192395328715,0.0661534394498635,0.0637278316035438,0.261476981762359,0.219205130125618,0.296289302540886,0.207363561731662,0.25216409393707,0.307143714254402,0.237561764493705,0.382866356497796,0.276655409668457,0.326343174865198,0.364094235094022,0,0.00460840942284137,0.793904520544901,0.154073504976264,0.665504777328762,0.0145281785206183,0.463133165811927,0.502686716124679,7.49438716487717e-08,2.35313053569426e-06,0.340816260794479,9.48019570687197e-11,0.06804864817124,0.197893978395812,0.0594867657905315,0.18948970256329,0.670746488133223,0.163412307550386,0.0064991360739072,31,"ELOVL6"
-10.8792078740597,-0.00102046087909147,1.14228507688067e-05,-0.0173726052992384,-0.624269183849003,-0.119594507512192,0.0424574503537074,-0.167157898505039,-0.261381048577841,-0.834672747473289,-0.32535139470543,0.613015832251584,0.523256974565307,0.588892261163434,0.507589673705521,1.44319759950055,-0.350680521784603,0.609291936754979,1.57129463730767,0.0350100064606538,0.104438656235424,0.00323654874933385,0.122816565204904,0.3318862856212,0.775287964137815,0.0981843051103454,0.0960318059642323,0.386663869988522,0.331764176325889,0.45754913867432,0.308434895302417,0.381911558764205,0.428994060755485,0.36011939926186,0.504458821096535,0.42855900090821,0.475531471677855,0.471353230452334,0,0.992204064526204,0.997184007393825,0.887513156804492,0.0599755747541857,0.877406172954162,0.665431794840036,0.0817447001994276,0.499046765720037,0.0118741804932485,0.4770382473232,0.0468664854662129,0.170655730419698,0.169836847172683,0.158686240778889,0.00422463102105533,0.413198305936218,0.200093140222355,0.00085735400563978,32,"AP1AR"
-9.00777875179496,-0.0761668415197112,0.00666551524954136,0.19999294764316,-0.203250302273696,-0.511159650738205,0.0350509298627527,0.0483213791062911,-0.262115034549665,0.608516560137643,0.15078273573332,0.457097238830253,0.206554830089354,-0.692891626459432,1.59231774792272,2.60249915891109,-0.273369489818627,-0.878435698962176,-0.624102101609233,0.0217749534625269,0.0627009806365362,0.00191336447264198,0.0747926524444964,0.135725164130431,0.37220033649881,0.0591315996270049,0.0570860849566792,0.193632962773948,0.167675104300813,0.223882549302355,0.159014747383614,0.199117609499466,0.257837795851452,0.187863617725667,0.2699838714863,0.225959026924404,0.256599556663945,0.272014418626356,0,0.224456434510172,0.000494603548709572,0.00749602362686033,0.134259625217448,0.16964496936447,0.553340842739289,0.397293330347282,0.17584184514551,0.000284366129535371,0.500635388105757,0.00404592447200533,0.299572355287401,0.00720287808777195,2.33220959767933e-17,5.44729303959222e-22,0.226348411919576,0.000618494067524166,0.0217691746884078,33,"ALPK1"
-12.093041859876,0.0951449927528577,0.0197295388674416,0.0794549857264642,-0.183942934874091,2.11800364777755,-0.166333025200909,-0.493549341226732,-3.39265315556041,1.70453817807379,-2.97506561434332,-2.454870097077,-1.63043043766206,-0.653482386902701,-4.91497302318104,-2.00725166874383,0.862598976476537,-0.376758149468783,-6.26729035050941,0.0815514099464647,0.227688213033835,0.00727657015786919,0.273545644119503,0.573195683678834,1.50555625896621,0.214762117694149,0.214415350307034,0.810419691982322,0.602864097208093,0.852809197739183,0.616201909080739,0.712858463089716,1.01570856602773,0.779382142899275,1.46712554629098,0.79393275660946,0.996918491798583,1.54365177734724,0,0.676039215974037,0.00670040091813967,0.771461780821388,0.748280303682993,0.15948924351749,0.438635814900714,0.0213443254597985,2.83549020073317e-05,0.00469276138057491,0.000485652056871343,6.78011400063592e-05,0.0221857430200791,0.519980233958355,2.85890444407024e-10,0.171264306846906,0.277262833231346,0.705488002791677,4.90639846629866e-05,34,"NEUROG2-AS1"
-11.2842859861923,-0.1608015309666,-0.0025097093639936,0.217865668381729,-0.522867580361674,-0.397946567162702,-0.116419966979311,-0.0718694677197336,1.09296991231024,0.953098213412635,0.446627459487995,1.40026716895488,0.75425388450246,0.118515696709946,0.119939445244468,-0.573756310360934,0.925192435247357,0.166556837281372,0.800585601651647,0.0360324025131477,0.118712565171397,0.00347532392587225,0.13940219150158,0.38322064982089,0.95481889830491,0.106817460221432,0.102141217239654,0.441114133933313,0.387183439357896,0.525704262930587,0.366264834644785,0.451185318237386,0.514291898083856,0.432280401355851,0.811112534215874,0.494259990439311,0.559361720419717,0.597488240176771,0,0.175562514863732,0.470201518888426,0.118086271475171,0.172440619701601,0.676841518539702,0.275758775890046,0.481664180876024,0.0132214280086969,0.0138311404072559,0.39555902477908,0.000131784184905277,0.0945802636516295,0.81774644982641,0.781428825000681,0.479336853066874,0.0612240346372045,0.765884583616246,0.180271812861587,35,"ZGRF1"
-10.3277072098515,0.0171805854235716,0.00124673140875914,-0.0910154472148963,-0.531168569215586,-2.00492636074838,0.143637751396616,0.28883619716359,0.70619612577225,0.352649360263969,0.0873987213456531,0.255713038272079,-0.0156822802190589,-0.0738015425701338,-0.238916324065018,-0.973336635648414,-0.414031112947909,0.388285396733981,0.244012528679588,0.0220525197358311,0.0694245317189848,0.00201296096683725,0.080664882829626,0.216948541315332,0.529691079544285,0.0642848471121136,0.0616064393071505,0.245905475928039,0.222868220015403,0.297514341810402,0.207477073111458,0.25445154267521,0.298535766804932,0.245594669120364,0.454066026704358,0.283447384723684,0.315897222847178,0.346751028036948,0,0.804543429832176,0.535684492406392,0.259186649434094,0.0143507383253537,0.00015365534975461,0.0254570837372176,2.75337026566665e-06,0.00408116079040233,0.113576006557577,0.768938969475973,0.217766782829922,0.950856134861334,0.804744369862449,0.330649008777664,0.0320648270160737,0.14409825586187,0.21901518548726,0.481612739883887,36,"LARP7"
-6.42179188111529,0.0571102910522336,-0.000186197352423836,0.0422813068748949,0.154346715330216,1.76429058946271,0.0737873387827952,0.00432904328649704,0.805680107000984,0.292442696846979,0.64723570228069,0.673527447270604,0.782926412430205,0.507236615984387,-0.195034384629295,0.668720434914548,-0.50503692211893,0.458221140176747,0.58324057827947,0.0151336499682655,0.0386852755360571,0.00126048303751125,0.0476601702519746,0.0510587944245641,0.154162079590084,0.0383875864015252,0.0375863297703873,0.0831022870718005,0.0737549920119718,0.0980523110734164,0.071526500792104,0.0889016400545494,0.116872258229971,0.0923553724083981,0.126802966197944,0.106761406252438,0.116787048295309,0.109067819050368,0,0.139868793053214,0.882564499615554,0.375002814321924,0.00250347370762871,2.50869787242147e-30,0.05458479034554,0.908305617727914,3.16509538053258e-22,7.33786211928716e-05,4.08607244514341e-11,4.66489705131251e-21,1.28931373211056e-18,1.42421616729924e-05,0.0347051782965564,1.33702514592093e-07,2.23945930602681e-06,8.72495608268077e-05,8.9175533441619e-08,37,"ANK2"
-11.3661543094129,0.0461231810174944,-0.00353723789101185,-0.048478933101612,-0.585789991343181,2.29801781380741,-0.786250156569191,-0.397186358433392,0.96432975676385,-0.28151764716723,0.417161624761739,1.15353267744273,1.28791659025985,-0.123494513756877,-0.3863906699269,0.609963542781951,-1.09633170070575,1.83564820214119,0.465022148933761,0.0360252013053699,0.113134266377965,0.00345978207087374,0.131289417827642,0.388809239448642,0.866000103923507,0.100983251931719,0.0945892281947806,0.394669034282585,0.362611107286921,0.479647205001536,0.334131266680241,0.405003319282123,0.540988992276365,0.397722326211262,0.651942877042146,0.476673507660588,0.489835133017183,0.561365884469035,0,0.683504707082731,0.306597541323196,0.711939598950714,0.131906626861298,0.0079638186201814,6.91934457924115e-15,2.68018870312694e-05,0.0145500671974542,0.437535010080944,0.384450183085961,0.000555759661129083,0.00147267479369653,0.819432097159054,0.331295060650385,0.349474602589572,0.0214502842395854,0.000178618856298876,0.40745746996301,38,"ANK2-AS1"
-8.52064225805036,-0.0373299913229351,-0.00235154272298296,-0.0169460040396088,0.0910670623567545,1.75413774945636,0.0345868751263629,-0.0133022959232116,0.274562213384072,-0.448836777748802,0.483334023387987,1.0469265873979,0.989886079181825,0.0210318217502732,0.957633648694019,1.23140508101886,0.32048963020031,0.754365424807866,0.630823859138371,0.0191460680570209,0.0538253470799327,0.0016936978329772,0.0652215663085046,0.109053560392761,0.329036340185937,0.0513600611553957,0.0500524046182036,0.165634097520061,0.146738221869249,0.200026627056301,0.138340752144052,0.173363220491391,0.218266990156212,0.167167122162406,0.244041974393108,0.197621969776765,0.218994681264823,0.224112575480844,0,0.487971197396034,0.165013003040749,0.795001006270658,0.403679816185342,9.75998468038767e-08,0.500680342009994,0.790418374891553,0.097389531560736,0.00222256266607492,0.0156770522554237,3.79778529287934e-14,1.13044771621922e-08,0.923236062016641,1.01262593650258e-08,4.51452593268412e-07,0.104861006335465,0.000571747154961551,0.0048813167871491,39,"CAMK2D"
-9.95234384133298,0.0464026910508,0.00494680691017661,0.194100566810153,0.23922411071947,-0.0606030454381322,-0.0347614813363519,-0.0332016645772905,-1.12173472415696,-0.922431641421204,-0.887506758261968,-1.55995448402188,-0.161921642699729,-0.547380311542836,-0.111682181540711,-0.355912744731831,-1.05146874424836,-0.324993108725483,-1.30234640158406,0.0407263648334822,0.112026833900401,0.00355893349678843,0.136988337246773,0.211926709036131,0.619109471000888,0.107432064995011,0.105025448513925,0.322129431993215,0.278507891969728,0.379402725818602,0.264524801592333,0.32555080869259,0.429223418020556,0.321076482785659,0.46379128750402,0.372870417313162,0.423753747551027,0.45859149779391,0,0.678719951643073,0.16453831866446,0.156508341910979,0.258979740749072,0.922021668073518,0.746265802117815,0.751904056928536,0.000497222081377184,0.000926154934426398,0.0193240077139297,3.69731585566157e-09,0.618922879239471,0.202209930698813,0.727962832314799,0.442844611914851,0.00480340188098973,0.443118018313001,0.0045130020326083,40,"ARSJ"
-12.0261268641587,0.000930441764786724,-0.003182870167054,-0.054491808644833,0.0794412235780556,-3.78741477263779,-0.992940117221927,-0.885845358483756,0.891025445103813,-1.90384325331859,-1.30085810547242,0.627089308821344,-0.213433892462149,1.82536305395124,1.37769785095298,1.06273422182896,1.36766922775663,-0.105090075521396,0.933473563373209,0.0480992900364657,0.13763964761942,0.0041701898777299,0.157437355343115,0.390698246655447,0.976887849874744,0.127566212069066,0.121164862895115,0.496469818765723,0.466888236759105,0.65492826903022,0.411360806784206,0.528636711920303,0.537866342366518,0.451181391740844,0.647909260726734,0.515951757191527,0.601653986453077,0.590601040414433,0,0.994606354509383,0.445318212195534,0.729254484738443,0.838876010243547,0.000105743205995112,7.04206001218237e-15,2.65014228689217e-13,0.0726979589339194,4.54779178205676e-05,0.0470044139172035,0.127402208182573,0.686400991615255,0.000689523555771601,0.00226162872996359,0.100952858015664,0.00803086068915772,0.861340021073735,0.113981318874173,41,"SNHG8"
-10.7500118046107,-0.0789050411415666,-0.00445270093456257,-0.170433857703338,-0.690756998790524,-1.97887166837383,-0.150884480422947,-0.029255896317901,0.529576451800551,0.243753353390891,-0.049662291476677,0.128834228682028,-0.0595852654983827,1.10917790209335,0.562731202027198,0.44047720444843,0.47707434538885,-0.378605723646229,0.56065937108608,0.0295403117498442,0.0867267730393049,0.00251738215746556,0.10065028134122,0.28060439574451,0.6039598792824,0.0825070058071461,0.078762334532584,0.290139579535302,0.260260014947935,0.350731162126925,0.24388025483441,0.29701476205361,0.354330910388772,0.280755005336162,0.446317911762558,0.315725186267859,0.400394007520772,0.393264508835049,0,0.362921772563007,0.0769302161674599,0.0903932061038599,0.0138289677361521,0.00105104085116169,0.0674374434081774,0.710305915651499,0.0679637357472175,0.348976564423142,0.88739876212605,0.597313070403571,0.841000552317097,0.0017460126739577,0.0450326167625774,0.323685010311507,0.130777485363226,0.344361373436051,0.153968056372131,42,"ENSG00000291201"
-12.0381311502861,0.194068142376852,-0.00196915820143207,-0.241343609933145,0.463041860761825,-0.833867110293174,-0.110875625589914,-0.221034457020747,-0.00130476114442379,-0.578607056852519,0.597642482799833,-0.0219881861274995,-0.0429973627180264,-2.30783066293339,-0.635138603808449,-1.03509338513126,-0.200181685359179,-0.852991575461045,-2.09970633702648,0.0664451191460428,0.196300633248929,0.00557386390415652,0.224574396103931,0.359044937735999,1.2727964146134,0.180416009087894,0.175649655324513,0.597353630031367,0.526741047298419,0.690689806593619,0.502096046546575,0.609332886557227,0.95904136397027,0.60274297445731,1.0175085718658,0.689698856267839,0.904141493759054,1.0407746907121,0,0.322845580687661,0.723875369077367,0.282522013724847,0.197172635875488,0.512373944723945,0.538848401861098,0.20825344817982,0.998257233416612,0.272001117983843,0.386883213120774,0.965069575269392,0.943744244360545,0.0161109118361899,0.291998762439791,0.309019189392917,0.771628766845734,0.345462493827085,0.0436490309786859,43,"METTL14-DT"
-10.6230996850624,0.0427455667729338,0.000894913215307423,0.0233932514650372,-0.553500470262732,-0.653512979897961,-0.0550787813895486,-0.104660931095908,0.343665127239838,-0.528418674656677,0.594761451869342,0.226288478145599,0.500294137257034,-0.522717727629371,0.513508459243957,-1.03238333962398,0.245905110413957,0.504732729969631,0.0795580570009856,0.0201118899780788,0.0681848902070638,0.00188903935107403,0.0758144733967169,0.259568820307458,0.606823939343428,0.0599859150458961,0.0574917775429967,0.274266838601967,0.238611356977733,0.317141376757307,0.221239811859284,0.262134960813323,0.318534257097202,0.240682753462207,0.482295491005678,0.280420072373833,0.32287602403737,0.389454533028759,0,0.530720373405384,0.635685433744251,0.75765687897368,0.0329752691781729,0.28150706666135,0.358516662625644,0.0686904387152722,0.210194058630339,0.0267904217975485,0.060740093208568,0.30639301599136,0.0563219119492107,0.10079545253409,0.032879712702998,0.0323093861984539,0.380531757030007,0.117996144663609,0.838134126303854,44,"METTL14"
-10.9595800251632,-0.242052375888341,-0.00645795179806168,-0.118460598954587,-0.0265046172915565,-0.90838659237519,0.0315429421540799,-0.0461804346889075,0.664863230924539,1.19444993079239,0.701963247485773,0.994903841923568,0.915211546403008,-1.12106810350346,2.38185305641941,3.46295260588978,1.64649504546914,0.496324466495141,1.78431602075659,0.043748054321182,0.135758108661052,0.00396818398523817,0.156352309115534,0.321677691175686,0.926822032424054,0.122794078286031,0.119305331767422,0.480024027089884,0.41787714240447,0.582616904973729,0.38929175264025,0.48603616942399,0.656049906765998,0.441018085806874,0.612421026185637,0.520316893648704,0.600828853676205,0.648570827882459,0,0.0745914976617221,0.103645262233044,0.448659497482832,0.934332651686079,0.327032329309495,0.797273929314813,0.698698678247467,0.166033387853402,0.00425815702990836,0.22826302328639,0.0105981551954441,0.0596988513314828,0.0874851718837452,6.63421975197264e-08,1.5627398471705e-08,0.00155398675527414,0.408766484697205,0.00593863348280725,45,"SEC24D"
-8.2535214791017,0.0649563574796928,-0.00311115132529647,0.0206537055039602,-0.223404939098685,0.620965862703795,0.0373347989696077,0.0283436031731062,0.737798212196996,1.33748582788426,0.349264980915108,1.54965158684286,1.57014275281492,0.279406129579645,-0.980763165567758,-0.192884300682464,-0.580058599201173,1.27606466511887,0.524356115475499,0.0224242554740281,0.0616924265262577,0.00192906233035506,0.0754187854536677,0.105495536234616,0.309506748154361,0.0583135000578341,0.0572189686401141,0.16118052653803,0.144913309354709,0.19051378028798,0.137999540379022,0.17152128519535,0.221231902011596,0.17760127057786,0.272630328878313,0.203353767064606,0.221031952532818,0.218344640746831,0,0.292383842377459,0.106792517765681,0.78419713474464,0.0342028590795535,0.044823397768117,0.52201475679196,0.620350775150701,4.70644596829547e-06,2.71750341643915e-20,0.066761037429264,2.92468572428812e-29,5.47543489708663e-20,0.206605039091355,3.34637014249462e-08,0.479259588369439,0.0043382196187915,7.77737667221688e-09,0.0163277105103392,46,"SYNPO2"
-11.9580583714693,0.427901339889826,0.00203609364578942,0.0420396864555161,-0.598599315279789,-1.20110212614293,0.0122420470326252,0.191907319423487,-0.0741905766579209,0.454157117778096,-0.704225255664,0.341506802866777,-0.826218648653848,-0.939059738110702,-2.42795311309982,-1.13049091553796,0.596003814886519,-0.367764686108018,-1.62568674668783,0.048051280144333,0.170935794566081,0.00474593118605821,0.196656534602695,0.568124078979227,1.38692695636007,0.147294367017343,0.138726640331641,0.631429678342889,0.568235211590144,0.730836555245209,0.531604645331311,0.665539825570109,0.759464413596412,0.651159923600318,1.21090944917175,0.686692107283796,0.819204384908707,1.03612059058715,0,0.0123045745106333,0.667909551907627,0.830724758898389,0.292046913408635,0.386480916661486,0.933761849398629,0.166557968062874,0.90646686909632,0.424150438568382,0.335252579628226,0.520608641456078,0.214448305434965,0.21628157484824,0.000192501663524357,0.350516293744056,0.385430155792403,0.653482804154957,0.116644894058973,47,"MYOZ2"
-8.80778335483101,0.210627192372458,-0.00260621882343046,-0.111002210368334,-0.00208978003613305,0.109939251943182,0.0182666476237543,0.0585316195381604,0.534238751000234,0.763215350304175,1.28980699473408,0.630761359221431,1.20631448441158,0.20533674006978,-0.219751567622418,0.526684542044183,0.364880475908099,1.26373146506466,-1.20439598077365,0.0294869258519814,0.0793251836253902,0.00249945963845075,0.0963584541701736,0.12338668548264,0.356565830382529,0.0763617508895194,0.0740950045534182,0.189504638321265,0.168382319064686,0.218746788926488,0.162915275347509,0.20034881774883,0.279079076526141,0.206143784581175,0.293543591740444,0.231650286934379,0.268315751253327,0.293217779083116,0,0.00792526177297553,0.297081278645317,0.249332710776223,0.986487006230351,0.757832714057199,0.810941193323332,0.429554835646648,0.0048153583823076,5.8252820110366e-06,3.71636799806443e-09,0.000108072696403596,1.73266578446728e-09,0.461873455691539,0.286418613113452,0.0727765616093139,0.115225285559215,2.4787866133375e-06,3.99941439564321e-05,48,"USP53"
-11.6837719565723,0.0241333896276593,0.00264591571018563,0.107659432903678,0.423724346693194,-1.12844581983738,-0.386011939815655,-0.446873003898218,-0.0951501235617515,-1.21887152307246,-0.568536702454471,0.0630230879411169,0.533042767712575,-0.336155960868551,1.26636105047532,0.994150511787784,-0.407777987672526,2.57373047993979,-0.795676445826939,0.0357497222882123,0.112091901608102,0.00325602619972376,0.127741246761998,0.28545727105981,0.873033807664891,0.0979132039505751,0.0945829860466321,0.461499439404317,0.392816472384721,0.541445916122051,0.358190430207194,0.421436230347057,0.534675047597078,0.373015849055411,0.592725984450525,0.468868697575518,0.431106190479345,0.682007682817303,0,0.829533407290969,0.416435309453876,0.399344204679659,0.137710661538579,0.196164375080037,8.06739845382881e-05,2.30494043149585e-06,0.836653408691555,0.00191632253779273,0.293702411957173,0.860334360426736,0.205934333198919,0.529538425944915,0.000686472556335072,0.0934933236620303,0.384461012993879,2.37164138972055e-09,0.243344525854374,49,"ARLN"
-10.5093517776914,-0.0688064959195203,-0.00135634057224545,-0.0121227998220863,-0.19416773998845,-1.7796172539285,-0.276049958724015,-0.253256955181037,0.298129696213264,0.318880413224295,0.310173927969774,0.159658041256939,0.117828835681358,0.72523283288345,0.237820898997514,-0.957578816149836,0.2913061221649,-0.912050391498509,-0.178405555940072,0.0262166310209425,0.0783980087406655,0.00228461479640651,0.091418987918039,0.223588814770926,0.560833324273738,0.073460378701439,0.0713070813584758,0.265897877870279,0.234208303014163,0.314763223140477,0.220987576180086,0.264916298108275,0.319726933572861,0.258560257892807,0.458081063253037,0.290676549794917,0.365353648685356,0.381009416940153,0,0.380130338096837,0.552723099531474,0.894504178025729,0.385167530279232,0.00150786267682073,0.000171408693032876,0.000382840861666536,0.262194744527579,0.173347901313809,0.324417883531277,0.470002373085589,0.656480482569971,0.0233116462338438,0.357682996463208,0.0365806756553444,0.316263480785896,0.012547890880449,0.639609767593477,50,"GTF2IP12"
-8.58629513071435,0.0220928233175427,0.00151250344712785,-0.0717239275638726,-0.23896530422149,1.67280936831144,0.0547749035947762,-0.0337401356185489,0.203005191705348,-0.0481354662120063,0.27386076977672,0.0866900493777331,0.431807587094401,-0.394639431962292,0.30209647677586,-0.149507881188825,1.0216190648084,0.690040034492339,-0.0497413745687839,0.0180815424541731,0.049403734089158,0.0015231607366401,0.0590222999462321,0.108584057025552,0.284160895350035,0.0479157093957389,0.0463741164176859,0.140957911388747,0.12365295083961,0.164396866415061,0.118142773909762,0.143595283444249,0.19273425832361,0.142864155268923,0.218751002205169,0.162432708256888,0.196411122958948,0.199116313201939,0,0.654738356392054,0.320708407332768,0.224289635226328,0.0277544180199794,3.93652456660221e-09,0.252975794429895,0.466880551254875,0.149815623500894,0.697069953632254,0.0957429916878674,0.463086728635501,0.0026373962810292,0.0406008555785518,0.0344664814604361,0.494315290012037,3.18508469432692e-10,0.000442672157021869,0.802733787423516,51,"ENSG00000291203"
-11.8668531176919,-0.132722642674474,-0.00133452284762724,-0.0540627232188013,-0.0588618989817134,0.845879757307642,-0.572343343830406,-0.246598222561512,1.34830314021184,0.0173586585892079,-1.410897228182,2.25459657090589,2.46179549858816,-0.676555979281939,1.1273238442148,0.74196674683296,0.820273348118484,1.84500160873722,0.938769281165441,0.0535282735652498,0.157847356057053,0.00475272839242838,0.185027185077275,0.456302883757002,1.18343537174746,0.146568858190724,0.139433409257288,0.567878324020026,0.503151870329952,0.706005739840554,0.472086077236547,0.580165991966595,0.829061070502591,0.543363410722106,0.904720416527521,0.626133810759608,0.690254167113751,0.801486214513686,0,0.400443709483139,0.778870789371988,0.77014288584961,0.897359682964507,0.474753443691316,9.42467803340143e-05,0.0769650884170691,0.0175831277276887,0.972478570621184,0.0456709552477146,1.78979369670074e-06,2.20295358010029e-05,0.414471061394434,0.0380130202578624,0.412155615986906,0.190175275139276,0.00751917641665693,0.24148398784275,52,"PDE5A"
-7.89078387425202,-0.0173578804250553,0.00185550337401398,0.0700486165670449,0.0377444768056281,1.27153068060975,-0.0226174644776602,-0.0313616991162298,-1.051065879438,-0.128291225676482,-0.787697241647899,-1.02358439281545,-0.976720457464886,-1.52675220760818,-1.21804915494787,-0.872746974185085,1.04497628742555,-1.33205110497793,-1.40163283949711,0.0358706474661193,0.0927172974375998,0.0030170424096663,0.112786195876589,0.121698589981541,0.373230541084003,0.0916061991330893,0.0889839625758467,0.198043033154153,0.17297725339513,0.227302712691429,0.167559987653229,0.207469139842029,0.28459822984392,0.216026671604722,0.314558066284998,0.250345406777694,0.275553714100779,0.269541595561185,0,0.851493657714992,0.538549840900936,0.53455068591749,0.756449021028126,0.000657235470517384,0.80498651261032,0.724506695852396,1.11285352512278e-07,0.458290151802224,0.000529422409984599,1.00405771169725e-09,2.50420932187229e-06,8.11342618100772e-08,1.71617289301468e-08,0.00552835977850359,2.9911635166526e-05,1.33756918179699e-06,1.99222732263223e-07,53,"MAD2L1-DT"
-9.12472440949372,0.0971171144110145,-0.00201655059281543,-0.204764720660738,-0.207295698706419,0.0212824989269642,-0.0493365837915041,0.0138659491144087,0.507830994029542,-0.106761620949351,0.0182840361715726,0.35452261152238,-0.330992413644031,-1.43028243215328,-0.136431713928958,-0.78865946577119,0.105819030174281,-0.327232395076229,-0.99923948044537,0.0219150434094794,0.0634031805701332,0.0019399072529662,0.0754388588356028,0.138876891730534,0.390753679408098,0.0593074981043947,0.057559742586638,0.191775894675339,0.170612286138347,0.228846541163032,0.161423331089604,0.201769316062834,0.265463852174445,0.198400839880618,0.312765534909769,0.224369783847391,0.270679613621327,0.281692563794625,0,0.125586893199843,0.298568183782444,0.00664132631360228,0.13552674165514,0.956564489698805,0.405477992868244,0.809635219276568,0.0080959003862814,0.531475152747471,0.936319578756369,0.0280755520088231,0.100911699184373,7.13010168372425e-08,0.491668843841616,0.0116833196282624,0.637192471701371,0.226690179786654,0.000389245981403504,54,"PRDM5"
-10.5039960231776,0.000625268817518226,-0.00140088295461205,-0.0793264462914773,0.0635556614679934,-2.43949749235311,-0.128461402704822,-0.251252196469884,1.11767091568748,-0.610725392372632,0.451244202269388,0.656981221418516,0.596827081516077,-0.500878476459689,0.848009864021483,2.43158228168281,0.735504920206365,1.13017843201105,1.90683359708271,0.0241587853500308,0.0753516786433926,0.00221351248853488,0.0870636631872287,0.184690662625143,0.564631499711631,0.0683224850898907,0.0667936406580188,0.276979688512441,0.252403444977528,0.339130691808377,0.22947790125198,0.285905262777094,0.349251529351912,0.260840340559672,0.382845711159568,0.304245891703372,0.335695246912388,0.342642529324564,0,0.993379223667951,0.526813434069361,0.362226089429752,0.730756406405218,1.55667187515608e-05,0.06007790198024,0.000168817385362377,5.45537286484791e-05,0.0155358925205279,0.183323668263725,0.00419731429210725,0.036843009859386,0.151529955692918,0.00114972076566296,2.13450965532767e-10,0.015628878089179,0.000760789480748924,2.62029933117457e-08,55,"ANXA5"
-11.6146531609779,-0.0181100163792578,-0.00164182689856353,0.0162372122984717,-0.279152510294368,-0.46809421206619,-0.0538754957140523,-0.0139914109920216,-0.28812026414611,-0.228555273020165,0.261878712124114,-0.264616707693923,0.00808949659382708,-0.457208336247597,-0.573921599106703,0.112591782551094,-0.0737399456605533,-0.0828732052700047,-0.181951483589389,0.0391987748391114,0.12220367557091,0.00350062831914701,0.14282364872745,0.385771826898672,0.973007103926525,0.113237317725879,0.108350938406535,0.451627624527276,0.385425272742515,0.512313662622604,0.364161573502525,0.434541832987051,0.534044231595688,0.417287071152084,0.736776380437499,0.464345690579119,0.585062163135064,0.644503245829541,0,0.882188602063995,0.639063057733037,0.909485806380781,0.469298580384002,0.630459675165437,0.634234613902195,0.897254387508945,0.523499855874611,0.553184475164095,0.609232929319365,0.467442577182776,0.985147318039105,0.391928933254218,0.169018636057278,0.878542776932172,0.873823309795037,0.887357618608725,0.777703710104083,56,"EXOSC9"
-10.9152301975531,-0.0446293172962232,-0.00159939710307305,0.00239890035150893,-0.0919556728283077,-0.95183256301709,0.00776290929712149,-0.00645507336226424,1.33073013424615,-0.812721574863393,-0.2650348060469,0.69981959070492,1.22711719779257,-0.424453408798705,0.706837180128741,0.167332265972148,0.728551691357343,-0.0697578888289062,0.840287277367191,0.0286419030310771,0.0878128200588635,0.0025549603231237,0.101842989213045,0.253914704477194,0.71458796064623,0.0813251450668329,0.0784295269176195,0.31576282689256,0.294606067029179,0.403727216716707,0.272997559004924,0.330556423494191,0.404880534089379,0.306548537905569,0.525255667188088,0.349035458542674,0.418098358332988,0.43805204516761,0,0.611290395239527,0.53131701029469,0.981207655165949,0.717238579880902,0.182859544985777,0.92395326014259,0.934404876555943,2.5051591561668e-05,0.00580367141946255,0.511521763839549,0.0103633254943921,0.000205402545217934,0.294480906325108,0.0211222549396405,0.750050341436044,0.036858442166533,0.867491505221334,0.0550810718515565,57,"BBS7"
-7.81638531523982,-0.00070277880885835,0.000432832306888924,0.0538917485360532,-0.19901380094641,-2.59495047891819,0.166304672091518,0.146186948249767,-0.293447604347776,0.131022524553608,0.466167756560158,-0.384138710669962,0.482969852041357,-0.199297349653482,-0.194454703201068,-1.2860646507784,0.545943574701453,-0.802772941986141,-0.634716164157185,0.0154187321627522,0.0397138680916801,0.00126804205089652,0.0487746222012898,0.0699343513603037,0.182646379342972,0.0397760455164755,0.0388273982119327,0.0960882294059521,0.0842233686842213,0.110623637039467,0.0812584090159468,0.097729526466503,0.134773934056531,0.10298494134311,0.157296430695688,0.116262800701004,0.132416928976765,0.139793255610334,0,0.985881327511907,0.732848331089133,0.269196983238233,0.00443107039334235,8.22987484914819e-46,2.90196944719791e-05,0.00016651828787606,0.00225857897423927,0.119790096258962,2.50889795442393e-05,2.27444581905031e-06,7.73636572835272e-07,0.139206360659491,0.0590010123225863,2.93282248842195e-16,2.65602001787328e-06,1.34051334069794e-09,5.61497642170974e-06,58,"BLTP1"
-8.18441730717221,0.00851021156751667,-0.000435359176814516,0.0946319897643871,0.00112651640435756,0.639883790832,0.142782870061441,0.0280666607451349,0.710113367951559,0.482618471472116,0.265388022866457,0.73870107243819,1.04286866397656,1.90194905973901,2.43151546503982,2.49335677412522,-0.231663681344452,1.44140601157962,1.18991878862404,0.0303569174331485,0.078134842267183,0.00243724208441696,0.0958405255346034,0.0979876929183716,0.283363176469749,0.0764141133106931,0.0747092785854199,0.156325588064837,0.140131515991023,0.184477619434177,0.13562527692678,0.167375512152408,0.230167668697043,0.168563549026799,0.221015820893809,0.198585399621806,0.220427688570606,0.208893911446493,0,0.913268333447574,0.85822996907911,0.323451417002667,0.990827314936549,0.0239347182847903,0.0616867621274904,0.707156012791268,5.55835990322126e-06,0.000573092042128492,0.150266161420563,5.13323012819241e-08,4.64319096637579e-10,1.41675980972802e-16,3.60695459351739e-47,1.62237436905615e-29,0.243384244070311,6.18764080893876e-11,1.2244773037893e-08,59,"FGF2"
-11.2700089468648,-0.233416694240331,0.00343946169413486,0.269298351845713,-0.513696312422191,-1.13786386917458,-0.188100039298745,-0.289789499180583,0.712846536598651,0.735793187222544,0.495725019404913,0.986344718124424,1.04491369520168,-0.346548528933259,0.180924795039237,-0.853028287684994,1.20018539281495,0.0459200363609742,-0.289905409787028,0.0294289409794605,0.101600337240639,0.0028332680055246,0.115091050030391,0.379632864187826,0.898739262213039,0.0883487852761174,0.0855594617548445,0.4124635409441,0.353931500016439,0.481183636725098,0.329073647324503,0.395761741219135,0.474888196699922,0.378519147786017,0.729975655167513,0.421035512865392,0.485856446645631,0.599273975119019,0,0.0215959172050395,0.224764661535142,0.0192903380635303,0.176010994326545,0.205489196505708,0.0332491332071837,0.000706625852569433,0.0839406228534634,0.0376252461388109,0.302906730368363,0.00272349190229443,0.00828425684445756,0.465544470360572,0.632664039933888,0.242576569670582,0.0043642836618814,0.92470118855084,0.628555457874373,60,"NUDT6"
-9.59129699628541,-0.190679339371389,-0.00265179598621826,0.0830400474175742,-0.0299483912941638,2.13342711235351,-0.0393076776156033,-0.163248941982329,1.07660715580079,0.0206752535935509,0.21508859533761,0.802168308035184,0.873698905402114,-0.112880399942619,0.573664557904084,0.0938256695086268,1.21613006128206,1.15395665400115,0.744792165606817,0.0202911874039859,0.0675807926681063,0.00199762710825828,0.0771609900542468,0.186157020701248,0.53684321236228,0.0601025802996401,0.0578871042521823,0.257366955326379,0.223682002148047,0.307147364480823,0.210190055312143,0.259331450987359,0.293377375580199,0.238629345272834,0.430332997272371,0.278284975119578,0.303360211556171,0.346891402646542,0,0.00477993445401431,0.184352276241846,0.281841355083829,0.872190242656399,7.06688234449788e-05,0.513105480133492,0.00480047592546511,2.87484896874729e-05,0.926355246509715,0.483753599936447,0.000135415578582714,0.000754295592794507,0.700413921584514,0.016216845439053,0.827405436282758,1.24196003489521e-05,0.000142426699668682,0.0317895354183718,61,"AFG2A"
-11.5189425981777,-0.202709435659009,-0.00223484076193771,0.127685826748722,-0.648553528872688,0.675300515704143,-0.345633711918889,-0.442675253402704,1.22040013541849,0.127656623713297,-0.600670874923366,1.33932652323595,1.37126846131721,0.62671529109969,0.110602696755601,0.350840527601988,-0.341466259518382,0.577366356371882,-2.00971696227733,0.041444172560955,0.1335409251094,0.00393234122385448,0.15339461252956,0.486558794444777,1.08330850772821,0.120782286664985,0.11715147611451,0.508299262687536,0.451317252295162,0.616296835586627,0.417280597973193,0.519695266398865,0.564085548240176,0.481410136163628,0.785478944272206,0.560785454643243,0.621748775785227,0.832609963376675,0,0.129025137863643,0.569815526090114,0.405182645571689,0.182551596123909,0.533042322509101,0.00421474155222726,0.000157676385711218,0.0163526568156495,0.777289210242276,0.329736185983709,0.00132894633660814,0.00832488924704604,0.266555951862809,0.818288109067577,0.655121943832359,0.542586000578405,0.353087714069931,0.0157890491733219,62,"ANKRD50"
-11.2147225775891,0.191181614635724,0.00240700098195063,-0.111452719786235,-0.570549742531636,1.50449731563946,0.153866909297046,-0.234312616322638,0.797767057984787,-1.53820949766346,0.47914444256905,1.28515366385271,1.32695162300734,-1.65293325286543,0.441817596606744,0.351275117325924,0.597302894828004,1.40591501844974,0.905430036395074,0.0611620891830398,0.16523156801599,0.00531297748526781,0.202459404903268,0.421950628091852,0.999937303760279,0.160040864493365,0.158782889891691,0.485417981997717,0.445785630774942,0.595171373445624,0.414062450152091,0.511189635967133,0.728837349188779,0.509164111437822,0.774465311501359,0.56355179986377,0.696943077384478,0.620212401498667,0,0.247250872560166,0.650518629175807,0.581980482222213,0.176320360961642,0.132429094895404,0.336339708891518,0.140030018153198,0.100286933969496,0.000559427444171411,0.420789151497847,0.0019107328157588,0.00943679886334472,0.0233350490260724,0.385541489507451,0.650137526558354,0.289194663592654,0.0436684435079756,0.144325558391024,63,"FAT4"
-11.4841257459332,0.201765948834599,0.00643579334358735,-0.371288553237238,-0.479603331311337,0.433277456361889,-0.290259984980192,0.116489387904138,-0.525598372519065,0.0982917924883829,-1.00145512915679,-0.899955591733201,-0.466330778502617,-2.14514478532246,-2.20372315051471,-2.41644115455585,-0.760192012322969,-0.377027343087975,-4.15945655559072,0.0629735147876824,0.183008202336547,0.00562811779539613,0.214336137532123,0.478038818814865,1.17375668597584,0.169438542973207,0.164250383246266,0.559290477030991,0.483850545782377,0.658479586754585,0.473495963253074,0.561809338425404,0.867654485185556,0.574649065532629,1.09884371956804,0.655495133848645,0.799718990438301,1.07939289229878,0,0.270245769379425,0.252828058057209,0.0832250920420878,0.315729269152241,0.712025335438276,0.0866997707584784,0.478188979925138,0.347341090078704,0.839021743054238,0.128295025217494,0.0573463522740141,0.406509571720609,0.0134228368137281,0.000125614102068732,0.0278724991322877,0.246162081680095,0.637319573599153,0.000116434190940284,64,"ENSG00000287021"
-8.37805977329453,0.12239106498108,6.74000010026838e-05,-0.102328599379177,-0.150778698493348,-2.81572170741772,0.174028629138862,0.274451798888567,-0.4292872143355,-0.646208837383311,-1.24480787751438,-1.17492157548374,-0.35454485162295,-0.482030389284035,-0.668514161269848,-1.31960376751435,-0.342053214411626,-1.73044360941305,-1.18818332100866,0.0204534168963516,0.0530454345960512,0.00167441433475131,0.0652145046624027,0.0862923928066236,0.233926840769864,0.0523224198497428,0.0511751933585034,0.119402715432076,0.106353979319383,0.143717392934135,0.102943264048663,0.122896807031692,0.171480810543063,0.131178142348385,0.19736332158985,0.148703870567178,0.173385099527264,0.178111938412893,0,0.0210388012608991,0.967891518802212,0.116622781741629,0.0805853120101306,2.27719559650088e-33,0.000880761930600733,8.18577660711106e-08,0.000324032238826148,1.23202541601047e-09,4.65605660413436e-18,3.58882940210537e-30,0.00391539496814088,0.00493897276214731,3.46481670763583e-07,2.29094443541908e-11,0.0214351510832147,1.85814168614786e-23,2.54080027492248e-11,65,"INTU"
-10.169572105622,0.198441432396606,0.00150967717738212,-0.116554689276382,-0.282763455357672,-0.138717915511272,0.256764418516292,0.22412911001235,0.912928995968628,0.130905401406519,-0.246174544872721,0.42403701089262,0.419628429537022,4.52378379043057,0.178026779315719,0.217076771886378,1.19884064441441,0.0124246721539082,1.26409014858171,0.0597377080738295,0.149391361439822,0.00461233995523677,0.187261644130509,0.197050062539404,0.547838676136368,0.151362524413771,0.147213557958894,0.291272869769778,0.268348138045427,0.354785043099826,0.256934297500176,0.310284728049606,0.39513877975454,0.324946383784577,0.452325192965151,0.36756475284276,0.437698339066826,0.397622970733516,0,0.184068217438787,0.743431431527736,0.533668201577306,0.15129199193338,0.800106384633934,0.0898188661728371,0.127889852577729,0.001722798781522,0.625677838171802,0.487764009291663,0.0988670012342512,0.176248045490965,2.38988081561036e-30,0.583784542044618,0.631289207376987,0.00110794443061595,0.977353985596983,0.00147724190138313,66,"HSPA4L"
-10.5473953855397,0.0586664509163456,-0.00416208942950513,-0.152814247517661,-0.525180364130623,-0.045117341611468,-0.203502825536438,-0.257295608561878,0.496687714774894,-0.399879606468365,0.157300544648746,0.311442718004458,0.206687155819918,-0.346404259905281,0.268434280584914,0.183028132623588,0.817840391440896,0.073534528556606,-0.47965785390885,0.022581914935219,0.0743615691055603,0.00210191274060643,0.0825254554744295,0.263392316587879,0.619081791584394,0.0656399718833633,0.0632687879441393,0.278551625446596,0.247680425824861,0.333666085424907,0.228694024913917,0.277557666066512,0.338315333585212,0.253539464411567,0.455395212094947,0.289012558143616,0.357178042161369,0.417691168347807,0,0.430149947721142,0.0476873754878511,0.0640656730189849,0.046161977999084,0.941903330915345,0.00193332474443463,4.76821778368573e-05,0.0745686759177454,0.106419402758097,0.637332964940677,0.17325108043077,0.456474967677973,0.305878056386914,0.289714777373608,0.687749870349467,0.00465808101231475,0.836887462638643,0.250821931629528,67,"MFSD8"
-9.63953180019861,0.036478450263501,0.00251772611887435,-0.0432261435417864,0.0229038306219525,-1.55634693692447,-0.0187076202983579,0.132842773737532,-0.510172028538323,-0.019059008275009,-0.241957023596101,-0.481010485495523,-1.00914043580426,-0.463911856110687,-0.550649712411782,-0.890910371305267,0.0363062037674635,-1.07873199810279,-0.0101468097239604,0.0192177816653798,0.0584232145848161,0.00173696424023192,0.0681948194114377,0.145156698537898,0.412783583729586,0.0547737106546375,0.0524398739957731,0.202708802195944,0.174583932038867,0.234694062344712,0.164732825146892,0.202312888508028,0.244427539119457,0.193973875163177,0.332050677579748,0.22388800539656,0.271859770753915,0.270755630916007,0,0.532376218605589,0.147198570257962,0.526170514301694,0.874624693693945,0.000163005544513786,0.7326942507633,0.0113013623200167,0.0118435126586704,0.913069106488258,0.302565906097404,0.00350095237078575,6.10017204707854e-07,0.0577023410577023,0.00452859618957827,0.00729528991623495,0.871178012326621,7.24868033993021e-05,0.970105559265592,68,"ABHD18"
-9.73909563662774,0.0774449199442494,9.08158349935857e-05,-0.16660871021778,-0.453611084469184,1.03384356193461,0.0781522651225592,0.127201913720003,-0.909633643746861,-0.88283194015291,-0.662528389233869,-0.494645611845644,-1.11360472035023,-1.17812296254706,-0.134582676594336,-0.481616891121405,-0.449464459231911,-0.44751758307982,-1.21057023372119,0.033785996132176,0.0929374654947823,0.00290103590383389,0.112521784210847,0.200678422759819,0.52151570646738,0.0902235925204055,0.0876508978755805,0.268606999627678,0.235252548185027,0.315223354957394,0.221950836643327,0.275049024494293,0.366999489902629,0.271555902072809,0.400501312695695,0.31445744113292,0.36231395820914,0.381902939142676,0,0.404674767939683,0.975026603674031,0.138691973112697,0.0237971849997548,0.0474364570219724,0.386376912282109,0.146714869256149,0.000707940806341019,0.000174941045212148,0.0355730394756062,0.025838737650447,5.14919257205358e-05,0.00132666288168098,0.620177766252321,0.229156270577959,0.152908489246828,0.216769037717921,0.00152524244339839,69,"LARP1B"
-11.1013832733684,0.0423073423831155,-9.90936661960649e-05,-0.148494961124216,0.199844140015337,-0.899761984499205,0.0837964863870598,-0.0937002344204242,1.10748645197038,-0.340972507370246,0.405410959570102,1.21066663433338,1.25183959031001,-0.309381455073861,0.429449759136197,-0.369542374006653,-0.307222622613343,1.96826053481646,0.901957678882881,0.0430412175873926,0.119624519583907,0.00361453877103279,0.143247098499775,0.233090018264174,0.727958957514526,0.114061612930955,0.112517049268136,0.354432568083332,0.330728615808743,0.438612907176129,0.306641163174003,0.376575355405622,0.517004756228867,0.376567968671186,0.595954787442041,0.439114864854908,0.481876445966752,0.521351817400998,0,0.723587846025344,0.978128494885416,0.299905978475474,0.391241023631415,0.216456157116126,0.462546683893092,0.404977408551853,0.00178001832929179,0.302553149459595,0.355328897368231,7.87560317748506e-05,0.000886491131466088,0.549565570543755,0.254106812610148,0.53520210370921,0.484151730876432,4.41575426672863e-05,0.0836237522881638,70,"PGRMC2"
-9.2555664374414,0.13161538762409,0.00424631687056673,0.076516459580858,0.113102077831345,1.02022100331271,-0.0703961537601368,-0.21845850259235,1.57955262985434,1.27968294641536,0.249464080774689,1.32874098054525,0.270501870236078,0.0696387872091754,-0.310228880007417,0.668598262369135,1.37280022080891,-0.0982431211764248,0.124087974159937,0.043122513760197,0.109857209179634,0.00350496345573201,0.134243375647261,0.146071272686224,0.457249822258689,0.10956632447377,0.107503989402766,0.231706049108283,0.211657282964765,0.282252284603586,0.204994669037176,0.25358150556892,0.335462930075297,0.269580572048173,0.36200842077438,0.312446118995696,0.349017883213986,0.334116367212513,0,0.230894157075338,0.225697972481264,0.568689139455914,0.438757081289934,0.0256671310428108,0.520549831683613,0.042143866950145,9.29263957918574e-12,1.48472980983831e-09,0.376785992013646,9.06155824597184e-11,0.286095787470926,0.835549025703627,0.249821305698451,0.064759668662303,1.11428203545743e-05,0.778338821863481,0.710345965944152,71,"LINC02615"
-10.1074731075575,0.122878735129082,0.000839642588783761,-0.0905715823455723,-0.342976404758886,-1.11925971254253,0.0849289591814443,-0.0330615215159062,0.700810595399611,-0.195788880376713,1.31925473668051,0.239018464499535,0.905529062158283,0.585372893464325,0.519738033138099,-1.13497620385949,1.34556397552371,0.219482806657036,1.79750419387385,0.030344288299041,0.0865222451661358,0.00261090623851362,0.10158753581946,0.226394975453377,0.539231094221266,0.0826043858209639,0.0798640148778407,0.265332385570817,0.239793272908508,0.311821899656159,0.226469813510334,0.275543861953077,0.327110054158028,0.27307932401399,0.463803120301061,0.303600330795325,0.372076579629807,0.340368370677569,0,0.155549993323188,0.74776295737663,0.372627768240324,0.129785808794581,0.0379255281512384,0.303883487846257,0.678894103512501,0.00825994272156052,0.414219771401194,2.32866152857261e-05,0.291237934862123,0.00101500710037802,0.0735296784248152,0.0570080225879834,0.0144007785482708,9.33525909307836e-06,0.55526700607501,1.28441899893368e-07,72,"JADE1"
-8.80430675270804,-0.0511301321249254,0.00118147098164299,-0.026965697687227,-0.159421069241306,-0.74058594308482,0.10055196642489,0.141382398362926,0.161175145864754,0.106709652061838,-0.613754495103696,-0.548877050692324,-0.495708194441256,1.33895581806534,-1.59495988684172,-1.19598378392449,-0.311572524263181,-1.01750192769447,1.30849482796415,0.0325409404964058,0.0852966884378067,0.00272774159043033,0.105853871791268,0.143490396573415,0.398947597770165,0.0840371607526039,0.082726144327945,0.207060600393507,0.182416926849381,0.248006934663991,0.175900875418889,0.218421633032661,0.292967539763473,0.227717620330039,0.361223024189703,0.258146037781938,0.290398172922356,0.266397136973772,0,0.548880406951023,0.664919193019203,0.79892039966088,0.266558634228721,0.0634038401350073,0.231494520736717,0.0874432970577256,0.436335588300416,0.558563383135568,0.0133330472567971,0.00180619695543711,0.0232378542750731,4.86976775532029e-06,2.48555901219037e-12,0.000929868005726526,0.227446679861036,0.000458641173077481,9.02347986375319e-07,73,"SCLT1"
-11.0700535598621,0.0588261156093122,-0.000955837819933849,-0.0117174606256049,-0.614528918428717,-0.894370531863138,-0.249169342703663,-0.290776197336698,0.753721440997331,-1.07309405293532,-0.840194624037905,0.74850511953556,0.324662698418388,3.15641411891811,-0.993036245023732,-0.538068333363212,-0.807910312926866,-0.280339067467409,3.81577905803454,0.0406317429823292,0.117325451061637,0.00355830888191558,0.141752941696289,0.336805459311441,0.754053309150405,0.109857743885906,0.107443411408174,0.358892681970105,0.339400249149873,0.466057030436827,0.311775935439514,0.389832762039513,0.44673519489249,0.395057345200555,0.621148813765126,0.445837849190689,0.519818917003236,0.413007242741295,0,0.616094830802698,0.788221062805332,0.934120980008599,0.0680642483930709,0.235589145890782,0.0233225611447289,0.00680335597641794,0.0357173695065944,0.00156831571483502,0.0714240093212448,0.0163602136227423,0.404943102595351,1.60021660964007e-12,0.0119488652867277,0.386354691493998,0.0699681315289122,0.589678905934407,2.48782684943656e-20,74,"C4orf33"
-9.31676267642066,0.0400702898037665,0.00642864093252541,0.136464116361313,0.426568070976977,1.83049626315496,-0.12043924490834,-0.313767042791689,-0.0455034296733941,0.901084208827141,0.444683901460056,-0.485550492102401,1.01048705261924,0.418964510579999,-0.139687985085484,0.00465592930103372,2.236541272836,0.574378570277422,-0.891028067605278,0.0410438676848687,0.108554638103369,0.00357854701202957,0.132003178308691,0.182981903441514,0.567119747292729,0.106679691123404,0.104392876725863,0.287154264239077,0.251867223340545,0.345879568000444,0.24376461960585,0.296491532831342,0.404022382131001,0.3088529564847,0.455962948491597,0.350142593658268,0.403740745763027,0.430685240607167,0,0.71203415023197,0.0724247474350727,0.301232396982753,0.0197426267189075,0.00124786807121062,0.258906242152939,0.00265025594702446,0.874091689975827,0.000346742347809078,0.19856136728968,0.046383946008334,0.000654053871874817,0.299743585381073,0.651067352273219,0.991852781983785,1.68602433837365e-10,0.1548399417975,0.0385590951749975,75,"ENSG00000251488"
-12.3164315695181,0.191140274018587,0.00885939022670234,0.065975543310152,0.0277366922440055,2.0495243869174,-0.0873336100423609,-0.109174296883335,-0.821769310623485,0.239731015208588,0.204497195577444,-0.642084954835774,0.181559283548163,0.11167494604168,-1.03137473910795,-2.63629887143125,1.65826619224939,-0.604820645173242,-4.43857594453805,0.0641547894986764,0.177816573354262,0.00529263398115824,0.205032783941561,0.532535924794223,1.41443368646864,0.172060403531437,0.164190841088303,0.636631166788599,0.524722079283806,0.702032987092581,0.523142364728106,0.587027175023153,0.827552219890529,0.603723917946766,1.37105139304498,0.622269329014461,0.925020384025058,1.33827875452561,0,0.282406309047081,0.0941483896199927,0.747619019124117,0.958461625448397,0.147335613080575,0.611751219966989,0.506099626089943,0.196769877611529,0.647762791110917,0.770827348836265,0.219686637013892,0.757103983922281,0.89265448899452,0.0875705023667589,0.0545013920340745,0.00770183376928985,0.513211189189011,0.000911100722960764,76,"ENSG00000249513"
-9.52028799335733,0.145258215439304,-0.000820510372063484,-0.0820703400037884,-0.485625357623108,1.24672808164483,-0.0513974498133236,-0.242311386234599,-0.126503438121285,-0.335489523190476,0.396859848761908,-0.375951673165586,1.33064287347766,-0.573619501220104,-0.448782301102532,-2.55095713296657,0.321375669145496,1.46438130769077,-1.64746244823376,0.0341011379977514,0.0911336665700687,0.00280997958775079,0.110046345561106,0.193324681601887,0.469948910581205,0.0887804897274198,0.0861583424799312,0.236064313454424,0.207459877812558,0.272612052054025,0.200938718069745,0.237834376074504,0.347238048460462,0.24848232365836,0.428533034948947,0.27734470974687,0.335252164618533,0.383999722687616,0,0.110957784797058,0.770287621898607,0.455800452955692,0.0120060073749814,0.00798031994446788,0.562638224008299,0.00491739074050814,0.592037699563828,0.10585029415214,0.145456818454733,0.0613483013017109,2.20838202072028e-08,0.0985449747510077,0.0709037413293441,2.63647180922309e-09,0.246554447796148,1.25389745779307e-05,1.78456109712346e-05,77,"PCDH10-DT"
-9.91827929219063,0.0145768410497983,-0.00395162001089871,-0.113370765631277,0.16631171615728,0.326080669812034,0.0245749918045618,-0.194272148979452,-0.632125437606039,-1.07448414886148,-0.0888304601800142,-0.774492775237854,1.3018783548892,-1.38029071406449,-0.496987808391717,-3.15212759661396,-1.33646237309799,1.78253962742622,-2.71536607594581,0.0369138757548471,0.0968862711322821,0.00308457015495777,0.117826211656185,0.178144799667199,0.506994214915,0.0953302641543661,0.0932791657620026,0.259036960099816,0.222139692033907,0.300138847783397,0.216112597750089,0.25200955847267,0.372759189060295,0.26761684541392,0.481533539342707,0.299038277025115,0.347609708671231,0.445085486037238,0,0.880407140393119,0.200161141480424,0.33595603396348,0.350522630815938,0.520117379645631,0.796570577435766,0.0372789388079764,0.0146754545798768,1.31829965539836e-06,0.767257151238506,0.000338700762692496,2.39172136462438e-07,0.000213147308138026,0.0632987541571583,5.9091148944059e-11,7.85120725822331e-06,2.92849678869177e-07,1.05555896823873e-09,78,"PCDH10"
-7.88596754326961,0.105989644193839,-0.000901937655465969,-0.200775723346894,-0.120762376104315,0.653725575375227,-0.0129498525799074,-0.0251734120043682,-0.0814946674648603,-0.607026356780004,-0.213528804802129,0.196488070554597,0.679834797519114,0.296651201521952,-0.65740167286322,-1.02549245581548,-0.30030807264403,0.776933297745061,0.708563154508773,0.0361954231432976,0.0893410765441173,0.00291371668090968,0.111546053239064,0.0956897823929742,0.278017563790367,0.0897345252016851,0.0888570747780424,0.149025025600414,0.13286096574362,0.177866837277158,0.128501423134551,0.157733137684428,0.219635796985661,0.169172760230229,0.236181250099492,0.196549867352072,0.2082206039573,0.203059100184699,0,0.235484735862565,0.756904056575535,0.0718707919059921,0.206941751756477,0.0187038064957103,0.885253365654208,0.77694512858168,0.584480257276536,4.90327766520563e-06,0.229945940072341,0.126246320940554,1.63231267651984e-05,0.176807412117504,0.00010191861680367,1.41209312186552e-05,0.126537961620764,0.000190495089127948,0.000484028283637575,79,"SLC7A11"
-8.26237540610883,-0.0426382336878432,0.0171989099738828,0.334861091460481,0.0797625646135917,1.04439317712585,0.096090725241336,0.44646477016915,-2.02142286196408,-0.313931391618246,-1.89748793189571,-5.00571032305533,-0.538746590339257,0.297321465908355,-1.34676899891287,-5.41253685776642,1.14107866338734,-1.10183698118181,-3.34267016615814,0.072938609642421,0.177770061683728,0.00605634602713295,0.218280980722021,0.242418810894834,0.645002246153674,0.186242397960777,0.180758932780306,0.37453762420873,0.319419135423774,0.425237714911998,0.30475815313089,0.37586358349362,0.560574116678753,0.401972485972171,0.616826809738205,0.456242132615576,0.474118697960042,0.485906482562808,0,0.810446175641012,0.00451395243433318,0.125009291641576,0.742134561416541,0.105402390539718,0.605893231380003,0.0135133517856903,6.77207507637884e-08,0.325696226317662,8.11294022958434e-06,1.26289316223627e-60,0.151755922402958,0.595843338385873,0.000806946632499207,1.71195617228421e-18,0.0123830080467605,0.0201271753856836,6.0170230290266e-12,80,"LINC00499"
-11.0106382438212,0.31008952786731,0.0175374178957819,0.150653338970904,0.176859413084065,-0.819801302811902,0.146308622823568,0.197011559643009,1.24210766120843,0.872593804350469,0.518727045236845,1.2475883194623,-2.44248955091015,-0.748424008800821,0.36080253494773,-1.99075728637807,2.27975592198145,0.2467903422309,0.125229398842769,0.0800499890373307,0.215201655073934,0.00769524790193242,0.262427051006842,0.354344478210155,1.25839908907351,0.21420911449609,0.206441905160155,0.652752777093874,0.572192324888271,0.76961144447182,0.554128416064844,0.732900877261119,0.876186288795555,0.6950201055622,1.04574026909822,0.803751470362011,0.873648474311794,0.834696304276656,0,0.149605763373894,0.0226674675570468,0.565915684232929,0.617696842423737,0.514747214504662,0.494595640049105,0.339921881659256,0.0570567137556778,0.127258875826369,0.500303935413321,0.0243575188241896,0.000860283823432174,0.393003236747569,0.603673352299321,0.0569515673013876,0.00456261078937813,0.777573618605907,0.8807410294355,81,"ENSG00000250195"
-10.8182086174848,-0.106186613753647,0.0042805640217548,-0.0663752411388703,0.112531332802386,0.530883544104595,-0.091445310949425,-0.11794475791431,-1.43560850234134,0.63252011476099,1.18660329323585,-0.240082013941676,0.542584811692634,2.927738381844,2.12499454968012,3.10292922854614,0.581197573343112,0.311957758379407,1.83550548618707,0.0321880154157519,0.101256732149378,0.00291192292043766,0.114435265895381,0.270952858764971,0.726383896729527,0.0918638742285933,0.0882139376906005,0.409900644148482,0.318593816428565,0.422936357134224,0.301965409613639,0.357011914294569,0.380367595757444,0.325385265946356,0.482647748337364,0.389309541536659,0.486678638218644,0.444100596822891,0,0.294322221738726,0.141558282096063,0.56189819476996,0.677909846161226,0.464865840008383,0.319520534237137,0.181212560300491,0.000461203016611315,0.0471055861565565,0.00502181864920728,0.426575913225424,0.128562584045956,1.391575951017e-14,6.54616722168717e-11,1.28469141194312e-10,0.135465141322018,0.521527019958565,3.57926381481519e-05,82,"NOCT"
-8.86750806088365,0.119151548256265,0.000883777566318364,0.0525811859763246,-0.111941973244503,1.50627598419051,0.108550864061902,0.120472837890147,0.832170997387661,0.204670926776411,0.0649407776689227,1.11190461741508,0.436739219460209,-0.232458348745054,1.39825093425476,1.18908286369235,1.17226384199376,0.905473729862608,1.68106728365524,0.0227097051049803,0.0612437555819728,0.00187202021941208,0.0747025347619565,0.113302442202926,0.326128968344691,0.0597656610009551,0.0579863652762711,0.164760008488108,0.148983900646028,0.195391100822932,0.141624073949658,0.176092297318157,0.240801276488277,0.172533164299936,0.247218333797846,0.197731849525288,0.233124959428191,0.224280031038646,0,0.051711253174655,0.636856624636252,0.481511127518909,0.323156277596536,3.8624229510631e-06,0.0693282286674071,0.0377456353316468,4.39947509108345e-07,0.169510359339766,0.739615153559005,4.12407428468363e-15,0.0131318948430573,0.334367796716638,5.30743123242441e-16,1.5104433137685e-06,3.0561490578971e-09,0.000102722187832408,6.60993145045224e-14,83,"ELF2"
-11.0577025789824,-0.0655151923915989,-0.000964013326699575,0.15522227832741,0.523055558021536,0.16449549206666,-0.158225867936789,-0.0639449023865072,0.141754365616429,-0.206563511460337,0.146975570522901,0.128783983591644,0.235273974827546,-0.34428604580743,0.00474512638118135,0.397336342535018,0.445672058152622,3.43352480770853,0.204797242751051,0.035554007548861,0.103580034624391,0.00312922090483267,0.124942016266131,0.203581270710744,0.695275948049601,0.0972896190228987,0.0929948179998929,0.359371897455542,0.312104817342995,0.419322924031391,0.294290740649036,0.346936200170089,0.472105439061423,0.345254347377001,0.555799749650333,0.39231371902303,0.402345779451865,0.524516394697423,0,0.527055033986831,0.758030468307684,0.214105788911408,0.0101912575569751,0.812974705283882,0.103877633418707,0.491693426762243,0.693248587280646,0.508073646416924,0.725958326485051,0.661670468099231,0.49767807003911,0.465844664871156,0.989034333913846,0.474676283367157,0.255952645638812,1.41658991112917e-17,0.69620407995379,84,"NDUFC1"
-9.62895364990095,0.102911293594517,0.00261341136272129,-0.0714052119019682,-0.285515374953429,1.31469324483747,0.0151298983455378,-0.0157355280836119,-0.180991786831023,-0.646965084243277,-0.271614142158698,-0.144283432843934,-0.180607109741289,-0.540467303294397,-0.188032924952189,-0.35980870968728,-0.220379267352018,0.41360910542061,0.165422114423111,0.0243899683807621,0.0673717000487046,0.00206910349191365,0.0810908453100928,0.161653702329054,0.408167752932108,0.0651223069986085,0.0633667139830925,0.195965837439213,0.173886997045595,0.232706409940219,0.165537143347579,0.201696720160776,0.266122107735455,0.19972910196849,0.31529335711101,0.231031125410883,0.277579697582685,0.272138116525571,0,0.126632958876957,0.206565966759643,0.378556970461044,0.0773595975826755,0.00127760624864551,0.816281322497032,0.803883093800078,0.355700622212535,0.000198744939726299,0.2431309633914,0.383422481126489,0.370552459599264,0.0422651723176216,0.346479527941847,0.253792074235974,0.340137162835833,0.136209690568863,0.543279748674325,85,"NAA15"
-9.77988314214941,0.12338248939075,0.00651651995194387,0.0319234694906489,0.144729085814379,-1.69691813638761,0.271887002824913,0.352248330677664,-0.0656207844210558,0.225320119056091,-0.263671037582772,-0.00274749061816229,-0.661031151083805,-1.62901850135362,0.0329890529790528,-0.700634882721045,-0.171060385890191,-1.72991569286959,-0.603454464768022,0.030060574347237,0.0887838107519149,0.00264552661987863,0.105418034126488,0.170839589819797,0.550496217555683,0.0835001068043874,0.0801412313938629,0.274339404551929,0.242499409104037,0.32993868742645,0.23082220105585,0.285329670049353,0.366831862392588,0.280673185801191,0.441418686789502,0.332325349262645,0.383600073993461,0.391331366284505,0,0.164621269100029,0.0137694545367103,0.762021398891747,0.396903926629242,0.00205252760451823,0.00112942979444904,1.10597148737057e-05,0.810953897541602,0.35280752392338,0.424202499187087,0.990502956082521,0.0205185694942567,8.96346394706471e-06,0.906435742997632,0.112459587792271,0.606736325298215,6.49238018478128e-06,0.123060244577404,86,"RAB33B-AS1"
-12.255588305691,0.131303575008209,-0.000395779046941912,-0.00761255530583854,0.273959194466413,-0.228166768180795,-0.341912028167635,-0.620533808789352,1.07131674885726,-0.58854129690563,-0.096608279344777,0.607959211323885,0.7475086921111,-1.26866649841153,1.43682176812546,-0.00039090802175301,-0.417192950046542,1.00943584144422,1.0617757475919,0.0453806398518207,0.15848073473845,0.00435711435286985,0.175140654756958,0.43452907229261,1.34832771395817,0.131665347875291,0.131277853521499,0.606698335223293,0.547198996086699,0.754543343376222,0.501840479600901,0.619280017249424,0.818969639675403,0.539590601265192,0.935202337424996,0.664826496993916,0.702352068221303,0.803946867254202,0,0.407379228408349,0.927623596036734,0.965330560309471,0.52838464072815,0.865621993305457,0.00940895121320592,2.28003190344653e-06,0.0774269663652864,0.282127400800453,0.898120936868522,0.2257195041215,0.227408693170599,0.12135749814415,0.00774934941612872,0.999666489856059,0.530317418430634,0.150654924860452,0.186600119569285,87,"RAB33B"
-11.1529694672893,0.00686606285539606,0.00471153264885049,-0.250043748976072,0.264024310565712,2.3133996874893,-0.131673029586449,-0.343533951895902,0.817387465231,-0.187843515258378,0.454096629353762,1.5515851450273,0.454843954786609,-0.524898339028894,-0.0242152036720363,1.08357705363252,0.0414211878868995,0.615282338732157,0.532713759524408,0.0407079073473079,0.123621070295102,0.00361072490864687,0.141789457907057,0.262344087058594,0.88312748393111,0.113811627085154,0.110877926971008,0.412899625316209,0.374122160189751,0.496241430832189,0.345357909094559,0.432594333197616,0.561839063325683,0.404243505455533,0.631976769630526,0.475509198071243,0.572443570099563,0.58836878503033,0,0.955707306021037,0.191936548700961,0.0778185267351367,0.314220955064223,0.00880449621762392,0.247297572193841,0.00194629134349353,0.0477453972354439,0.615603236740738,0.360153842917536,7.03299653164169e-06,0.293059769095491,0.350174771251548,0.952233274798653,0.0864215834814736,0.930584776080454,0.282448643387925,0.365249319962799,88,"SETD7"
-11.5352750927939,-0.20280886061569,-0.00032734694857009,0.175814828203019,0.476819207534406,-0.69812280946359,-0.148864158762224,0.0231739690988494,2.39022138872108,2.40910472645507,1.96474145002503,1.98632935927232,1.93161348302816,0.656663707515981,0.471307313318298,1.1359662548211,2.14964604740557,0.889423399770036,-1.09244244198662,0.052875064919247,0.162377626210002,0.00477056330736644,0.194973307560277,0.364309516000876,1.13132895495942,0.148831262412195,0.143387697262781,0.546757782937755,0.498467522723411,0.644125764441001,0.465920618616202,0.567593456431692,0.773537039238796,0.566661792034643,0.958760369467989,0.631255963960259,0.741259135678312,0.956158128699366,0,0.21166686350973,0.945293618034489,0.367196095100733,0.190591957552264,0.5371805967687,0.317203553533257,0.871607031895832,1.23323768918146e-05,1.34475617582621e-06,0.00228654689428336,2.0148789611105e-05,0.000666103430359329,0.395931100957475,0.405563653658835,0.236085408418915,0.000660798596452471,0.230185221098138,0.253232438651115,89,"MGST2"
-9.96307330116244,0.251638304875194,-0.00174646557921291,0.0264961440676693,0.0495003323690594,1.58932317995298,0.0875972216594222,0.149581630584757,5.52342674996621,2.86548300731155,4.67763481919387,4.9352556857364,2.1053163999643,1.04292280805392,-0.0722763064635137,2.75483011033093,1.50419157282355,2.64136582490849,4.79174167265266,0.0778616698545662,0.206032614867592,0.00646968820258212,0.258063206580762,0.211033145663057,0.784490179434017,0.20156872903765,0.193190432586225,0.426810228709868,0.386661801074747,0.497525508793118,0.374798888648945,0.484331554266976,0.604813701568555,0.49546668479144,0.66718569057799,0.544435709388567,0.673459272619551,0.568088574261792,0,0.221952848780747,0.787201901205399,0.918222440327041,0.81454879586216,0.0427718290184879,0.66386917538776,0.43877091306046,2.63560127641905e-38,1.25515962886696e-13,5.36380151306567e-21,1.34559219873578e-39,1.38106878738879e-05,0.0846410084758594,0.884019902141893,3.64295974982133e-05,0.00572999393025653,8.77852993496825e-05,3.31629053439882e-17,90,"MAML3"
-11.442265396905,0.125569282120878,-0.000606795172314787,-0.218821792830921,0.455922930092972,-0.615323804134562,-0.0245870474451278,0.0544145199394191,-0.483433689591962,-0.757615196638412,-0.308121471830814,0.861135899861929,0.921729809697878,-0.335458643988356,-0.268008410057357,0.494440059382101,-0.513931032789631,2.59281650392551,-2.18034030172999,0.0376329593971291,0.114968760361157,0.00337195499488246,0.132208576842042,0.25512170101352,0.844727962580608,0.103794095553562,0.100228065645567,0.433381200454568,0.366964279391629,0.491883783286451,0.339969631204184,0.406657546986113,0.536257680677345,0.391666200673213,0.646058716017826,0.454275594712282,0.495772428570623,0.741843810803965,0,0.274743665726911,0.857189057680745,0.0978990340928871,0.0739245337403611,0.466351408243743,0.812747628176755,0.587193825761532,0.264639222246449,0.0389658322586352,0.531045317371238,0.0113097763027584,0.023414700108611,0.531606898638214,0.493799885267957,0.444082489208838,0.257920459982772,1.6964565479634e-07,0.00329185237810022,91,"SCOC"
-11.4868305825561,0.0719049255413412,0.00791219266563621,-0.145453192817878,-0.533317155480602,-2.08503696325112,0.0143648718788403,-0.032030313325952,-1.6742708894123,0.288480017989499,-1.1897404272893,-0.222892363764262,-2.05511730444874,-2.30530189146533,-1.75461839482114,-3.23182407887721,0.189904001856105,-1.11517131871059,-3.65400319707838,0.0543041710607058,0.172047168660279,0.0051454790359149,0.195251840224128,0.511587953175163,1.25058893000039,0.15582451135247,0.150633193563425,0.61747076545848,0.508759774539366,0.70388674962446,0.493486103633351,0.605727797352892,0.810810455921018,0.585091117488635,1.13565735743434,0.685778171427714,0.784977998555526,1.01130491085938,0,0.675992975469234,0.124122480359316,0.456300911425652,0.297191959558161,0.0954658852191837,0.926550090378869,0.831609472846073,0.00669798980746555,0.570696519755565,0.0909812641735602,0.651507470261803,0.000691804483427433,0.00446620656041324,0.00270973486318859,0.00443036382794194,0.781843426741529,0.155421378832725,0.000302491673522354,92,"SCOC-AS1"
-10.2604781355797,0.0726513088747267,0.00129949517165646,-0.0399649728888089,-0.503552075685724,-0.8014683063168,-0.0939197591855891,-0.156465596924999,0.487128353315415,-0.542941582082078,0.0243911259426936,0.722994061485421,0.809336246205802,-0.681738843632258,-0.478628728911398,-0.428170022594192,-0.0359312128484655,0.266986417998261,-0.941560915481454,0.0260645493055111,0.07670296181358,0.00231604668433184,0.0904182840146464,0.225839733703532,0.538071695147065,0.07151160283295,0.0696668159600994,0.250151878087486,0.227426151432665,0.30413676551742,0.211708340304075,0.257701367023474,0.342739362963986,0.25745553440435,0.430988138803563,0.290110554727173,0.342993385805355,0.388988327035833,0,0.343548409894828,0.574740735915664,0.658488474804629,0.025768183233945,0.136350610592164,0.189065058178592,0.0247095908814833,0.0514951380334821,0.0169711872405995,0.936079870708644,0.000637708640007644,0.00168603626360751,0.0466914617638576,0.0630167388089493,0.320485217000595,0.901431256647381,0.436332609065065,0.015497571671131,93,"ELMOD2"
-8.87350781195909,0.265735743130619,0.00490565616048157,0.0907594816486735,-0.213212195502783,1.5407781015324,0.0875470580298815,-0.259278322482861,0.0513326113919709,-0.269135751529997,0.806520385799852,-0.474554884051715,1.40354886175369,-0.343890990066067,-0.136705660199738,-0.587449077717154,0.803548553679609,-0.190378188631688,-1.35507120175103,0.0376320334209622,0.0998645675651948,0.00305788924697513,0.12193423764661,0.16184400418239,0.429763094605577,0.097318272410048,0.0947702394110733,0.224735584287691,0.19865630280005,0.260961608884867,0.191406562820704,0.233447187007,0.339419127443714,0.242879960862367,0.346839237781548,0.276803756698449,0.31397232496855,0.334106684044213,0,0.00779179270677007,0.108656267265128,0.456676010172821,0.187706848883406,0.000336845649045424,0.368335672632218,0.00622170603691181,0.819324899080469,0.175487394825907,0.00199772023217616,0.0131639389806808,1.82936794547885e-09,0.310976557514477,0.573535139347791,0.0903182149817707,0.00369661010608748,0.54428010180286,4.99621586079687e-05,94,"RNF150"
-11.5076729468781,-0.0866479239173614,-0.000853791917326754,0.0361490566362515,-0.817687282411201,-2.76931923621058,-0.0646084220969992,-0.20761183815647,0.119808772958572,-1.27855561846246,-0.937148893866045,0.553455373857745,0.795810674446973,2.92693391038856,0.580935701009478,1.26599557636523,0.787929443676078,0.313535716009285,1.5794210980463,0.0332984257268953,0.100960579866572,0.00297343688960616,0.115897050692264,0.409618100701889,0.813656100286805,0.0924481534028385,0.0904609435233882,0.411298082145047,0.363142011212191,0.511637189420889,0.3239319627811,0.396502961568798,0.361298655390899,0.358344232279126,0.556478306989015,0.415367976653744,0.463320001408091,0.455150833833985,0,0.390762600242277,0.774005318991935,0.755111495962705,0.0459101308377267,0.000665162332306112,0.484638813412023,0.0217306076017583,0.770826272444965,0.000430223650050324,0.0670010661191761,0.0875335251679097,0.0447418138950085,5.4442930912595e-16,0.104981913564046,0.0229051291090498,0.0578354398380848,0.498586631381547,0.00052025530775636,95,"ZNF330"
-8.93000419376799,0.0435161447502099,0.00585684376373498,-0.0941199169762857,0.0125087562201534,1.51309124990098,-0.0467215091834967,-0.262233238765882,-0.655430649269915,-0.625522405855908,-1.36305758059513,0.579596800395014,-0.125178755513966,-1.04620647791697,-0.930500435074355,-0.471441855546592,0.332970437392525,-0.315955228057637,-0.522569956553683,0.0404307133474764,0.104715124031548,0.00337953488556209,0.128925470585859,0.159381512478829,0.477838582807816,0.103206277768519,0.102234617260735,0.250302144011848,0.215640376455422,0.298982137163975,0.208603831325809,0.26197992620641,0.338715044858974,0.271778831985511,0.375983539684797,0.313770074976936,0.346181308623967,0.328900262751573,0,0.677726914875242,0.0830898938828278,0.465369686740187,0.937443767818457,0.00154268275603304,0.650764589506461,0.0103171600758016,0.00883023124400828,0.00372251008349569,5.13993941595305e-06,0.00546177215567734,0.632779663959173,0.00200999735870604,0.000617653695807102,0.209882130480087,0.288602445798053,0.361407110016044,0.112096476705502,96,"INPP4B"
-8.01834459490468,0.0929900020545596,0.00223480986834238,0.0296628248367865,0.00879015724359264,-0.677364140909064,0.0311434827535456,0.0217407704840644,0.161709712706311,0.585639773918583,-0.171283023799615,0.131900587925611,-0.380943742862172,-0.311605675255399,-0.259547649058792,-0.366724081977639,1.88278540425184,-1.16862518229675,-1.12110189113544,0.0209426926352378,0.0582955011562278,0.00179021921273519,0.0696250676333724,0.101607030049037,0.298234834450104,0.0550816506631755,0.0537020077539681,0.156137119870535,0.137099066098428,0.183595595616876,0.13179347848689,0.164249735870754,0.212862715627364,0.165356016685601,0.238671917630072,0.190411479664107,0.220366561112411,0.218622376630508,0,0.110678952161179,0.211905014240394,0.670081200336507,0.931059965943908,0.0231321984851217,0.571797805203899,0.685594444427743,0.300346612687648,1.94028464670081e-05,0.350852779563764,0.316917365240259,0.0203789963142194,0.14322647814405,0.116501377422903,0.124410991833459,4.69391369034857e-23,1.13854572981858e-07,2.92791322223009e-07,97,"USP38-DT"
-10.9296861186185,-0.00467838879018563,0.000810236383318082,0.0421503406976506,-0.473241795481237,1.32721039638179,0.142000191025095,-0.123303462825913,-0.0745333453332154,-0.793052425813787,0.143950381134433,0.140623270962206,0.616660963936245,0.120361170213995,0.49137339233421,0.026644423210055,0.197291153144682,1.61181287749982,0.567190831311406,0.0284128716114896,0.0896311697833881,0.00262690223983159,0.103840093079689,0.312118630866958,0.750778705376524,0.0818720505862647,0.0797251677110975,0.352649337533629,0.302858014848881,0.411104743247231,0.281882421755317,0.340555858986519,0.382107900138306,0.311136430603381,0.566166209245077,0.359391260328725,0.403959521026142,0.464791770176468,0,0.958372517886799,0.75774909662475,0.684804424209988,0.129462691814512,0.0770979533224906,0.0828443056881646,0.121958160693323,0.832612160954537,0.00883012977872391,0.726222376730103,0.617869502058054,0.0701798128697773,0.752767254018088,0.11427048381988,0.962464504457024,0.583033422265692,6.60633736004671e-05,0.222346739335344,98,"USP38"
-11.9584271711555,-0.303855219612745,0.00353452494879621,0.165241671361075,0.159394083842346,-4.46596553744496,-0.16831180430404,-0.0419473251710202,0.693242101390138,3.09096797873508,3.36481472205765,5.02785937822211,0.272463138539008,-1.65165033767469,3.19608858601086,3.77393898587674,2.88117480251683,-1.85591597539618,2.70345121530938,0.088726679536074,0.240798663080528,0.00716336710533089,0.285245361293175,0.317252520094112,1.2741782494484,0.230809859534877,0.224772958613526,0.725764097815823,0.643635718437396,0.800995472512943,0.619843592698568,0.793857954839096,1.0687469065435,0.744828146591467,0.926856849666173,0.905654423975525,1.09458173465819,0.89717615811973,0,0.206997645122425,0.621718185729964,0.5623890512388,0.615371952282095,0.000456646624705972,0.465865407084234,0.851957902037524,0.339481975275492,1.56809431098442e-06,2.65983828157323e-05,4.99999383874926e-16,0.731437497414119,0.122247534471952,1.77836966811746e-05,4.66591683258183e-05,0.00146606561461883,0.0899714945981995,0.00258432524263118,99,"ENSG00000250969"
-8.49459484761615,-0.127125966322409,-0.000266549694520203,0.193623882623947,-0.144097653496308,2.1126934767023,0.233428817420537,0.0305293263925428,1.45560175912507,0.151048667080225,0.420862640044331,1.80138335620799,1.69040731066974,-0.0898791130117643,1.55711139754322,1.86820328837034,0.447310653817477,1.68413573385943,2.40246817846405,0.0242400820472537,0.0635512789879243,0.00203414548308386,0.0779187753134021,0.102789210564506,0.30300742924618,0.062078021932198,0.0611998447004492,0.157034886272217,0.143290383329142,0.188909463737078,0.137112383285086,0.169016117745306,0.211381249057082,0.17021371275596,0.239616555759442,0.200280453176124,0.222299329255976,0.199606422043666,0,0.0454605047021707,0.895745504082406,0.0129571397923115,0.160952493016827,3.11546397410923e-12,0.000169744341759327,0.617887548544867,1.87390697199045e-20,0.291817092370397,0.0258902752494216,1.9941168298996e-39,1.50172216790024e-23,0.670691553475529,5.80087994489248e-20,6.35788251243849e-15,0.0255211670486803,3.56421020699184e-14,2.29758400769485e-33,100,"GAB1"
-10.0251237648217,0.0535934042410112,0.00100914808060772,-0.0885144883660478,-0.079720801563133,-0.48234398800943,0.0986966660288605,-0.00152882988713658,0.629225628208698,-0.229051339288716,0.139852827102944,0.470486166867833,0.584858600880104,0.423201830257349,0.460767122169034,0.591224573064977,0.627637321736409,1.00416004770524,1.22766605586944,0.0235585179714002,0.0672451747804708,0.00204978039969432,0.0788129093473648,0.165114126654669,0.457878805441529,0.064637165273093,0.0627173732103202,0.220739973045274,0.198393956956045,0.266112136756721,0.186541115111126,0.227369639951557,0.273275621675716,0.218172670022899,0.340992300709391,0.249345719977049,0.306140236708613,0.288603204066875,0,0.425459668525892,0.622493076714129,0.261396589376626,0.629221833065918,0.292143242358789,0.126777498188846,0.980552295085143,0.0043646611311225,0.248283846605283,0.599207188935705,0.0116637304210404,0.0101030857784619,0.121471566357635,0.0346917793847517,0.0829472660714646,0.0118312835909722,0.00103782965847454,2.10154338390792e-05,101,"SMARCA5"
-10.2289084392477,-0.0819479869613373,0.000413530680246026,-0.0396973037929477,-0.0911581508779337,0.734027764168555,0.0355533630204743,-0.306175450111539,-0.98514542158923,-1.12188335819398,-0.175059746684632,-2.58348691055418,0.532223685587476,0.155004991971958,0.223095227086651,-1.40300257756548,2.2296660303486,-1.5756212657495,-1.5177513505866,0.0484310887187319,0.136251712592097,0.00419687892931013,0.161390716425822,0.287736316205524,0.806397933692224,0.129457460881647,0.126563222749089,0.419475883448178,0.352083178466057,0.496993110301561,0.349492979753671,0.402144075770202,0.529336332884232,0.400457276381779,0.623329108198192,0.477918336894792,0.56626598823728,0.577694955618892,0,0.547543264221102,0.921509143264812,0.805705315289199,0.75138669846018,0.362688035962381,0.783597782173243,0.0155568135812193,0.0188484379231915,0.00144047473083162,0.724659950640355,1.44528211965726e-13,0.18568072512284,0.769652914100185,0.577458291360041,0.0243968432755486,3.08061710534247e-06,0.00539459302444132,0.00860770694010271,102,"GUSBP5"
-10.2199814777548,0.0453611767231002,0.00456268239018294,0.0369988668830333,-0.457183071795087,2.19822676169185,0.00503103790722459,-0.169546435023632,-0.867463128733145,-1.04263709856912,-1.34513404094153,-1.29818331330172,-0.750324234988827,-1.30402671012677,-1.38078436731372,-1.5733261361292,-0.058650695604202,-0.587837657626108,-2.17416839872641,0.0449903669499683,0.134039811645892,0.00423844893677429,0.1605478992526,0.353816582433016,0.939884007863876,0.126919606747773,0.122285697527657,0.471231314861761,0.400074148291691,0.552626043082195,0.382460097308127,0.476200347562097,0.558238412370518,0.46547383112661,0.798971450098288,0.539192209823454,0.559278201992623,0.664166180387722,0,0.735049944266483,0.281704533012876,0.817739191438582,0.196306206499571,0.0193443520044078,0.968380484496749,0.165600979282684,0.065644488073353,0.00915771399881673,0.0149298411091974,0.000688049291378878,0.115106894378539,0.0194929427661452,0.00301302445927001,0.0489313419768474,0.913380860600175,0.29322880797206,0.00106212842329389,103,"ENSG00000285783"
-9.60537353673464,-5.56758521300082e-05,0.00117989422036923,0.081085206183709,-0.443616283996562,1.0610813425439,-0.0795193094837513,-0.14392593485361,0.0123746413781163,-0.516698722051432,-1.04758619889172,0.0301949301421044,0.371722436729172,-0.330872659671467,0.0471634428097531,-0.828063451430537,-0.235345995897444,0.487327147407942,-1.02096296853559,0.0187638803203777,0.0626712153827091,0.00183881697918578,0.0723340860929875,0.192973256564757,0.499665481579286,0.0552815884429152,0.0533222021371051,0.23825431528321,0.204487599744283,0.28361886173556,0.190590349966425,0.235031246103227,0.274073391468406,0.217631067896969,0.381445047325059,0.261089352249814,0.278425917361441,0.337554243062146,0,0.999291175435013,0.521094348551512,0.26229553799923,0.0215135428957324,0.0337049914427186,0.150308935123393,0.0069511691850862,0.958577464249334,0.0115107905602602,0.000221066016261985,0.874119211843552,0.113743812422983,0.22733931060337,0.828432155197299,0.0299418249844376,0.367375571935361,0.0800676360966458,0.00248970918986054,104,"ANAPC10"
-11.0121923844958,0.0167670292566209,0.000659853983938831,0.0576103537636672,-0.737018813839548,-0.355970324875725,-0.0398226433128027,-0.050471269164266,0.495032622139804,-0.942426125054364,0.0227685599138786,0.08358559065178,0.563120920907044,0.506023447869724,0.605037374867172,0.272131221730196,0.105089543267216,0.859732393403753,0.708332764218548,0.0289679481960041,0.0899830975989415,0.00261752018179379,0.105213787334473,0.331881545241284,0.732279511864955,0.0831607694163046,0.0796426658116973,0.336084688277141,0.304456615192201,0.408915245166815,0.281620026299162,0.341256247666936,0.383927461925164,0.310683139753349,0.536989398500908,0.366681900467919,0.416162591403395,0.452532533382466,0,0.852181811360001,0.800970518506376,0.583997375060732,0.0263693543217375,0.626887307333178,0.632035856757653,0.526262595089913,0.140767181873452,0.0019652343559539,0.955596422582663,0.766617126463125,0.0989141036337825,0.187497498252396,0.0514817746745135,0.612314765210429,0.774421724913932,0.0388419861718948,0.117521082237095,105,"ABCE1"
-10.1997342732625,0.0858114286541569,0.000124875417800019,-0.0713606538431168,-0.535328319816305,-0.723805129144843,-0.0173049732488188,-0.0803251137548865,0.218580014305872,-0.340691471637489,0.60706812748882,0.158662867500907,0.659942740438003,-0.284981005653509,0.520340190374103,0.37643310728261,0.399293736162404,0.495104598739911,0.173035577388927,0.0253324167716785,0.0735674031091384,0.00218522311617832,0.0868465378792783,0.217956444723364,0.508649233711927,0.0695621804444584,0.0674641375229163,0.246990927889757,0.218295810477741,0.288329435557634,0.205197339170703,0.249363043806138,0.328160009211917,0.238813649447123,0.376856843638122,0.268433584988863,0.325301842192945,0.355960824976366,0,0.243439521921061,0.954429382913609,0.411255173416338,0.0140444211802789,0.154737711380633,0.803538813659884,0.233797194195156,0.376171822965027,0.11859757887503,0.0352506721942417,0.439391670042556,0.00813261831949241,0.385163965611539,0.0293424801331938,0.317854955643766,0.136884004178728,0.128012781876875,0.626890251224396,106,"OTUD4"
-12.8646863700319,0.32124330224241,-0.00554126821507645,-0.170266597125301,0.199136590178696,0.894453554436231,0.0121745943613389,0.329505321362616,5.00137714906074,3.58531837259872,3.98397712702552,3.87362688912456,2.5651388874559,3.12288255747783,3.81412572203004,4.89571179799697,3.84512404715956,0.816487053725183,2.9181459565249,0.0925421778683631,0.273743689264522,0.00735625165997314,0.306302737155494,0.432650865188849,1.61978008917046,0.244746754400317,0.227300892771118,0.875934793580362,0.87023682492204,0.980733602916247,0.823306341984759,1.01034390914963,1.23172430427234,0.929914348480322,1.19914882646439,1.05968470449321,1.43588859769833,1.22240056649627,0,0.240587915241384,0.451285679333044,0.57829505285461,0.645321807302805,0.580806686706478,0.960326680056775,0.147157885737341,1.13135825387641e-08,3.78980772029658e-05,4.86036745038801e-05,2.5391046915353e-06,0.0111208921580683,0.0112327126085603,4.10324037096354e-05,4.45239613339912e-05,0.000285012228646751,0.569608338933544,0.0169760691637065,107,"LINC02266"
-8.76098706123126,0.0425789964429452,-0.00195607668655511,0.135095658239135,-0.154716836107434,0.554386863437471,0.126085829374786,0.0526021002823942,1.90684647061993,1.60363117489704,1.12032372955942,2.11143661611616,1.32515621669549,0.680061426064709,2.38031366807184,1.84424246342654,1.0949818498802,2.18488403233368,0.648168027921665,0.0273099249916477,0.0720605810537464,0.00222319035263055,0.0872511408407034,0.107831892075212,0.316641654736803,0.070222723592538,0.0684964904724258,0.171670417521598,0.155280529033751,0.198877195175751,0.149403481565442,0.184975309097077,0.252534595091602,0.18202458720944,0.251017659095484,0.214775526580465,0.243715432311295,0.245729957933783,0,0.554602312412909,0.378939927125751,0.121537075199945,0.151345056534512,0.0799745688133746,0.0725719665251949,0.442514978677873,1.15213474087366e-28,5.3023185293753e-25,1.76851153172145e-08,2.39673100236535e-45,7.83777320305998e-13,0.00708242449959241,4.46389947273243e-39,2.02609942837166e-13,3.42786632028336e-07,3.10567702543338e-19,0.0083464261219134,108,"SMAD1"
-11.5795963971704,0.0052273860959846,0.000246500419541739,0.0031502400851948,0.287273536517055,-3.00912256784683,0.0940865088288407,-0.138869687120624,0.0145141275043081,-0.502308859417098,-1.11756788632223,0.468588836330888,0.49004225637916,-2.31676222233802,1.15606968542924,0.864704852667707,-0.326206627022583,-0.347677329473813,-2.01557557812963,0.0348455855474906,0.119142562594129,0.00314313263537087,0.128397442862375,0.324865417967337,1.00751383310091,0.102359826176843,0.100189631865102,0.473775922490072,0.407379977884868,0.588098737794406,0.37728072396445,0.455167005274515,0.660908216554189,0.400944609065942,0.680238925124518,0.485831446761557,0.557787904627916,0.78703263063057,0,0.965004001987779,0.93748992624874,0.980425811327388,0.376542515742604,0.00282023701799953,0.358004476425581,0.165726005025949,0.975560625710992,0.217567204338956,0.0573929016554955,0.214230521215269,0.281649716742968,0.000455884008569688,0.00393451150672846,0.203665280972931,0.50194032213019,0.533077823259267,0.0104377077824435,109,"MMAA"
-8.75154121885974,-0.0227014713696917,0.000102634295531257,0.0530226925960135,-0.109398908881606,0.0158118265566941,0.0031377648635293,-0.0944539648668474,-0.146089116692944,-0.0382875932524016,0.192009563588591,-0.645493032746923,0.0375713497369982,-0.459141562045189,-0.100953585914271,-0.779527623815509,-0.118477828242317,-0.536185268746436,-1.30797034353808,0.0135892799184269,0.0433300732915349,0.00125964349288878,0.0501972609200017,0.11764434922345,0.322256339960425,0.039109743720826,0.0378335860198025,0.155232183470509,0.13417774006691,0.181961423548717,0.127413072098598,0.154965003290735,0.187751444031998,0.146805986467265,0.257380255107204,0.171048937495811,0.197648936045536,0.229435055137804,0,0.600334514681086,0.935061149049338,0.290837309501768,0.352416575358398,0.960866706293916,0.936054531330155,0.0125403074512148,0.346653256315735,0.775376151943596,0.291324140633183,4.05953832911996e-07,0.808431071962089,0.0144661264946229,0.491662704641071,0.00245608303002811,0.488526355560465,0.00667140650173258,1.1922518995586e-08,110,"ZNF827"
-10.5511697940116,0.0650124500642614,0.00830787655229567,0.159927035783863,-0.576167478261812,-1.09575292105182,-0.108386863220877,-0.303065389694301,0.681591385489886,0.576625279989469,0.971006189707745,1.14955422766004,0.776112375280894,-2.75228249150285,1.37926342025732,2.93854193012058,0.267021141187042,1.3076827419737,-0.705539875332721,0.0361934134949017,0.0996949822414319,0.00316284227373562,0.117197966990339,0.255357434097889,0.603851588865149,0.0961922132534485,0.0937990782112278,0.313433702104412,0.27581522257464,0.356975645533889,0.262056720718659,0.327634940595272,0.512740722960579,0.303691669688541,0.38101560191655,0.366584858053801,0.426911030117249,0.481782331735823,0,0.514327915255768,0.00862142050928218,0.172382319802933,0.024050746605124,0.0695844276277556,0.259838141266563,0.00123355326490445,0.0296604735937068,0.0365619920408103,0.0065263981199705,1.15103506378927e-05,0.017844321035668,7.97090348733922e-08,5.58137774841687e-06,1.23480526764218e-14,0.46636754366139,0.00219037012733248,0.143074583206307,111,"LSM6"
-9.32204875750638,-0.0651611465672444,0.00261924743930374,0.0381178858802952,-0.0649717591397801,1.68992487177763,0.0488460895925756,-0.120086616313431,0.786735204329573,0.038326904310223,0.288452034468626,1.03801715218832,0.595274410417219,-0.441171224324726,0.204380127842846,-0.495909009075777,-0.122001005154426,0.742159256345985,0.0862042437501192,0.0186930674136082,0.059205403964674,0.00175689753709042,0.0693397594272429,0.155246024387121,0.436894363354579,0.0535519771849472,0.0522137030656624,0.207873367006206,0.183844707823113,0.249776198680832,0.172920056784518,0.215269526445061,0.258321023411922,0.203688908298062,0.344805059050046,0.237219816190539,0.265551995538649,0.286474493805625,0,0.271073146564192,0.136004356895251,0.582507149921207,0.675575475163323,0.00010971367216512,0.361702993972981,0.0214535381248431,0.000153903416427977,0.834858615408428,0.248155151312294,1.93856165998283e-09,0.005687889988846,0.0876658567856872,0.315671036123935,0.150368781950857,0.607045639684652,0.00519351352091159,0.763479920186604,112,"SLC10A7"
-11.1909550064229,0.236503445617915,-0.00326174100860163,-0.425078965670855,0.49967251025425,1.4240608006308,-0.14751950179239,0.109086054211333,3.49511385823262,0.51595067696397,-0.490631714730194,0.725688486872964,-0.564348258738468,-0.442045235908834,-1.07619948726271,0.625369017940076,-0.768054731722348,-1.14646583867477,-0.395617009331828,0.0555518112734424,0.188042127762404,0.00534258201830961,0.210061222294023,0.420865705790123,1.3427724633692,0.162653251096299,0.155870978067457,0.647984582583311,0.573183201613595,0.818229755617675,0.547560756410529,0.667866628632848,0.87184549884974,0.645072755076211,1.10116478792977,0.789751061683243,0.895445794249076,0.847931738607626,0,0.208494766807348,0.541518906833877,0.0430117778906981,0.235129304011808,0.28890005472914,0.364429546041605,0.48402198644725,6.8974334834047e-08,0.368040599432251,0.548755613807455,0.185067905068906,0.398110038545554,0.612139070518299,0.0952486185829371,0.570092058708277,0.330788123998036,0.200429209108434,0.640809666310135,113,"TTC29"
-11.8021981866838,0.13456466819067,-0.00347702581880031,-0.161873759064132,-0.825375225806695,-3.37679870751542,-0.302323412872285,-0.376142345138379,1.10033381470683,-0.400395879184376,-0.526021416699581,0.208690955970571,0.796314015823291,0.203509086613819,-1.20414987485744,0.950567901998073,-0.35987838049699,-1.07634215451351,-1.27630065972926,0.0375741586334009,0.124370405532755,0.00350463207105417,0.139588023276816,0.475306468196891,1.01186807594219,0.108604896122142,0.106625841281077,0.447470418834918,0.417791629947499,0.56979621471389,0.384522376328563,0.463184746112107,0.53866931771877,0.45214791012028,0.722265820373597,0.508498926314515,0.599820148377904,0.724084464607316,0,0.27926721437022,0.321137565031203,0.246189853073569,0.0824734038563538,0.000846292647831397,0.00537427729436231,0.000419211235950657,0.0139321101226892,0.337879939702174,0.355916201235152,0.58731727954231,0.0855752884496078,0.705579424207939,0.00774067061611387,0.188143335850965,0.479114854798438,0.0727427312957689,0.0779611285392067,114,"TMEM184C-DT"
-10.6120126791286,0.183013984883667,-0.000814270421788652,-0.0989788268390473,-0.449668635568538,-1.63767576865568,0.14609372461908,0.135419054255979,0.020085568192516,-0.719485034716176,-0.0966015945961459,0.33307646042778,-0.378572059456781,1.4853915171639,-0.182583772238581,-0.395725937729741,0.202655439801699,-0.0434571079166399,1.81471432774271,0.0368251723218664,0.107452620147993,0.00321351770301256,0.128569807134456,0.269872059646199,0.665219746127097,0.100352688039703,0.0981787286489237,0.3272499982077,0.298197658957168,0.3909961854754,0.277137363028366,0.344466815582371,0.428120005054665,0.337756215682409,0.531718271002406,0.382471546770668,0.459301423864645,0.408402560079691,0,0.0885294588890168,0.799967534629468,0.441391825631682,0.0956678241401644,0.0138219833047039,0.145447140464176,0.167798717354088,0.951059102877968,0.015831417775105,0.804857678596735,0.229423158566429,0.271764230257294,0.000521295874034497,0.588798091755559,0.456731370467389,0.596210694558662,0.924620109792204,8.85297807433971e-06,115,"TMEM184C"
-10.5628480425217,0.0502999377410533,-0.000332332970493242,-0.0704183282161018,-0.152693872911065,-0.803474945418858,-0.190300713373831,-0.1216441120018,0.76658123129194,-0.478856703401457,0.548515463447027,0.392233183436794,0.344096961848809,3.6575307459687,-0.252336399081949,0.545622173334219,0.00690611790935964,0.0100758728515279,6.33339857505552,0.0486917251182495,0.133094909528687,0.00400827484925991,0.161145495398081,0.259755991584528,0.648672123600557,0.12730918308987,0.122826834558905,0.334299994158299,0.312716215439258,0.408049612397611,0.293932941510477,0.367493622961713,0.467804630978888,0.370369356936061,0.5326454396866,0.420482549884236,0.486823895377723,0.404946181551886,0,0.705486064149531,0.933921733229678,0.662121488754382,0.556642507280834,0.215476730924464,0.134968806682686,0.32199290604566,0.0218426074418139,0.125699718874732,0.178871699808712,0.182062696946922,0.349100984605742,5.34562692240814e-15,0.495675267376078,0.305663946346426,0.98689591963507,0.983487233221445,3.88121098381614e-55,116,"PRMT9"
-10.9625958653247,0.434834716188431,0.00815094524943699,-0.324708018465426,-0.305736435660586,2.64268941834027,-0.295138179872311,-0.205516052469706,6.19742396698139,3.9494127074042,7.51872491437862,7.30699731518782,2.40889915223183,1.37881053221921,3.29999668311503,6.5398276060888,2.95529637948272,5.19686187480204,6.31873883656708,0.0634771096837954,0.182794080123956,0.00584360640196671,0.215818475685258,0.298750360774209,0.890197139287122,0.1627335101604,0.156983449792177,0.5518781199102,0.531478905156782,0.605757835359627,0.50329680281643,0.625991687294334,0.806740015458164,0.597460615379083,0.727531508819433,0.703907926056352,0.773384482308241,0.686530848894081,0,0.0173680251656088,0.163061549280187,0.132441799062478,0.306126168796315,0.00299104863597471,0.0697348942563567,0.190481022880846,2.91476970466981e-29,1.07790502458664e-13,2.24690227241883e-35,9.28276296610963e-48,0.000119021525697731,0.0874298629210829,3.32556334683354e-08,2.49343839913238e-19,2.68791757794631e-05,1.82179619747184e-11,3.45293591518066e-20,117,"ARHGAP10"
-7.79954387445433,-0.0489073085853953,-0.00147447957378398,0.123770590504204,0.201078015839197,1.39572137722725,-0.0297975749921719,-0.0388095580864957,0.546687857259978,0.167432868571047,0.444889004649415,-0.303374088884623,0.497036265827095,0.250471431339255,-0.857743785272897,-1.80005782234222,0.0849871842828406,0.487313634424607,-1.10535889327174,0.0211595683307765,0.0557244995008185,0.00175212015795471,0.0686749704309784,0.081315932010305,0.250692541638027,0.0543555114294775,0.0531108455611783,0.131823733053534,0.117012514758387,0.155445511288231,0.11199555253381,0.136959068575458,0.188399916485941,0.143935882890484,0.225884849093086,0.163420070700737,0.183335736903563,0.192608454478758,0,0.380126851619105,0.400045365983929,0.0715035050254444,0.0134059239531516,2.58475368998626e-08,0.583556052032596,0.464945583915026,3.36694578148642e-05,0.152459707002895,0.00420943144958139,0.00675260578270865,0.000284426260897628,0.183694016846594,2.53464177110152e-09,1.60069722120436e-15,0.603026267531312,0.00785966754950762,9.52986231606628e-09,118,"NR3C2"
-7.69502697293206,0.0684638716921625,0.00633856235899352,0.101059220185833,0.33727223373966,0.867589297124901,0.0741810847209271,-0.0488174278005231,0.728715896619905,0.720959718687211,0.313787305955617,0.225308158445247,0.0408200006765919,-0.208416925464095,-0.253388756292393,-0.0800557104264743,1.50600616283443,-0.106722042995727,-0.221976781491398,0.0388944396400737,0.0978464616088396,0.00322013183985683,0.118933154800318,0.120370528867384,0.355118130919344,0.0983577678679032,0.0955016156239875,0.19701531159783,0.173000377932518,0.228419381559127,0.167644813344087,0.207671500438866,0.278407600213944,0.215549042179643,0.315564634867217,0.249208033380323,0.271985801518051,0.260297333420111,0,0.484110191791523,0.0490200737767941,0.395483862829846,0.00507947056809175,0.0145616800173436,0.4507312361985,0.609232998998268,0.000216639995706074,3.08109657180127e-05,0.169524501466207,0.178960868520298,0.84417153400552,0.454096175346545,0.239774597836125,0.799734770812709,1.51116590191432e-09,0.694776770883979,0.393780418801427,119,"ENSG00000287292"
-10.6164382643758,0.138495457280533,0.0115476017232092,-0.0301426539719653,0.266263270935244,-0.484152730059098,0.100061389173362,0.0583563865999635,-0.670304878797639,1.27665462054718,-0.206930067472789,-0.700000935674579,-1.36695582281126,-0.830949127376601,-0.471244045044079,-1.41547632406463,1.65082783061765,-2.09925690849281,-1.50183591709966,0.0736122657189394,0.198756356981133,0.00663139237483257,0.236591067267003,0.341767715506919,1.0728920608008,0.193447039521428,0.189322734102174,0.574745122172785,0.486492215291803,0.659681064423927,0.471264574602761,0.595798317140135,0.701903638951424,0.585798642960063,0.977888312154818,0.685536787552185,0.793524511587528,0.765632680578549,0,0.485921580575535,0.0816215438533612,0.898620631639364,0.435934522487952,0.651802533970991,0.604978376497489,0.757901538008661,0.243507489010753,0.00868518511474937,0.75376258258972,0.137446582788646,0.0217717558304521,0.236472161107778,0.421138783750358,0.147761804151954,0.0160366406490039,0.00815739899079332,0.0498135084285689,120,"LINC02355"
-12.1348846112729,0.662745169875597,0.0119537864360478,-0.159741765986108,1.59390153797442,-2.46122619687092,-0.62746891382132,-0.0856370311980415,6.53797206411323,5.04565460230029,3.33645570394776,5.71477233310939,4.13042465202193,3.43679874655987,3.25396185658843,3.09005714219384,1.98491206807315,-2.53603783405326,3.68564014601737,0.107876401826832,0.331238472960008,0.0103232850489821,0.391061408253571,0.608707409732648,1.85895650909804,0.28926025358324,0.271519260622691,1.05991936820541,1.01487355427402,1.20950856944045,0.943965657441253,1.19117194656864,1.38659379162179,1.10985352337011,1.55266344156526,1.33885585372596,1.64211408485453,1.30874714318744,0,0.0454128951282829,0.246886872142304,0.682919430241077,0.0088316787407765,0.185508801276818,0.0300660414349737,0.752458368347101,6.8998681671436e-10,6.63657341830076e-07,0.00580634399041344,1.41288665006746e-09,0.000525264791864711,0.0131902498496969,0.0033691249624931,0.0465727125149426,0.138195733102908,0.122497823310265,0.00486015952299391,121,"IQCM"
-7.13586578528803,-0.0443551881909902,-0.00210442984496642,0.0292967706034184,-0.205017761463123,0.0590268868051872,0.0651964810554942,-0.000548176574031362,0.457788209280168,0.915909155785618,-0.0873840600975263,1.15757654833182,-0.17980621183509,-0.373052577995611,0.753455909069306,0.605341360624685,-1.00478558036364,-0.0776047059985661,1.06815023741766,0.0322591612240102,0.0786570011323656,0.0025740369448245,0.0972626091170858,0.0717692000851902,0.20367888950895,0.0803510077758187,0.0781723184277523,0.111766911881844,0.0995538805475236,0.133140630662248,0.0966398051508421,0.122193734381644,0.161324005795758,0.127377568688809,0.167854604380223,0.148379883535727,0.163999906051904,0.148506443296711,0,0.572817818248576,0.413608431219534,0.763252012084682,0.00428170051889619,0.771966450851644,0.417138333004132,0.994404949869629,4.20497087554857e-05,3.57499832348093e-20,0.511612447207151,4.61926374480408e-33,0.141160079445343,0.0207532796067405,3.31597250976994e-09,0.000310542009216422,1.27268822262854e-11,0.636070713287227,6.35602154410889e-13,122,"DCLK2"
-8.40622733674976,0.109493101534914,0.00138412656415617,-0.0267791826795706,-0.380406619782351,2.06182257461512,0.0212516030617167,-0.0597026985333087,0.74261014810198,-0.195227097238236,0.00138824204635808,0.5033919124055,0.488245466793064,-0.134692954533583,-0.154296475736216,-0.767511864280531,0.0745019117163987,0.940465327917251,0.129112731457959,0.0182712256409548,0.0500898639981935,0.00158521379569334,0.0606494555366695,0.107658831387967,0.279756318946963,0.048264690671196,0.0470583726405474,0.138516880036719,0.124739742728837,0.166808890918289,0.118863879924074,0.146412610608062,0.192255575596316,0.148750188510745,0.231989517296106,0.169195511041025,0.192588620543748,0.195208609000054,0,0.0288204857894481,0.382582307575755,0.658821846606851,0.000410180555509681,1.70543400923911e-13,0.659709941591342,0.204550044971486,8.26925697999489e-08,0.117565241248993,0.9933598017279,2.28522778095752e-05,0.000853844771193551,0.483556905093828,0.299602626958076,0.000938339443831056,0.659697891638023,1.04332334428723e-06,0.508350053804831,123,"LRBA"
-11.159345103835,-0.229884629863533,-0.00484896918401463,0.0791042399168795,-0.101306962502253,-1.71053468672143,-0.138501628509084,-0.125657461540418,0.952407585097028,-0.796059972674655,0.711712116520182,0.820602990989388,1.6832765315029,0.43505152257658,1.25381650094558,2.04292258008245,0.763707582307017,3.60949444783948,0.897884842475312,0.0372047559360858,0.101412319801517,0.00311789923043716,0.120439337737016,0.273070462100354,0.653795701600933,0.0964562745091221,0.0939544850523736,0.350033924849015,0.313830511625561,0.419543922651647,0.29075443750177,0.339896620484695,0.442917464572557,0.327997472296765,0.451788071320102,0.374005991793614,0.402226958212054,0.486745889186052,0,0.0234005277727029,0.119897505008887,0.511311217421257,0.71064347493678,0.00888848402532312,0.151030609846398,0.181082613886565,0.0065104295917076,0.0111937318745145,0.0898111433607179,0.00476771038130146,7.33342126849498e-07,0.325981323131545,0.00013203007375838,6.12984885557613e-06,0.0411548872768789,2.86520769908398e-19,0.0650857658511511,124,"RPS3A"
-10.4296501515383,-0.0533129683166799,0.00174434507428786,-0.0127583628817625,-0.199146130048199,2.50657993937898,0.249261973579537,0.18571402157192,1.18556800927926,-1.50597614589028,1.61849857112301,0.685545676438979,1.27866319399688,-1.06897691286461,1.12099929684811,-0.439847957125446,1.4800630876546,0.539382869290779,0.836527249900916,0.0351980962722479,0.103315759225902,0.00305087457881248,0.121687257692385,0.263359863645972,0.734736530217509,0.0967633436303025,0.0925502084246257,0.340003257492622,0.311792227899787,0.404127715898955,0.290011851541174,0.354058239640774,0.469783699899937,0.335959713232535,0.577187335874511,0.381177202116838,0.476120739116808,0.475709848177236,0,0.605840641851419,0.567489682190422,0.916498395388977,0.449544313448842,0.000645980299565805,0.00999518401095724,0.0447890781513667,0.000488596803898992,1.36489765188323e-06,6.20388632669362e-05,0.0180859383230461,0.000304491238789541,0.022877980301659,0.000847771165669287,0.446027735292098,0.000103229021466226,0.257268878558305,0.0786655156753548,125,"SH3D19"
-10.568935236648,-0.0396763979126437,-0.000162174805976999,-0.0156546685629615,0.200121906527262,-0.372018370644368,0.100796379139527,-0.0058634542289241,0.110349366904856,0.104135488259331,0.128226086097095,0.0690842092460792,-0.027769695945512,-1.44455409747944,-0.418037140186685,-0.178519527540616,-0.855031278286976,-0.214032151843961,-2.22524873375269,0.0217824436566553,0.0765035483511281,0.00205586100347731,0.0852596706489282,0.206603634500843,0.660658632694196,0.0659591873384471,0.0639053979832234,0.302603637004219,0.259079853048746,0.350395753187025,0.241391236598558,0.292395526577515,0.370359868805978,0.270494628332217,0.457767559028403,0.319937809856791,0.365054032077837,0.50148516686407,0,0.604024595373586,0.937124786591433,0.854318125370437,0.33273121137809,0.573365251125132,0.126472112126048,0.926895005068622,0.715360472473708,0.687725535912702,0.714405025883288,0.774731170750986,0.924336230461925,9.60312471354299e-05,0.122236366788064,0.696552410519131,0.00752901409751522,0.557672140517922,9.10870372850658e-06,126,"GATB"
-12.5111055345627,0.107760789970357,0.00252288686249677,0.150475381022492,-0.162418937330665,-1.32071925880462,0.0344568690480928,-0.0951802399729354,2.50399367117462,-0.939541612152426,1.9382185447847,1.8976358880354,0.46451488666602,-2.65042374401913,-3.46765189207897,0.686202460308266,1.35375312531325,-1.37409400639906,-2.43735814170229,0.0743926512168312,0.221992390246527,0.00665200616415791,0.268290837698154,0.585107775520038,1.6533347083575,0.203059222844529,0.199972485161742,0.735363046069135,0.703168108939677,0.902824072736217,0.634202115679065,0.799305977058918,1.14201193518689,0.880490776192112,1.37857850187927,0.879010601842433,1.01058966141351,1.22923157920539,0,0.627374474241711,0.704489553290696,0.574888452483076,0.781328592201955,0.424393940538048,0.865254908992724,0.634098115698255,0.000661368772010154,0.181498603257018,0.0318060470176739,0.00277008626752622,0.561140865029198,0.0202956337560585,8.20551024877098e-05,0.618652585890798,0.123539058164158,0.173926368082619,0.0473863409351339,127,"ENSG00000286066"
-9.33272718255946,0.0980942939389877,-0.00107170021643278,-0.0176792333549356,-0.20153723349247,2.33154303874187,-0.0358191216128193,-0.146471831303216,0.00704073137787242,-1.06927194213678,0.0388772035089498,0.317203896046549,0.786831325874944,-0.251184666756373,0.122485196016861,0.0812616048295903,-0.645658617134191,1.04171930327331,0.454662905088213,0.0235024238449382,0.0705811078629743,0.00217383553683886,0.0840577446448278,0.172377353127956,0.481170490395677,0.0651683255039543,0.0632063984859453,0.236853630967599,0.209830589426293,0.284231442827193,0.196067534611382,0.244775908351958,0.294228022556728,0.232616840867983,0.358953065760791,0.275053767692479,0.302760320105313,0.31086439467629,0,0.16458673379534,0.622012815917926,0.833415990807189,0.24233794147195,1.26251667621424e-06,0.582566284088186,0.0204842570819954,0.976285507578511,3.4712114142951e-07,0.891204618317396,0.105699287004707,0.00130673461070218,0.393267082808911,0.598503737326805,0.820901960807163,0.0189054262583016,0.000580127396070019,0.143583344360855,128,"FBXW7"
-12.151841053954,0.283221834516418,0.0087055654162415,-0.0706212842620129,-0.953193482738605,-3.9546185127703,-0.105706917175816,-0.545318963572525,-0.652268052594724,-1.73199549427335,-1.89408151369996,-0.848138789406941,-0.482388622895919,-2.51240577778107,-0.220789427209814,-1.62324141914171,-1.72353832746118,-0.553566675336179,-1.63799503785295,0.0406765598111739,0.134680080930453,0.00369683756949663,0.145520737355041,0.563500912852903,1.13981128049159,0.113549122551009,0.116662957620997,0.528837140584365,0.460541697043406,0.662366914757045,0.42485269595836,0.503650369683474,0.688455562684587,0.447669867134993,0.836455425078923,0.566179148085352,0.577441443474162,0.811071519555626,0,0.0354725043901569,0.0185292740338168,0.627463212258675,0.0907306169717703,0.000521354375372737,0.351886893256575,2.94941889620258e-06,0.217426336967025,0.000169385103933146,0.00424221931487516,0.0458999075801683,0.338171331168423,0.000262918867164939,0.621873410446565,0.0523044890978834,0.00233333184428905,0.337732969382626,0.0434306555324056,129,"MIR4453HG"
-11.697470786471,-0.0216848462362758,0.00287449259880849,0.0168669272261145,-0.0200889971186281,-3.37983320683823,0.153788613300176,-0.0176503374505307,0.841699019567229,-0.211099267681474,-1.20363628393989,0.2844890464892,-0.218310898942392,-1.32131558328745,-0.0838325622490994,-2.11043651432975,-0.0452273560005672,-0.638562476907211,-0.776934852128333,0.0380891737419425,0.123893927473137,0.00343486437815924,0.139882036977763,0.349222654096743,1.01527936662091,0.111050832628865,0.109847727874164,0.449173460322707,0.413690398839894,0.575581609528126,0.380794998358113,0.466792607179482,0.592161309196335,0.437840152061494,0.862325940996889,0.492376424548361,0.592911577830288,0.697136492336739,0,0.86105801353184,0.402672576709131,0.904023987224038,0.95412707420613,0.000871682080706822,0.166098702732788,0.872345409902778,0.0609463970883369,0.609853058694562,0.0365132495392611,0.455007791805936,0.640011404045577,0.0256583513352627,0.848158619781987,0.0143900306306433,0.926813052172946,0.281482746486805,0.26507936329776,130,"TIGD4"
-9.42817583419874,0.0674928880662573,-0.00237123947450555,-0.0754135445994454,-0.260590808747729,1.70186968150892,-0.0504644148872208,-0.20984249624666,0.317211268146212,-0.801760385118504,-0.376458715830408,0.169229205611459,0.682924360519091,-0.687948989443741,0.16203043436691,-0.596934278391719,0.0490853427111037,0.67608562853971,-0.374814082109844,0.0190062313282241,0.057016965670556,0.00169652313372302,0.0668052090005396,0.154937826303237,0.403668449427719,0.0525290867272147,0.0508620888921324,0.188004755705137,0.169698888006666,0.229326303680239,0.15915980641342,0.192744687280887,0.242940500920978,0.185737513371572,0.313526281801243,0.213519870637705,0.25073740047494,0.271037984787189,0,0.236518603177046,0.162201564535695,0.25895805671964,0.0925871327992714,2.48664206836776e-05,0.336705700011418,3.69584309415136e-05,0.0915550412720218,2.30561925231694e-06,0.100675951912458,0.287661353871304,0.000395369797340095,0.00462927018664765,0.383010672358374,0.0569183937616215,0.81817994149037,0.00700957047191478,0.166700448847346,131,"ARFIP1"
-7.96113080305315,-0.00697367514391216,-0.0024599193383979,-0.068933433064204,0.313135123602508,1.10012161312691,-0.0888431574041547,-0.024482878453642,0.626293929939067,0.296430332948615,-0.293416129661615,0.410519567810455,-0.0543999373065569,-0.260246496679474,-1.09512241362263,-0.685818668315765,-0.146594339583196,0.235361433815404,-0.0143973031003521,0.0227850231633949,0.0587586545301008,0.00187087589665168,0.0728199666553888,0.0720783447716091,0.225819751203793,0.0578977771633994,0.0563129304953473,0.117166929843206,0.105583866552782,0.140412528168297,0.101787170332427,0.124855932272292,0.174559694790477,0.13327973263621,0.184345027838838,0.150705517323699,0.172665413013193,0.164795360268257,0,0.905526212130939,0.188560649137238,0.343828275198236,1.39674824843895e-05,1.10653168616931e-06,0.124910861254483,0.66373317693644,9.02608707060785e-08,0.00499223541813287,0.0366472731912141,5.50418556040094e-05,0.663053199128016,0.135994599373213,2.09142403083408e-16,0.000198986861494684,0.330692255501385,0.172848789745646,0.930381598974748,132,"TRIM2"
-11.7169143652372,-0.391221055699159,-0.000372695241297047,0.027512852591725,0.177366107850937,0.00169618326274525,-0.141267223365089,-0.0370219006643352,4.28366441376975,5.32807628497931,2.52301948135374,9.03940640029952,2.10881931663151,0.00514953067933546,-0.351156041750176,5.15947890986893,3.10075418754482,3.44922942901282,6.42064567617645,0.077446305931271,0.221840124341997,0.00694641512411563,0.264120636313622,0.33179931352252,1.25405608410689,0.207495779266377,0.199727149294984,0.754598946173168,0.704279330854867,0.840457022987407,0.660728300352348,0.840355733544171,1.07092243099555,0.844400448821739,1.13770757950301,0.944869163032815,0.997239842742466,0.890796465890871,0,0.0778116424904206,0.957211717637451,0.917036225942916,0.59295526097775,0.998920815390837,0.495985555197525,0.852944809854519,1.37283350630338e-08,3.87004873003803e-14,0.00268246249759337,1.31914610562679e-42,0.0120923968740371,0.996163386747627,0.677509269372806,5.76094741153963e-06,0.0010319220639202,0.000542635596852196,5.68804488794341e-13,133,"ENSG00000280241"
-9.33427340743695,0.384138195916389,0.00315272285210134,0.241030890839341,0.174464537122599,-0.797429002007932,0.0548884307394983,0.0143695843646677,-0.595766888460933,-2.05240238637007,0.806803345696473,-0.188934078998842,2.10854133639077,-1.52311834253557,-0.588536884963977,-3.69596852911044,-1.08178648162017,-0.963568448192167,-1.47130609496062,0.0438141681999283,0.116138128214393,0.00370162078754635,0.144427791229538,0.210685559896204,0.57743208059311,0.113592663442318,0.11110428660885,0.30249879320175,0.264340730072323,0.360370481436038,0.249618070681964,0.308491395164777,0.437646956001449,0.325198043451316,0.507686962526859,0.370464262327409,0.399818648804676,0.428541226310754,0,0.000940999104165701,0.394372757663365,0.0951435814342166,0.407625091246992,0.167281464022657,0.628950886760826,0.897093208577587,0.0488974034125763,8.21423266149703e-15,0.0251678644245112,0.449114188775397,8.20001142284455e-12,0.000500956679547696,0.0703299249995502,3.33783906214906e-13,0.00349937907721826,0.0159519185435687,0.000596305017000465,134,"DCHS2"
-10.5948087996396,0.176407345207046,0.00187685484341196,-0.137502143615261,-0.307298520546788,-3.64043503756977,-0.131321988130409,-0.163009201234343,-0.608840660352104,-1.48296538195131,0.0794656139625737,-0.13467783978268,0.315801571017906,-1.33629953012065,-0.964230167275009,-2.29004629435435,-0.876399790154487,-0.776564643667348,-1.26818358021714,0.034522645517269,0.0949281264989496,0.0029972651066313,0.112973901989942,0.243400647029889,0.581086169876606,0.09189317479567,0.0894664888534333,0.288361506436746,0.256050661725964,0.340041419327877,0.239933889875371,0.290072701169676,0.387038622978618,0.301846912715733,0.515841388209756,0.335879683114062,0.395891180608476,0.428801056967112,0,0.0631228240829755,0.531190893078861,0.223560757654348,0.206761238355983,3.7311297826165e-10,0.152983461976795,0.0684528512197868,0.034739679737745,6.96827641838689e-09,0.815222604291902,0.574584668769631,0.276287081935303,0.000555158572642074,0.00140105113383277,9.01937402589104e-06,0.00907364009598619,0.0498136331877385,0.00310134299276841,135,"PLRG1"
-11.2407037167186,0.322640014165708,0.00493345072246956,-0.189467254449607,0.453550953040191,-2.05071856535998,-0.104877643940084,-0.180580219867233,6.01686186630604,-0.164118204652706,1.08591888478851,4.84426317352372,1.48478769697061,-2.86601612371633,0.189478630507451,4.8778322740631,0.40450649523953,-0.631813505536623,3.6412858832741,0.0598446180368104,0.168015568160468,0.00521066095753937,0.199075260210093,0.305581339500643,0.987916350518138,0.160386520080573,0.154602019041575,0.527944673471127,0.506267408709925,0.644802920561978,0.467911795489888,0.614147639659992,0.829264217244696,0.589097818475197,0.750718820154292,0.685244989449565,0.781159848195581,0.649324400496543,0,0.0548202277957176,0.343741002279462,0.341230472659712,0.137749682685582,0.0379122833313328,0.513172624667338,0.24279355895255,4.33941182218932e-30,0.745807092098842,0.0921604605904712,4.05824628186562e-25,0.0156215375283741,0.000548061612348922,0.747723883269252,8.16391392938095e-11,0.554983300468489,0.41862178562137,2.04906401078334e-08,136,"LRAT"
-10.3066087517038,-0.0797809824190329,-0.0025298513743018,-0.0677361352929077,0.00259123339717025,-0.867623480167444,-0.0390486499388968,-0.121390086895798,0.942082574546821,-0.211676948056999,0.438054747882181,0.323542273893667,0.474242504325527,0.140585079666488,0.15631044280389,-0.44089810580012,0.901043592371621,0.0577156210326555,-0.24163872756875,0.01953256986528,0.0651418212193996,0.00180751200411249,0.0728421828558113,0.189135973885453,0.544984147196082,0.0575607871302931,0.0555434866278192,0.247168677940277,0.22076200141192,0.294724164744161,0.204842415986901,0.245702194401712,0.281931352958272,0.230922963806246,0.437715873829007,0.26029171809701,0.310351962139132,0.357515505047582,0,0.220677894283746,0.161623590535674,0.35242151623861,0.989069025834378,0.111381110310494,0.497524584888542,0.0288524738040672,0.000138127958285852,0.337635907151417,0.137194205394664,0.114228490311779,0.0535880461023447,0.618025948160779,0.498473007510772,0.313805001036549,0.000536838325474492,0.852469635162285,0.499114797882487,137,"MAP9"
-12.954785217464,0.307798077727838,-0.00460535871238529,-0.41001962379542,-0.601608675526316,4.72152338435765,0.257852883873549,-0.322657463579531,3.96403782458479,5.05191689620952,7.26893892022289,7.97533862300794,5.23727764989107,-4.63594150991092,0.0141213093041838,6.21815443386305,3.0986538513244,6.10383108192959,2.44707917142987,0.12319356787645,0.35268469049473,0.00990238101107881,0.437296761484937,0.608154162805233,1.8795727601489,0.314374294011816,0.306994442743568,1.06499956818298,0.989288869082985,1.12649740468368,0.937168407238513,1.13962551227343,2.03685446270045,1.21328432385308,1.47183562687726,1.37170681969827,1.57038666388501,1.60390564084817,0,0.382810929905711,0.641877107351899,0.348438043330065,0.32254713844172,0.0120042462703904,0.41209650340914,0.29324915840663,0.000197570587396047,3.27981881592818e-07,1.09881740297007e-10,1.73876576621782e-17,4.31479187305505e-06,0.0228442244807351,0.990713701584593,2.3919400135629e-05,0.02388482944845,0.000101560472925174,0.127084542455204,138,"GUCY1A1"
-11.6670563699419,-0.124544408379185,-0.00564564345379841,-0.0827652386730115,0.044322410578584,1.31799142831685,0.288797058548594,0.0298857782501092,1.58329388171456,2.21193376656342,4.46687512273365,3.83132867435658,4.99068173399276,0.677827124566119,2.64724103144818,2.49937388823056,2.75782049922853,3.4845004268774,1.48146948541975,0.0631026457483464,0.178798616818031,0.00510821251134204,0.213919851728852,0.364253892242857,1.09078119841658,0.169100634984452,0.1636533709138,0.562288680951779,0.485811651951728,0.596942536500455,0.460765857684377,0.55552261865658,0.837532776115408,0.549495034738446,0.833384815130299,0.613725948479216,0.789000243388437,0.871887667830542,0,0.486076641901206,0.269068952121619,0.698831459242898,0.903152459798854,0.226931710010758,0.0876657822070041,0.855099069070433,0.00486555651941535,5.28690296134056e-06,7.26873937173532e-14,9.16506281396474e-17,2.61668774885597e-19,0.418334470673845,1.45303554330747e-06,0.00270810956991073,7.00389900547666e-06,1.00381971435572e-05,0.0892905886266873,139,"GUCY1B1"
-11.0017086105977,0.15313032311785,0.00447666425552253,-0.147644490081411,0.0614361774667482,-0.105284535331093,0.0141374942830333,-0.137262028616455,-0.496587016409452,-0.266551763836661,0.977464001573131,0.110735113303538,0.633092672746822,-1.50190252845534,0.251032784725738,-0.311669675474124,-0.0519306706464771,1.04092975186944,-1.30874881007033,0.0459997706717404,0.130142734012878,0.00401141476861022,0.152181100645529,0.28143242725352,0.824502107038969,0.12307187548261,0.119740484638617,0.416250349619566,0.355606231869292,0.460983816418109,0.339942191486379,0.411001311629875,0.59379629969583,0.396526389823273,0.649158609987191,0.45101879118652,0.566502338343715,0.656696149866334,0,0.239341751716867,0.264430097873016,0.331952095477459,0.827196817874301,0.898390597862558,0.908546696112391,0.25165891464466,0.232869044389956,0.453513723661219,0.0339734385594261,0.744615860705116,0.123471030035091,0.0114282860641377,0.526681636178663,0.631146839208746,0.908333510293083,0.0661408797120719,0.0462692207786363,140,"CTSO"
-9.01949607322436,-0.0368219120250755,-0.00183558371799357,0.0151222099576168,0.103128897949129,1.5935433700197,-0.0734639070478802,-0.201009310655303,-0.571513812739101,-0.530808600692107,-0.592673191573125,-0.759786526607376,0.269674722235583,-0.677348921672581,-0.52682805751663,-0.859659698523725,-0.590591122942474,0.156405059171995,-2.12738265201261,0.0196537537372329,0.0600947320432978,0.00179612839255851,0.0709499234321389,0.143303919218568,0.408779202061043,0.0546571450055071,0.0531305019643179,0.204426087861744,0.175177047842231,0.2391841390407,0.166852411408582,0.202497619029534,0.254646365448476,0.194662681953311,0.321266844604688,0.225522594020857,0.257825431800954,0.306000879303277,0,0.540054146834995,0.306796579264857,0.831218389456771,0.471739519479281,9.6870940878312e-05,0.178920557156377,0.000154754698416154,0.00517876054269483,0.00244451394672773,0.0132160017066416,5.27244844717731e-06,0.182944758656606,0.0078150136717785,0.0068024456718419,0.00745415123166176,0.00882482054052951,0.544095411584636,3.59605221670129e-12,141,"PDGFC"
-11.2285218977122,0.192560805231204,0.00251523745715183,-0.0425911798928152,0.0270608852953883,2.2046166169977,-0.392227871979354,-0.441675977711004,0.622456618323134,-1.6412759728595,-0.551783710881538,-0.185071467383109,1.57986092476421,-0.880358884340478,-0.417977748704802,-3.25797875458617,-1.14740595385777,0.781724602636036,-2.24458216002947,0.0401728382046964,0.125623079762062,0.00369683272347253,0.143095062641162,0.378547204490595,0.964968195772801,0.111196038878132,0.107085327626299,0.43241213123678,0.392632308833334,0.52698981976268,0.371072981011302,0.429405361135353,0.584012536320182,0.419696557179545,0.883143910950444,0.500092687991732,0.551575923735176,0.738844246981504,0,0.125313862623128,0.496266208668638,0.765975992428262,0.943010840636581,0.0223332352600664,0.000419734040465485,3.7150264906103e-05,0.150009332015722,2.91271105002646e-05,0.295077375706387,0.617957759760922,0.00023398228775404,0.131700093748298,0.319296480610424,0.000225076245925975,0.0217683031145873,0.156407927329344,0.00238182475326476,142,"GLRB"
-8.50877116834465,0.100769436383626,-0.00327294047228728,-0.122543142314809,-0.386807055818551,0.740671192072261,-0.0300705287732748,-0.131232881226506,-1.64457483752484,-0.958220901889076,-1.0858307622787,-3.38266297540661,0.181485228287938,-0.0303792195810775,-2.01482965596077,-4.21589426470794,-0.211756243717837,-0.149362912012878,-3.47245695870892,0.0355692027972622,0.0890202486801105,0.00281461705999614,0.108463421392273,0.130903851409785,0.296160888373076,0.08972882295519,0.0861116616932134,0.158847339759387,0.134518826051823,0.181929665926045,0.13727359447693,0.15330751321892,0.243459678223809,0.173570954199052,0.301552748830788,0.187525973409453,0.215731934992949,0.258178270052308,0,0.25764144832069,0.244895697758679,0.258555966437068,0.00312776101372833,0.0123875286254874,0.737529475244177,0.127512456896711,4.04819195889368e-25,1.05356353228771e-12,2.39577340865338e-09,4.51028068748468e-134,0.236492773909835,0.900696677688163,3.74835695562262e-31,2.04698179412348e-44,0.258809167893426,0.488714918313795,3.08530535341294e-41,143,"GRIA2"
-12.3770544126118,0.13154814334682,0.0111171949795693,-0.0669538820868024,-0.176326557440236,-2.59013689772656,-0.0520214087568139,-0.205331962696576,3.33592714215648,-0.236252112566862,1.84131230522991,1.29415360258498,-0.576403999502847,0.233611647352976,-2.14505678966021,-0.703075063027788,0.739883306262363,-2.6895810999626,0.300639299165499,0.0670584532946221,0.22646433179262,0.00666429892926859,0.266787655973684,0.672397328552142,1.77689242233709,0.193841901982758,0.190565209859752,0.80295184806958,0.784295828518952,0.932748833465244,0.704153988606927,0.912670446434268,0.978889894041728,0.883126993394972,1.40555133955899,1.00300436347308,1.1983528690535,1.05686526297033,0,0.56132269483892,0.0952816439326677,0.80184256611446,0.793139762143243,0.144929333406343,0.78841430091356,0.281261756288815,3.25886556523068e-05,0.763240398080025,0.0483736845907871,0.066079447229238,0.52767596921277,0.811377328078586,0.0151433072175025,0.616925100193718,0.460716777715175,0.0248067880628883,0.776055414010726,144,"ENSG00000287226"
-10.1764470364511,0.24289292253398,0.00184977948386287,-0.0767429148843613,0.285591767844608,-1.32553812922589,-0.320964930212325,-0.317324810960401,0.106140409268328,-0.125795158101128,0.182405099490356,0.204321021350267,1.14267165679945,0.359350565428812,-1.87639211612626,-2.50856880307348,-0.566715861668697,0.933883320602512,-2.24792376719415,0.0445636990500454,0.120222097819271,0.00380801298821939,0.149544957537715,0.187297048591725,0.595188522025877,0.11422962555041,0.112413350900507,0.305790498506461,0.27229207358421,0.358585513492011,0.261610423818158,0.315718359000547,0.475425640476985,0.342703744822991,0.572573416036907,0.377755998042045,0.431737484439838,0.509960316064333,0,0.0433451928766585,0.627137506208957,0.607828064049264,0.127307353905155,0.025941290427315,0.00495688857852443,0.00476004424945217,0.728514898232492,0.644091275359795,0.610976894391093,0.434795119886923,0.0002954292192188,0.449739014880762,4.36869618544071e-08,1.18017862932829e-05,0.133558275388393,0.0305349197187399,1.04311893084984e-05,145,"GASK1B"
-9.75744136721934,-0.0332227013598897,0.000426546908775129,-0.074304983140179,-0.152494713072785,-0.68849369417312,0.0482679140200235,0.0248686671931656,-1.12373575614053,0.869346664857606,0.686695247024522,-0.0874724384541932,0.527663545773783,0.351924428463588,-1.9002530799516,-1.1312815761955,-0.656435436702203,-0.716068801428622,-2.18269999453832,0.0515605357066975,0.133535827936682,0.0041769216310873,0.167887197052633,0.200889419250737,0.583253531201405,0.130723795001487,0.128369848678217,0.309973380713927,0.269047279897912,0.349810091994523,0.255550675035103,0.314184830217493,0.460372640291866,0.340958172559161,0.520009904605036,0.384595307970679,0.42467039781544,0.474917743639101,0,0.803521357241173,0.918661488664731,0.658063230142153,0.447794064400683,0.23782669492433,0.711951922426737,0.846389884126572,0.0002886649018483,0.00123269897861688,0.0496401831894486,0.732132666616547,0.0930607604088316,0.444608744901344,2.49996907401838e-08,0.0295926639803082,0.0878552851291527,0.0917620099446374,4.30774208713564e-06,146,"GASK1B-AS1"
-10.3348716524157,-0.002267536126686,0.000365294901234187,-0.122979123570007,-0.371950295347601,1.48023725141675,0.593274256589658,0.406269121030406,0.526808421906496,0.2787450212644,1.33131174626926,2.24689173509568,2.132623168324,-0.149738325259092,-0.655144150513449,-1.42346332116163,0.518841840677968,1.87747583379591,-0.169729588941965,0.0408033906729793,0.110285551446216,0.00334774338790784,0.133719840838174,0.221138207941916,0.631144159031811,0.108031561684244,0.104242130087267,0.304737269633014,0.276073845484481,0.354253038456042,0.260068160907319,0.319435165395846,0.420736934109029,0.332518454704537,0.586865574452144,0.367391825016299,0.454978564177154,0.451950899914092,0,0.983596177567456,0.913109884209637,0.357741334817347,0.0925724969188653,0.0190105751450733,3.98138918366685e-08,9.72469562898017e-05,0.0838574519397587,0.312650743754596,0.000171221201902132,5.63971640422423e-18,2.4516431110165e-11,0.721918926109225,0.048809841081378,0.0152858180512517,0.157882182841652,3.68302118331448e-05,0.707252408526479,147,"TMEM144"
-9.3031181646246,-0.00682503025021671,-0.0015983643532127,-0.0839377422760717,-0.330519561378197,-1.20408341525029,0.0283242157413945,-0.0209902575563196,-0.524188853282779,-0.413324387690383,0.575854311859426,-0.331777389940421,0.551138277488954,0.503989785183512,-0.397749016620133,-0.517229679017152,0.289064572276812,0.0436497585407556,-0.478818984497898,0.0228956300142633,0.0617638331997978,0.00192872518454267,0.0742385808271027,0.140423095631539,0.345569138878648,0.0601542127550434,0.0585874121310313,0.176423260458469,0.152030944568198,0.200574477562083,0.146505176134214,0.173476452271502,0.22408371054211,0.179264594595967,0.286516624960045,0.19984764962449,0.245362216472642,0.248536298648264,0,0.912011223318117,0.407265442921089,0.258203052835598,0.0185855686210705,0.000493336108686062,0.637740677157115,0.720139409342654,0.00296638193531341,0.00655418110781411,0.00409143343768896,0.023536495686786,0.001487964220912,0.0245052512637986,0.0265015740237496,0.0710380037677249,0.148058124254155,0.858802086254904,0.0540350432194146,148,"ETFDH"
-11.0834767449935,0.0648760515561504,0.00525619401902031,-0.00162357898608358,0.176128541108752,-0.658317456455027,0.188217967776586,0.19635557420651,0.567432062427574,-0.701742449209632,-0.255860356970316,0.410935200633057,0.683779723620873,1.54082172641164,0.234917785954939,0.402342653895471,0.457717069789166,1.6725097814517,0.599597328728817,0.0388450701020398,0.108392802472328,0.00336532276489518,0.130214672727326,0.239569963709004,0.735403592930051,0.106247368124401,0.102734921643793,0.360027461097528,0.330697572042467,0.445579002598672,0.307449773667651,0.373939192901073,0.428859740226144,0.363800215297929,0.565771195391904,0.411917285214543,0.458508649706431,0.493269507207544,0,0.549488147704538,0.118318802491192,0.990051850419836,0.462226077270935,0.370691696829566,0.0764764118323508,0.0559681413016831,0.115007379414543,0.0338371790540957,0.565818964173749,0.181355540817345,0.0674617515339995,0.000327101360120261,0.518452318062437,0.476997346907063,0.266487931166825,0.000264580861127796,0.22415362524731,149,"PPID"
-10.7345807996856,-0.184523617598658,-0.000271228560532467,0.0305780061133239,-0.333359478567314,3.80638161656021,0.229972031496936,-0.0680066583840224,-0.0282454973855994,-1.21383446791921,0.469444493222561,0.0954744393325417,0.961076502170089,0.852659677474742,-0.0893855128923799,1.92594827229693,-0.11628054922598,1.58024491188858,1.44207793535434,0.0402110753221669,0.113554104863381,0.00345142845459996,0.136835380887549,0.275834299779066,0.735486551203323,0.107831780579446,0.105284306546363,0.353564465023136,0.311034879139394,0.416476109449705,0.294062911144916,0.357900897992435,0.40960260126281,0.346704096026806,0.499321905165869,0.397172032825856,0.491839057731813,0.435913793013565,0,0.104165941713506,0.937363167053959,0.823173121450257,0.226835865312522,2.27515122568473e-07,0.0329499582013313,0.518322436914783,0.9363264702479,9.51778640982552e-05,0.259665418256854,0.745428180721456,0.00724615669213789,0.0373721249340309,0.796549695486185,0.000114727306925579,0.769697011326464,0.00131387890893654,0.000939070147018514,150,"FNIP2"
-8.52910552481466,0.0881600326158984,-0.00268333318974254,-0.142579544833613,-0.264852837145112,2.05468884052382,0.0753750890510446,0.0227234349164628,0.935611640780713,-0.100492475902477,0.0441814192391337,0.583465716561515,1.32534982988512,1.15421815560933,0.353813618567295,0.874957725304273,0.202235563298251,1.40459276862036,1.00224958656386,0.0194819248374372,0.0536380996315506,0.00167419523075497,0.0649155432831531,0.110884198061329,0.301489442920943,0.0515264481887024,0.0502022497806127,0.15133491021042,0.135173379413543,0.182022988215907,0.12920413138293,0.15809414351505,0.20463818673257,0.158138190870765,0.223044968692952,0.182351646471433,0.209210841377213,0.203428097280694,0,0.100257111932318,0.108987645598669,0.0280643771166064,0.0169148463011503,9.41805325411031e-12,0.143510423562234,0.65080958918274,6.31377626976732e-10,0.457219011941293,0.808218909935656,6.30650446046989e-06,5.14663095502433e-17,1.69766710471814e-08,0.0252621781426115,8.75308203778933e-05,0.267412232752715,1.89663542519708e-11,8.35871570878184e-07,151,"RAPGEF2"
-8.0297258861486,0.0664013802055577,-0.00131188026248188,-0.0677480222178233,-0.108890182770702,0.78490403420426,0.0293729977280688,0.10254285977587,0.966404753718665,-0.0115179150099192,-0.221275788391165,-0.627899393922264,1.97925703868095,0.883383620433617,-0.874474840268349,-1.52211609865533,-1.50306697041333,0.850253367843484,-0.693657914090667,0.0273532375868565,0.0745260463201103,0.00225843495027973,0.0910741890307929,0.121388259466615,0.339675869122386,0.0713807927942692,0.0687994072269358,0.182123004454386,0.161577553524028,0.210864582991285,0.155234292949434,0.189791423710571,0.253152415587629,0.19456409527577,0.30847988793987,0.225441250003257,0.247393250633707,0.251832470319361,0,0.372938723211972,0.561321162907739,0.456950707041087,0.369697315988135,0.0208469899452422,0.680707980007758,0.136102962530883,1.11854409017877e-07,0.943171627100168,0.294006068919371,5.23566873725399e-05,1.83591380764462e-25,0.000483865939689725,6.97226334763453e-06,8.04603824243124e-07,2.60689763580521e-11,0.000588522535514818,0.00587923231324113,152,"FSTL5"
-10.1289691402737,0.0238745662521141,0.000741770527217504,-0.0581084238606111,-0.15915794091966,-0.223941844475778,-0.0897314871542941,-0.292232458970038,0.976915846792815,-0.232667736552087,-0.0489562655785982,1.02552935074932,1.11457442503134,0.974823667984203,0.510236618527568,-0.17968207534794,0.567832814890398,0.722546241562122,2.77346389302753,0.0293621886874805,0.0824887664172443,0.00255439590088882,0.099363961771197,0.199250227931321,0.523529634603012,0.0785186622787578,0.0778131931920373,0.253489961025701,0.231619426111223,0.31285417332496,0.217708497705109,0.268178374953265,0.329291163291961,0.265344031174484,0.422774965145436,0.302789629812446,0.345007344562992,0.304943774887269,0,0.772253800366785,0.771518042380334,0.558679639250378,0.424415533275,0.668830301224049,0.2531197352922,0.000172951273142998,0.000116268173464445,0.31512514362959,0.87565255508399,2.4703477516091e-06,3.23735252985895e-05,0.00307269809718059,0.0544894944766437,0.670831993040203,0.0607462768374962,0.0362339456130259,9.45857270086007e-20,153,"NAF1"
-12.0249388673157,-0.134122414464003,-0.00372710666924733,0.116739531642203,-0.243321426027579,-1.42283820135681,-0.0360891916024158,-0.354225096122894,0.566273096438975,-1.06495434889771,0.674381914749954,-0.0806882598986587,0.650830318194163,-1.27840155494293,0.619961225942992,0.370856856566336,0.730698479046657,-0.40296098409779,-0.772026032538367,0.0491009203402715,0.148233789582448,0.00421193895389372,0.170618005782337,0.468151029874437,1.20001507339163,0.1381639991162,0.133897639875568,0.554391068768823,0.496418980258178,0.664592193415794,0.45587965525873,0.547070269673264,0.711070717141125,0.502251051429415,0.833915844226276,0.569237315100394,0.720108193187278,0.84657611649693,0,0.3655696299958,0.376215448639862,0.493838920216789,0.603237939510048,0.235747270506291,0.79393406410334,0.00815722860493958,0.307049538934877,0.0319310076103504,0.310234349830374,0.859512592133866,0.234178111590274,0.0722000978966418,0.217066845692613,0.656524018814126,0.199266291691212,0.575763257864048,0.361800670990238,154,"TMA16"
-12.5092037173749,0.141084690564,0.0137636964418562,0.175596727329768,-1.2561718867771,-5.52348542980365,-0.142361242202396,-0.470177258732359,0.125654288450063,-1.7319610869988,-1.11308173320608,-0.166487811766352,0.106585491531988,-1.91360466654528,-0.128687694366311,-3.0094319160661,0.988760814265475,-0.615854141371192,-3.42654849184663,0.0672596890794938,0.193066285746744,0.00582394437376743,0.219131372679205,0.755975906316025,1.36517961016309,0.178155956028147,0.174016565454048,0.653188460977984,0.594708472008669,0.81204311442299,0.550807577715294,0.655392810344913,0.947085702419941,0.631594431364758,1.19740018672098,0.688602800810297,0.862825287163519,1.22306207086826,0,0.464927115431109,0.0181132630435883,0.422940140471654,0.0965817717754109,5.21053285175279e-05,0.424242786244889,0.00689422301969069,0.847451881357503,0.00358794091685185,0.170463027547064,0.762452881259632,0.87081101579429,0.043329580241213,0.838548460266575,0.0119605868548374,0.151032429940769,0.475372756210148,0.00508475859352085,155,"FAM218A"
-10.6901765895853,0.0288849842821354,0.0030328790064138,0.108624963589329,-0.0774936027399311,-1.14627245573252,0.0891828378914241,-0.0411449536197376,-0.685938907063641,-0.205943269943308,-0.332715640196589,-1.09830338286054,-0.318980208081668,0.519391352066894,-0.697317095648632,-3.56326032795564,0.482411183237329,-0.873815051661659,-1.4286631539415,0.0229207007046375,0.0752890184353097,0.0021033312068879,0.0850867599043501,0.260713186879273,0.665951044733326,0.069014097946854,0.0661032261763541,0.313123461564412,0.256076872150308,0.351709888747206,0.246068844992024,0.282363374018056,0.296229732183873,0.275639086171825,0.657287677408299,0.30101131797507,0.378112622077966,0.469314087982041,0,0.701234406732626,0.149319085273545,0.201730193339392,0.766285583887337,0.0852043188974107,0.19627374249064,0.533655951354723,0.02847828730142,0.421267387102211,0.344151362720546,8.06697147097562e-06,0.258611159685557,0.0795437134871298,0.0114121265245763,5.92142051685076e-08,0.109015328085385,0.0208333249840563,0.00233337653118751,156,"TMEM192"
-9.77308232932526,0.01633384049673,0.000312681750514608,-0.0205188395018922,-1.00198311523201,1.75184940723013,-0.25335722736663,-0.285649252869427,-1.03040204969225,-1.49001966562787,1.11438457958655,-1.15331454098347,1.10192546269046,-0.0840857516948593,1.02431552081608,-0.41820701512899,0.188576880948603,0.776733863612815,-1.67527322321141,0.0291353924892712,0.081198781287066,0.00253911834398411,0.0961303817176989,0.248332433545914,0.511368854310557,0.0775699947980783,0.074572974418511,0.264032501423831,0.222082151694199,0.29173583883871,0.214570992049638,0.247475950514413,0.331383373536857,0.244504833050178,0.387374021639051,0.279603498267169,0.332773512223396,0.396080808033228,0,0.840574491572513,0.901991646988733,0.830977529948444,5.46381317014714e-05,0.000612982806067828,0.00109010612928516,0.000127900737531515,9.51815709129689e-05,1.95536806747629e-11,0.000133537614176354,7.65916781928872e-08,8.48142793080379e-06,0.799695183424939,2.79758672933176e-05,0.280322616983868,0.500029124493993,0.0195893522980599,2.34081353154246e-05,157,"KLHL2"
-11.7292885942032,0.368614398999723,0.00196878221258577,-0.272300082803789,-0.460403158717032,-1.72011879853943,0.301699878074346,0.0218230617464908,0.0356694624315285,-2.55839380767191,-1.83462147222318,0.741809332635829,0.88619292960854,-0.467030887657389,-0.624269065168612,0.674605102669461,-0.924261858820847,1.5590749152427,1.58679808150107,0.0667091942738729,0.182398825420317,0.00555807386076826,0.219572500133322,0.417400691029917,1.03324266642289,0.172792413565731,0.173344637866885,0.52125421383666,0.482954622989827,0.65570412177189,0.443662252741061,0.550110660836459,0.757284219838372,0.547601375812964,0.69547556443814,0.623103572919827,0.737311023584872,0.64960648902153,0,0.0432874995806133,0.72317384233641,0.214924555183679,0.270016556765539,0.0959572210030195,0.0808066035986077,0.899815777820955,0.945443285388254,1.17476527408467e-07,0.00514294997637372,0.0945216348655588,0.107193727140702,0.537420678372348,0.254283640811198,0.332050932055841,0.137989467727097,0.0344690259217599,0.0145775817004086,158,"MSMO1"
-7.1280987881984,-0.00627442676547894,-0.00114167701588407,0.0170390714528932,0.389543535191234,-0.840483595509548,-0.134848797386661,-0.158049735152565,0.12190943369549,-0.0305972394896106,0.348915335579089,-0.406954369594059,1.77067819185185,1.27425783601429,-0.152897255025903,-1.06009122372679,-0.16487342982336,2.03194561909292,0.139781467327767,0.0270654992617181,0.067655437883432,0.00219767213071466,0.0841827752464439,0.0699139516263433,0.196005188459268,0.0674413002079957,0.0658932976092905,0.108928967369253,0.0959073994666468,0.127350586929584,0.092920598221341,0.113286904683222,0.155752009197397,0.122966166020667,0.165626140490395,0.139232353840811,0.14970407460495,0.142464899249649,0,0.926109396859642,0.603416444998634,0.83959959215822,2.52183299844042e-08,1.80233843535364e-05,0.0455544138966309,0.0164591972694509,0.263069965680119,0.749704539916217,0.0061476291097656,1.18901357979281e-05,4.54559199112337e-55,2.80739150749115e-16,0.213717103051427,1.54862143519879e-10,0.236349602878511,5.78382830490292e-42,0.326511746102061,159,"CPE"
-10.415061077077,-0.221626393926049,-0.00631823474189959,0.0413748119088929,-0.334773036489403,-0.826164734545301,-0.066625644932176,-0.0674600289256498,1.05162218479302,0.682095172491131,0.279848973415406,0.747259814340143,1.14224110000804,-0.0196957460488307,0.758321207846351,0.00315872321779461,0.274176519489653,-0.139575962707577,-0.669850718140536,0.0387574785038358,0.110617075526645,0.0033586322525513,0.130606549300293,0.271576165606027,0.700343499084801,0.105687865627606,0.10108846733936,0.343763950320647,0.305826337976665,0.412503768727402,0.290632139796513,0.356078034151836,0.461510349980099,0.34545388911331,0.552884000189883,0.398633397319563,0.475841787287542,0.5131483379814,0,0.0451187204481961,0.0599456996163331,0.7514031666258,0.217686204037115,0.238136876551282,0.528432821456656,0.504557185605237,0.00221973102990954,0.0257252140801371,0.497508248911807,0.0101360418598296,0.0013373621869366,0.965959240748281,0.0281532333060857,0.995441570427142,0.491584315212403,0.769274275703196,0.191765381593757,160,"DDX60"
-11.0836330663954,0.0252701288540886,0.000750684936008504,-0.0815764458106745,0.617856889555546,-1.81088230748856,-0.113288524929601,-0.0386591466558926,0.986540060482383,0.146848284049548,0.314520908784738,0.137094136634028,0.600634546622544,-0.149012191723952,0.933180248909734,0.0779520566364188,0.612387285030452,-0.407012811953335,0.0641603441181071,0.0423028566693037,0.135630595801208,0.00393403582225726,0.156114649138733,0.297296070945364,0.978900820200863,0.122046781764315,0.116617563843863,0.479407088348373,0.420128517129559,0.558878487347345,0.401959455832463,0.491465287735598,0.599785174800117,0.45808295363596,0.755616024225743,0.538275848844619,0.610227707680706,0.677607400028161,0,0.852197083720905,0.848668168221341,0.60129307920577,0.0376859271823725,0.0643259493306638,0.353283853638301,0.740264093556556,0.0396061002630543,0.726690088578397,0.573590460132255,0.733054958447929,0.221658412535606,0.803791972036504,0.0416357649670586,0.9178331419954,0.25525287261047,0.504781626490267,0.924563757965872,161,"DDX60L"
-7.98968245885455,0.0336119234650666,0.000299620772987166,-0.0447053225112417,0.0250846131533214,-0.596971295980314,0.157527056810054,0.184797073300459,-0.0588724964478687,-0.00430421249952774,-0.714135032357984,0.25053164617474,0.444869840761376,0.290280748978402,0.879431416624137,0.564956934061527,0.229525108705829,-0.511409296952457,0.757555139233984,0.0268400916284003,0.0681961826033426,0.002170675123806,0.0850653187957149,0.0837436718667325,0.252156604250158,0.0674622581312187,0.0664111606212697,0.136647740349568,0.121177998908885,0.161272192206469,0.116478556314297,0.143026779252697,0.199794700084818,0.147642973767409,0.20007323530385,0.174201976719745,0.191810911787101,0.184766669475044,0,0.622103710846136,0.890215802903515,0.59920707915398,0.764527749774936,0.0179105366699987,0.0195413423913514,0.00539217966177049,0.666589055087092,0.971665296293591,9.50514219522137e-06,0.0314855037716504,0.00186837036092912,0.146252870230373,2.57739352739482e-09,0.00474652917790063,0.187644153185074,0.00767104186909459,4.13036194679391e-05,162,"PALLD"
-9.29624340392679,0.0913660648652197,0.00576744424308513,0.0626695843617879,-0.285505828807404,-0.0854996085462111,0.00719850396429843,-0.00181500871115597,0.148024592788075,-0.263349081916661,-0.445760200982973,-0.368213747306012,-0.103474858936151,-1.21873744004362,-0.798024658608414,-1.48832169349521,-0.055973158085283,-0.275364224255511,-1.3104903830668,0.0183228066431667,0.0560425412697203,0.00167789758133979,0.0655011146730218,0.150247396532213,0.396961557701793,0.0515822954488376,0.0498107453050188,0.187944478486203,0.16713283375884,0.227121973991552,0.157506227063867,0.191656890485245,0.248492844947004,0.18726654864162,0.333393457409462,0.215312194246219,0.246920031259754,0.285348124704469,0,0.103038447457105,0.000587535545398568,0.338682718750011,0.0574018791462025,0.829467078528461,0.889012566674954,0.970933038251493,0.430932204276591,0.115097887990074,0.049687236146772,0.0193990459518411,0.589268503289498,9.36573997887873e-07,2.03116327413663e-05,8.03835302862552e-06,0.794892478627447,0.264766451822613,4.37753322433838e-06,163,"CBR4"
-9.18598594998132,0.060569274080061,0.000625549043982861,0.0240954151904767,0.0493053307190647,1.51040308165081,0.0718826825023077,-0.147501724937656,-1.42757214033774,-2.09599570939013,-1.51838439695661,-3.83847003139613,0.652175229125688,0.988674373601709,-0.616439423127222,-1.83799848946617,-0.695479608267879,-0.379000538990437,0.857868030716309,0.0301766672591316,0.0802088801850131,0.00250012531610235,0.097877794174962,0.15364366558588,0.407265884219194,0.0783228344300854,0.0762114307762394,0.213806732989015,0.186687450512367,0.257094867563936,0.183889770904278,0.207056850009253,0.270733133722919,0.216915282834131,0.335158304157608,0.24599562061822,0.283727379077395,0.265235841642592,0,0.45016243946631,0.802427213713483,0.805544005523928,0.748280854605631,0.00020837436213587,0.358737053362564,0.0529378155764274,2.44002916762412e-11,2.9949636286593e-29,3.50661981395999e-09,9.27537772415792e-97,0.00163415860316316,0.000260367019405275,0.00448534150702607,4.15882492002774e-08,0.00469565197327186,0.181617526849381,0.0012191594292333,164,"SH3RF1"
-8.27568271953443,0.0650797332892858,-0.00135801218140848,-0.00487216321082156,-0.144905842545025,-2.20465159366469,0.141547830336641,0.170008843163408,0.156825084669516,-0.229656101172571,-0.146864897928684,-0.203693984175247,-0.0461528774385781,0.264883920909187,-0.107254361073402,-0.467927614978433,0.325789036543544,-1.23862736849633,2.22919651908389,0.0211086287394725,0.0549174069502631,0.00171841054366579,0.0676595101935138,0.0880270721568536,0.246369508283692,0.0542992457044839,0.0531637963965711,0.127888612665215,0.115563213796575,0.153913582741476,0.110909214320084,0.135740298495455,0.174658872170826,0.140586004207571,0.204867481589782,0.162608923503516,0.1855364878316,0.158096167562564,0,0.235998684976959,0.429368784393235,0.942593927530602,0.0997326987255796,3.60159382729552e-19,0.0091389988941827,0.00138465338759465,0.220099688326831,0.0468917240071796,0.339980582258825,0.0662714700430647,0.733850003877611,0.129373092860909,0.445517527596379,0.0223685800781822,0.0451222903202622,2.45680384610969e-11,3.78391700204805e-45,165,"NEK1"
-9.38122213517447,0.0919245851393138,-0.000321469502922641,0.0266473221866201,-0.207772467819508,0.0293855657223174,-0.0299036586747582,-0.152741675969354,0.584260497867417,-1.00874777814141,-0.205760100829423,0.255774401200616,0.960409468014705,0.389064455072613,0.55145225415046,-0.171237092755222,0.459174784437311,0.982443784844219,2.39718105368188,0.0254639872821092,0.0696323072815545,0.00210547288142766,0.0847052280967981,0.146265200409465,0.377082008254513,0.0668032862099468,0.0650569622857743,0.190976520042334,0.171759953656524,0.230322489571649,0.162239146753914,0.197050707565003,0.252398876258171,0.197285849765385,0.295283938161177,0.225849624719501,0.261326199820368,0.231548046869058,0,0.186787364272967,0.878648422307677,0.753073829104388,0.155456697644407,0.937884653448677,0.654414806151603,0.0188839260277353,0.00221831480863934,4.27954861861566e-09,0.3716662721112,0.114904393034207,1.09405073922391e-06,0.123203248956826,0.00518685541983669,0.561977631799971,0.0420424601792921,0.00017028469278889,4.06231256380664e-25,166,"CLCN3"
-11.3963240455097,-0.066420122358758,-0.00236020631955963,0.138072783957573,-0.993094860590244,-1.54719235533697,-0.109220495054372,-0.280218037157045,0.752405824345143,-1.15287101192127,1.49705071783899,0.158655985030343,1.26435017936156,0.24097960453187,0.814846666795314,-0.171366831168945,0.5300216890189,0.256787346645358,-0.765914957889317,0.0300107781258982,0.0971935193341368,0.0027159875567701,0.110148912775466,0.430123886161823,0.868065476881994,0.0857486911559572,0.083042951991731,0.389182000695979,0.347475102813373,0.454287049758141,0.319493570055133,0.373334757929755,0.423074785585607,0.342117198037572,0.646645342286441,0.382123284761093,0.451115887630423,0.594159649714076,0,0.494366656266227,0.384844486016458,0.210020095045582,0.0209514771136964,0.0746929523930472,0.202759886843455,0.000739835852206595,0.053199168817739,0.000907124920005144,0.000982869314761359,0.619481135788058,0.000707543350564746,0.568955111124195,0.0172293557069725,0.791002533804587,0.165428442407773,0.569202094819124,0.197372828636894,167,"HPF1"
-8.89081484992463,-0.0858116737487221,-0.000418513084396848,0.141143278775034,-0.00167660023988555,0.425636008279349,0.0144660443570649,-0.0351457900720166,-1.02456694765621,-1.49797386852334,-0.592666439556669,-0.744211498159894,-0.374888308228158,-0.334805390064242,1.01291771372446,-0.431528392284649,-1.20261756863866,-0.939686508318439,0.251191353995719,0.0305111900454378,0.0789270649028282,0.00242490044060197,0.0965502276790891,0.112521128276312,0.312452474474322,0.0774279812169212,0.0753170090723275,0.16656398708801,0.146031258486014,0.194184389474561,0.140150172938532,0.16889903828139,0.222585734531296,0.170732501749772,0.227679769173343,0.207745665917964,0.236547215889546,0.214071130524968,0,0.276936289803613,0.862973869244159,0.143778547851755,0.988111708727737,0.173121399318011,0.851792156081625,0.6407587847174,7.69030934287012e-10,1.09053840661254e-24,0.00227260945313799,1.09564822923389e-07,0.026445931133679,0.132539212561944,2.97854830254919e-09,0.0580486406120814,7.08515323970156e-09,7.11188358069743e-05,0.240634895284914,168,"MFAP3L"
-10.63220829556,0.0624560306072142,0.00188409598329287,0.0572774383699649,-0.317642791055419,-2.47845622571156,0.0888880401970117,-0.161011000398041,-1.47588194753412,-2.1368805581838,-2.38233911429814,-2.09510734680876,-1.09730530759495,-0.97544316300659,-1.44175510732919,-3.04690879023788,-1.49877120522247,-2.28990156932054,-1.13447623498668,0.0425910028681334,0.110487512743782,0.00354027724537109,0.134459515650354,0.262967425762316,0.629036672165705,0.110652922263383,0.109301346516682,0.311668703794395,0.272217633284658,0.388905806919417,0.260621525561277,0.309175611891266,0.401038715562832,0.320146388147041,0.543265722636664,0.357597728411305,0.453895942954689,0.417902229196276,0,0.571885487976903,0.594595222771795,0.670120393296331,0.227079238066306,8.14536778112391e-05,0.421798497534762,0.140726079195804,2.18602841583601e-06,4.1637695192049e-15,9.02583517992504e-10,9.0657131572754e-16,0.000386502093572651,0.0150036161995782,6.68671109861351e-06,2.04081221412722e-08,2.77456901978078e-05,4.53539464522588e-07,0.00663372443053883,169,"AADAT"
-9.81124575659247,0.0881459888416545,0.00107714044118982,-0.163996974063549,0.01165636818741,1.65445158433462,0.112008201151275,-0.0434891116760828,-0.616332025700074,0.0334530905644834,-0.36594441525639,-0.617961609865828,0.0235025815891109,-0.901335935781836,-1.10914803909647,-0.950653909528024,-0.155201015714714,0.60432221841786,-3.05016878391209,0.0428277218411761,0.11394108656304,0.00351610188146098,0.1403428233457,0.19737371544515,0.559449967086969,0.109276067448313,0.108328409244495,0.283222240137317,0.245378255878148,0.334119102257417,0.238477301166746,0.283876700106643,0.438639593388383,0.300219781942041,0.471400095514024,0.339938355923871,0.394409396961474,0.49438445806022,0,0.439161327591497,0.759341934503591,0.242586798925728,0.952906430725006,0.00310363646338438,0.305362185837316,0.688084278499701,0.0295445878534474,0.891558240781893,0.273406511862249,0.00956194838788157,0.934017317375592,0.0398940749973627,0.000220360170137426,0.043730964188091,0.647989957996898,0.125467997021016,6.84503287333982e-10,170,"GALNT7-DT"
-9.2634741376636,-0.0563134942149238,-0.0021085560527588,0.0562545902594514,-0.53363202299518,1.36812436594086,-0.0147198492470951,-0.159896865575664,0.186275861592685,0.0318328867397128,0.132686751185154,0.0495819035123493,0.629712442996924,-0.591538311613986,0.420797222769559,-0.564684830247325,0.965926964204821,0.83249503384733,-0.325813331238659,0.0236043141019286,0.0668832288759065,0.00209139091904858,0.0794182670608607,0.179213698157201,0.428682636453502,0.0639749573219004,0.0622252031248157,0.212734123476688,0.184558923843431,0.252699926873253,0.176536183768631,0.214495352119381,0.280256696242351,0.210669670917741,0.347110933873115,0.242268778211524,0.280770833724913,0.302069622062506,0,0.399806235758977,0.313354848315534,0.478738403493334,0.00290486747955328,0.00141554705401239,0.818023641202884,0.0101801911639145,0.381232537474448,0.863059486773927,0.599530127212633,0.778817994744605,0.0033270380186299,0.0347979516802401,0.0457788512111388,0.103776666410685,6.69124599081215e-05,0.00302649599113998,0.280764550454485,171,"GALNT7"
-11.4129876761122,0.360032640154536,0.000713104256952895,-0.216447458936757,0.152871949617904,-6.0271399898399,0.111421936050403,0.16705880714065,0.855700115708293,0.281157058907718,1.27516750015878,0.63204459458718,1.20393501454269,1.13017436833782,0.739654586690198,1.00277063803106,1.76941624005513,0.465201851565679,0.213852034595481,0.0418852661396213,0.123817629167931,0.00356179923033422,0.143212080034261,0.25677976809403,0.804071267852149,0.117197376484342,0.111423252736363,0.422986341330925,0.380970092796833,0.482106214466765,0.354933294856281,0.428432081552959,0.53244274919543,0.414655907405557,0.613560398619205,0.450654859204915,0.553312575994364,0.62632936425456,0,0.00364021101563346,0.841317129824529,0.130692399118682,0.551614447030472,6.59060894023825e-14,0.341746332187985,0.133791344129392,0.0430734528812321,0.460512646021076,0.00816926382178292,0.0749546226100118,0.0049526819535557,0.0337855910721597,0.0744595491866953,0.102185996009312,8.62545486795206e-05,0.40048364538387,0.73277460624647,172,"HMGB2"
-11.2650659608948,0.0822026930288805,0.00359665873764978,-0.0304781478917119,-0.865261492947521,-4.13113882134402,-0.0994943593757023,-0.242566558423716,0.433312417331818,-0.586175596859655,-0.636004890621314,0.591982200914393,1.15254658358209,-1.23692602628222,-0.578540974605388,0.731720731481213,-0.28862373680857,-0.0952214112248274,-1.5727807661348,0.0357176346322731,0.107858943343311,0.0031685341597296,0.123818291446695,0.370827125807958,0.795646450644991,0.0987942336420815,0.0973258478195249,0.383922061636643,0.344197985339229,0.475535563916601,0.317010924913267,0.385325485652231,0.520203360074723,0.374823390825796,0.569417185530244,0.436563206656096,0.484467101429356,0.620479982627058,0,0.445981553239726,0.256326068490031,0.805564397035499,0.0196309119070323,2.07846984987109e-07,0.313893108879458,0.0126913837313924,0.259046847746554,0.0885645736497024,0.181075895271472,0.0618475106881156,0.00277975573688104,0.0174174971719732,0.122708814837644,0.198780226429064,0.508530851294251,0.844180666761824,0.0112517698440082,173,"SAP30-DT"
-10.7150522307638,0.181750704841462,0.00289722967657503,-0.125159950842669,-0.565236899481768,-3.5162859324811,0.0248357459910482,-0.181423778167998,-0.0652514669160128,-0.683296457236621,-0.383018274644711,-0.249847259699531,0.479108954543718,-0.29629574978701,-0.857727134531942,-2.15989554371783,-0.473464018122811,1.90482544075499,-0.321657125472532,0.037830542325374,0.106031742802575,0.00326644171427586,0.125492842341477,0.27788616552071,0.60331656451309,0.100214349785903,0.0984598060598845,0.310439282943232,0.276324495627029,0.371551923416239,0.263035071481369,0.312239102641338,0.41930440194636,0.328465281657806,0.568383635351544,0.360195533007481,0.411383254007416,0.450239467451064,0,0.0865074273284654,0.375096062857233,0.318595949039187,0.0419456313451546,5.60081976835465e-09,0.804268847757916,0.0653848525552883,0.833518795712832,0.0134057454158108,0.302606149926844,0.342181912611021,0.124923974133452,0.479792467329264,0.00901941164702808,0.000144657333786024,0.188690145370745,3.65146778909353e-06,0.474971565458027,174,"SAP30"
-10.4697927533295,0.300933386524024,-0.00631336658760579,-0.222701936738144,-0.0647284006960408,-3.1481399900309,-0.24586500389065,-0.23564712119138,-0.441721999073267,0.173844771949267,-0.575898038561643,-0.587883958802275,1.26524141617321,-0.163578011883945,-0.427617872272384,-1.18111138236957,0.0457379126524896,2.34053040937682,-1.76694552087088,0.039519836294281,0.11027244606345,0.00340053579189434,0.131862894994273,0.229520343467327,0.562374560939493,0.103183735711522,0.0996912874415719,0.310865560706721,0.261312502518593,0.350448768641735,0.256898759145945,0.297809141493361,0.426668670081598,0.311696216963061,0.515256821613449,0.343186492724253,0.389781383085686,0.50782553383579,0,0.00635269114365155,0.0633709379546321,0.0912404945335047,0.777931270178383,2.16911700524805e-08,0.017182069526331,0.0180901145696034,0.15533355846937,0.505874380694727,0.10031758735794,0.0221149537010787,2.15208973685648e-05,0.701434942440029,0.170092740248399,0.0218896617957358,0.893976513962312,1.9165527220091e-09,0.000502473779397849,175,"SCRG1"
-11.5620731835313,0.10187914046448,0.0099482261934716,0.13394999390918,0.170144107616353,0.207673726096801,0.231200261855077,0.180341880416832,-0.790346963830851,-0.0706093969564302,-0.182538904051196,-0.796371292632351,-0.207180436590027,-2.47687791790808,-0.511446988005639,-2.08055841888873,-0.6259805737211,-0.10523593219293,-1.59310147072682,0.0553848827052262,0.154050540469692,0.00467059653084821,0.184032112394497,0.307304729636051,1.01590867110508,0.150294265716132,0.144798143281258,0.480589501116814,0.411824429605155,0.553169406300903,0.397389576096274,0.469675886252359,0.703397968927776,0.485373367125959,0.900663990751652,0.545240147225892,0.674865759606371,0.791644495753503,0,0.508396974959672,0.0331741662196896,0.466698025136425,0.579807610316779,0.838024013668782,0.123971063482725,0.212958689032799,0.100065436515407,0.863865936046414,0.741409523822014,0.0450693643840149,0.659130734241647,0.000429430374530855,0.292011729945462,0.0208866420126956,0.250934581680553,0.876083392455625,0.0441783090693641,176,"ENSG00000288025"
-11.0380967963293,0.132863905038732,-0.00421104904363819,-0.142352891998235,-0.319714261285064,0.363255258412524,-0.269163296184889,-0.468142518458255,0.731740800993982,0.278212812911573,0.119986735997002,1.22581899835424,2.03375332953803,-0.50936104343274,0.759218342329066,-0.344786894724059,0.390987274214999,1.68549190390676,-1.02509032374015,0.0319490067097471,0.102731918465867,0.00296228492204993,0.116430279251135,0.335917175613693,0.82430871318333,0.0906396373391686,0.0887691112756735,0.389152508605886,0.337412070519098,0.456557699384355,0.315673888684263,0.380001736765978,0.508720570158008,0.356800124842961,0.65820471736806,0.418036909673989,0.461692434778628,0.643742385484146,0,0.195904914841427,0.155155662423331,0.221463830789694,0.341216099604484,0.659445648470927,0.00298189571619564,1.3369336855142e-07,0.0600611345858742,0.409627639538655,0.792699041612384,0.000103098559744125,8.70076032341888e-08,0.316701614749169,0.0333492441006386,0.600397295215506,0.349636978106887,0.000261545688641363,0.111296618103738,177,"FBXO8"
-9.99145917215676,0.0823089315876164,0.000500533075702822,0.0114293560724521,-0.306740217743245,-0.988028262885573,-0.202903812392737,-0.302848978400944,0.433837119771129,-0.452065656238982,0.43867275455569,0.232069539599529,0.373061707274808,-0.716055250458616,-0.318769747427399,-0.832812458064573,0.360417739002647,-0.131908038140414,-0.820092203606761,0.0188599555982503,0.0605772029814177,0.00175779061370479,0.0694277513579841,0.186104104874513,0.476228963492811,0.0544510903679544,0.0527166033959393,0.221569736640855,0.19546659384046,0.261537867531018,0.182076087483216,0.219776939827999,0.279265340968946,0.211201406360581,0.387596706925448,0.237009782378509,0.282880305748387,0.330489660614551,0,0.174227616847364,0.775834722903445,0.869241278282337,0.099307853798452,0.038015120035761,0.000194272712138435,9.20025135367840e-09,0.0502281192188095,0.020736306259523,0.0934873529255675,0.202459885145464,0.0896104639553568,0.010345335287827,0.131217944296869,0.0316615831920672,0.128338355879612,0.640998371283173,0.0130850582456969,178,"CEP44"
-5.56592359191808,0.0213449008466416,9.53084356543059e-06,0.0451348612118151,0.153736753629791,2.13795685886715,-0.00876856984605782,-0.0178957952763867,-0.766429615219896,-0.344902265670333,-0.967830441303601,-1.43109048247588,-0.0516955580929715,-0.321490135043872,-1.20740789059505,-2.28621257475582,-0.22803944484366,-0.249420235338338,-1.76457381349363,0.0169307357575804,0.0425772579794729,0.00137125635802416,0.0521981341514919,0.0458542938543546,0.135322678652395,0.0426473449501248,0.041493776884686,0.0753223645544045,0.0656645749741956,0.0876174018134501,0.0636857517610045,0.0782765282172118,0.108472306523092,0.0838959405559338,0.118549754297892,0.096422798178282,0.102912751541546,0.103186352748567,0,0.616144777079177,0.994454390923426,0.387212571481106,0.00080020698667418,3.16318559729033e-56,0.837098326916699,0.666258497493243,2.55542830442671e-24,1.50059812716725e-07,2.28950354536559e-28,7.9550742402172e-112,0.508982920525424,0.00303866501273461,5.83169869338721e-47,7.20179732755187e-83,0.0180303096741545,0.0153671554630805,1.46268387113927e-65,179,"GPM6A"
-12.2314225606721,0.0950643721512251,-0.00537270462997345,-0.172170722665469,0.512749058436993,0.966704953336278,-0.770115674129963,-0.0608791134449045,-0.844639114740623,-1.0215312346062,-2.02241302863592,-1.17484226113099,1.15352748771741,0.468791248901214,-1.33797111898748,-0.328629615252516,-0.863194974277754,0.144940360687746,-1.59238042762608,0.0429501211781121,0.128612638022226,0.00388484610436414,0.141445594109719,0.411661300209156,1.242328577694,0.121111545173461,0.108443209285914,0.571788105697097,0.465460708784389,0.675099875292725,0.456249195459084,0.474761404327833,0.588712967948262,0.478832960989428,0.990437596050452,0.525649601643378,0.592501805815624,0.936521567276508,0,0.459814309631588,0.166667828266634,0.223519671249509,0.212925788234925,0.436486771402231,2.03427974642103e-10,0.574530567172178,0.139624974708799,0.0281874970849415,0.0027379395286669,0.0100239716421407,0.0151113510703606,0.425858561584738,0.00520228939774077,0.74003843849918,0.100559126368009,0.806747319236691,0.0890719395872446,180,"GPM6A-AS1"
-8.62081750174231,-0.0329725259297885,-0.00618577576622353,-0.0844010776852516,-0.455586604333704,-0.0778740217768451,-0.0690261357705694,-0.0877116942871853,-0.366438718304355,-0.69030786426264,-0.620874731695996,-0.729560097588927,0.558683582958561,-0.0248201965037695,-0.916242844230057,-2.2850361486418,-0.288504747438896,0.0105972309680651,-0.969502274834885,0.0195846337158139,0.0530415961717202,0.00164020715437819,0.0642544648686414,0.12159102240388,0.282578741248745,0.051071006063246,0.0497075524536734,0.141927345832623,0.125178855348319,0.169132305299492,0.120335999263279,0.142109825825284,0.190438874539541,0.150719247664835,0.256302041043388,0.166616192964239,0.195087316904161,0.205482758675857,0,0.534181736434062,0.000162374479483735,0.188999647570672,0.000179049831215361,0.782868029749019,0.176512310409895,0.0776386379721006,0.00982650644251001,3.49628903366914e-08,0.000241659025128612,1.33861877183575e-09,8.44698979667861e-05,0.896304108004253,1.20831645051848e-09,4.86042529495678e-19,0.0833532034289445,0.956679856353333,2.37977380374772e-06,181,"WDR17"
-10.8899051465731,0.0520429890037634,0.00232605139909588,-0.00402688567312827,-0.0290658389333476,-1.95823925040318,-0.0622230214910142,-0.206784049461248,0.314990540686892,-1.39518365469323,-0.527101824578217,0.46359355318493,1.22942364015877,-0.673116099517907,0.773923461062018,-0.492639720469598,-0.25539910971953,1.31428870530302,-1.47295867898158,0.0351792934285217,0.0969449873610467,0.00299058716521779,0.114176046333756,0.243738075420503,0.640366342445003,0.0921907042416206,0.0906801116599948,0.315250893989118,0.284117138588191,0.388365952508614,0.265539198543378,0.316259268059611,0.441944993033511,0.306795063465029,0.496779163236641,0.356479498676602,0.413133105172004,0.528176051471528,0,0.591384965574492,0.436692310005523,0.971865167669005,0.905077056253886,0.00222820766011182,0.49971507413064,0.0225858557838781,0.317710341088466,9.08013415964637e-07,0.174708220736957,0.0808357479924228,0.000101327189963334,0.127739529863852,0.0116488411805817,0.321359779805021,0.473714616560325,0.00146629980847971,0.00529095056575038,182,"SPCS3"
-11.0541396541433,0.0953797163578127,-0.00126883720376083,-0.165605718994894,-0.578331632688688,2.15623004616678,-0.132525704361622,-0.0265201165119395,1.76264968012274,-1.10097732834966,-1.3728174720968,-2.50285952626434,1.14094263045863,-0.39530769049225,-1.78072004603185,1.98308938602241,-0.848355868193657,-0.196795033080037,0.885790892618832,0.0457156621464809,0.142426945984481,0.00413828697607527,0.168802058146932,0.458054980821888,1.05432027761124,0.127768753383541,0.125236478359293,0.478139459710646,0.437982703825479,0.61506498468914,0.429958513907986,0.486061082698682,0.607040703192671,0.487054761061244,0.81505853157376,0.551171478516899,0.628063252676685,0.584229077896193,0,0.503065209878786,0.759140786748147,0.326560899638022,0.206739707843812,0.0408412939071402,0.299628241229356,0.832294027869823,0.000227380805114965,0.0119456388796103,0.025615776785026,5.84387813491939e-09,0.0189088264817546,0.514914429643942,0.000256083267026806,0.0149716636963718,0.123758697461518,0.754025153283371,0.129476245579154,183,"VEGFC"
-8.63518985059584,-0.0147169819486227,0.00242431809265263,-0.19452244880708,-0.0172130775364166,1.45449861170145,0.0853967934387524,0.269474184180682,0.0533791082555628,-0.762199897280636,-0.797832781414117,-4.64098029392526,0.274295816386788,-0.534866024936004,-2.10480303820796,-3.82456573305037,-0.947580126451811,-0.460079699102632,-2.3630800780719,0.0521267007418478,0.133662098178644,0.00433681734957062,0.16748285158477,0.186658058748698,0.526298924975838,0.131522836294847,0.129617212524387,0.281298160476027,0.249953930371286,0.332141536039318,0.249030068201032,0.287643868370115,0.419888786824184,0.313449528417382,0.520237205176315,0.349846637662735,0.386247787009441,0.404878999671422,0,0.912325410845986,0.576155867038707,0.245460181174228,0.926525498183577,0.00571612806262455,0.516149321487398,0.0376173509305717,0.849497287141777,0.00229328330834144,0.0163018421884419,1.63372100463219e-77,0.340288579000169,0.202724437551651,1.88109614914756e-11,1.95876626392431e-13,0.00675761730038863,0.233594046042442,5.33057638204418e-09,184,"LOC105377557"
-12.0561978154732,0.14780963269419,0.00348378379077052,-0.149638764635619,-0.149419719852698,-3.90430676440084,-0.160116019748865,-0.340257142462764,-0.370069914509262,-0.879772648666603,0.0491960246614958,-0.328680373551682,0.419348515513575,-1.60444878174783,-0.805035805673348,-1.56348242852625,0.639564765191433,-0.409273123999127,-3.3192398192091,0.0437233281828012,0.140930132863185,0.00397483873609624,0.156034370828937,0.473759537540898,1.19602525223992,0.124747120946427,0.122210172767734,0.566517468975148,0.480903852512464,0.649512696972601,0.445920665480769,0.518666609093966,0.720856228431621,0.509906157152107,1.00534963524897,0.550127583326826,0.64178750674983,1.06098640245655,0,0.294263287425671,0.380780473032874,0.337552924028499,0.75246443794334,0.00109695553070978,0.199308287147298,0.00536605044713668,0.51360379319992,0.0673374848245658,0.939623584219512,0.461072106122722,0.418795525795851,0.0260306497853822,0.114383754376167,0.119907283735249,0.245001838624887,0.523663678877435,0.00175732649366617,185,"AGA"
-9.76037584753141,-0.0110494776342561,0.00340881683304992,0.0608649718654245,0.065200216258708,0.930089651559073,-0.139831062719318,-0.257563889079639,0.386591813527525,-0.0342558208118499,-0.114811295302732,-0.210265252535359,-0.199789202999755,-0.807361777209928,-1.06709706152162,-1.0298261246455,1.942954527299,-0.653407447243927,-0.763185990786289,0.0274513905778867,0.0907469351598743,0.00269440209841694,0.103016647431126,0.228202111188529,0.67396836160794,0.0800943770830267,0.0772705111002987,0.330023284223237,0.283923254780837,0.387503854953231,0.268269309280868,0.330323981448186,0.388323610898254,0.316110294869718,0.544776409072126,0.369220277738505,0.408802561819621,0.441559721962079,0,0.903087951916118,0.205818357807548,0.554636634156068,0.775098260976015,0.167580563194962,0.0808407212154371,0.000858299570686088,0.241434942074728,0.903966924338919,0.767013000608206,0.433166731978845,0.545293267093727,0.0376085960585092,0.000736251599859285,0.0587091933762862,1.42250422674422e-07,0.109966263120238,0.0839189020932383,186,"AGA-DT"
-10.9152335065502,0.317249658398992,-0.00652120368332263,-0.587142664892888,0.00287456204913593,-0.464133232128221,0.0748104799978594,0.24983841077661,1.29103702174119,1.33655267879818,-2.10362498401827,-0.684596160521675,-0.294236617434726,-0.602489127965869,-0.816456092626201,2.00971919354618,-1.58457491285446,0.44376411071299,-1.76268612875882,0.0572296221644485,0.166777609681727,0.00495630810767736,0.20000913707937,0.353035382239844,1.00153908929047,0.157069222717205,0.150644301945091,0.509717951225057,0.437891547103667,0.607965786762879,0.420945158518999,0.522575210621228,0.74873136668549,0.519147453940985,0.788865148139006,0.576239804051541,0.695219719350646,0.831915820702676,0,0.057140868397251,0.18826194331158,0.00332925598529587,0.993503361277194,0.643063354668717,0.633867879761093,0.0972235009936246,0.0113140680528491,0.00227135947281526,0.000539966357097108,0.103879260563458,0.573399996672845,0.421004385450059,0.115791471787601,0.0108464261521959,0.00596219549872768,0.523273390636356,0.0341050467542936,187,"TENM3-AS1"
-8.12104167603377,0.0776917693752292,-0.00739366536414548,-0.166927623678339,-0.0622337952085665,0.0814631586351872,0.222041051865972,0.195952230340945,1.03143535018005,0.13580451148044,-0.612020636420569,-0.27077363452459,1.20479478251563,0.224448230213255,-0.950418573933091,-1.19129286723422,-1.04151835630167,0.888663750340362,-0.750526683464936,0.0314059932768888,0.0824239604936986,0.00257674413680673,0.101281804985932,0.119131153181923,0.34370621041173,0.0812434543070322,0.078259266143683,0.185956498793653,0.161553594070666,0.220039648397569,0.157234332954206,0.194528325088787,0.262309478600389,0.203144053405944,0.303647176183892,0.227031253021267,0.259418471900398,0.261944277214742,0,0.345892094210653,0.00411273688799153,0.0993218601516088,0.601393721255959,0.812645985939416,0.00627540205655761,0.0122837830543604,2.911971818716e-08,0.400563177479053,0.00541232155747405,0.0850509561720287,5.88741834834865e-10,0.392184813196508,2.88917916172576e-06,8.735156260384e-05,4.48467335533834e-06,0.00061344452281713,0.0041672614350428,188,"TENM3"
-11.1912756803825,0.114004186677186,0.000943044070950088,-0.172390090347042,0.115985999623959,-3.62355013551306,0.0577801714256185,-0.0312530456177947,-0.88535706315671,-0.457135258266538,-1.41158341774683,-0.673587113136898,-1.07918562383767,-1.76567165510835,-0.788071981701278,-1.91418662884309,-0.895921501573088,-0.329750151752581,-1.40372428383505,0.0296066784169882,0.0995510259485147,0.00281077072847549,0.112425434680899,0.289060481876517,0.815830055737902,0.0880237846493563,0.0867621323062569,0.395423038904354,0.331485220690906,0.470578006250548,0.307792990413617,0.375993623810675,0.476706807773556,0.345593479684142,0.667730112741714,0.402568402884862,0.452014614563349,0.590175419409107,0,0.252133175365229,0.737239762871814,0.125184055573618,0.688234846110987,8.93131105169894e-06,0.51155685802593,0.718686150269347,0.0251551133306846,0.167878813171982,0.00270263411056391,0.028637420417491,0.00410182142030023,0.000212314705602548,0.0225873003185893,0.00414766735095903,0.0260467715047116,0.465688440454784,0.0173838721697345,189,"DCTD"
-10.0010113375906,-0.175376342909422,-0.00293223892291848,0.00754860572940977,-0.288061256443528,0.440827617048692,0.133300751630588,-0.119269426082472,0.924143254933773,-0.440903220570144,0.696614041969488,0.979058189767116,0.835829910821211,-0.324059584216389,0.307020524175902,-0.572698648728624,-0.214384029290607,0.992631154492514,0.330580593733873,0.0214971757294461,0.0708518247210458,0.00204262774712551,0.0819679286588317,0.21053990848347,0.566016282991723,0.0628774044916391,0.061554637849437,0.264639556287903,0.235286114170928,0.318998079230856,0.21599169516314,0.26572975413081,0.3125621554554,0.248679370472398,0.442902063631635,0.292900560177879,0.314263907010799,0.353349189017385,0,0.0133141025775691,0.151138145327507,0.926624796765277,0.171248658711347,0.43608282400956,0.034005168004061,0.0526697420214617,0.000479269570830953,0.0609438747871231,0.0289801656644376,5.81928416052612e-06,0.0016585232829249,0.299836321449381,0.216977951534623,0.195990537503316,0.464208538622111,0.00158533795643595,0.349497989675494,190,"WWC2"
-12.3280334215936,-0.0750262714968565,0.000429728263982713,-0.0506192080414301,0.262028222164108,-3.36207825118708,0.186912334440814,-0.0764744834381205,0.916719400406612,-0.93482005156716,-0.26891671155575,-1.16082053583951,0.716906170308511,1.6278964219356,0.0273139549212993,0.121927654042978,0.219954516421141,0.551595127031703,-0.518929657999985,0.046777789731978,0.147116432803965,0.00408326316986879,0.162696420588763,0.44692573693336,1.25322671738927,0.133536087947286,0.132799799506815,0.581230322933355,0.525949095270919,0.746349021349395,0.502490517089488,0.561666595940428,0.533746230046054,0.523886622807576,1.00231028923749,0.590013449348334,0.645184123854683,0.845988124749668,0,0.610066268366615,0.916184273982217,0.755704268563602,0.557680451695539,0.0073022292223363,0.16159897381188,0.564707824600882,0.114748351441376,0.0755030354765272,0.71861562682065,0.020880724756882,0.201817347283106,0.00228883596446797,0.958419412570472,0.903178894032521,0.709300453528798,0.392583153105369,0.539611462317854,191,"CDKN2AIP"
-11.1312074696437,-0.106232457992608,0.000835897651407779,-0.0117636758529541,-0.0765388917463238,-1.08515788863448,-0.0935087656217443,-0.0865866511261628,0.024912584195386,-0.0531953212469757,-0.227325274659917,0.483409439395642,0.503205354859783,-0.862012785778928,-0.292048562107548,0.0170192723204147,-0.0808613292215221,-0.177909832867343,-0.411287592862269,0.0269330964730591,0.0906638713799796,0.00252507258448417,0.101868156868739,0.285021462397338,0.799114278932113,0.0803185783733088,0.078378497036615,0.369019391527777,0.314883699759964,0.435702475961021,0.290926756892404,0.348525255099387,0.434120323009647,0.329203123854223,0.610232154192809,0.380804079223972,0.438718021956512,0.526342610900029,0,0.241310435817624,0.740614982721183,0.908065130388482,0.788285773548313,0.174479290706969,0.24433350362663,0.269278955341103,0.946175517815491,0.865846661133334,0.601848389782749,0.0965891826423131,0.148791535167086,0.0470717483538216,0.375004670909,0.977750018101879,0.831838941751148,0.685093811660203,0.434563387377473,192,"ING2-DT"
-12.3515585836642,-0.000203659724965937,-0.000625429523726143,-0.10115640146726,0.0570796538055149,-3.75229764299409,0.0824788092465645,0.272537352639732,-0.927102801332674,-1.22754893489068,-0.798485570081736,-1.01350516632371,-1.22211067837756,0.744710374103536,-0.17529124960113,-0.0528261513526709,-0.628022402669025,-0.0456593263821043,3.07508523811311,0.048091096563209,0.160452551171412,0.00461400793981822,0.184870057196355,0.483735388657037,1.32338328943258,0.14650690253902,0.138885565325639,0.663378244648446,0.56628346088349,0.806689908364588,0.51970672228429,0.638175130218944,0.598238450430675,0.570203865566334,1.01228849229948,0.667970729110963,0.713202431915576,0.671892130039192,0,0.998987258816462,0.892176906643517,0.584258034519658,0.906069495789084,0.00457708676601655,0.573456156838133,0.0497257175904485,0.162248905335878,0.0301793312063001,0.322257401696931,0.0511584491650682,0.0554914436905045,0.213191047966326,0.758524805106012,0.958381382216566,0.347117804768942,0.948954182661811,4.72245415146782e-06,193,"ING2"
-11.1670173240454,-0.0843123297518034,0.00081892236038247,0.227832211797748,0.323582705646861,-1.98196600336715,-0.152034353153927,-0.130863381563835,0.506863223003668,-0.00819294692080573,0.72668199996097,0.239536807428582,0.915901694020186,0.196456850759329,1.01055023033716,-0.595608821541834,0.631616157592693,1.35449256638302,1.5319990727362,0.0419380798919797,0.117327169604884,0.0037215418350297,0.140816594907948,0.241084371403039,0.779569331473436,0.114227599187072,0.109772443911547,0.395799460387469,0.351066026300278,0.461682716488995,0.329936010685706,0.394008496750675,0.479193404421345,0.384943973456599,0.656200146922112,0.437910515297883,0.502480471807694,0.492270561330644,0,0.472382025516243,0.825832825690981,0.105676431507633,0.179532148310284,0.0110098571097177,0.183196446860157,0.233208996869801,0.200332038880978,0.98138118748006,0.115490752306806,0.467832706513388,0.0200947793798586,0.681824998899037,0.00866011820335313,0.364056114739548,0.149206284814749,0.00702593791454753,0.00185756630274851,194,"RWDD4"
-9.80281849392184,0.0548054070036397,-0.00139259980839463,0.00201955048626968,-0.234661327643381,-0.522940747374279,0.00298528411144987,-0.0214805149418059,-0.2329186774777,-0.338990895670149,0.32749969093529,-0.181911640080999,0.145907204150356,-0.163577218844895,0.343978567541726,-0.710300739423788,0.693421035504289,-0.180681925076103,0.668625982658882,0.0226210247034205,0.0642312591275604,0.00191299463436373,0.0765242136344456,0.165620303382968,0.423046475634536,0.0617221363004164,0.0592839658329986,0.206006245711158,0.17932341881103,0.238471514198505,0.169868985922302,0.204401435779715,0.265007143037366,0.199076459659469,0.334614345502894,0.221715044011733,0.28203931441971,0.276176775273271,0,0.393519946120343,0.466632877483242,0.978945472983577,0.156522901746731,0.216409975058011,0.961424151928731,0.717103481146031,0.258207102683035,0.0587060449326897,0.169650293266922,0.284217193886776,0.475334341985915,0.53706595909863,0.0840112410092261,0.033775273387052,0.00176280249013821,0.521765225466081,0.015477567444631,195,"TRAPPC11"
-10.288048928612,-0.190864306193144,-0.000728366551851451,0.143159752352624,0.0282787922658708,2.67111607099026,-0.00406572998673932,-0.103762489306988,0.824879881118435,-0.988494485476007,-0.963418021666584,0.480389227919262,-0.159054618419943,-0.787120320111737,-1.34108463981314,-0.854329897996689,0.712060175101274,-0.376454700359861,1.00659442130177,0.0321318726586691,0.0952647434474871,0.00287394391730581,0.112766521571059,0.225866767363172,0.667705547743777,0.0893195930838849,0.086256939901669,0.304046714006532,0.281465256711643,0.391320232198514,0.263280999494394,0.326153689661031,0.385990356261518,0.324645525942238,0.544800687615369,0.3607441030055,0.433338278644541,0.408632379533644,0,0.0451220800287107,0.799929778704571,0.204254404339775,0.900364260417339,6.32247808046411e-05,0.963693707267542,0.228997000356168,0.00666763481596086,0.000444816354198879,0.0138176864242413,0.0680575611525066,0.625785236681536,0.0414278002444455,3.61314587091055e-05,0.116845830363522,0.0483970903354098,0.384993897274153,0.0137655014633616,196,"STOX2"
-12.2419085529201,0.104573968369259,0.00374997053086658,0.0332125740429617,0.0791834388212688,1.25507633005374,0.117018369880922,-0.119217463697031,-1.16033405962685,0.405719931218727,-0.361296228491937,-0.283477765136831,-0.86035929082606,-0.811916316275412,-0.184510928082347,-2.22938919104853,2.29077796286085,-0.140437527740597,-0.0572598485135545,0.0670080248419692,0.20216126749356,0.00598579110675758,0.232616368022985,0.568976187606136,1.50270850680274,0.191500076827705,0.184586009486119,0.746819928376596,0.595306369254813,0.810448498720626,0.570559480224563,0.685944247399814,0.906890455902474,0.668285651541107,1.35148891900892,0.711156454692791,0.925193475372087,1.04759196007313,0,0.604960755070757,0.531001014500564,0.886465260408803,0.889317171453307,0.403599795655955,0.541158708611503,0.518367417281942,0.120256013247173,0.495535360534582,0.655743248053799,0.619300657951756,0.209743884438041,0.370640122560833,0.78247441004682,0.09902885322484,0.00127654535318849,0.879350514915631,0.956410499132567,197,"LINC02362"
-8.94846302943749,-0.00571589969154253,3.41017519411604e-05,-0.0145634608564933,-0.00872599072364771,-0.13770355549305,-0.0324844966587805,-0.11164168956827,-0.28280863979476,0.202174294450705,-0.143948522053246,0.0131904244610794,-0.192933489333538,-0.870980778965158,-0.123294140364808,-0.718122236287874,-0.24724361212819,-0.23558187461078,-0.691300265453449,0.0156704917658884,0.0473606115866301,0.00140718633024121,0.0555890527118214,0.114850809504294,0.325032911097698,0.0436357642354278,0.0423835410813809,0.159755384943715,0.137828614752315,0.187187838518157,0.130558445930901,0.160175342792029,0.210198507946944,0.155193480370568,0.254841759220822,0.178415567227728,0.208704378899375,0.232944565047458,0,0.903937458336552,0.980665958908779,0.793333521468872,0.939437599118194,0.671813538682758,0.456606331138418,0.0084365304522001,0.0766837631439028,0.14241609293695,0.441889903726463,0.919526009046323,0.228390862132159,3.41879976613768e-05,0.426930956535227,0.00483367103007414,0.165815996029062,0.258989548138417,0.0030007606945068,198,"IRF2"
-12.1941460923244,-0.0399406576695479,-0.00576763287253484,-0.0275826933110268,-0.227846964902517,-2.00493950580826,-0.171787190961676,-0.0877515255373914,1.18932754877471,-0.162296790386608,1.83676359006911,1.47899056576914,0.853249396247116,2.61352051621609,0.436741440631819,2.63094277971393,0.987214578611694,0.595094350499823,1.59107912940598,0.0562693389316341,0.172187571157098,0.00494302315158666,0.2032755402583,0.479368497437519,1.18362268590679,0.15839716780979,0.150241977567561,0.591072351123753,0.545874333070227,0.690847118904963,0.497471359976674,0.625133540578447,0.678998507414505,0.594044575652156,0.78349208023513,0.657655729886659,0.781958659971472,0.742101212239399,0,0.816568952578587,0.243281875469309,0.892065438505804,0.634568523557215,0.0902841202736319,0.278127885052741,0.559174589150218,0.0442038924428049,0.76622580278362,0.00784399615095944,0.00294888590229979,0.172282155776345,0.000118561613437249,0.462217833715595,0.000785171780880508,0.133326725084764,0.446638880256769,0.0320313611419156,199,"IRF2-DT"
-12.2532828331942,0.196494165108271,0.00615045979514664,-0.159134396929386,-0.416221174385712,1.62514099762438,-0.219107193114128,-0.0261132542253671,-0.649786782222176,-0.351369254462566,1.72862728714378,0.510766493163446,-0.712969271029572,-3.5862591537077,-1.32903412492467,-0.515826736075025,1.26512047752034,-0.173191387267826,-1.07559280673839,0.054671844186156,0.179013256552914,0.00499368314835511,0.196215291044959,0.588875155182703,1.4698342458984,0.157587059389281,0.146012024664912,0.662407193800924,0.570516467436729,0.707063663303022,0.530744401319863,0.634275089032192,1.0911467069549,0.630203122862195,1.15429973496502,0.683456200247771,0.871401425839336,1.04260599863864,0,0.272356706373565,0.218080607267063,0.417354561229669,0.479686326187076,0.2688725117933,0.164411017580495,0.858060842236834,0.326618556264294,0.537974217001437,0.0144933600134618,0.335869450999096,0.260983550571422,0.00101372961052064,0.0349533842112081,0.654965914773092,0.0641604916937801,0.842457992123589,0.302241354555699,200,"ENSG00000286292"
-9.94688037369102,0.0747453400961797,0.000137900989292608,0.0563421719958033,-0.259872325960216,-1.27377753434802,0.0783194416575086,0.102436352983759,-0.373133369649034,0.603802691408729,-0.271883328378182,-0.465476070621424,-0.575437385900648,-2.28289369998108,-0.803189944159495,-1.18416636821516,0.769974737146154,-2.05769384019081,-2.13799809892077,0.0399870903359536,0.10553699620332,0.00321758696704948,0.126673847497282,0.204723176345105,0.540219986670256,0.104202260418288,0.101564838982066,0.270567425977322,0.230651164377517,0.306344025727384,0.226147335892324,0.273656427715099,0.416113612885263,0.286041545997853,0.430128281581874,0.319204865535102,0.416624742531651,0.430733138184866,0,0.478797301317756,0.965814321054553,0.656477732919901,0.204304137343109,0.0183793003838873,0.452285739229443,0.31317568881281,0.167870951118126,0.00884940783158447,0.374804486431027,0.0395626129668979,0.0354856050045568,4.10609404568001e-08,0.00498581917977709,0.0059042164163408,0.0158581122545375,7.85394477658429e-07,6.91892056446514e-07,201,"LINC02427"
-10.5840535605136,0.0370867298995243,-0.000740393530439875,-0.0421243225515217,-0.0349419736723566,-1.37030736521156,-0.203983490626549,-0.120318138382324,-1.17897088938849,-0.663566074053144,-1.038286946783,-0.577517685301755,-0.362104551311178,-1.02634433357739,-1.92381417869253,-1.17739798077326,-1.68476723848236,-0.706771390017007,-0.16483689466163,0.0228405181673691,0.0781579986331485,0.00226316896622989,0.0895599645091001,0.24320356422251,0.655618351578815,0.068410174607297,0.0667800441599611,0.315557228231014,0.263299720456617,0.365103586755924,0.244778004351167,0.298479382031696,0.34359981812272,0.28329394430604,0.517731653340566,0.331247472570397,0.356698922429486,0.401888644966417,0,0.635136469612604,0.743555170192428,0.638106629496606,0.885758082430305,0.0366088932250608,0.00286586060938356,0.0715913621142983,0.000186855107464255,0.0117290551891861,0.00445769641367757,0.0183068390395464,0.225066983681148,0.00281698406457457,1.11454334699819e-11,0.0229571386506047,3.65446337358035e-07,0.0475438750831447,0.681691778886915,202,"CASP3"
-9.80585017069319,0.115421119327657,-0.000773953895096905,0.0414969712249768,-0.28512254684198,-1.37243534220982,-0.0462989653391022,-0.130273191576473,0.364317564742014,0.0690074160373548,0.227586247032935,0.0132503556505548,0.478949334871066,-0.28779739016058,-0.321814772878813,-0.684744971222582,0.510804984337563,-0.337719340456662,-0.603584485154872,0.0185642173593929,0.0575265766248179,0.00168439533659994,0.0667695928585231,0.16786940507316,0.431376872818138,0.0529390694039834,0.0509235572564083,0.201785117884448,0.177941581950621,0.23762830590588,0.167972682483235,0.201142023770507,0.253751604961072,0.197038608132593,0.351925836437334,0.220091818200206,0.271093937559605,0.3056290557291,0,0.044813966397181,0.645886132746678,0.5342739526255,0.0894175191897676,0.00146503007298514,0.38180747067478,0.0105212307618183,0.0710007103469165,0.698157097414372,0.33819364060553,0.937124896522467,0.0172586815105522,0.25672335720339,0.102414863659205,0.051689806056267,0.0202937418458169,0.212850680689573,0.048280365340506,203,"PRIMPOL"
-12.3849675587931,-0.0779445906314227,-0.00674413047989676,-0.216624214255308,-1.14397248911803,0.17948653743747,0.314209672391614,0.346418654101677,1.5851834370511,0.03926638577511,3.28509084602569,3.86267495763522,1.72647829877002,2.60520744391045,1.57305035839103,2.49487654799778,0.604829719528691,2.50267087245285,2.55513453852725,0.0599718871253462,0.183212890769896,0.00520967361513353,0.211840082387399,0.620305130687344,1.33703987085161,0.164946118033127,0.159071678864651,0.678297195997083,0.625075300922502,0.758379242364123,0.568261820120772,0.720660200583358,0.758177050775541,0.66924547917581,0.962182257439445,0.771592476147263,0.914919169525608,0.821432447533338,0,0.670521925556657,0.195478988618094,0.30650472190943,0.0651526439530214,0.893211433433203,0.0567900665123786,0.0294245111741523,0.0194389625416295,0.949910915636801,1.47945192035755e-05,1.06560384173427e-11,0.016589122570137,0.000590051742909001,0.0187490462674854,0.00951606111192101,0.433115234500614,0.00623043119450825,0.00186717849855719,204,"ACSL1"
-12.4246046815001,-0.181379505757918,0.0151342649293607,0.454347006736253,0.44069157893375,-3.15924158903686,-0.536170918399631,-0.381102538690853,-0.42686213913643,-2.54693936702645,0.704203580779872,-0.468481774367329,0.397697955869064,1.78104669468245,0.659699743960806,-0.374182419561157,-0.0306461928612668,0.917052015970349,-0.594777659335442,0.0607861530784629,0.170730787008647,0.00543891650285095,0.199129104016668,0.434924483269366,1.18368696800732,0.161036410973584,0.150488763348155,0.653608274518417,0.567657609203637,0.73780024675752,0.51540967954933,0.597093224136298,0.619995729177348,0.552804053723607,0.881890735936813,0.667692572787134,0.69427610982736,0.828623688245775,0,0.288067110727521,0.00539272038095941,0.0225087996845782,0.310935991413013,0.00760810724224788,0.000870016993498342,0.0113274383927399,0.513701107970055,7.23168987454522e-06,0.339848956652626,0.363376369529305,0.505374845233311,0.00407011624094259,0.23272451973774,0.671350197587848,0.963391024034796,0.186543018313737,0.472886882761844,205,"SLC25A4"
-10.9823221635095,0.0836581405399639,0.000899595148926338,0.0132244268498383,-0.156936008631951,-3.67266928366364,0.124030955646032,0.0934443606545223,0.165285785735692,-0.614420083757394,-0.946509117362713,-0.094714819129835,-0.123878664209038,-1.59689328184794,-0.543516020076381,-0.430461992460635,0.461460198042891,-0.266908104019774,-0.370235565192016,0.0273882633781117,0.0893718243721583,0.00255180314550524,0.103686533160301,0.277510038076046,0.739786246392645,0.0817941862192981,0.0787788462358511,0.346586994056556,0.304759778520368,0.425359396206191,0.278559790012359,0.343594325425896,0.436387242765628,0.322871219529615,0.57608688187644,0.364310929648555,0.415396195831468,0.491530086215618,0,0.349237972286027,0.724438477333399,0.898511135431992,0.571723721941879,6.88780639827852e-07,0.129423640724795,0.235558896862194,0.633436520278796,0.0437916146482261,0.0260679112591343,0.733844388019717,0.718445163937799,0.000252856645257807,0.092300913379428,0.454932499306985,0.205274810847159,0.520523513287201,0.451311276693549,206,"CFAP97"
-9.58541002250437,0.0294910532498876,0.00130359639461915,-0.0428179003594509,-0.168809686853999,0.535337291458599,0.252866729031414,0.220008251573089,0.56999300952791,0.470867011921272,0.229028206628339,0.926824221646555,-0.365496012705922,-0.144826010676763,-0.0801827262036654,0.642811996068841,0.0606644980235964,0.52915481473639,1.76708389892387,0.0217471350964784,0.0651102647455035,0.00197631044833877,0.0775218239390995,0.148081496530171,0.436823779014123,0.0606748035907071,0.0589338674257904,0.214874338355987,0.192275983277519,0.258217785051612,0.180035760920741,0.227310640472311,0.27562488222525,0.215819061006566,0.337672086116203,0.247525702177751,0.286375531224602,0.274584269305809,0,0.650591836892678,0.509503401351337,0.580719882541919,0.254295358175428,0.220378485387534,3.07858694888774e-05,0.000189109021109364,0.00798553725402857,0.0143288349569714,0.37510177084448,2.63277522647962e-07,0.10785396554902,0.599273135538435,0.710244642729642,0.0569548061420993,0.806391676529494,0.0646362798458067,1.23076873463617e-10,207,"SNX25"
-9.59119247620323,-0.120262683011224,0.00404210786438986,0.0545275309272231,-0.0851617101148465,-1.75051400587128,-0.0715436916014186,-0.00080428910204418,0.524924642028747,-1.31601426707937,-1.34697413149468,-0.73617821720899,-1.59715680056904,-0.656932012043592,-0.71450360081333,-0.430213068051172,0.0776803596042209,-2.60413167621793,-0.264539731173802,0.05279868401312,0.13349525367946,0.00406499110782298,0.163670703753767,0.143966699311594,0.422209403172402,0.132939805613777,0.129063267126924,0.213614777027107,0.200904188034657,0.271359532011865,0.192433362145029,0.232619868323129,0.311488558807576,0.247600630507655,0.331644057615212,0.287311387543498,0.338020194896545,0.299695569299824,0,0.367654201900538,0.320042449862301,0.739018125484375,0.554160296132072,3.3821554656261e-05,0.590462408215335,0.99502782071385,0.0139969222241685,5.73612296029764e-11,6.91275407503393e-07,0.000130439800611687,6.60493800056893e-12,0.0349438496471507,0.00390531898248548,0.194557820656262,0.786875671665343,1.31798268302391e-14,0.377401173386541,208,"LRP2BP"
-11.5461037591037,0.0928445314271781,0.00224012859938127,0.107926230616521,0.263755594199599,0.943303987171429,0.158677219460585,0.101494417331851,0.0691218232257052,0.618729802023865,-1.18134648571709,-0.119110362627595,-0.377770996819672,-1.68600564386341,-0.493229759223337,0.432914167979999,-0.00111100349575931,0.394127632135693,-0.429631375716223,0.0410081796220129,0.127631948100972,0.0036561753720092,0.149485826257691,0.287131453797945,1.00376886287523,0.118040851720495,0.113906019425563,0.464091385479068,0.404113581904908,0.554547144171541,0.38020962665082,0.461892647543084,0.611515197092577,0.440343425691248,0.749854488534247,0.504839679214355,0.602547280175652,0.688791794379679,0,0.466956712120298,0.540076540590421,0.47030490757693,0.358310953667344,0.347339576436451,0.178865354833673,0.372909605847929,0.881600888895859,0.125749879517032,0.0331476414427355,0.754071358681889,0.413427889664867,0.00583173616097802,0.262670097756746,0.563715942450101,0.998244092417391,0.513045824609984,0.532794170618453,209,"ENSG00000250410"
-11.7241705995787,-0.264314533975457,0.0081866220225989,0.276583022863186,-0.16876096781164,-1.93496839442176,0.175692455450094,0.038814277195074,1.02532559191719,-2.06215691910171,-1.33970350283454,0.70475908751795,-0.425965344294299,6.71357280586187,0.831658797925517,2.08901432259154,-1.09327934069053,0.209173402388343,3.58730669934072,0.0687024449226684,0.184810373306789,0.00572732743687551,0.227184475469163,0.351220469105082,0.935722169865349,0.176600270323651,0.174489467384758,0.502675665652704,0.485298991475474,0.677310529161026,0.446438713464603,0.563409398224012,0.624814311727875,0.550129459355831,0.708884861454739,0.654795233322211,0.687112276504787,0.576360344240761,0,0.152661584674866,0.152890292282998,0.223437596633554,0.630872849620577,0.0386505814060898,0.319804606128154,0.823967628691094,0.041376639083158,2.14487082693861e-05,0.047931492227615,0.114422213325187,0.449619570748213,6.26237724960945e-27,0.130597201657664,0.00320974753351233,0.0949884867448035,0.760804957933598,4.84423074153957e-10,210,"ANKRD37"
-10.7415891237773,-0.0406356146804653,-0.000726084327288393,0.0669596375779794,-0.565226120697097,-2.79171242429544,-0.0360454915427259,0.0809750057794911,-0.465365538528612,-1.20000977578394,-0.275035968966226,-0.220242855150409,-0.0380468291014762,-0.752384846273746,-0.191902687081065,-0.159381166184272,-0.339306487877992,-0.611218096916616,-0.239607693105102,0.0221979032653048,0.0726128619976932,0.00205022891058383,0.0826088759438703,0.261410433898573,0.619720880929964,0.0657104525604407,0.0625075243836174,0.290133181199954,0.250458356583381,0.340641265829003,0.229600824062972,0.275562426207525,0.320288912660298,0.252933042838621,0.442846794561293,0.294644305171253,0.34259131928768,0.389648460506047,0,0.575738614509537,0.723228022791443,0.417617094503872,0.0306014430170979,6.64386123541311e-06,0.583314069005179,0.19516706163522,0.108720194534083,1.6574157452587e-06,0.419432328759705,0.337436623958506,0.890185310537895,0.0188197732537374,0.448026389138847,0.718920895651561,0.249493705286375,0.0744069790296527,0.538598974592361,211,"UFSP2"
-10.7279545964787,0.166005335213761,0.00554116511608326,-0.0204803598255743,-0.0273972785145866,-1.77252133153845,-0.0430265173103537,-0.114212176962425,3.43983442221812,0.442818800540761,-1.03402455310462,0.800800230938853,-0.356863009475912,0.0485814050508281,-1.08971223959904,1.59514190382355,-0.858477189707072,0.60313046385678,0.764747533894848,0.0473821756327835,0.133394722200772,0.00398366343124442,0.162019400490767,0.207021980084909,0.687098459200653,0.125915747442689,0.122308543529406,0.343017249371295,0.331947870471831,0.445309645262873,0.312933556786282,0.396187346959804,0.509975569897827,0.400433298441021,0.538606138797262,0.469292990353216,0.496348008585227,0.482073816137475,0,0.213327722374462,0.16423385476485,0.899409891024561,0.894715409635952,0.00988805800610727,0.732570058761937,0.35040513327899,1.14624164474754e-23,0.182203519538119,0.0202310546183237,0.0104970596564764,0.367724939934173,0.924106550031235,0.00650192818579813,0.00306034089416321,0.0673548310269832,0.224314125174006,0.112655357324248,212,"CFAP96"
-12.4947241916701,-0.14696907805884,0.0109761247267437,0.342663858763971,-0.45571799687401,-0.698442016971983,-0.424472347490719,-0.439153923025931,2.35300789729668,1.3497287584583,1.14586254538355,3.22432117511553,0.467564738229889,-3.24341231410673,-0.19253345987717,0.955653075967229,0.257343190923089,0.581823802375512,-0.474313855759581,0.0644257420065228,0.212279706086252,0.00626471080204482,0.241834608739507,0.611308637682349,1.54484456480243,0.180087850086637,0.175124248740378,0.740699429286136,0.703925559492945,0.889892945573482,0.629818662786682,0.814766106007836,1.29674680219203,0.778172418725839,1.15665423896286,0.928546307074263,0.936906797046945,1.09958100061779,0,0.488725769142673,0.0797641632560737,0.156502008037427,0.45598195948816,0.651188648474227,0.0184217909919436,0.0121529913673714,0.00148941611547705,0.0551831866289039,0.19787099818316,3.06438257572031e-07,0.56606000068706,0.0123776165416379,0.804585146529122,0.408678220942281,0.781667756899448,0.534596335579755,0.666207558430703,213,"ENSG00000249679"
-9.8729243814302,-0.0725552396168607,0.000897019008258852,-0.0760661331829367,-0.207216529868832,-2.129832303974,-0.0668962448604248,-0.0525233877471826,0.313901983890541,-1.24375596426791,-0.917488948157637,0.166788779871846,0.66609419692133,2.32656810036064,0.268831948962131,0.524832533131305,-0.265077623425748,-1.68501888027133,1.27458045802476,0.0314100085466073,0.0866819851078557,0.00270531829732857,0.105431957392544,0.204047589003795,0.532677046422741,0.0844415008970109,0.0815027366839045,0.266580738821545,0.245179459107031,0.331370553523113,0.22540408616325,0.28100458287955,0.321011215318338,0.275973287050782,0.416583851588991,0.3205658984854,0.374607973666584,0.336900850311376,0,0.402576887879526,0.740209336034782,0.470619581788613,0.309853062526671,6.37840485146541e-05,0.428232415610716,0.519292029481035,0.238991263194316,3.91923725331491e-07,0.00562682891000483,0.45932757092277,0.0177686902191894,4.2415085056413e-13,0.329995430025432,0.207724026345758,0.408290769278005,6.85679636227932e-06,0.000154793212231014,214,"PDLIM3"
-11.8966041794359,-0.234247340781056,-0.0110481112487013,-0.283043710186632,-0.91290547130661,1.26049994534604,-0.16448426877787,-0.0618218296115209,-0.143017784126162,-0.368299765443275,-0.618848798083055,0.814842804871102,0.481857612380782,-1.01638006793548,-1.07713051213112,-0.00172380337070805,0.142091275944554,0.628995045930926,-0.529976772140759,0.0456049827713131,0.136328250973511,0.00387756433244416,0.156912366644743,0.55242703468463,1.16364154572717,0.128771173285392,0.123825937080022,0.523187385539374,0.449564832483066,0.624377452794084,0.417137880677236,0.500653474846996,0.68358658388191,0.495219436621527,0.907918855240668,0.529576032576076,0.661595303236365,0.800230553102155,0,0.0857492550154381,0.0043823813684663,0.071257485740272,0.0984253661182751,0.278703100203592,0.201483064368274,0.617593430220409,0.784577554706067,0.412651689890884,0.321614619961096,0.050770607230897,0.335819921676546,0.137058545958756,0.0296258437166269,0.998485112120901,0.788459647553122,0.341744108006398,0.507791726772985,215,"FAM149A"
-8.91680577143261,-0.159851335604774,-0.000751136394239813,0.1991727286772,-0.0912923170254492,-1.82453648930926,0.151599523667778,-0.0858739199670337,-1.22611302680195,-0.0448410860518394,-0.28371338493852,-0.530052747456732,0.0489838180338416,-0.193888376835369,-0.428748366204315,-1.84820051518804,-0.078266686768413,-0.268688800959176,-1.60722724491821,0.0384282120599932,0.093259144602651,0.00306692471697758,0.115701654076878,0.10861376877332,0.288483678486334,0.0957415451715032,0.0936544326376247,0.154313958753053,0.130076834850424,0.174832045221959,0.127678089241443,0.150813099791079,0.245504558392415,0.169486568868467,0.259425095136841,0.188374793797377,0.21807037392996,0.244336961655657,0,0.0865185612462143,0.806522113921646,0.0851721499574572,0.400615488634186,2.53931474379042e-10,0.113324705881983,0.359182897613347,1.93293134459477e-15,0.730299103460842,0.104637129293273,3.30335375181999e-05,0.745333833618198,0.429671044083148,0.0114163559151653,1.04674483082337e-12,0.677787726838144,0.217904378183231,4.77097643671226e-11,216,"CYP4V2"
-10.5080744245668,-0.305270785252037,0.0072020348188001,0.439871695639991,-0.0143900437677624,-0.102232065567588,0.288727630165821,0.0296064117458571,-1.84963903472413,-0.429123010382962,-0.52537113094208,-1.24145275288594,-1.46227664737003,-1.50224964071188,-1.55073956435226,-1.27417334950194,0.552936629857269,-1.04892163441817,-1.48867240000722,0.0599533104688054,0.151690466226163,0.00495207136349756,0.185731307152605,0.220869436124009,0.661266914014276,0.151685335670123,0.149794237862719,0.344253287147246,0.288294279982705,0.391505138532702,0.283736142133002,0.334033873811735,0.495387891356691,0.376921985805408,0.595231566838412,0.416199177386759,0.468279651332997,0.514355647203881,0,0.0441716152388462,0.145849863726846,0.0178689362055573,0.948053128777011,0.877136430755702,0.0569799801014109,0.843321102635353,7.74796183466198e-08,0.136621847613269,0.179619819595822,1.21222464244981e-05,1.19976898727755e-05,0.00242560035594915,3.88492618350127e-05,0.0323035078121469,0.18400027439106,0.0250943591149249,0.00380068796282258,217,"KLKB1"
-8.94252831644758,0.127459159808311,0.00717881189241317,0.0765497729365095,-0.061507516046825,-0.837431055074096,0.128520853310453,0.116191143924421,-3.40967639418719,0.259206148115953,-0.623977686273863,-2.90589069553453,-1.21952141197615,-0.947167862766747,-1.95442983775462,-3.81126254653863,0.294948768848031,-2.29034605075936,-3.33641662962103,0.0385788100212924,0.105142830470731,0.00325815388220435,0.127522200601341,0.174825252090589,0.470147640190375,0.0997567154559786,0.0971796330257577,0.262459730314968,0.212035117917553,0.28716428437789,0.208695712485724,0.249297293552377,0.369147314183732,0.268353000225426,0.442287854171166,0.294656796790888,0.343130966996832,0.389163552690724,0,0.225417557623489,0.0275709856908523,0.548315745479847,0.724971131252489,0.0748783670596167,0.197626635472633,0.231839937280007,1.37192672879002e-38,0.221530695080794,0.0297882605842241,4.52483089385639e-44,9.98998005243689e-07,0.0102930378122629,3.26342496636758e-13,6.86387979573722e-18,0.316831213385471,2.47493447046991e-11,1.00559427300818e-17,218,"F11-AS1"
-9.04809179357286,-0.0630823721528482,0.00384434475514707,0.00498738700313411,0.234115898973393,-1.66787608255095,0.177542284985592,0.0155834293419367,0.313648402980814,0.0617266516085812,0.46450045765061,0.31313800892356,0.0367451549795162,1.24748054579239,-0.379705499669465,0.577606748190492,-1.44561020256575,0.0723846427503106,4.94990721488403,0.0225790015894648,0.0619756147263055,0.00198224140890889,0.07560600462634,0.11157602227234,0.338090582702768,0.0601333593283002,0.0590677502510872,0.174847138662063,0.158900117969428,0.21280482538524,0.150062901861186,0.189462539371335,0.217715225618107,0.1895426790219,0.270771080074696,0.220769518122366,0.240783568818265,0.207222600463857,0,0.308745467602629,0.0524535241931244,0.947405302041215,0.035881871801646,8.08839109253679e-07,0.00315236832850441,0.791916333442136,0.072838151802858,0.697674198008679,0.0290539745701158,0.0369142055049707,0.846219597463393,1.0050598196105e-08,0.0451481249565387,0.0329089650887168,5.82925692503875e-11,0.763703371967336,4.18985200417904e-126,219,"FAT1"
-10.5000268610667,-0.205263143191976,-0.00576856074455004,-0.0277176423834531,-0.193983993943846,0.879258141022135,0.012117402870244,0.0544705815825247,0.105084827401291,-0.0998955697069289,-0.70359267741841,0.488566762658407,-0.426912149251173,-0.385741885643846,-1.13873230998117,-1.10672102141382,-0.349832156881485,1.15003605382505,-1.71617578478698,0.0323049500028734,0.0981353472812515,0.00295876393295893,0.116451764191744,0.262376154855632,0.723365182683101,0.091952081633879,0.0893909628618574,0.343934596976437,0.301797243732795,0.408687346523778,0.283472231958752,0.351640002998025,0.414888763282327,0.345617916561919,0.620378888328626,0.400906134448792,0.429079824951826,0.528715649156407,0,0.0364713468963871,0.0512175818039464,0.811866957703992,0.459703324866246,0.224171358986736,0.895158671402071,0.542291001450694,0.759957011845216,0.740642778533992,0.0851435371733259,0.084796634015818,0.224724718417434,0.35250171567843,0.000985014879222618,0.074432810849139,0.382879149501991,0.00735698304542095,0.00117066222709502,220,"FRG1-DT"
-11.5403460509137,0.178734778450293,0.00377009107587957,-0.142779717316971,-0.976225290208669,-1.05307340736101,0.222047166051604,0.107093239713974,-0.717880959489136,-0.713511950804711,0.56825224711866,0.406404850407668,0.323347246543825,-1.07473569666843,-0.265305036706469,0.0310780239568308,0.150423606453019,1.46337831871885,-0.0185038848382109,0.0340552536037032,0.109509339112596,0.00308833038008557,0.124601528074012,0.433250872790184,0.917472575226292,0.0990271992732677,0.0952620148762095,0.446436999177938,0.372289206030149,0.48754310151203,0.344287621392938,0.415029816646514,0.533730718680226,0.390129570677563,0.706160572043087,0.44049182607376,0.492695425807825,0.620447186219,0,0.102649601335976,0.22217924748884,0.251840429271425,0.0242429888126333,0.251051863943223,0.0249429830198539,0.260929602672992,0.107830143159186,0.0552947588414415,0.243799432763277,0.237832222490213,0.435924334956996,0.0440484908340752,0.496476985880867,0.964896548806412,0.73273464160981,0.00297656337613789,0.976207844858635,221,"FRG1"
-12.4217483172819,-0.520658952816126,-0.000703040591062902,0.54243772309874,0.670557733324036,-3.77493284127331,-0.205390851123853,-0.390128201373955,0.47905493123786,0.0743613432769174,0.141627505769754,0.208730623292885,0.887724016125731,-1.63361893850852,0.672629880764305,-0.580807185193631,0.95417758811809,0.629151639535741,-3.58917139354749,0.056845099122192,0.164497005837851,0.0048098608755342,0.192756959871448,0.379453681510985,1.28832896257292,0.153311921819297,0.153832254686257,0.648155596402541,0.547036579436339,0.767208181255444,0.515941795670858,0.59662158695345,0.886654852871719,0.57234230135552,1.08104865091911,0.629353287979528,0.709434380247613,1.28883209260056,0,0.00154998956316875,0.883789940542123,0.00489137236404924,0.0772003927630657,0.00338852812623558,0.180345295937531,0.0112106747028795,0.459843344785309,0.891872773430466,0.853541890808538,0.685799241118416,0.136772512249173,0.0654090728092008,0.239905479830081,0.5910861230124,0.129488015283203,0.375167436689783,0.0053556675511019,222,"CCDC127"
-10.4116760166092,0.0638398457159508,0.00254622845918511,-0.19529783066887,-0.39965651611332,-0.181909750137956,0.181303351752089,0.100450039933432,-0.422710979549579,-0.708686900766985,-0.209676093671345,-0.534226275190509,-0.750653357438159,-0.232749641160448,-0.208885301153868,-1.15142116484507,0.128361774067717,0.176342944009149,-0.579441076628391,0.0242557959331882,0.0737272419024901,0.00212407231517401,0.0847964470469366,0.22735822028346,0.559520468837036,0.0688125559319975,0.0664740506487133,0.260507935426372,0.227510349721908,0.306456808213857,0.214073925932999,0.255449666001247,0.310308672221271,0.244864899214617,0.448486437814362,0.275344343643509,0.342793130176671,0.382979097302199,0,0.38654926587921,0.230625760954408,0.021271138755811,0.0787768765574031,0.745092342061669,0.00842011834754035,0.13075875168963,0.104666069816491,0.0018396639673401,0.493852290957075,0.0125771817740176,0.00329744212680174,0.453219503621921,0.393624106539132,0.010247944016807,0.641082120270076,0.606951646034095,0.130283835793922,223,"SDHA"
-10.1690647677145,0.0500831528753088,-0.00318703909693888,-0.0491606743068649,0.0680133201408994,-0.754265805218171,-0.0595944816386618,-0.117778287225423,0.157090988903719,0.346957073556813,-0.0553385773182282,-0.191844326611069,-0.0371299236765883,0.245692902520569,0.242142650258276,-0.00213970101190477,0.36856614647475,-0.161477100815532,-0.677716385606781,0.0163908182178498,0.0574280834769923,0.00156092527523772,0.0638042529115587,0.171089446033358,0.494522802336579,0.0500274104901663,0.0479932220654189,0.230345194054617,0.194725884871361,0.267165368385921,0.184004758117242,0.219502574741317,0.247737242781783,0.200438795511037,0.370416320160618,0.23120703043675,0.283508300834715,0.348142232565654,0,0.383152674209048,0.041175069994441,0.441008025569893,0.690976096768032,0.12719932457448,0.233560720918604,0.0141253077716055,0.49525112124802,0.074786466813257,0.835906537059118,0.297131157319607,0.865674847539456,0.321320494317613,0.227023111655439,0.995391064553978,0.110914588863211,0.568971108649715,0.0515748805192933,224,"PDCD6"
-10.1854565219764,-0.0485289279768927,0.00214660699036989,0.0624195975525432,-0.302031680898073,-2.95416523017485,0.0917176597790841,-0.0170190941891301,-0.27244560734372,0.373527274259414,-0.429768169380194,-0.673908132791206,-0.793966146154857,-0.168709788550647,-0.593024028871674,-0.924505122723387,0.0373265210703201,-1.10626831153792,0.26852304176555,0.0272504253788615,0.075022966676907,0.00231636541792709,0.0901162644381606,0.187365776331117,0.471958857566924,0.0739149912336615,0.0725595101725501,0.232193309433416,0.203080400326162,0.276790148196697,0.194552958840385,0.237515838909372,0.297099658256293,0.237667746245975,0.394626571133827,0.262339140368572,0.332291690787843,0.31408881584888,0,0.517726250664709,0.35407533177728,0.488525274769183,0.106964205117763,3.86535188825867e-10,0.214659952201304,0.814555228148155,0.240652738195991,0.0658699916562489,0.120498184696257,0.000532443672164534,0.000829399171835654,0.570132830919556,0.0125892918595702,0.0191430207861066,0.886856109150164,0.000870931882186327,0.392591504538064,225,"EXOC3"
-11.1865333892075,0.0283570382592727,0.00128707257190578,0.0514369055651049,-0.553098548330621,-3.15212511757582,-0.273354454867614,8.91538370727946e-05,-0.579858261666883,0.4717046530619,-0.822926599379359,-0.9292686538883,-1.63033897714848,-1.58316132249604,-1.4115654014783,-0.952223083887155,-0.399322691896774,-2.03838152216644,-0.549931940402435,0.0689368563587384,0.179133383050595,0.0054931716546847,0.220448277664066,0.319292155972269,0.758871970908011,0.178965962176828,0.170233954087745,0.387649098012707,0.340922065098524,0.456806324739473,0.330497224529141,0.410973489706574,0.598141851946716,0.431677613215935,0.643550922512691,0.503730095816277,0.584258094047111,0.564457026632216,0,0.874219424060255,0.814748912889668,0.815506189958983,0.0832264342123043,3.27144635006756e-05,0.126659015577316,0.999582137022745,0.134697214144459,0.166476579567631,0.0716275528098073,0.00492759895594548,7.27776866502178e-05,0.00812576081967105,0.00107565447296028,0.138969595911419,0.42793429966268,0.000485126049728053,0.329923909321984,226,"SLC9A3-AS1"
-11.2170644824403,-0.181615999725466,0.0031464058902135,0.346418385644184,-0.286536846259635,3.0063769284197,0.243149771598537,-0.303657627223283,1.36713124834371,-0.613237462104126,-0.153708870163564,0.0967425475555162,-0.814280417795269,-0.137995034036066,-0.451962231552159,-1.60114495553011,0.988300314627176,0.452339945283977,0.446791899466487,0.0710238314321559,0.182398193018937,0.00549539649107423,0.227353140560582,0.317313633390133,0.800772706659302,0.18162471345294,0.178483981035835,0.361432503216609,0.342408158574321,0.444454038681426,0.328102584263788,0.39312082597487,0.555663722838947,0.418140854915176,0.650695052045351,0.452925364068121,0.604941130827899,0.542914088609166,0,0.319390283984785,0.566947372884694,0.12758322386872,0.366521487182366,0.000173795419317407,0.18065263517555,0.0888836918734173,0.000155238989437972,0.0733005828974104,0.729464846975085,0.768104974988841,0.0383285715991833,0.803869257030898,0.279748214800853,0.0138678353167806,0.0291067349934547,0.454615738328126,0.410535641617373,227,"ZDHHC11B"
-11.8287807933498,0.338382483030815,0.011998133733589,-0.253998741730396,-0.0242290159693394,3.33255496321298,0.215744649328615,-0.0955216335153111,1.40802539658806,-0.311062172179426,-0.378954227084193,0.305511090814272,-0.500976387688582,-0.616935074632059,-0.516138466421343,0.0661479235314657,1.95045451662238,-0.0978494024913532,1.4300520270274,0.0672536281463745,0.18534231155915,0.00543078711668711,0.219779461776886,0.34447552898405,1.10444457047013,0.179517778101169,0.173519704170909,0.474960077041324,0.456644128329942,0.588594242340709,0.434753217732529,0.519311192102723,0.694163903735782,0.529174807217973,0.836521515968174,0.579856286764273,0.815104031133294,0.680236896962876,0,0.0678930035796644,0.027155115451575,0.247804599822422,0.943926263872831,0.0025495016179821,0.229440629114386,0.581980284878723,0.00303162280747775,0.495750223990968,0.51968612283875,0.482228383561865,0.334698104717224,0.374139849484137,0.329379350410851,0.936972982932674,0.000769089713207836,0.904447268492803,0.0355282917476285,228,"ZDHHC11"
-11.02638016036,0.031928317093724,0.00270669634615556,-0.0321654168757901,-0.43962526109175,-2.04268040118517,-0.0152300839461878,-0.158954340591664,-0.400755114544,-0.29122847316199,0.229929421571269,-0.307185588337864,-0.231651231944655,0.350701265731312,-0.00219473230981788,-0.592928506582036,0.0562019822586635,-0.295414417597967,-0.208323175877062,0.0270052912128294,0.0881814634439453,0.0024903046089119,0.100087987106364,0.301244849341797,0.713338716626937,0.0792685383530468,0.0770204281041164,0.343319628588499,0.291308058817917,0.391528031667863,0.27357115744918,0.326060619062708,0.35864045791766,0.304614405176733,0.549489802485915,0.348350198225193,0.422475388132035,0.466492851692905,0,0.717295868849301,0.277083798751056,0.747928951487384,0.144465521699761,0.00418923953295423,0.847638205355082,0.0390371990088728,0.243091458607546,0.317442739216035,0.557027952571129,0.261491557098019,0.477422340931825,0.328142043338628,0.99425132940281,0.280564193446235,0.871827516698964,0.484398023138598,0.655183295395276,229,"BRD9"
-11.5193177287296,-0.245198221695755,0.00218136192702887,-0.178501953400666,0.609304717239742,-0.151516571243531,-0.211785209159799,-0.237544277397113,-0.126441902621964,1.84733124613565,-0.0268759581959536,0.165856524725535,-0.0895202072257205,1.04577051837847,1.64476940360171,2.3510891491056,0.505900739447192,1.65207295265861,1.33261390314443,0.0402402003571773,0.12461010749865,0.00356705158347515,0.138713848705589,0.262754199642318,0.924131711014607,0.115922368872299,0.112087337277424,0.496875673617943,0.402030092954866,0.547205094472057,0.382242984667048,0.462189005970207,0.544475993105776,0.415057188043541,0.63034853439691,0.491704280544848,0.555821008152265,0.615193598723689,0,0.0490998744119895,0.540848230961227,0.198151508548855,0.0203996327622338,0.869766095015737,0.0677062013301826,0.0340669425264898,0.799129446460369,4.32733942470047e-06,0.960827678717685,0.664358601969403,0.846420623880595,0.0547705871816357,7.4090210345593e-05,0.00019161349892222,0.303539853328709,0.002955670260291,0.0302982005034975,230,"SLC12A7"
-11.4728033447812,0.00845553394513205,0.00333660621223933,-0.0252746856680052,0.0748798333243748,-1.89414929809553,0.239111492445793,0.315453898889743,-0.343402596249056,-0.395743873488295,-0.235955244963314,-0.631263531778937,-0.905961561537432,0.411206162240602,-0.25217240827844,-0.123101850700591,0.183165794116068,-0.381876953219599,0.738814423735944,0.0395756204211568,0.118551918173465,0.00340952390718184,0.13870692732879,0.288318216982327,0.858472031936646,0.11318579846363,0.108890641929143,0.416117534043421,0.366746385148586,0.495415779684428,0.343651973590844,0.416463156323076,0.470940335929087,0.396647532801071,0.643725436535589,0.446171546327436,0.543167270882323,0.538635278451525,0,0.943140318007064,0.327770973564917,0.855412853802327,0.795085580866218,0.0273546518013656,0.0346386709296295,0.00376775020092629,0.409227487791062,0.280557919395089,0.633876899885953,0.0662206973173932,0.0296023818395627,0.382575991336596,0.524933235911157,0.848342680082196,0.681418862760223,0.482020915007712,0.170175112812378,231,"CLPTM1L"
-11.1062154449373,0.0161710093608346,0.00430730517628837,0.0706172565714813,0.355639235241683,-2.30119047313643,-0.0904952211698338,-0.200783908273807,-0.864224722260346,-0.735398960852409,-1.4126886745163,-1.07926105974161,-0.305416617136991,-0.609093217771832,0.59430211347008,0.622808757672317,-0.710248804002846,0.129121729297792,-0.310909000837815,0.0355046245311528,0.102381031182962,0.00304004302600541,0.119984292981117,0.229956650295813,0.721339840946142,0.0974949279073136,0.0957848619890373,0.373773076299096,0.313939505454359,0.446930157939234,0.297527023652123,0.350907172184079,0.442246281791088,0.324841766990378,0.486702449655614,0.39205912181572,0.440685846097948,0.506324809745557,0,0.874496771748263,0.156524843074208,0.556160381950454,0.121972027683714,0.00142193387123214,0.353301551914295,0.0360647486653701,0.0207686368664856,0.0191557420935495,0.00157298025194896,0.000286246631100496,0.384102063137946,0.168428310696346,0.0673228499289855,0.200668279839695,0.0700501945915174,0.769520805058392,0.539181959114175,232,"LPCAT1"
-9.55996561757911,-0.0904774036751264,9.58596143816605e-05,-0.01300905980784,-0.180899406071674,-2.30866678719425,0.272927658433207,0.246774042235575,-0.701202665684696,-0.476180401490597,-0.393365467253875,-0.985008732507806,-1.04920373819624,-0.382749771474269,-0.260665756642937,-1.09474038218586,0.261236497961951,-1.67949322627628,0.0239941379939607,0.0164358897735174,0.0489620453755121,0.00140134476364887,0.0566716174657111,0.13819023219204,0.367242768444467,0.0468119737860062,0.0451482031871738,0.175221145411704,0.149776022614677,0.205135797924751,0.141685259696772,0.170269053673392,0.198677659011438,0.162124296899948,0.289017736674562,0.181244453308402,0.243900875788348,0.230080384662492,0,0.0646155102100598,0.945462886237947,0.818440229103254,0.190513780459652,3.24730778852724e-10,5.53291780238207e-09,4.60651466253599e-08,6.28583519795672e-05,0.00147639736352064,0.0551635681289199,3.59912656651143e-12,7.18163185808994e-10,0.0540436913672312,0.107875864100649,0.000151989231930936,0.149486131796806,5.73965534461015e-12,0.916942473942315,233,"ENSG00000291055"
-9.88216217593573,-0.021740331051615,0.000208266314547149,0.0486757141495842,-0.297400126444948,-3.29965367099931,-0.132181720174521,-0.149207164267573,0.0774971539439352,0.264503112713637,0.218756415696551,-0.196214839834927,-0.401910507372755,-0.635686872685732,-0.293320561759682,-0.790136850751297,0.0942382167228607,-1.00514254928317,-0.65382682175316,0.0202385800897396,0.0616880270957859,0.00181104023367516,0.0718767748051504,0.172516383829969,0.432083592284652,0.0571209304285956,0.0556021363664975,0.210770523747639,0.184429515298327,0.247471470351199,0.174570277061682,0.212544595691402,0.26778113042192,0.207579404798599,0.351357669481984,0.235318586197167,0.282239171686452,0.306549820619437,0,0.724520429800525,0.908446571728039,0.498272340094419,0.0847268054231078,2.23016571409371e-14,0.0206639895733377,0.00728605549307946,0.713108148030357,0.151524011513337,0.376714458064133,0.261018254626036,0.0586314560974523,0.0176010947260135,0.157640337905144,0.0245245488336233,0.688809804259856,0.000369002294569191,0.032936487861117,234,"SDHAP3"
-12.3256315373901,-0.0880417064178164,-0.00556075797174557,-0.333144586894268,-2.03783215614393,-2.66322812657709,-0.134846510006012,-0.335405096676994,-0.336505130277511,-0.944027953504515,-3.38364825924296,0.01738229567969,-0.142841596698675,-0.186433370458165,-0.218767219995834,-0.620970260762727,0.283659563252693,1.74702762594753,-1.86587312848125,0.0462450467621753,0.139018172888357,0.00395256870120139,0.152448773973919,0.760760913291198,1.21242197727873,0.123527970688992,0.12454375023227,0.597120167420072,0.504971254820498,0.775103379053607,0.460917194726869,0.5413245435661,0.608246403075385,0.490857001699935,0.970104510180325,0.557177464697519,0.531905874824282,0.950077384815001,0,0.526530720136762,0.159465367355823,0.0288676835743643,0.00739138309726433,0.0280477285282376,0.274996934197708,0.00707973021091329,0.573062634714583,0.0615576348462943,1.26881379059735e-05,0.96991698568776,0.791876834126956,0.759216660665535,0.6558253646978,0.52210332453821,0.610681482744788,0.00102175235999031,0.049539717915759,235,"MRPL36"
-11.3412876717155,-0.0543946603927919,-0.000310621644687436,0.196936644603916,-0.285038857032983,0.480635455304919,0.0573846157896989,-0.0653744434187193,-1.0996375223042,-0.893417975239584,0.279019438218405,-0.399247727028778,-0.632453134614107,-0.833559085006167,-0.502877633215551,-0.254572439119563,0.39960239658437,2.44499757450503,-0.950944502381447,0.0326556437493493,0.102403553077009,0.00299624618615084,0.121612642587306,0.349698842015334,0.830423867795275,0.0925504319970556,0.0892712520874346,0.420853160817139,0.341025953933444,0.459694566023821,0.319414624904259,0.378384020413154,0.455946238503442,0.359095838749604,0.653603415478891,0.400012635490716,0.40872957256381,0.603831046451117,0,0.595294449682255,0.91743102229769,0.105366299221742,0.415016166773158,0.562735410023342,0.53523397117481,0.463977922445643,0.0089783621989446,0.00879827249233767,0.543872802996512,0.211323054953864,0.0946311766745405,0.0675201425955142,0.16139371952581,0.696913203303606,0.317807075712704,2.20489552928124e-09,0.115290621352094,236,"NDUFS6"
-8.90797187148385,0.0755056986391212,0.00380043088437681,0.0183722838251032,0.103478006495182,-0.519829604733,0.21051497889717,0.105296260173569,-0.820015166250211,0.193464574068956,-0.433114395488912,-0.51813315257086,-0.944278709774676,-0.841431768250342,-0.545653884522307,-1.38684074541754,0.538312713323641,-1.39038327571638,-1.04021154193578,0.0413236129253996,0.102852252398016,0.00342064533240575,0.126878607870337,0.118900004335185,0.381045660392596,0.104054107414908,0.102177629021498,0.200698309328132,0.175127783756008,0.23396636065324,0.17035471288716,0.209069230735374,0.301041138615007,0.223567610766563,0.324677610379899,0.251883370342204,0.293355858578249,0.284508127960176,0,0.462876771791846,0.266556531019945,0.884867155503472,0.384139545097099,0.172498753288304,0.0430597536468008,0.302765188425395,4.39233052060629e-05,0.269287347764151,0.0641433251963947,0.00235405809034129,6.28452405676715e-06,0.00518880984502847,0.0146602032232749,1.94215284809451e-05,0.0325857389294595,2.14162693523289e-06,0.000256006489432978,237,"LOC124901165"
-11.0090255621597,0.0348034111170389,-0.00420703122290074,0.162087832803838,-0.107852148278765,0.091783488124356,0.106539406124812,-0.052618120747829,-0.268647243129861,0.33867625030756,-0.0437722284120536,0.483705661588069,-0.0428766687928739,-1.41229673869018,-0.858874373944718,-0.834191815561694,0.540162131852976,-0.0176091685769132,-1.24483315553584,0.0285687511899753,0.102945599404255,0.00278806010265463,0.116875989353483,0.317349863928503,0.871367868783356,0.0867890780803039,0.0837060973614692,0.41009244991677,0.339944647220038,0.451234558704617,0.316966745750381,0.389505189621091,0.481552944647436,0.370071774821733,0.682544722866474,0.419121624127905,0.478230743523824,0.618774943028384,0,0.735306101588928,0.131312667155938,0.165491768464149,0.73396760051844,0.916111854860959,0.219609565143723,0.529607299536891,0.512410155297498,0.319119552361737,0.922722036490063,0.12699854475211,0.912346056655757,0.00335924112374133,0.0202959190409968,0.221639949694292,0.197469133866032,0.970627339062807,0.0442441385805875,238,"LOC101929200"
-9.42646372561703,0.00807578240023834,0.00137013265251511,-0.0136491852233983,-0.298337735512253,-1.2215853813988,0.166443196937025,0.145095271968791,0.212634894526887,0.236163997273614,0.47486268954408,0.0468913208125494,0.227929452314712,-0.136416347948203,0.494556584125683,0.551143817851841,0.568223104821883,-0.237793595143853,0.0982388214266942,0.0148688349450916,0.0467259988995867,0.0013329384962742,0.0536882498983206,0.135083411419013,0.357968396053369,0.0432338182335091,0.0413139180637939,0.170595714080516,0.149094737114438,0.196915494678216,0.139629603390831,0.169946090145887,0.20258039967296,0.158181031995851,0.263131435183522,0.181714698161015,0.22672199208442,0.237451510824642,0,0.862782901805672,0.303995044114824,0.799317566491548,0.0272063340811807,0.000643579007843476,0.00011819596733602,0.000444715930408737,0.212608124751145,0.11319687297334,0.0158868363304533,0.737001706479809,0.179859811937309,0.500696908731582,0.00176886859935141,0.036210381475138,0.0017659581627816,0.294254807695854,0.679077998781735,239,"ICE1"
-11.8771819553858,0.142490171950553,-0.00206950130902332,-0.141643507402466,0.265852101287041,-0.334915391090319,-0.354313081633709,-0.381498039273082,-1.52830993939604,-0.166125293094109,-0.193679309192792,-0.696554289999746,-1.34756612063088,-1.10407230662073,-0.253360007288496,-1.7357828721174,0.511792674883959,-2.39460305669812,-1.65820117695828,0.0585733019822978,0.175824037124818,0.00517878674727216,0.200040147442607,0.40799087171916,1.23441742706266,0.162022947657438,0.15487077292983,0.617644966907301,0.501760925557011,0.679942707489399,0.478875096255343,0.576680954683568,0.776845062624931,0.553372697307689,0.960460077377274,0.641402364767594,0.844258370396161,0.903863611393652,0,0.417702565910839,0.689442888491275,0.478898435333547,0.514650945598825,0.786149127736786,0.0287565416358169,0.0137652614907445,0.0133454592385552,0.740580617174251,0.77576173552477,0.145790110754832,0.0194515645681472,0.155251103700837,0.647062395046105,0.0707247040776855,0.424912482828683,0.00456339604753032,0.0665694088580293,240,"LINC02145"
-11.0652270211747,0.05535642375052,-0.00128860732038464,-0.0498794183632275,-0.529053586155636,-3.51228625805196,-0.19329375197787,-0.373865429413833,-0.165164261136447,-0.291305362086375,0.820067070019535,0.357997025940699,0.812593097637585,-0.400295592372226,0.457259593887126,0.119909354863077,0.369708087061696,0.131126523209541,-0.689464855212532,0.0313226762839901,0.095555201011785,0.00281250919940406,0.109736491043951,0.313527786951018,0.703767962470348,0.0876366861299478,0.0853417381624757,0.360479320066929,0.305689088755103,0.402551639089532,0.284081030584234,0.342686311249139,0.426314293700128,0.321216683367426,0.522153171964783,0.371591734344064,0.432953757588905,0.519380494010496,0,0.562377616988546,0.646830316238163,0.649441561288997,0.091522297273048,6.01646404022271e-07,0.0274101982794948,1.18242188006961e-05,0.646823433797826,0.34061715357952,0.0416327732932285,0.207599620781531,0.017728289804253,0.347747038510668,0.154584367630098,0.818368395766461,0.319769888273175,0.761992774503267,0.18435145557152,241,"MED10"
-10.0038745923286,0.079906966715907,0.00291501453920463,-0.203578677070452,-0.60973973363051,-2.14295039953746,0.0282069035127555,-0.15248702486002,-0.00437558229205714,0.173046007329724,0.234450113449037,-0.303134015850715,-0.0843313555807736,0.230775372275473,0.194368568272615,0.34693109790366,0.172291515481017,-0.612065421859974,-0.790225560481964,0.0370670125622921,0.0974790708752962,0.00305305655510083,0.116919185787856,0.191453811128436,0.449904839327364,0.095888471267427,0.0926711534520165,0.230628290093214,0.204692897160871,0.267567653538632,0.198588912175995,0.237571398777353,0.332953865320253,0.243798889363226,0.34560004749048,0.276192977060472,0.347870319154069,0.345213529760658,0,0.412367423603223,0.33968611369048,0.0816500397930403,0.00144860262027067,1.90623114945131e-06,0.768632849037237,0.0998742096408492,0.984863088046737,0.397891274495519,0.380906415499239,0.126900376522598,0.722610060045225,0.48823728336105,0.425306081907334,0.315450236063408,0.532753383500781,0.0784986718299403,0.0220740022942597,242,"NSUN2"
-11.3482845714007,-0.0960686137200769,0.00531933814003864,0.0697484808718525,0.0696120710371444,-0.852245059474678,-0.112708020131796,-0.127622025502812,0.248286523404443,-0.297667958204443,0.0184309272664249,1.03846991805112,0.589769408029487,-0.167528839233377,0.792128432077094,0.155196673357859,0.7395097251706,-0.328109810212346,-0.572909032320159,0.030788564065974,0.106206244795189,0.00287203338553303,0.118714398266584,0.308130588541031,0.929469772960858,0.0928601038569698,0.0888246936452239,0.428350175064596,0.370884379078454,0.508232449341494,0.340157576291243,0.412033393742714,0.471635187929342,0.376342261726375,0.653934138833408,0.426431901883673,0.531315186044439,0.629883701560711,0,0.365705056901866,0.0640092097079745,0.5568466179545,0.821265640146898,0.359187023757448,0.224847034162635,0.150778972102279,0.562161147879167,0.422211961540166,0.971071249728506,0.00226635115545966,0.152326169610504,0.722433378938922,0.035307971562036,0.812402588324847,0.0828861298248624,0.536876831185334,0.363061291849477,243,"SRD5A1"
-10.0471691070589,0.17767235280509,0.000524735094874599,-0.0761314241061407,-0.223949300348183,-0.0616117080402083,0.0211410168025395,-0.149545797816055,-0.574441129486221,-0.520104367713254,-0.562602671313453,-0.142762984631509,-0.486534587391726,-0.370756722778005,-0.545630088770012,-0.393381773725106,-0.0735383496645439,-0.196944782009753,0.190921118238801,0.0209615255848462,0.0668613110909245,0.00196364407225397,0.077458785124688,0.19260315477046,0.517782946938336,0.0607311186234105,0.0590402737849011,0.246937344208837,0.211636788631865,0.290463478096564,0.198193404398585,0.241889390978345,0.291979127941671,0.229629656400759,0.393868441868776,0.262166253326816,0.315310340036833,0.327893841717932,0,0.00787630542430539,0.789295807982116,0.325674551269083,0.244930986443752,0.905282184039617,0.727758723338703,0.0113108526391969,0.0200045413648935,0.0139895002180532,0.0527559013843561,0.471327025743025,0.0442839797724725,0.204153896410969,0.0174952619480088,0.317908840621808,0.779091831581884,0.532229573008538,0.560388175258691,244,"TENT4A"
-12.1116264450418,0.0366335845063319,0.00299963086404585,0.00975723704090396,0.166489225343267,0.151080291710957,-0.0786543733356001,-0.419471562854239,-0.478497120512842,0.0988796961157162,-0.465641458747185,-1.01561701364196,-0.930508790100198,-1.41607403391099,-3.58715219584242,-1.98915649479903,3.97413180143462,-3.28226495138732,-1.73979082498636,0.0758841241589168,0.237139661803214,0.0071341092836841,0.279083138354369,0.600819683264914,1.8885225058099,0.213314489450276,0.211254716226727,0.865613743841066,0.737047465488331,1.05700780069978,0.711775415414433,0.883710415420414,1.04624313271799,0.897324216480388,1.73827164316504,0.972287092913711,1.15787696846461,1.37881063957339,0,0.877230449924865,0.674147061673745,0.972110235210448,0.781700649437148,0.936237891371066,0.712332753662453,0.0470755480862101,0.580411568924524,0.893278835931142,0.659554787794957,0.15361492852785,0.292360844199056,0.175900846460482,6.39852787416987e-05,0.252486781149819,4.36223904972836e-05,0.0045864879790628,0.207018788748685,245,"LOC105374642"
-6.30483243327984,0.0286268871808439,-0.000240599858170117,-0.0667868559166272,0.161257754696475,-0.0221512351759655,0.000280522355316361,0.0399219896336826,1.67704726964087,1.66473895789552,1.60797332087999,1.67438215331502,1.47464410006338,0.576071533706031,0.926181026655001,0.680071759823385,0.752002247365246,0.639231814954655,0.812637222111773,0.0230543015767412,0.0580439486107635,0.00184267087231208,0.0715989097820156,0.0528262409090417,0.169505826921739,0.057451619281709,0.056274490788873,0.0948999286571252,0.0849627254379294,0.110728428904638,0.0820285936386498,0.102077327377836,0.139390999655885,0.107921485431393,0.145633428470742,0.124393573666233,0.133425456622078,0.129027280192843,0,0.62187600397379,0.896114478981703,0.350927620206336,0.00226862807527589,0.896027456914884,0.996104138235094,0.478066742258582,6.92230382382515e-70,1.74803928773214e-85,8.81966185744011e-48,1.30348255299746e-92,2.64353177481009e-47,3.58410719030583e-05,9.3246365138766e-18,3.0156592649781e-06,1.4908929398151e-09,1.66011330074078e-06,3.0115786900119e-10,246,"ADCY2"
-11.1924567992542,-0.295096386648979,-0.00128982333217797,0.265298977138189,-0.262272932662392,0.0188261827174728,-0.38941636383955,-0.154851851032878,1.43153005621303,-0.248145396956737,0.506501035164317,0.64490226520698,1.49466511603364,-1.04250342797703,1.18864472697454,-0.263197895133218,0.0989984959222937,1.67941843761099,-0.267070351451266,0.0487815782843764,0.137262888232311,0.00417007492984243,0.16025190807304,0.376691230297099,0.922639824283342,0.132446534245678,0.12552805199406,0.440187012873553,0.399297937896956,0.540333917490489,0.370420793966846,0.451522252034893,0.671688028837311,0.432533456723666,0.717274789399287,0.506127329223615,0.54313450329402,0.674486133964373,0,0.0315660634856016,0.757089836867754,0.0978206586234117,0.486269514670358,0.983720539852578,0.00328023924780308,0.217350668146877,0.00114557659245206,0.534300793096152,0.348560434118991,0.0816837380363395,0.000932026603876188,0.120646690242632,0.0059941920941443,0.713662646520944,0.844923275240877,0.00198755450939723,0.692133638105251,247,"ENSG00000250761"
-11.5187600157204,0.507982832859534,-0.000691235775099257,-0.212505005499308,0.0889535254366822,-1.63631302099836,-0.0411678845623387,0.00181779005412712,4.57341131471818,0.850410276154666,0.182428978168385,0.822845479508318,0.499777203259554,0.665469511252889,2.50188586686317,0.589101028611484,0.339635579545792,1.04990781283844,2.72087850030638,0.0488341496990674,0.150589224857922,0.00439974337314865,0.172912463114179,0.323692623241978,1.00489595570508,0.13785810711099,0.130487702093585,0.487756296488051,0.471925948527048,0.611722930669315,0.44550893886152,0.564284586837829,0.689315726693015,0.512074854651917,0.816484689034549,0.618916586866565,0.696150206142662,0.648607892772778,0,0.000742726222119776,0.875159572795573,0.219081372127749,0.783463269633991,0.103452656177023,0.765226147578603,0.988885238337379,6.82462477718786e-21,0.0715454999403367,0.765534053202894,0.0647502407979501,0.375788431210736,0.33434151716481,1.03019382509698e-06,0.470596422587306,0.583171369274694,0.131512877058534,2.72930264142571e-05,248,"CFAP90"
-10.7892748673583,0.102178858318536,-0.00263196246720072,-0.254312472860604,-1.16396177415905,0.629591587998577,-0.0693343341763505,-0.167071587560181,1.24308282754074,-1.11155570345422,0.26919036720051,0.506521742104984,0.226567305523145,-0.429306587324666,0.709046841291762,0.0785962478992661,0.18060135228339,0.70756381424742,1.13639724101065,0.0322917317240462,0.0957849171292415,0.00280661399211412,0.110645304401313,0.339520924055493,0.687227047088766,0.0889457008278835,0.0859987493943831,0.311535244049096,0.295394180389214,0.389830091860041,0.271930529056996,0.338571589716261,0.431567080234386,0.313088877210458,0.517026256816672,0.36170868978904,0.424254504682363,0.428127348190032,0,0.286083337143488,0.348361877153159,0.0215363072070449,0.000607491253213512,0.359596979791587,0.435677555654155,0.0520498618448654,6.60221632604458e-05,0.000167915844243765,0.489859348050151,0.0625061706161529,0.503376953108921,0.319851969494811,0.0235321818831885,0.879174339871969,0.617567658902649,0.0953591096408736,0.00794627817416231,249,"MTRR"
-12.2165919890195,0.0834301094573835,-0.0035965714177903,0.0638103295388214,-0.72444456967094,-3.27361103403229,-0.0418339625024751,-0.241531552656714,-0.626432111618184,-0.422274653172777,0.184374415280344,-0.251363997015932,0.792390414921239,-1.11662490615633,0.599208930886596,-0.291847367592198,0.652734352316888,0.616272700436806,-2.82289365075498,0.0438872994756263,0.144176268663627,0.00396681300967092,0.159710563460608,0.577927193913268,1.26816835177712,0.125222543669226,0.122262226524483,0.637249947256651,0.511745815562054,0.69308791193458,0.480210099662012,0.549964714679794,0.747954728591909,0.503271301312439,0.950244665837991,0.56201694979887,0.629803798694468,1.13896898437167,0,0.562813603188151,0.364583857238995,0.689497335197738,0.21001572368997,0.00984092054943284,0.738321510877142,0.0482090940682603,0.32559553450668,0.409278012871336,0.790224729504177,0.600664005291453,0.149640549107593,0.135462212933475,0.233799632713324,0.758745446358769,0.245473579317864,0.327819490698126,0.0131949417516596,250,"FASTKD3"
-11.2579056547498,0.350922983638331,0.0116061620210336,-0.235445185488948,-0.249582686741408,2.53855516989391,0.186651212143791,0.0287665625242925,-1.58340569544711,-1.5436767035861,-0.917726943623611,-1.94183532936448,-2.65313520356074,-0.521643375393421,-1.95314829838014,-3.43647039094232,-0.218166905746636,-2.43066793579987,-3.32546361628527,0.0731621014192554,0.21412601047107,0.00686731214336748,0.242373596842207,0.52597173803441,1.3630677945817,0.200342602234352,0.192201991280643,0.672971671369179,0.586299629921068,0.784354820440207,0.569542790688111,0.688398151047506,0.84021540265327,0.677060098158166,1.17499375510537,0.780984591927305,0.995498238301558,1.03440570352386,0,0.101242001472513,0.0910166864417533,0.331341994808735,0.635131067333749,0.0625490325646661,0.351512204321533,0.881026248612301,0.0186298277010374,0.00846556949543826,0.241984651775034,0.000650907987370671,0.000116169984158543,0.534701734195162,0.00391726104541316,0.00344820352574724,0.779977358525463,0.0146199202042132,0.00130510750072222,251,"ENSG00000288002"
-12.4792086670953,0.390401499318121,-0.00148412616930109,-0.308776978645538,-0.404452987571328,0.31136828312985,-0.144633553483097,-0.0830753396818529,-2.1769158205109,-1.38131657335127,-1.5410362210669,-1.25490807898605,-1.38958101650171,0.409000819992003,-2.27245155333257,-2.13582683693144,-0.457535704155684,-2.39608390234261,-2.8710214160877,0.0759733626201442,0.230251327359042,0.00664434425407085,0.257175619086178,0.75200281955884,1.62529313555163,0.213983459845434,0.201647287352278,0.807088129161485,0.668102548542387,0.904014587938729,0.642100165727743,0.759981475884304,0.870831183980275,0.748877151897631,1.36403160429825,0.847649767717032,1.15019392729148,1.19594212474911,0,0.0899720709799248,0.823250011462613,0.229888397958847,0.590691378458502,0.848073801072728,0.499097808634855,0.680351573559746,0.00699154455980181,0.0386850136591473,0.0882581196322592,0.0506562284355758,0.0674834467280136,0.63859282491256,0.00240951996468001,0.117390956624238,0.589355830220589,0.0372330040118422,0.0163666190495758,252,"LINC02226"
-12.089196297132,-0.693458543175101,-0.024970968837842,0.173454403722082,-0.326445907761172,1.52783464585898,0.450396614315548,0.393081180942934,5.49228058052115,0.853649863614318,2.43827689409358,3.72741620673363,1.87431508795909,1.12683760588367,1.08603238130393,5.15125303689214,-0.32100506009285,1.94255111599055,5.42208983557164,0.0925073947797562,0.250107234869415,0.00809862677133,0.324712347040487,0.496040382285375,1.83426283136617,0.253449469671547,0.24749030291653,0.89892180992869,0.828874608092269,1.01565636975542,0.761617182309647,0.963474117576121,1.14638097212168,0.916714663874141,1.4875510718199,1.11674006946655,1.26693575868874,1.14228120292831,0,0.00556027628148716,0.0020467849375469,0.593217937737323,0.510471632146454,0.404877411850045,0.0755572652012877,0.112225519662063,9.97226279907159e-10,0.303061535938002,0.0163641575874516,9.87661402088052e-07,0.0517302824923259,0.325631004623812,0.236135858547168,0.000534370366374162,0.773769065261549,0.125210018605807,2.06741116171905e-06,253,"SEMA5A"
-10.3594802655431,0.28339523339523,0.00569030986519802,-0.143932611511047,-0.612791052045733,-1.78814124903751,-0.051429120729631,-0.0774307733853255,-0.0952319845619768,-0.713841280178806,-0.220849755790466,-0.188973143323424,-0.419344272995497,-0.163661387009559,-0.443753102394355,-0.997847133969156,-0.745410549722473,-0.520320100411273,-0.779930321123848,0.0463013949550259,0.120449604042956,0.0038443749133124,0.147058732366037,0.227795278168279,0.557786397043698,0.118265814055446,0.116597255448735,0.278334112761947,0.255334992509915,0.337043681708738,0.244566900125211,0.29777888460592,0.448673571593655,0.310610420233839,0.444737862700548,0.365505391057781,0.414632762540002,0.436028084385961,0,0.0186320683700137,0.138829171780152,0.327707293709962,0.00714315746180532,0.00134696279112635,0.663663750640654,0.506634345675669,0.732238097859667,0.00517866686894818,0.512303209956882,0.439708903267753,0.159059879807272,0.715285216796147,0.153105294748638,0.024853332819594,0.041410434763028,0.209517299752234,0.0736605980611765,254,"ATPSCKMT"
-11.6722839020832,0.0835792212452464,0.000744414523838075,-0.112509642728386,0.226006462195717,-0.190834192918987,0.470186212738645,0.402526303881789,0.299619469361621,-1.4435190234986,-0.846847131169269,0.198961433723487,0.441585424300223,1.80579871846639,1.14162049667487,0.60809203406077,-1.29008530256459,2.37257233771995,0.498300766640996,0.0419223007330121,0.123244967281333,0.00353921105994525,0.144276597540893,0.29205970664215,0.903960297708107,0.11589191705936,0.112133412268333,0.428959449558056,0.399347617642455,0.548694275764007,0.367102838192807,0.44401659881898,0.469802295638967,0.406004664762852,0.654577144179264,0.499072358430897,0.538182489511494,0.590185711519638,0,0.497673264528323,0.833407418526694,0.435497377409828,0.439027482768181,0.832802184336944,4.96837639387544e-05,0.000331047490642204,0.484877246260692,0.000300703779136316,0.122737118551839,0.587834090009439,0.319967541732377,0.000121172496848226,0.00492588713016592,0.35289710880578,0.00973884734565445,1.04093634211087e-05,0.398495188060077,255,"CCT5"
-11.4475400455305,0.123566508434275,-0.00296009346896397,-0.163278822298039,0.582262628187414,-3.23495072898774,-0.014882053595886,-0.109532373234931,0.0569434829839511,0.81449263375241,0.0251289983489607,-0.280069931514323,-0.343283645218326,-2.07401614798863,-0.845815621573751,-3.52984612483802,-1.14922947517778,0.827390556133052,-1.56761916352639,0.0326570099627514,0.115396481653795,0.00315235711111399,0.128314566134891,0.286351048822603,0.934941059051594,0.0974297198663959,0.096061868043792,0.44581094960301,0.378460162430636,0.510723890284016,0.354153394793904,0.428819529174876,0.611665028202834,0.417587094299282,0.9472797683062,0.478787559102205,0.479700677502271,0.741376632516518,0,0.284259538882125,0.34772583519114,0.203199572888289,0.0420133945430369,0.00054005810934266,0.878598149722146,0.254191578507313,0.898362558524147,0.0313877068824098,0.960757753356049,0.42905176653826,0.423402779660701,0.000696962654568819,0.0428177773493377,0.000194313132279761,0.0163820422078519,0.0845624591318301,0.0344750851328763,256,"CMBL"
-8.39000963957505,0.0507669811865996,-0.00122850620888124,-0.0294127445383007,-0.166019432602694,-0.381642303613598,-0.0292546582170747,-0.102769180692703,0.411365348588271,-0.16082445895308,0.218230894196476,0.546381773478558,0.749607839007654,0.252868946456278,0.0737529201833879,-0.463069294020107,-0.0197320552158029,0.952142326089045,0.335101660738779,0.0233698448398627,0.0569828688313719,0.00189064326470156,0.0710038517057467,0.0838662826866527,0.219054639255488,0.0584407345630836,0.0575895509556699,0.113966341335628,0.10315168706425,0.135488236455641,0.0989578952087851,0.119891514374626,0.17351458620129,0.127588776825044,0.183912179789928,0.145220964336565,0.159057218560267,0.167503583575103,0,0.372973938272533,0.515832963116913,0.678697226041842,0.0477515242965733,0.0814692130342026,0.616661979360568,0.0743406872398761,0.000306747934252185,0.118971191150739,0.107245139014715,3.36393340221553e-08,4.04232834570942e-10,0.145023823477207,0.563229157599518,0.0118062635718298,0.891919246302245,2.14849979762241e-09,0.0454393825372012,257,"MARCHF6"
-12.0244869578436,-0.0246897595517181,-0.00736711373143087,-0.150329084447849,0.673553524544466,3.82368794277056,-0.246618870429358,-0.531705430923232,-1.26932414913488,-0.447187529187271,-0.037533783780359,-3.90950419401972,1.69617537905773,0.353974323804182,-0.964396272000885,-0.596805605504196,0.161836727072169,0.710606910911385,-1.24880960752592,0.105832104250185,0.26294774349344,0.00771656558371962,0.323109513622811,0.459012766248306,1.28467118052716,0.270849338606695,0.257829253008131,0.669866691642574,0.538581149458509,0.712467488874211,0.580032251786582,0.581105697011696,0.997237663490909,0.644874502650252,0.985466934304505,0.658578180240286,0.889394848481931,1.04212893753485,0,0.925191716268949,0.339722312858305,0.641747154892909,0.142268345762079,0.00291659629995106,0.362538353947091,0.0391850279580586,0.0581068865067737,0.406365409015868,0.957985760198272,1.58223553365063e-11,0.00351296113766246,0.722623432156384,0.134789478278694,0.54477579888213,0.805886180089155,0.424303172858863,0.230790350174777,258,"ANKRD33B"
-10.6345960677016,-0.0549272200890626,0.000958181424224332,-0.0815185743376688,0.132931723543205,-1.52820849906878,0.0270018709841522,-0.132064357733875,-0.574354116756828,-1.56932003425912,-0.247240584360739,-0.410594980030136,-0.862937167512608,-1.1375674322375,-0.0774311215044256,-2.20380348218656,-0.912770912142746,-1.23693812506272,0.297595944138641,0.0315151944942333,0.0988373870688304,0.00293455871127698,0.113823207660701,0.278250338293822,0.74567026322,0.0897639549820637,0.0874475753575407,0.35733703763969,0.314230067600707,0.42521437344627,0.292294609699029,0.361168163242539,0.418209331750543,0.336624635639462,0.591101850252572,0.400284123151638,0.45657273439209,0.467251042664152,0,0.578393238335446,0.744033714613679,0.473876579547587,0.632834229626568,0.0404188426524187,0.763559589050797,0.130989395835451,0.107984711081409,5.90877177527626e-07,0.560937703465567,0.160101608867765,0.0168807568780382,0.0065263956426551,0.81807456008643,0.000192777811508092,0.0225894537474741,0.0067449555314693,0.524184747708729,259,"DAP"
-5.50488062438272,-0.146911614576977,-0.000675194665805353,0.159569816078048,0.138848701935253,1.47122414238537,-0.0450543388683433,-0.0503628186226449,-0.334292556310464,0.42978472072692,-0.00698785846080649,-0.174295981064182,-0.281896275635809,-0.0880828793291266,-0.214709227352638,-0.705846269075666,-0.286903312924545,-0.214212150017352,-0.619364547876278,0.0168195736684881,0.0417881262992093,0.00135782946134004,0.0520780003088301,0.0402942784608131,0.126454746024123,0.0419354316665715,0.0411524393427891,0.070812141902006,0.0618873793778258,0.0829627109785487,0.0603224446542779,0.075038783302056,0.102926583575525,0.0795674503331257,0.108163936262351,0.0922141949664183,0.0965826879074758,0.0948953064102564,0,0.00043871096501763,0.619005513805108,0.0021835933867019,0.000569231618068296,2.75545085291548e-31,0.282655075669219,0.221023435827231,2.3487648834007e-06,3.79463532986711e-12,0.932874435447356,0.0038597145140185,0.000172186294972089,0.392117503788441,0.00696620418428613,6.76810410355883e-11,0.00186284153884608,0.0265606583772998,6.71808694476693e-11,260,"CTNND2"
-10.4140481469959,0.0497322396554279,0.00592349630718404,0.239465881352851,0.487143019897979,-1.79114224075793,0.0195389146830763,-0.01130017323273,5.17018166326383,-0.917485635076666,3.70438599076332,1.13558935993996,-0.228724303206484,-1.43880213135464,3.17632836737156,0.701528215700139,0.615028656445373,-0.135188639853133,1.19611074926463,0.0560358167926284,0.157765722723012,0.00492849566738007,0.191950216144508,0.283033241660564,0.831877335782644,0.148470991664474,0.144116979329998,0.451215114199797,0.410299882435512,0.520523365272006,0.385335022530886,0.481793477353731,0.654621892655156,0.469121131065827,0.662191898449276,0.56458702926413,0.588098793833678,0.592130809323584,0,0.752588227968271,0.229407198997951,0.212198973693939,0.0852233799887893,0.0313082560125952,0.895299981313629,0.937502135072386,2.13538969173806e-30,0.025342976099919,1.10576607283689e-12,0.00320854222983311,0.634975754292263,0.027955288525584,1.28066532339086e-11,0.289416193327202,0.276002869398209,0.818189656924545,0.0433822463754968,261,"DNAH5"
-7.62058330179922,0.0492571722705553,0.000489430989241824,-0.0577662278105154,0.00342625311940601,0.606361071297552,0.0899184309704304,0.0372556383214683,0.0541604792007744,-0.564727915261482,0.293504529579247,-0.377705101470523,-0.300263053306569,-0.0525665408571328,2.04146842373676,1.81084546335702,-0.11686733858612,-0.340199400343371,-0.387355832757916,0.014940922222147,0.0402396490539836,0.00124745074110945,0.0488976204931038,0.0704655559019373,0.202320121356674,0.0390660337346347,0.0380199645114346,0.105858802257158,0.0939430975658297,0.123803475190836,0.0895709473139734,0.111010746415759,0.146564931807341,0.107757398318369,0.143857156476586,0.127861927360163,0.146847104089925,0.148061908132517,0,0.220916213338047,0.694803360870843,0.237455397679142,0.961219667968901,0.00272616819795668,0.0213518923466957,0.327137104772122,0.608910380716826,1.83947541303809e-09,0.0177530267503138,2.47764980019199e-05,0.00683433261761307,0.719851689201802,4.85204823301537e-80,2.46439002862303e-36,0.360710529434529,0.0205205568555965,0.00889210229074708,262,"TRIO"
-12.4057716201469,-0.0216971501349295,0.0105763746492517,-0.0549422624816758,-0.616395814956356,-3.69505262992185,-0.0338945646306041,-0.3413528945173,-1.38319123464782,-1.68453901565042,-0.0986681608814697,0.147291807779894,-0.243240819039723,-1.98576242818807,-0.791274725847011,-1.22302120263517,-0.725292345838458,-0.718118315866505,-1.97845766988228,0.0476398557747123,0.157096709669298,0.0042921489446398,0.168867569779384,0.615582464851872,1.34146902690661,0.135681957004932,0.136539950360183,0.662844679447012,0.54883287052811,0.733681675291393,0.496078285900262,0.5981121471959,0.74931266044308,0.549115791457949,1.022807613425,0.647647540730773,0.697337510298426,0.966757577201074,0,0.890150848758684,0.0137349708445128,0.744910821308241,0.316671513388939,0.00587850776683903,0.802735112770466,0.0124185556437869,0.0369107253586203,0.00214552787228689,0.893020170035169,0.76653336850657,0.684242330327411,0.00804651056938209,0.149585263977342,0.231794515146592,0.26276173161224,0.303103801263437,0.0407083931752693,263,"OTULIN-DT"
-10.3847748830095,-0.100057749117124,0.000835874799788711,0.0825911041205165,-0.436844188954581,0.0128019921767011,-0.0129004408055076,-0.244158473633711,0.316751319388898,0.181926172644175,0.781373094271555,0.125364897453152,0.589657343806645,0.522356999779317,0.353597104719853,-0.239098444902567,0.847568618781645,0.69804867865111,-0.891788736695664,0.0250877376358067,0.0759150247398439,0.00222296255742852,0.0883629780603213,0.243437700632365,0.572374680393274,0.0708570689663393,0.0692084044451259,0.275262341265036,0.23893230158124,0.316330229317522,0.226710938172974,0.270095585828536,0.324481391266285,0.259003860928277,0.458638599311735,0.291493783362181,0.350265606210363,0.423187128100412,0,0.18749594659223,0.706903225068131,0.349953261523456,0.0727365199685635,0.982155639181724,0.855533393011721,0.000418912812566835,0.249845295859226,0.446410394842547,0.0135068369663042,0.58028229180246,0.0290252654719386,0.107436911061596,0.172184091638042,0.60214239725777,0.00364128813414247,0.0462710375296657,0.035090252497052,264,"OTULIN"
-9.71740776273413,-0.148858935899488,0.000869257501222015,0.126402457002709,0.0952910664985245,1.8811044819695,0.0315323666636868,-0.0873973237275322,-0.219465374347499,-0.466846147457278,0.620234209067986,0.203213378603057,0.558463970065964,0.171344791524133,0.184489517654059,-1.07142066431266,0.376542890775189,0.649758165246865,0.0545862637048026,0.024744526784817,0.0717315897220953,0.00218651709780024,0.0865383986220138,0.168206852888606,0.50010092740952,0.0681263989251943,0.0661637522549335,0.24321266846706,0.211090609492146,0.282942403569987,0.199651769964953,0.241885880925259,0.302970356289995,0.238643559178493,0.409172169415229,0.270269448734177,0.311391150534084,0.341912206930105,0,0.0379660126006339,0.690959350787906,0.144111056944936,0.571046319759974,0.000168931398184813,0.643471226895597,0.186526527798361,0.366865682346802,0.0269949197217383,0.0283732649423914,0.308754425295763,0.0209551759158991,0.571699935368598,0.439477628204559,0.00883151794249663,0.163555410679796,0.0369215791141705,0.873156836168634,265,"ANKH"
-11.6044088741167,0.182653367718406,-0.0123733349582501,-0.191548130378857,0.551232610734137,2.2976168156104,0.0230513561146034,0.1194373750453,-0.704245823195096,1.06007116188829,0.195049273015056,-0.105067097607138,-0.256337419270703,-3.4150855710237,2.42740848843263,-1.71411399095055,-0.295072062918086,0.466131050866046,-2.6276199114359,0.0717346321604846,0.235107897506906,0.00651161121989082,0.273785831668784,0.527829330478631,1.62221734932308,0.206893074906248,0.199219520137828,0.846693031185053,0.683915211635214,0.921467191962277,0.658707043257704,0.801660199183787,1.28884767712975,0.76465215850894,1.31330743023731,0.916035486780498,1.02594423287403,1.44295749568099,0,0.437222684752359,0.0574074561130545,0.484159887671935,0.296328701651943,0.156674990492325,0.911285870087103,0.548821866084585,0.40554414094657,0.121140609211028,0.83236253630193,0.873270982637373,0.749151639672955,0.00805584849385194,0.00150081221045986,0.191828607917338,0.747362852549952,0.649581641410972,0.0686074560967005,266,"LINC02149"
-11.2464612801378,0.284710942365533,-0.00736699679842101,-0.131230054068515,0.379729017324227,1.88894453439214,0.00488372525215114,0.113689203931531,-0.702513054572983,0.614831909094201,0.0885322043013769,-1.12305159057296,0.156113411765053,-0.95512534795671,2.00607402842351,1.01352662082138,-0.448708394490353,-1.09050927351314,-1.21135169590945,0.0543345984654164,0.182323051628411,0.00497127628844586,0.207794708530134,0.401352061532057,1.28368018655116,0.156219610068655,0.150399907107261,0.650418019424098,0.547351840180456,0.705639907268439,0.515521738366766,0.620637732105072,0.840832372566208,0.586711374275422,0.986888804644477,0.676314229819745,0.851464990796659,0.904755859440144,0,0.118388371559331,0.138363561157361,0.527689441833452,0.34408509046768,0.141154023406672,0.975060657461625,0.449701522786315,0.280100012440129,0.261316629570008,0.900156449153058,0.0293706378893857,0.80139888672448,0.255986543079009,0.000628092838350285,0.304424367793558,0.507035084909398,0.200283353840549,0.180612559085885,267,"LOC124900945"
-6.38769508800671,0.00623384016524221,-0.00171764281333505,0.000789825664898614,0.125398283504628,1.79888572966378,-0.0416049275009157,-0.0496466029281256,-1.01849281478341,-0.321385789135695,-0.696639048162963,-1.22492194887735,-0.486185025097781,0.487028336325094,-0.162964109672969,-0.898885019070729,-0.564151170721395,-0.503410089469526,-0.919156135825019,0.016880019753645,0.0437711592828299,0.00141716214465004,0.0536279141755782,0.0577584622790695,0.179352616805757,0.0430243118395944,0.0421136812959308,0.0984158187430616,0.085274753510071,0.114745728183046,0.082436603897401,0.102712226538616,0.136900245813074,0.105197912099756,0.144094299453379,0.123067177634652,0.133599056558629,0.130356864673594,0,0.886749137966398,0.225500956731888,0.988249274063488,0.0299250716482316,1.12650216703567e-23,0.333539177441468,0.23844949642961,4.23440567060992e-25,0.000164016545630873,1.26993906659748e-09,6.08654442300624e-50,2.20715906292373e-06,0.000374341657536117,0.121353058523715,4.42713833095813e-10,4.55965122178093e-06,0.00016451707812964,1.7753972226085e-12,268,"FBXL7"
-12.5520061364586,-0.115377727899671,-0.00137132525686872,-0.0304291562385927,0.150172968086366,-0.777159725666995,0.181144726098315,-0.318685271073832,-0.664916894817826,-0.590671204030561,-0.173198541054972,0.400593134583521,0.856535866566838,1.72821401902427,0.717348122108505,1.07328068930827,0.217260045168223,1.71203926683905,1.69473048367325,0.0512368726479674,0.166770195546977,0.00455927656282373,0.18711335395778,0.489692984599556,1.42289672190619,0.144538900258854,0.148405516239384,0.736390330606542,0.592311664716433,0.831264206347006,0.54962430010254,0.646624489972291,0.609095401297422,0.584711119409067,1.01460356910402,0.681720155328105,0.707524784130775,0.785643139272592,0,0.489039938483946,0.763584593226438,0.870814345505252,0.759096400244792,0.584941249340206,0.210111342246339,0.0317618443414345,0.366557300341907,0.318652683508187,0.834951332291403,0.466094019843982,0.185295097169382,0.00454903749503111,0.219882005347294,0.290131786416143,0.749958651697477,0.0155308082338693,0.0309959235138017,269,"ZNF622"
-12.4433552850182,-0.0859432040761526,-0.00162884679454797,0.120647611715876,-2.10671837159527,-5.11428756341846,-0.222860376228162,-0.620796285556216,0.0655495255737714,0.0892842594692083,-1.66921198633306,0.327363236060451,0.711064004035279,-1.92891193488381,-0.581329261731261,-0.917400736423907,0.349829822602292,0.195106386502551,-2.01850696125464,0.0569089593774713,0.174076285056016,0.00496597746912342,0.196761475095248,0.817996879914663,1.35691361240772,0.154584872853657,0.156473298565085,0.663128223313276,0.56758447465971,0.81957458927631,0.530322907295707,0.63021906906521,0.913283403348316,0.615970825423767,1.11810878707614,0.673152293024725,0.769827976508832,1.11839558995887,0,0.621510996265761,0.742910720971165,0.539766028890027,0.0100106806468872,0.000163864105464196,0.149395485941594,7.26529578711577e-05,0.92125820590992,0.875003947157397,0.0416820206953465,0.537043202125565,0.259201397266145,0.0346810600943863,0.345291778040394,0.411934963511784,0.603280375059519,0.799927032322364,0.0711022612581059,270,"ENSG00000289112"
-9.7895417887639,-0.28430802806639,-0.00159679195887377,0.182339148376802,0.0301980899854856,2.26842907079357,-0.0339353039440046,-0.0669827704200375,2.65464892555056,1.37286281991854,3.11135829301053,4.07619904285871,0.513074023480965,1.77872349094324,3.74892759455284,4.67409555860495,2.13911305684711,0.45223131052903,3.84673479411655,0.0369317244918214,0.102659684715503,0.00310831873289274,0.124070336820563,0.163475941803943,0.538238152788425,0.0977844871507415,0.0943106005266325,0.282836949093533,0.263708525488131,0.324735452471889,0.248647370794763,0.319649868254402,0.377169649549988,0.298533738019083,0.401633336255136,0.350272231607488,0.417028648799302,0.360533340661434,0,0.00561557834589491,0.607450812982274,0.141658366597062,0.853444752603473,2.50281928376164e-05,0.728559919847352,0.477557887132208,6.24450287872856e-21,1.92969477821527e-07,9.59153484986714e-22,2.12852465581544e-60,0.108469032147182,2.40553301662455e-06,3.60200153701334e-36,2.65011107768947e-31,1.015202616672e-09,0.278181698486162,1.4128254538197e-26,271,"RETREG1"
-12.5383389293227,-0.317085541979671,0.00330254753059365,0.260990688574119,0.729494485163926,0.174955622848919,-0.840021492336102,-0.658587721856584,-0.829467065463315,-0.521599865060636,-0.624406295523772,1.3081186443642,-0.706152003731964,-2.18618193712941,-0.989625262560767,2.04022252065219,0.503286981273464,-0.772503336858466,-0.903453091404133,0.0588714447523805,0.188344746573661,0.005651093380155,0.220328266372894,0.34713852459092,1.52522930819885,0.167365104445766,0.159805469961761,0.754776211899583,0.615275100474965,0.856358436950608,0.558986114859517,0.712391620120756,0.991122630558575,0.662258847917601,0.942607672298025,0.765359734201216,0.85211451049933,1.00378800767087,0,0.0922709854199941,0.558945446893228,0.236193906734497,0.0356014239646818,0.908676770520089,5.19152575241789e-07,3.76930468857242e-05,0.271786554104863,0.396576853244673,0.465915239640471,0.0192753233662616,0.32156776278999,0.0274005762819057,0.135092544134936,0.0304302087052428,0.510806598951179,0.364633061879006,0.368096985246183,272,"RETREG1-AS1"
-8.24851485821758,0.170498654499605,-0.000899935025565751,-0.155506820747136,0.159927205148409,-1.4596495502795,-0.0432241158358806,-0.106418220059154,-1.69667287704798,0.0547192497638656,-1.88209700529608,-1.94416278520826,-0.860816435246783,-0.0239051149707033,-1.89542092382977,-2.78919740451189,-1.39675349532846,-0.389557472515796,-1.61428205618124,0.0173553727824035,0.0477594376740284,0.00151719889529793,0.0575459025535738,0.0935354627882448,0.258305015681174,0.0459655600226366,0.0448512353091658,0.137574054008253,0.115335886933843,0.15975571861102,0.112444843741491,0.134821652827351,0.182184723059679,0.14140027848003,0.237680113881905,0.158677851689421,0.178016636587201,0.196579252234507,0,0.000357053653598025,0.553077021673472,0.00688596973967276,0.0873023273320955,1.59632446995395e-08,0.347033581695871,0.0176589261521442,6.03161114964268e-35,0.635190553833557,4.88553105427582e-32,5.60262402243061e-67,1.71562186010038e-10,0.895606330813779,5.67922900076687e-41,8.42371894055547e-32,1.3386391306653e-18,0.0286462575730829,2.17781127492882e-16,273,"MYO10"
-8.73035598401815,-0.0622969099975489,0.00170729318489539,0.169670169496524,-0.107508355093319,0.984889247332091,-0.150217203886112,-0.087531237144931,-0.0179365533702102,0.460032536926646,0.898763303254201,0.495754566868692,0.247538893232834,-0.492793708370737,0.135825165478501,-0.220196140971573,0.67747935591506,-0.05483008936088,-0.249687494056591,0.0420486778489301,0.10048642503823,0.00341368910638879,0.125300820153067,0.111286795630409,0.327066561335774,0.103824440920567,0.102964412346447,0.171673365281578,0.152361131254226,0.198168906170704,0.147858999540181,0.179900862535933,0.252217555712293,0.194362341585304,0.273172906398586,0.221719347442747,0.248044880793903,0.240236034389253,0,0.535288407432827,0.616982542677001,0.17570363882471,0.334020303431011,0.00260148179694033,0.147942146160001,0.395263065519027,0.916787883642165,0.00253312455365184,5.75108504517978e-06,0.000799732535749451,0.16882971083979,0.0507196921775371,0.484661717634751,0.420203213753704,0.00224631911619629,0.825054228216014,0.298645526979173,274,"GUSBP1"
-11.9131741528865,0.932093401348901,0.0118584480333247,-0.384288074015497,-1.58383646887525,2.47154474642019,0.099746035341551,-0.194230692905984,-0.262209587268376,0.102189853183983,-0.46488008721827,0.968993083043214,-0.459358026165987,-3.00646796700057,0.1077828063683,-1.02083217472708,3.49641639760421,0.62360762258831,-3.49780315956688,0.09937566425378,0.299485635324528,0.0094816862134415,0.331040244894079,0.852868725021575,1.89105165016867,0.276666704777462,0.261659862732497,0.902160969822578,0.789091870776922,1.08676982179669,0.761064920126006,0.94611575938153,1.39814119383033,0.916585251974062,1.47190650859045,1.07052470048415,1.36763898047583,1.57157430430607,0,0.00185626807218659,0.211055379803899,0.245702898300786,0.0633012714775246,0.191223444387709,0.718452479326353,0.457904256531698,0.77132198181062,0.896959562403954,0.668823564851871,0.202944644219158,0.627307602120563,0.031528950635407,0.906391191790074,0.487968117849571,0.00109048486674958,0.648408776792263,0.0260364054896619,275,"ENSG00000253766"
-9.15787187931713,-0.0258859222727181,-0.00214934075779773,-0.0597514746821602,-0.365985586364611,1.39072519905487,0.143053335770191,0.0648461723323124,-1.56339801719718,-1.0875175809133,0.169958605461501,-0.894822033425765,0.743866422407107,-1.23077256856461,-1.89037527533681,-3.60385916219334,-0.873236862333772,-0.375919354008499,-3.62164751336848,0.0268568574478883,0.0766095787270923,0.00236943070511559,0.0919658904630373,0.188034268702298,0.474466590206871,0.0725866828526626,0.070497730153723,0.243989952268967,0.205261749695276,0.279901360824658,0.196181351095025,0.236184482193243,0.310034107295962,0.242590658805922,0.457708220251446,0.272406011049283,0.31368440393047,0.381279668149329,0,0.735443017303797,0.364347186395569,0.515877343390002,0.0516094635803921,0.0033772696579001,0.0487475430354259,0.357659785626216,1.4779635352063e-10,1.16950519550396e-07,0.54371226751512,5.08625322400919e-06,0.00163542061194065,7.19337946369057e-05,6.57228333484001e-15,3.44292255859537e-15,0.00134760311657367,0.230761376712965,2.12599988621624e-21,276,"CDH10"
-9.38245675768594,0.0553493742403324,-0.00281627443448155,-0.070286056552124,-0.253396719933101,0.184172439362819,0.0542627907617588,0.00559011514927612,0.295819353097156,-0.127560441495265,0.296493021032496,0.301809473224557,0.581485085135153,-0.277876456686076,0.122398504560617,-0.150654901180276,0.303370801957644,0.305279347662818,-0.492044164347097,0.0138873321682765,0.0445339344214497,0.0012682639869998,0.0510566502122206,0.138045799419852,0.362337760914667,0.0402755790901615,0.038881960791813,0.166286224506737,0.145175256172257,0.196246977935671,0.136006665559978,0.163687747816384,0.202382606608968,0.155487392962631,0.276265530623653,0.176019078281784,0.213218740767441,0.252394364289701,0,0.213920019581133,0.0263798070634683,0.168627033295847,0.0664169974370212,0.611250409909026,0.177887604419093,0.88568096309523,0.07524354831729,0.37958284760844,0.130835406116901,0.0264813815463462,0.000381727615128915,0.16974445470207,0.431169205905425,0.585529015487789,0.0847961737783786,0.152210795266527,0.0512351041228501,277,"DROSHA"
-11.0831987658128,0.0929212677466303,0.00195330004537928,0.0875352541674307,-0.101082518297303,-0.216644966053603,0.0829730866988171,0.0266274234668923,-0.876446199300309,-0.502975910589195,-0.0459291624762776,-0.201067142753655,0.0988578085098598,-0.547230690654082,-0.655533542533568,-0.429678552928376,0.191930290906943,-0.14211891987915,-1.68755680555536,0.0260176526392053,0.0891265377511263,0.00241368640794811,0.099577652757847,0.285703308061238,0.786493532244877,0.0781891480913536,0.0746966950542734,0.367288308367892,0.304122194310781,0.407113079587297,0.285482107792777,0.333467725174158,0.393597373460519,0.313274400070635,0.594914174540711,0.356290446387506,0.436899382579155,0.581690866259101,0,0.297144301283443,0.418365565588046,0.379365898265534,0.723486968930413,0.782965336012754,0.288606209211814,0.7214856821362,0.0170206120058674,0.0981557087843373,0.910175862001755,0.481241398894486,0.766883465925033,0.164428341589925,0.0363918548817847,0.470138937644091,0.590100406265447,0.744961737592589,0.00371827784915154,278,"C5orf22"
-10.879222646905,0.144639203466919,0.00550371980968262,0.0895105067758428,0.322522784602639,0.366161286925214,0.357688179861388,0.389491958297891,1.0280251017755,-1.61610207499885,4.83438617977008,0.617633986232972,0.932675666293063,-1.52755148677555,1.50729156292173,1.4374664606834,1.68773403709512,-1.33280109982157,1.08626237368894,0.0759159752612038,0.199381362569726,0.00604004880652024,0.255008698779917,0.292846268063187,0.898880558148362,0.192475406987287,0.189681716613305,0.440513947278255,0.406564211113195,0.508355134874777,0.380436616932473,0.468453719001032,0.679929184448861,0.475340375574899,0.656877912524222,0.532140808031687,0.666213800451427,0.631304429716494,0,0.468182178781296,0.362187619759839,0.725581130374101,0.27074948718239,0.683749072370992,0.0631182163987131,0.0400340438209307,0.0196117093232127,7.03724659467049e-05,1.90919242398544e-21,0.104485292801235,0.0464845691549465,0.0246634778853243,0.00151929190996073,0.0286454824692946,0.00151605340801828,0.0454397599999752,0.0853119367008309,279,"PDZD2"
-9.85721888020507,0.0689885843125875,0.000349428450194405,-0.0723842083377208,-0.149763068878573,1.79660566764326,-0.134189838163651,-0.219016689587743,0.417393690017408,-0.38701602130714,0.495508716055379,0.489913285575541,0.814906909533435,0.00312268524005843,0.326535112675224,1.05469698458598,-0.225586508436207,1.33207570323526,1.21053140277005,0.0235181126314449,0.0681062666114006,0.00208509132297715,0.0810891910762822,0.17200426141181,0.453726665204519,0.063912326576755,0.0625589493352647,0.217268538048782,0.195187905907984,0.25709075096751,0.184064836609007,0.224421824532594,0.293226726339755,0.216896142802517,0.323838874097524,0.252920214254106,0.293405640380483,0.292859860966824,0,0.311081648559796,0.866910368425666,0.372045017842173,0.383921285628137,7.50549235481506e-05,0.035764707746101,0.000463576790583928,0.0547196228403213,0.0473912388001844,0.0539336734512514,0.00777623088032925,0.000282172809238956,0.991503178175097,0.132197981682959,0.00112653071460154,0.372431763814665,5.62414118590163e-06,3.57305960365849e-05,280,"GOLPH3"
-9.73178037413854,0.0436242228696876,-0.00167402559861828,-0.0862403740151324,-0.0466296608164577,-0.559358804482844,-0.169042795627162,-0.196329918553989,-0.0222721781926349,0.372347144568129,0.357524537132204,-0.0267110471757954,0.432595228091612,0.261244741204584,0.102339461228371,-0.299752292010015,0.244140881624257,-0.130239777076416,-0.727549476991135,0.0204215779802042,0.0611026651634932,0.0017949920042357,0.07190563980735,0.152253893837437,0.417585565538782,0.056608604895834,0.05474666337665,0.204434134209108,0.176680714360506,0.235943986263691,0.168119906148556,0.201185804867715,0.257428321319659,0.197386395528387,0.334403805875751,0.223702865386278,0.272401191384538,0.309489836045081,0,0.475258350092394,0.351021913439336,0.230390016409667,0.759404775611987,0.180405664426852,0.00282497544011981,0.000335591934484861,0.913245720627729,0.0350779184176837,0.129697934484943,0.873762684857778,0.0315372326159772,0.310189171034448,0.604128489321326,0.370050789676029,0.275113478721799,0.632566575975961,0.0187329745108101,281,"MTMR12"
-9.00353328070321,0.0383807102753403,-0.00158941074811522,-0.00352870874483597,0.00888178830986312,0.442088016491444,0.14845226619236,0.128766140877698,0.327331275829813,-0.210429408291212,0.205101036649358,0.178710615936402,0.733406581468133,-0.301547309067641,0.464181367677494,-0.0947376155144743,0.344337822325641,0.925985276216372,0.232239601211873,0.0146744921023791,0.0423664709819964,0.00126305085702872,0.0501861149715722,0.0998729980437235,0.29008496388649,0.0401999775081153,0.0389748656268644,0.137849757517474,0.1226373635794,0.163662480426123,0.115945126550412,0.138951529381588,0.184898722549165,0.135910750669203,0.227083361548473,0.15520375832299,0.184602807761027,0.201395150313713,0,0.364977236982902,0.208250695081765,0.943944972649703,0.929136884212149,0.127509975756551,0.00022175962399704,0.000953753007319311,0.0175703100326846,0.0861863831304373,0.210134672487263,0.123234573401573,1.30496847418882e-07,0.102916007384191,0.000637025375323886,0.676537159012885,0.0265127368784445,5.27321800350967e-07,0.248847225211408,282,"ZFR"
-10.8548050113419,0.0470104771206404,-0.000103673614073037,0.00670369352857005,0.0783659870149844,1.97801329156443,-0.129981932787484,-0.27587157629898,0.698744426090393,-0.875092126093264,-0.150531825062889,0.937863651678994,1.25750935333138,1.48122095644272,0.50004779195825,1.03891648307698,0.67071898161982,2.6624481904325,1.10955584527209,0.0281237229166033,0.0850887360657268,0.00252993177797546,0.0985776917773299,0.237988907947765,0.649229649274486,0.0779515988605814,0.0753465520863799,0.310896736753813,0.2803219836686,0.379622304067832,0.258574834597168,0.309400521344518,0.344849672875421,0.292787960312505,0.477782708105505,0.334512368991969,0.367534342645958,0.409671138110275,0,0.580614283105715,0.967312782402294,0.945782319485216,0.741940885873653,0.00231362195395563,0.0954210352843135,0.00025087052677736,0.0246072671605811,0.00179786126228698,0.691713706314877,0.000286678664483806,4.81682752423231e-05,1.74484266636226e-05,0.0876579198204864,0.02967106235862,0.0449561182450913,4.35384302538159e-13,0.00676072225379757,283,"SUB1"
-10.8441558980539,0.181327658244564,0.00293782697293173,-0.0987940349431767,-0.233488881105793,-0.388925335026104,0.366684692443521,0.273626315210337,0.0379673585420185,-1.13397481600414,-0.852633642895892,0.151845172065904,-0.48855019743062,-0.00141454232589217,0.681708744269069,2.24225716126002,-0.836095090895278,1.30603167489342,1.64495878496012,0.031935663875874,0.0942106320250235,0.00279526547067963,0.110980470497859,0.2285292544701,0.660609970989144,0.0890137273417392,0.0864786693489308,0.325192985670603,0.293655035654289,0.399701835235147,0.272242260637129,0.34129916554814,0.382184490610749,0.310308920543485,0.444729132624874,0.379829136347389,0.414961732989314,0.397403379724278,0,0.0542662962402995,0.293258102956893,0.37336227735882,0.306921788642009,0.556037913935397,3.79831640638847e-05,0.00155568542392707,0.907055541216857,0.000112652336494244,0.0329104386799424,0.577009964081669,0.152303379367561,0.99704687413198,0.0280296430987579,4.61054894250227e-07,0.0277190374288495,0.00164755084020161,3.4841691980404e-05,284,"TARS1"
-11.846056827819,-0.114706707461659,-0.000881168774025338,-0.0196126544539342,-0.126675175649687,-1.16131911740316,0.0254060730870944,-0.200249322833403,0.67012584821628,0.147776302887045,0.206818683268945,0.398760159041513,0.585862969353056,-2.50473567556508,-0.823040086403862,-1.10557942466747,-0.350985321986601,-0.0979987529484247,-2.52326839623431,0.0500478620590027,0.154170046964257,0.00437871820322116,0.174727238233172,0.451195412158568,1.20238849568742,0.141300364440158,0.137913089006628,0.530467831197896,0.483612444518768,0.639267897017258,0.450339827653887,0.543907137728085,0.813131731057065,0.539624752139958,1.0032375180698,0.60110125809186,0.728565791841753,0.963573676183222,0,0.456860023358161,0.840511715207545,0.910627354606372,0.778898647566415,0.33412249602505,0.857308096999396,0.14650257784089,0.206490977825183,0.759933878665193,0.746298225957897,0.375905884301649,0.281418682129053,0.00206752904611383,0.127207180815763,0.270456610303856,0.559285021650887,0.892999989679174,0.00882768085881994,285,"AMACR"
-11.8151854623526,-0.011218067672419,0.0023204957969806,0.142256652084258,-0.0125232853900952,1.63571144307225,-0.103760458968767,-0.396592052346131,-0.435670750490758,-0.894339639816942,-0.106016652766267,1.17914940401245,0.666901362817313,-3.10548739615773,-0.666532997645138,-0.575388905425116,-0.0389044978413837,0.704520655425293,-0.779569949806552,0.0485573120446468,0.143069999217109,0.00423600228513374,0.166770163420878,0.397029088518229,1.11568091460182,0.132175064240395,0.13006558025028,0.523521925174903,0.445632479512354,0.603735068282746,0.411726212640986,0.502717718056604,0.783302140301818,0.497365715903413,0.863695767291024,0.558844057106105,0.642759416797857,0.766358102486199,0,0.937502202533648,0.583827010316588,0.393653642382314,0.974836908203518,0.142618200419584,0.432440112321994,0.00229474664067619,0.405300586797277,0.044760355672146,0.860607194089123,0.00418438588074478,0.184643644281457,7.35160809379656e-05,0.18020420788739,0.505287131614932,0.944499287491038,0.27304042094403,0.309039374935825,286,"C1QTNF3"
-10.1834519273992,-0.0905561061538422,0.000747707069291783,0.192013324939209,-0.093655206185441,1.8649269375764,-0.0677325410481317,-0.0810820252415234,1.47392082986518,0.342409114314736,2.1363737160332,2.42646425321114,1.62943461704778,0.33614151911278,1.30506107601007,1.95296075794746,2.35297995955221,1.40719012668935,1.15986528962072,0.0317201373050291,0.0855705120231932,0.00257889701177464,0.10387202073136,0.171311271368789,0.501348909356901,0.0838696093498942,0.0807310083987193,0.245645687604489,0.225722760625935,0.282603244466343,0.212126103891803,0.259917632976978,0.348720426395932,0.257463866862278,0.356936401781839,0.289080504367795,0.358880863682123,0.343395538539831,0,0.289935559629229,0.771867577529718,0.0645218428944282,0.58458752502838,0.000199366010791324,0.419324700596525,0.315210914350152,1.97086621080935e-09,0.129280457635238,4.04242251257237e-14,2.67616185741478e-30,3.63275611225219e-10,0.335081829287325,4.00101110490463e-07,4.46360644486096e-08,3.96809355484451e-16,8.816364298439e-05,0.000731116684859262,287,"ENSG00000290548"
-11.8158984082129,0.246494256286088,0.00571271809838098,-0.097824979291021,-0.344289201847326,1.93927635595652,0.0762413994796498,0.0843494134137947,-0.41072268158214,-0.165600622450632,-0.748246742831004,-0.00692474628322682,-0.325944085625402,-3.64526363963406,-1.94833419520721,-0.431349847027828,0.767248769317551,-0.0881052176397307,-1.65379753341946,0.0537738929024804,0.169913072208749,0.00471728427892548,0.193739936055321,0.4840546208494,1.32374513358821,0.152661968752471,0.145932612857838,0.600132655618496,0.524031823771603,0.706004030594902,0.479105395693269,0.587606314294455,0.96165000115811,0.590552712142859,1.03457354993053,0.676825443719542,0.812338231727197,0.974871977439756,0,0.146861181732872,0.225888349732312,0.613608461364657,0.476922478245192,0.14292303338434,0.61748833508013,0.563262439012152,0.493731144895996,0.751992997528426,0.289220340463717,0.988468182925637,0.57910119982424,0.000150262956451987,0.0009697093058572,0.676726005902512,0.256962716347085,0.913631772387959,0.0898053567126155,288,"LOC124900957"
-10.0510448570267,-0.103530911478806,0.000392658654066162,0.0909287535073007,-0.3361350575191,0.242010052608263,0.139601291745131,0.0777636603421944,-0.477850400343302,-0.258267221135527,-1.44756483157983,-0.733686262412294,-1.04855630873404,-0.520644146819759,-1.32915511436821,0.0661467614783894,-0.0652918726312376,-1.39233119583597,-0.738878035036706,0.0295646109132102,0.0882402679028394,0.00265587134121463,0.10508673620299,0.236590579400316,0.604867375100284,0.0823048260102189,0.080537490009396,0.28926652286915,0.251852331656265,0.356819467412364,0.237793089417282,0.294646401603688,0.375283310159694,0.288349700713449,0.459291384212833,0.327005128534669,0.393578767157233,0.412064517253234,0,0.240681859136412,0.882464691851023,0.386888768004463,0.155390690350296,0.689079679086755,0.0898575661323921,0.334265135652494,0.0985471629932273,0.305141079383967,4.97379444104424e-05,0.00203280107552115,0.000372703799121435,0.165339248944741,4.03590270216421e-06,0.885485336210736,0.841741646977035,0.000403754255392276,0.072954937944613,289,"RAI14"
-10.6270041259853,-0.0160246629095926,0.00137502756547794,0.152897764068426,-0.253640090448083,-1.0168649159436,0.16488597877376,0.0304817087165222,2.00493862041662,-0.56407873185756,-0.139224918447374,-0.720758072367056,-1.09964401335148,-1.36590207362112,-0.944249293106955,-1.7791073799696,0.727133758372253,-1.91298390835783,-1.70249845151565,0.0300564014112435,0.100225025257224,0.00278056603123844,0.113952234986389,0.267234887346936,0.774830826978993,0.0872370377182832,0.0838455790286916,0.338220303474595,0.311197203141514,0.422562683557879,0.290868023716622,0.355531386462058,0.429512937132149,0.34688120240517,0.652447721234908,0.387992140764881,0.483883900276878,0.521797097767584,0,0.87297021269973,0.620943542749813,0.179670372356358,0.342555560248106,0.189395244124959,0.0587457309378103,0.716197200877392,3.06819530874756e-09,0.0698922078901451,0.741794758723418,0.0132137556647295,0.00198171489683729,0.00147214795514503,0.00648662622546519,0.00639479469646835,0.0609174647314499,7.70502726804929e-05,0.00110333098081559,290,"TTC23L"
-12.216988131856,0.270960886748537,0.00350016295038483,-0.0049826926655985,-0.638015154056372,-0.0228002431946983,0.13126890197023,-0.00628943019373564,-0.615226244429905,-1.593947217073,-0.828762582266279,-0.469133530637099,-0.0505750399548334,-1.84024470398802,-0.434899489888948,-0.593576697878701,-0.490064631523927,-0.186248751307818,-2.89801421077746,0.044193187830469,0.14253680310139,0.00385884895434726,0.157826962965975,0.55815506822374,1.28938461087722,0.126232032942652,0.120402781940809,0.564005596326335,0.484038986906328,0.667001683944912,0.453676682589885,0.526279048506952,0.723285785609698,0.488765999257989,0.92695238063145,0.569835799681247,0.70108063722861,1.04112094885173,0,0.0573034608281488,0.364381178390985,0.974814485716399,0.253005928669447,0.985891708459599,0.298385586137832,0.958340181830195,0.275353920310531,0.000991194976850541,0.214044959528163,0.301103353849631,0.923441719646265,0.0109501903820693,0.37357822704088,0.521943159342624,0.389783389470674,0.790501435421767,0.00537672570717625,291,"RAD1"
-10.700363683111,0.149331295494892,0.00394832916480809,-0.0622116578514875,-0.290295189824303,-1.22725866240484,0.287762653783607,0.303829876412818,-0.481688587682783,-0.291868100314825,-0.0729074140370127,-0.12592322430902,-0.114067085579396,-1.39676943555431,0.354242033872301,-0.558997121933066,0.112252293170948,-0.19361677586461,-0.442620953038113,0.029864518479687,0.0888230396228103,0.00256890069056298,0.103327005804143,0.248956465836774,0.657717932521984,0.0845116495272282,0.0813274016334397,0.313498601882376,0.270160533021874,0.362329158806983,0.254183877832202,0.307160946198723,0.414699181317338,0.29203215763906,0.498401800271034,0.334629647128912,0.420293714612772,0.466356541871211,0,0.0927196986853495,0.124300096394264,0.547117445580296,0.24359503784677,0.0620505128388886,0.000661626572195703,0.000187055628561534,0.124417372285846,0.279986074608855,0.840527544731129,0.6203163197559,0.710369907345883,0.000756741553119291,0.225120621356039,0.262041374368562,0.737283902368007,0.645035261533853,0.342567618003175,292,"DNAJC21"
-9.65746824826847,-0.126585313616861,-0.00108311471020959,0.0430034725658381,0.0220864974921237,-1.07987307483862,-0.0474785473441631,-0.0340073841889031,2.67498556402165,0.84124625334232,0.221485967645374,0.863370888069638,0.220583583619664,-0.341074184891891,0.158523822576685,0.131668547814379,1.13533284839576,-0.138065895672898,0.192137586352587,0.0232688981005324,0.0698407354768898,0.00205957892603142,0.0817668991605152,0.138486240587165,0.456673970466273,0.0645582056964035,0.0621704267147152,0.213313098431308,0.202165289023017,0.267706814369258,0.190022853190862,0.235003094243853,0.293908379227537,0.228980156920469,0.369798797667744,0.265319427308729,0.304443416533819,0.308634552199178,0,0.0699112273138332,0.598963709965663,0.598938481542427,0.873286664897498,0.0180472272353285,0.462072883700216,0.584376955461534,4.49948013835507e-36,3.166067498941e-05,0.408041389591171,5.53249662108306e-06,0.347914998205577,0.245854277952227,0.488746592142731,0.721799706748355,1.87636289969785e-05,0.650186836756929,0.533586355659661,293,"SPEF2"
-10.2432384983102,0.125772892774669,-0.001701796451303,-0.118385802206923,0.175203884016242,-0.712474323383882,-0.0969966928093506,-0.205217637267847,-0.122741846273068,-0.649674234395875,0.138579166795761,0.214828248696898,0.895425088834591,-1.30987676037072,0.054090178160304,-1.04158526461906,-0.206516292849266,0.818403899558603,-1.84788189322183,0.0273985518389935,0.0783929709077422,0.00238894925188376,0.0925587245442856,0.180677977631111,0.538705402551124,0.074056981587263,0.0723872869901303,0.259220434118044,0.2277642607707,0.305619655860851,0.214445614386339,0.256627480163561,0.369581920699353,0.254966712838352,0.43795636951587,0.29132160945264,0.334784459742885,0.443105553087092,0,0.10862813022661,0.4762406961435,0.200884906243789,0.332194811117332,0.185979207480723,0.190277858534889,0.00458263224646156,0.635853829955459,0.00433907877593631,0.650234317933003,0.316447783754451,0.000484465097189361,0.000393788134183062,0.83199310324758,0.0173933551748004,0.478389935284339,0.0145025111339207,3.04202521215505e-05,294,"LMBRD2"
-10.7618431540966,0.0626148412971051,-0.000716637794790361,-0.0318644793881076,-0.335520644056324,-0.658589300928318,-0.0738841691267385,-0.175088476153136,0.385926703696331,-0.16861215080218,-0.182896506076083,0.370391329872706,0.268930913186885,-0.970188560102555,-0.670519905413849,-2.23973835765222,-0.440906463929599,0.107627858049966,-2.5992351646008,0.0237369304614286,0.0796307754365696,0.00221572088115165,0.0891268215137681,0.27043741790013,0.674535929318383,0.0692598101293918,0.0676909780877498,0.298730424346507,0.264529552441275,0.356818192800356,0.246559601587521,0.295648465944569,0.378555429430292,0.287940172079745,0.599469024011034,0.321935392774431,0.370432839795856,0.545912613077674,0,0.43168320140125,0.746367155421069,0.720703747570792,0.214731708673846,0.32888653622849,0.28607648160387,0.00969322277078978,0.196395408511948,0.523861831985359,0.608247819328668,0.133035521149173,0.363017316493692,0.0103810747015474,0.0198761375591453,0.000186819383810603,0.170827565357317,0.771398403348558,1.92382274563444e-06,295,"SKP2"
-8.55765629815055,0.00800511065839827,-0.00248489556873838,-0.0240059066103206,-0.0108632569542072,-0.534156108768751,-0.140745063964663,-0.145178556956679,1.05614710498446,0.252327336523124,0.284432488003817,0.730702529807406,1.10213710158498,0.670202184442732,-0.071919617085918,-0.501644405927644,0.182944839939736,0.897177662244106,-0.735213993217258,0.0258818530619081,0.0660703866458116,0.00212116804268244,0.0818698889556532,0.10270824370152,0.286463644709388,0.0655587979549,0.0643448704886739,0.148052115678814,0.133009740793713,0.176767193955453,0.128241677044614,0.156640253514353,0.226549902139209,0.165093154948628,0.240127314141841,0.18713553433964,0.210209081054904,0.221784516319982,0,0.903564034949821,0.241407856312089,0.769353831919774,0.915766338307112,0.0622296600313784,0.0318050326459813,0.024054547960354,9.77650555566892e-13,0.0578201410592426,0.107598934513151,1.21323894795028e-08,1.97689523298029e-12,0.00309342637939164,0.66310482295546,0.0367008085460273,0.328269179092953,1.97211024145396e-05,0.000916456056224895,296,"NADK2"
-7.4848391093147,-0.124706208342207,-0.000265422550904747,0.14723971216904,0.153731423960035,0.0986114905320398,-0.0393587519528701,-0.0269568640563569,-0.733393836108416,0.206953251000794,0.160594020299414,-0.650402332314908,0.858261405655222,-0.448113055261903,-1.29022083262948,-1.9126589985641,0.202442331717032,0.514777652806448,-2.53600159535974,0.0361792719365973,0.0866410786616099,0.00284460564802787,0.109885461998606,0.0817324326718486,0.235642360367953,0.0888764600340379,0.0879012173054607,0.130320079846422,0.113168504000974,0.150011148393728,0.110884323023848,0.133474152053347,0.206640222886924,0.147486948382324,0.207961738124522,0.165735969967479,0.172983747166601,0.206212285188467,0,0.15005343646874,0.925659410951569,0.180265484870754,0.0599840394554791,0.675596592319749,0.65787576813298,0.759092854200598,1.8269721883956e-08,0.0674419033343308,0.284373058976598,4.47529769105159e-09,1.27461831392508e-10,0.0301156143576907,2.17101943294426e-18,3.67508343932336e-20,0.221906253429885,0.0029215587695495,9.28283844325648e-35,297,"RANBP3L"
-6.05758484806466,0.20392196197911,-0.000613234095488775,0.0271531951424264,0.174218240289472,0.275045176048423,0.091747231267622,-0.0756336497995682,-0.805480125615,-0.587441527590308,-0.676688107131003,-1.47700695034745,0.0855096986154823,-0.670408130409196,1.63399610732983,-0.424861121723336,0.0856843480308489,-0.169876328606572,-1.9869807551098,0.0372668625495717,0.0921194129948513,0.00289854959005274,0.111943668919987,0.054380272890593,0.156727196589743,0.0940902500006624,0.0892689412719636,0.0900934473082801,0.0788086969781016,0.104301831713046,0.0771611555202218,0.0945525731239201,0.131209643906558,0.100570148005716,0.13190631880769,0.117489882917594,0.125416853581125,0.124630236838678,0,0.0268515022874274,0.832445757268745,0.808345310556188,0.00135672382775474,0.0792713726043528,0.329511562725261,0.396852422843988,3.87426689926116e-19,9.05389251454743e-14,8.71060874991766e-11,1.13188099346416e-81,0.365803792146636,3.23110811548944e-07,2.33316601151826e-59,0.00127775006994673,0.465823500319268,0.175578945976002,3.18643943368976e-57,298,"SLC1A3"
-11.2157059686351,0.130165280665025,-0.00276854302410391,-0.152184440789806,-0.488399444021683,1.16422260930614,-1.17873210104572,-0.8176098881218,-0.393962418018288,-1.03060063330592,0.181395559756181,-0.480594592289302,0.972434257229685,-0.120630412704434,2.06097200554819,-0.0979700616141686,0.372726888427371,0.644268184000023,-1.41528365307681,0.0479607977274438,0.134564460452075,0.00405194748635625,0.155848667466192,0.410722597099662,0.814286157860668,0.126917176973252,0.118610693791462,0.426873538903668,0.354441059340817,0.481831146372279,0.346438477028369,0.397200109375723,0.562178849084219,0.371363952964258,0.548038511746431,0.438251755470314,0.539900957917338,0.645710751703451,0,0.333390079873842,0.494441101809195,0.328822414553158,0.234391501486569,0.152789850735371,1.58085435795907e-20,5.45425106793595e-12,0.356058308531923,0.00364122518282531,0.70656660713803,0.165367466276928,0.0143562957587345,0.830097457953113,2.86100830022225e-08,0.858122290011178,0.395055060044821,0.232748733031077,0.0283922923551382,299,"ENSG00000274441"
-12.3676349355298,-0.0413883860331601,-0.00216370953805036,0.0806608419622292,0.22105771435067,0.495509985017536,-0.566793797703602,0.0738263392007929,-0.359617709177485,-1.1029559099114,-0.710400950925924,-0.662588333772377,0.275170606332916,-1.27494985869609,2.07475831763954,0.35218235461875,0.547528082896633,1.03481121884842,-1.4441935727925,0.0576479336961771,0.166022792518498,0.00478060918083491,0.188492811498645,0.501831169948939,1.33486755988346,0.160182592199269,0.142808506948071,0.660160891642405,0.540104451701687,0.750599868811179,0.522485651945429,0.58732293181166,0.880387363336117,0.518624388431876,0.871580549476487,0.606270876564596,0.774085325125187,1.06829713539721,0,0.803133838061307,0.650835921559896,0.668705510367301,0.65957344816078,0.710484585693017,0.000402524382640554,0.605183820641719,0.585930614994123,0.0411400321204453,0.34392203048041,0.204745650032263,0.639415125851957,0.147569737723473,6.32080394612286e-05,0.686158880936779,0.366468574954273,0.18128204261146,0.176418486152895,300,"SLC1A3-AS1"
-11.5490589342602,0.385347469813145,0.00113102697902433,-0.387615685787037,-1.35678716559899,0.328820675014498,0.0622946759026728,-0.0300913702669272,-0.731909000081625,-1.58109327694734,-1.52603358634284,-0.0781192816521449,-0.026395113382659,-3.32883010411667,-1.06003639129335,-0.380573481851828,-0.52200508920705,1.29366210403955,-0.971128896245837,0.042987472828112,0.123170792937964,0.00364078364891805,0.14197076663035,0.47033282920027,0.937255116696223,0.115957143206378,0.113125387708896,0.431906595293773,0.379092055659011,0.522778818381826,0.353287374827604,0.426036199496718,0.723874420941138,0.414344018971355,0.712436217688609,0.468001082368753,0.54714821503565,0.692477451488339,0,0.00175663909996143,0.756063049393265,0.00632863126869469,0.00391739051001559,0.725713117581048,0.591114589083851,0.790239092359372,0.0901512902960991,3.03616057347557e-05,0.00351065268773221,0.824998166316732,0.950598591945086,4.25279785023363e-06,0.0105170641091163,0.593212826559086,0.264682086398158,0.0180606507806968,0.160796471977186,301,"NIPBL-DT"
-8.38008248326713,0.0381066402352413,0.000305471497775772,-0.0143215705769581,-0.239682590260544,0.262875831837027,0.0631395964966391,0.0795613118766671,0.205001289411749,-0.396412919434985,0.176747058848507,0.290028136809481,0.561494443596856,-0.343353416153149,0.028745067132008,-0.485156307747439,0.200410203086601,0.267878909283171,0.0355720385099902,0.0075355056241873,0.0259296205045338,0.000722402759627856,0.0291973374221597,0.0832683432304157,0.224912824566791,0.022819838928459,0.0217498366576707,0.10291953417338,0.0889883627047203,0.119556184345974,0.0826708550311932,0.0996900762244685,0.116573924370926,0.0923743740616587,0.174013313445735,0.107039642053046,0.12410706313522,0.14289877281997,0,0.141665208900732,0.672401178979871,0.623773428510021,0.00399652463533586,0.242488301203501,0.00565967962281311,0.000254172384825725,0.0463864356816359,8.40261603095002e-06,0.139311494722577,0.000451103730144081,1.77718294461433e-08,0.00322567983334129,0.755663709019525,0.00530277801768581,0.0611652641487766,0.0308928500604517,0.803413591908518,302,"NIPBL"
-8.72820325208579,0.0507332354503685,0.000372168581509011,-0.0618472300577286,-0.282980720219793,-2.01558628431236,0.110271247964982,0.171202524197189,-0.0933845900692837,0.156804512099495,0.0436313853942293,-0.354100511899233,-0.543453961049915,-0.211599325524917,-0.291243985439297,-0.778603238587754,0.160371141202261,-1.26189979033229,0.0646571069232801,0.014231509416183,0.0410958223619991,0.00123373147799078,0.0486724574007859,0.0999605655493927,0.26596299773009,0.0393197352193817,0.0379434626711621,0.129810595473987,0.114664789814044,0.153227688091759,0.108697122363225,0.133661396668947,0.168846274599436,0.131205074862289,0.213751962003896,0.149921873056506,0.182166144361517,0.179648104773897,0,0.217012634711932,0.762910557032594,0.203841695370204,0.00464138117770851,3.49717713427294e-14,0.00503984625487133,6.42062543581087e-06,0.471899964758621,0.171467511731404,0.775836675170972,0.00112326738472234,4.78473149940169e-05,0.210130399765793,0.0264349556118181,0.000269945469045101,0.284755226519126,4.29276927673555e-12,0.718914615341747,303,"CPLANE1"
-10.8007601854978,0.051515806047181,0.00124976561286133,0.033710843292481,0.0562158528443609,-0.154771738942924,-0.0573744827379912,-0.0966935075413546,0.105896481092454,-0.3530750620228,0.210138739369739,-0.268193610541471,-0.0569126367894561,-0.608444112398342,-0.234386459704401,-0.239433972330856,0.556196518728408,0.181578036051198,0.644179151324627,0.0231600575930595,0.0776033141981437,0.00216855837414425,0.0873376738775027,0.239774924557625,0.675158817517783,0.0693167631213275,0.0662166005326901,0.308011002849451,0.265311850568211,0.354411562684006,0.248725845943086,0.294751187658394,0.355904497660346,0.275005150128795,0.509029545028482,0.31152434383944,0.375805580769849,0.395760470525612,0,0.506795839706355,0.564404500500422,0.699509378540679,0.814633632714798,0.818684305248588,0.407832264170163,0.144218404993635,0.730991088251569,0.183257245422016,0.55323273688243,0.280913294244904,0.846890795799832,0.0873451777889497,0.394048473154842,0.638088244708798,0.0741959616457615,0.628974933359679,0.103588602391659,304,"NUP155"
-8.59449814064561,-0.04394985174834,-0.000825982742868389,0.0249170861420572,0.0140319431878072,1.09324948724932,-0.0497751513553416,-0.0754252439780591,0.232301824690504,0.0317132237255914,0.0479641969945121,0.287137828568608,0.214380428913437,0.0364236714175348,0.294665975406954,-0.396903348648332,0.14089104018617,0.109738931163273,-0.088312562539835,0.0137823847460281,0.0410004994887427,0.00123989805436606,0.0485232772426865,0.0918610581515682,0.279947126651883,0.0383042880185281,0.0371323636313958,0.135298168016955,0.119441984396723,0.161414617845166,0.113135875196035,0.138241200380295,0.171936911572783,0.133414578902071,0.219124793568942,0.155617833182861,0.179807976721199,0.188325299068679,0,0.283749432900119,0.505302520202066,0.607596086901656,0.878593999217825,9.41475329692878e-05,0.193783773017539,0.0422292847104429,0.0859860997495911,0.790615430775107,0.76635273395535,0.0111490864109062,0.120956599798411,0.832229337930519,0.0271990647678926,0.0700925829118184,0.365271708919833,0.541655277182405,0.639115192876171,305,"WDR70"
-6.92504151962916,0.135455202823788,-0.00106910015913869,-0.0342558037419924,-0.0885435263714758,0.140420465561438,0.0888621826481123,0.00739268627850557,0.863837775258714,0.594121756094911,1.07277847202844,1.12799238859615,0.846783577347119,0.456190807953891,-0.0146554615756999,0.139542847265616,-0.0873860610257989,1.0946354599679,0.695651968916076,0.0264901263845124,0.0665289070204366,0.00211288365379744,0.0818435381851066,0.0619201157059079,0.181078039138876,0.0660534031162101,0.064629186869063,0.100496691673971,0.0900082147629299,0.117336069468849,0.0877279191127292,0.107924289053669,0.148839476799557,0.11518750659771,0.153618116544787,0.132168665618646,0.143721779059368,0.137863275833038,0,0.0417468112463259,0.612862952385992,0.675543333285111,0.152727397853208,0.438062382062042,0.178525737354407,0.908931663010805,8.27704936439562e-18,4.0908190524103e-11,6.08642351654921e-20,7.77085203455774e-38,4.29212387956901e-15,0.00217680698408808,0.898757295985051,0.363680161638367,0.508502791625059,2.60948276873722e-14,4.51260197550371e-07,306,"LIFR"
-10.0770285707511,0.107784806005231,-0.00741271186620906,0.0892537272683848,-0.196878297797294,-1.1861304508513,0.0239475997866458,-0.15061021997734,0.692546461086609,0.756634568334913,0.576230914026339,1.02103711769897,0.234180237248355,-1.0411848464181,-0.434776098698229,-0.854248511255155,1.16675971534507,0.982043008753258,-0.502059548709926,0.0591687376230691,0.15056194845643,0.00461163516963236,0.183710713104596,0.223619475766406,0.572828065426909,0.150679208992212,0.146675073287203,0.297595596002628,0.269813252718889,0.351699661982729,0.260723975627086,0.321440578686393,0.502428751359542,0.344086111524484,0.49037024949775,0.372673627187002,0.455574759620708,0.457704974800122,0,0.474063322925973,0.107968100247515,0.627081713800946,0.378633668880401,0.0383908601297879,0.873723223967714,0.304500987632793,0.0199578427452217,0.0050427547699539,0.101334611408404,8.99701014533817e-05,0.466287055348865,0.0382371487403506,0.206385230756979,0.0815000458936561,0.00174341793557451,0.0311138735359083,0.272682279665914,307,"LIFR-AS1"
-9.28824764922464,0.221981481771588,0.00718668665703201,0.0541947876342718,0.312613544852024,0.342924914824436,0.280460943167968,0.230016741860539,-0.0605235762472871,0.368967373013297,-0.380072405978214,0.605369838565904,-0.913356955384086,-1.84316243350841,3.5848821410646,3.00247196701905,1.97724099242636,0.496263886523171,0.496894453724641,0.0307300898798525,0.0826424789954348,0.0025403733337466,0.0996348376129596,0.121868995962123,0.430708192757572,0.0808932880508544,0.0785350368755114,0.230056237815026,0.200959183966387,0.269352977873461,0.191374095676631,0.241001765965647,0.355549768376268,0.228359677838863,0.305331128341671,0.272618618788221,0.308002029401115,0.320055444899132,0,0.00723031818969488,0.00466953934947086,0.58648680906812,0.010312806392969,0.425922474136837,0.000526207173184668,0.0034022693568164,0.792487641692292,0.0663530119878064,0.158227806448688,0.00156002240962332,0.00015074731533377,2.17201725305684e-07,1.55098716832769e-55,8.07665378107263e-23,4.0832372642762e-13,0.107128344532819,0.12053637612742,308,"LINC01265"
-9.55078576964961,0.171174384335153,0.00712624005513961,0.245855129008206,0.402099515024131,-0.406660202218449,0.156106009963591,0.11648653969853,1.193047206283,1.13428670005165,0.401065024118086,1.9485358974206,0.303768814206125,-1.14049986657327,5.86430363487245,4.49835458566094,1.79382247424789,0.741543533050194,1.38074918342208,0.0403913406064782,0.10451230236742,0.00328899775392273,0.126992332478482,0.130259065387686,0.4634851113229,0.104131898719672,0.101166368730627,0.261781082937204,0.232902355183699,0.299953046158851,0.223634155222007,0.281127224434013,0.4026132194784,0.265376952757543,0.324286048567231,0.319931962476283,0.353501615321704,0.350988429995275,0,0.101455164728589,0.0302584645400021,0.0528696555936489,0.00202240968112849,0.380271327910342,0.133843007255714,0.249553151415584,5.17849921477034e-06,1.11471660733508e-06,0.181192384360548,2.95802349818151e-18,0.27990241281664,0.00461504425049877,3.30276720715022e-108,9.4200525607473e-44,2.05997636116259e-08,0.035930856091789,8.3582731251951e-05,309,"OSMR"
-9.13276712767826,-0.0053879047028919,-0.0026354511425447,-0.00887255671506941,-0.428111509042913,1.57031478975282,0.0420085763904009,-0.00568965605347393,0.575664624836762,-0.655189738339635,0.306687512441971,0.670279880668779,1.10376924825581,-0.7434523455609,0.0160998992180732,-0.0766540525941441,0.324469371977788,1.22925317883572,-0.26519477732692,0.019309409941028,0.0532219349102911,0.00163769991357787,0.0638455119158059,0.135394911806671,0.334109936205034,0.051372982337682,0.0500595026916699,0.157776018867609,0.14322282586671,0.191122005668028,0.136042518472066,0.163124833614795,0.224356959075382,0.164381930965335,0.264766619161296,0.186193986415709,0.218981610772933,0.237858436366219,0,0.919364180091693,0.107564015398178,0.88947452480669,0.00156718189090252,2.60168775299869e-06,0.413518629910857,0.909509017164899,0.000263653481653156,4.7708932258503e-06,0.108566719768235,8.35068037944108e-07,1.3201853414622e-11,0.000920692214250718,0.921978329136367,0.772186884227347,0.0813962522031914,1.98275090202317e-08,0.264881733424867,310,"RICTOR"
-10.8708718669073,0.0351399659167931,-4.37037525173201e-05,0.0389509854404385,0.330398895143722,1.49247879485027,0.00113476215714704,-0.137922671159742,0.0596888192822569,-0.746803057945419,-0.368537176749291,0.302564203468229,0.717928323709202,-1.42486244047987,0.414744362605131,-0.526471472510199,-0.568127895622823,0.743904251248814,-1.29763415164447,0.0432555620581911,0.120736001967749,0.00377042219147298,0.144371487629002,0.224662471964302,0.792971456489182,0.116760334559953,0.114116618483319,0.382278213469843,0.338111609622515,0.457656690612824,0.317329892674977,0.390401296789063,0.549596557884615,0.381053214669029,0.629504606391849,0.447282659942168,0.507250615552978,0.614767970553926,0,0.771014646935357,0.990751760205538,0.78731647785871,0.141386961936592,0.0598177802825527,0.992245697515554,0.226812089977565,0.875922877751796,0.0271922321134944,0.42066392312061,0.34035251479635,0.0659225937400608,0.00952643668496532,0.276411562386007,0.402971170053939,0.204021788749293,0.142500731289623,0.0347920352087272,311,"TTC33"
-10.4029650504995,0.211947823333068,0.00373520005104358,-0.101583897403212,-0.605853163846624,0.023314703659023,-0.117822106593934,-0.158442573253411,-0.466032825438183,-1.2893961378502,-0.708644663908902,-0.245252343374382,0.197220771935891,-1.15228710521788,0.31141302792041,-0.527497028931139,-1.0503102437667,-0.258255063585496,-0.571344695095602,0.0184971727104877,0.0631344908196542,0.00174806172437818,0.0689440265513246,0.238993151434202,0.560828401352805,0.0547191650833008,0.0524124390999453,0.253499728331216,0.218197453539452,0.298225242716816,0.201746929684143,0.240957454590811,0.295975585885904,0.215252354350462,0.398372016553058,0.263132556640832,0.303975995522613,0.365182884741816,0,0.000787690228761894,0.0326169733135074,0.140636297099304,0.0112439905531806,0.966839972372767,0.0313018147042869,0.00250285874962708,0.0660041096266293,3.43546114477695e-09,0.0174916860215254,0.224120756392984,0.413078622518693,9.89374801472717e-05,0.147971271003127,0.185459298029898,6.56391754020175e-05,0.39555289509078,0.117689865842737,312,"PRKAA1"
-10.33803024435,-0.0609150720325978,-0.00315456380604085,-0.108116108508531,-0.312982527590566,0.424279987688695,-0.081664833081116,0.0424323685017537,-0.182942885651495,-0.00769580959304341,0.0757779869978229,0.0170664329709241,0.2719913729693,-0.715427338701626,0.296643187497332,0.334190550518939,1.06253297851963,2.92010141862169,-1.08983710613181,0.0306746071506501,0.0831427104449683,0.00250724229968474,0.0998538608520085,0.213680445402655,0.515687941014428,0.0809239380690385,0.078035783534308,0.265504960827234,0.224537022810955,0.301678590025656,0.216207157103891,0.251401406254771,0.365116023015202,0.253240121109649,0.404036974356371,0.282031908527107,0.320511554707743,0.437786790588372,0,0.463767779579536,0.208326422658841,0.27892233581254,0.142996680194823,0.410652674511259,0.312900088710676,0.586609893553493,0.490799642672028,0.972658559401102,0.801668901932471,0.937083878871631,0.279296626296221,0.050059870475444,0.24144166599287,0.408164156357052,0.000164942609832672,8.18125942244817e-20,0.0127950137457533,313,"RPL37"
-13.4719576376356,-0.397340857100026,0.0131111238685699,0.481300026267104,0.123142277866767,-2.82776598030279,-0.328247808268197,-0.344842150031151,9.13628484691528,4.30300342413314,6.63948279498975,12.4022730893965,1.43494327090304,0.0814345910793777,3.28473635606428,8.35562804593286,1.39595624716284,2.21458866776841,7.35475526231022,0.142898930425207,0.294978573222396,0.010331353751668,0.376095568499175,0.501583212232358,1.4090388922699,0.277216590615589,0.274525660833986,1.46709545013459,1.52019310408328,1.54581506033902,1.42923049947726,1.77244461188068,1.91528237974147,1.58235471721878,1.66910304057833,2.07032357763602,1.71455244677257,1.58970989357983,0,0.177975080417063,0.204419110309234,0.200640816761002,0.806063752676094,0.0447628947945758,0.236379700562108,0.209065893990569,4.74044079203144e-10,0.00464660568480371,1.74587863959269e-05,4.04251254927974e-18,0.418179153764316,0.966085506888826,0.0379075154808143,5.55557783750228e-07,0.500139928581049,0.196481007197907,3.71939275441614e-06,314,"PLCXD3"
-9.95411209513095,0.0926567485628797,0.00117255613534114,-0.0880955531724157,0.0931701770608836,1.40642777305365,-0.0825879505617371,-0.050957044599711,0.481217156396404,-0.303787843939945,0.533099487617864,0.825974960934356,0.0520418005836865,0.414771647444478,0.232776326634602,0.102568148181854,-0.692041007247575,0.819832735247145,1.0134141271176,0.0205730067210746,0.0699879081859129,0.00205041815980796,0.0807392596421758,0.191703682986191,0.567745999006706,0.0616222272978274,0.059289647819823,0.267712204269625,0.237341886302873,0.314216204664803,0.219139538349085,0.280266381746943,0.30056340339516,0.251968613280479,0.433755180027755,0.296181052860591,0.324727455058404,0.343650076367935,0,0.185537411896475,0.567415501005732,0.275223722508376,0.626959076964681,0.0132412851433561,0.18017061872918,0.39008711525973,0.0722536302790028,0.200559614326394,0.0897721443791463,0.000163788948528102,0.85269028800191,0.16759263686158,0.355574496969232,0.813071452602518,0.019462741069045,0.0115803861923838,0.00318833839441156,315,"OXCT1"
-10.7852781401091,0.0355333008357405,0.00140558847319086,0.0760150798190522,-0.374116638993061,-2.27599820125171,0.014175176354517,-0.164837142793081,-0.374766708058364,-0.767229002376051,-0.121880672571929,-0.485929096137967,0.440525611783389,-0.00589256455082884,-0.377033269638018,-0.497713202089544,0.232601821486831,0.286996284253061,-0.161517868494336,0.0242940352924986,0.0773405916790356,0.00225175626138631,0.0890087088118262,0.26981828460196,0.64256254961323,0.0705459338141188,0.0686929789770866,0.311839366275977,0.263378925880857,0.358662511803189,0.246275825118229,0.288142663697744,0.320918393302433,0.27601501759328,0.485778672718888,0.312103933521052,0.353400432168902,0.421196148083018,0,0.645918791990976,0.532483936394413,0.393094764959653,0.165578914672918,0.000397007904001171,0.840749076727623,0.0164120364259129,0.22944331501203,0.00357947654553264,0.733992132046069,0.0484831223979956,0.126302752237393,0.985350412433847,0.171942652803096,0.305567148786962,0.456108275076557,0.416734588794605,0.701368174198734,316,"RIMOC1"
-11.5091136816573,-0.0452025513950357,-0.00210101079259319,0.087064714993434,-0.0561584055101336,0.25606963599469,-0.229335751754695,-0.38041180389935,0.125857224701562,-0.0480934900708244,1.40350855580037,0.141656200399078,-0.061513004778573,-0.896125740900581,0.428022878405941,-0.410385058868582,1.64752626533957,0.225772006087286,-0.36146959530485,0.0353147299415538,0.116533549460816,0.003260607944435,0.131671529246535,0.34992007254223,1.00679606508256,0.103596257569065,0.0989764813144432,0.465192107430031,0.391300012289323,0.511336997107685,0.363973940121801,0.437584910695533,0.561116499126409,0.406840066744582,0.770019936638629,0.444390997684496,0.561875685305087,0.684347262330446,0,0.698095197632576,0.519340931365415,0.508467017684469,0.872495699236696,0.799232036998101,0.0268462892308928,0.000121313493123344,0.786737982820581,0.902180784025859,0.0060551116833922,0.697133196892602,0.888206591168083,0.11025669301579,0.292768957887708,0.594065554966139,0.000209414651946629,0.687817657083008,0.597363195122339,317,"FBXO4"
-11.3110357949246,-0.514456868724612,-0.00675613939678933,0.00310470293971867,-0.0952223312227966,-4.24794841561827,-0.0873623029098862,-0.129724789765155,2.30379042208331,-1.23553211612654,4.87551094217034,2.90428497599703,0.0996339876614205,-1.90845367695337,3.84306053043299,1.64720694620396,0.440752984138593,-4.91214047976832,0.697371252667143,0.0670828712157314,0.202998205909969,0.0057503492868105,0.23883313854615,0.346607463161224,1.34690474089234,0.186953875036209,0.180936797572999,0.727120822148197,0.645638900471482,0.829222941248609,0.603850933066752,0.797180718771608,0.918503257374085,0.690001648519662,0.970876513646111,0.841269586287186,1.04170434653827,0.906348567858594,0,0.0112674576108654,0.240030966836187,0.989628219979179,0.783526201733762,0.00161126595729426,0.64029001223983,0.473397607238722,0.00153294387244836,0.0556638551985833,4.11223921474748e-09,1.51228202846301e-06,0.900537058602267,0.0377290269222079,2.55266742644921e-08,0.0897688309689032,0.600338298931691,2.41136501112218e-06,0.441638429242329,318,"GHR"
-11.6705090038252,0.092970403324635,-0.00193139921014131,-0.215661592463834,0.607870146410965,-1.81043341730491,0.0399685576918923,0.116833817914001,2.39708377345002,0.308712418498078,0.719793699491721,1.44182455079459,1.48198196532007,-0.81589073978086,0.485078131457342,1.1937786957549,1.11195173214694,1.13614364718756,-0.272603506296106,0.0461800420970043,0.151654453467419,0.00433019406563789,0.171423550114373,0.352921433271716,1.14881045369357,0.134935371017463,0.12923018103401,0.541740250577821,0.505261998082731,0.672034209684056,0.468193277973959,0.582754011882407,0.769835319262176,0.544790664171036,0.901677895655671,0.617926589247056,0.676750966849549,0.855174762581866,0,0.539849206185659,0.655575116741763,0.208369043257354,0.0849979712058153,0.115044231695249,0.767073382820888,0.365955461391976,9.65386776107626e-06,0.541203068669156,0.284139281794023,0.00207313655552937,0.0109884443231788,0.289224207758569,0.373254567100834,0.185518823679013,0.0719414565287336,0.0931869598677483,0.74990141912774,319,"CCDC152"
-11.3198366864617,-0.301067524485297,-0.00403092998598088,0.221299418120968,0.278958367720911,-5.44927269462596,0.482969947358088,0.109878522687386,1.55621073713696,0.471034841768451,2.82060435624485,2.29958415464429,4.14563145097706,0.716457775099777,0.181996312123953,0.0343253387107268,1.39895772955523,3.41113286933468,-0.413467157809027,0.0492332805248556,0.132710619342361,0.00405021808656611,0.160598459090956,0.237699583712816,0.734759981473207,0.125183815113101,0.125831501140131,0.400868394521595,0.35844351153416,0.452669769531436,0.338455682127759,0.397416499959362,0.511898720983352,0.435485757470812,0.710065449274776,0.460002027116936,0.505463086129002,0.64105946645907,0,0.0232925637248525,0.319620639605517,0.16821339773085,0.240565166896042,1.20348193076678e-13,0.000114278354849786,0.382543438658641,0.000103558758016602,0.188808589724314,4.63342786638875e-10,1.08806878257669e-11,1.78143494360793e-25,0.161630602380397,0.676008791925575,0.961444406696792,0.0023563799385715,1.49350383054718e-11,0.518943560265325,320,"SELENOP"
-10.5640147748985,-0.0295773770824833,0.000310673369416547,0.124664274385972,-0.215526036939374,-0.706210237695064,-0.25398463817615,-0.174092412039356,0.232372181718313,0.0633800723418346,-0.158125906758021,0.117250733246353,-0.456341210919022,-1.01237912615749,-0.504429997291507,-1.38373008282202,1.4592707399488,-0.850992295079252,-0.605682090398147,0.0357941630521033,0.102592400982703,0.00311101853411205,0.120993240293775,0.273448470338613,0.678110002261297,0.0976322863916872,0.0935284867690089,0.318062528140163,0.282601496921996,0.383785295296641,0.268168041207337,0.329598015625261,0.454755333851237,0.327835718935825,0.568314958403437,0.362608132545605,0.463085656313452,0.476431798239135,0,0.773117197583176,0.920453671618042,0.302850043495446,0.43059266307691,0.297671826148559,0.00928330167845678,0.0626899937417654,0.465031774805777,0.822544369630256,0.680327267088315,0.661945581054267,0.166193564064418,0.0260003754543355,0.123885616194332,0.0149002530003194,5.71270702109668e-05,0.066113060298386,0.20362616318605,321,"ANXA2R-OT1"
-11.5215876600553,0.195727056104886,0.0035568459385655,-0.2544261782339,-1.03865313370798,-6.29215129487251,0.598537006008066,0.772717742862634,1.08623608208683,-0.0232589448419336,1.13114540349876,1.07141915782914,-0.897581800113154,-1.28632192436173,-0.389739774113248,1.04036551399819,-1.9767481969661,-1.66297987092904,1.25807350411982,0.0629654243501315,0.181218757864423,0.00533445582106369,0.220291212745841,0.457483707129592,1.12588759895625,0.176398486363448,0.170061637085467,0.560758899090749,0.532349151562315,0.697732147421794,0.488965085070277,0.638482129064973,0.773583745342774,0.612163179438434,0.919759295071431,0.726529986491874,0.827637944813447,0.730317184952523,0,0.28011564817156,0.504920156218678,0.248109336913603,0.0231856931173781,2.28888981672385e-08,0.000691074035792395,5.52619176042882e-06,0.0527352960713909,0.965150596441106,0.104980269663171,0.0284374907480904,0.159781836579064,0.0963506977156288,0.524346371733254,0.258001210665896,0.00651226827910862,0.0445044381085215,0.0849536694065223,322,"ANXA2R-AS1"
-9.05474319393881,0.00477022904563003,0.00121454547429715,-0.0492093214768091,0.0130182380478126,-0.799891633085966,0.0823927159488401,0.213464899788998,-0.312088211070331,0.112689265243268,-0.291376473794004,-0.0482911248893174,-0.87955684995328,0.388926475629197,-0.175710675743695,-0.723045909534936,0.166471233698655,-0.881792216513482,1.9479472627325,0.0157369869150488,0.0474888412685831,0.00139567463604382,0.0561025882817047,0.116180969205577,0.32456581268168,0.0444345174201135,0.0427536164770229,0.160233367662206,0.139336394932316,0.188750755571619,0.131156170909816,0.163037453235437,0.191876842266483,0.157366671380899,0.260926839898081,0.180884178363385,0.214010463634702,0.189102387561111,0,0.91998749512723,0.384179603866778,0.380415468050532,0.91078266688856,0.0137205521704073,0.0637033630953085,5.94767057032273e-07,0.0514496141971045,0.418655014965668,0.122658544987631,0.712727391807833,6.85943032613377e-08,0.0426666147471752,0.264178845897885,0.00558728274876354,0.357405830169673,3.78341771279585e-05,6.97189128453895e-25,323,"ZNF131"
-9.53738584784624,-0.0762607457895459,-0.00412877366081971,-0.0761420943272375,0.498109061840423,0.272541532086254,0.00870346432831742,0.15653158390817,-0.492477255717688,0.183888140300719,-0.352144241596796,-0.439000169745282,-0.564241154651678,-0.00216183178000401,0.410280633199977,-0.302384775854165,-0.412269083518977,0.239365987823156,0.828608874763586,0.033849086624724,0.0934786101507435,0.00291284577709034,0.115160272004473,0.154577620411371,0.493428813118744,0.090024986982578,0.0872390266727608,0.259863927982766,0.227224485479902,0.306924562854193,0.216708038982323,0.266869333476224,0.350952971234692,0.267169458798431,0.394154931572486,0.311463942109197,0.339908136870005,0.340658796107425,0,0.414609052555412,0.15635537385198,0.508494515475614,0.00127126876601873,0.580713956601363,0.922981858809596,0.0727678612226092,0.0580745032292313,0.418354338698699,0.251244609676652,0.0427885839815274,0.0344898689442001,0.995085149768009,0.124622541494628,0.442979033918316,0.185619485645297,0.481303325584353,0.0150002975195029,324,"NIM1K"
-10.9033930735586,0.115030957658492,0.00535091840102534,-0.301034120165694,0.112283076796853,1.8929828336456,0.125309466993218,-0.0776134104906854,0.075619181965186,-1.82045945469853,-1.33206248341812,1.12115200762304,-0.526344164443971,3.56071311525985,-1.62279745027381,2.91478074286141,-0.488291011130841,1.47669169356762,1.33679183512602,0.0505772929695967,0.137360323593669,0.00430239849915662,0.16498155595508,0.257979930812079,0.749979479589174,0.130528400148497,0.131666438159946,0.375960454501056,0.350870723147225,0.476188058254891,0.323694917245821,0.407811188765572,0.516653730204218,0.412152674026577,0.589433604108309,0.474806219662425,0.537561633040122,0.478689326999447,0,0.402345583097905,0.213607823462432,0.06805338332848,0.663388535785393,0.0116012690580802,0.337046721296859,0.555546055549661,0.840592233255884,2.12102787133357e-07,0.00515244159119684,0.000532984411223212,0.196822812398429,5.50616070272481e-12,8.23796380798753e-05,7.61229318676249e-07,0.303761416563251,0.00601397616370162,0.00522849460126983,325,"HMGCS1"
-10.5451490621888,0.0867200113491032,-0.00161421411113452,-0.0769952552255,-0.304738952525788,-0.733070524281991,-0.16377189411201,-0.181193543708494,0.349786406663244,-0.109514081035596,-0.393366686557751,0.577414196426496,0.0564978169561242,-0.968402598998541,0.220882425951234,0.835410873546439,-0.0807948133649479,0.310673709648926,-1.21610406371262,0.0277374883442946,0.0871745422168626,0.00251214073969157,0.100415984867383,0.253294744224922,0.646527567323418,0.0784980570104963,0.0760444917283312,0.308663198285138,0.272951615060926,0.369096671990379,0.254826217063189,0.315478052716063,0.410125321209631,0.29440345899616,0.459331674956407,0.340060240348656,0.396948021399706,0.478246934062389,0,0.319840372366003,0.520506297286178,0.443222477705091,0.228937555519888,0.256854071853916,0.0369498447600167,0.0171847613321345,0.257117664724318,0.688256986422166,0.286534330801583,0.0234566724322579,0.857869889930067,0.0182141441543329,0.453091405927312,0.0689491179285756,0.812199333437807,0.433829207601607,0.0109956467905031,326,"TMEM267"
-10.4498295275733,0.0370914607613862,-0.00047258481746513,-0.177132573463837,0.118589614756227,0.470564887745381,-0.0808937073127242,-0.191032575809414,0.891675937729897,0.686633209625825,-0.191997240635192,1.03431490005088,0.126311166000788,0.54212575628027,-0.103746409404644,0.571686883419041,0.949000493493243,0.470577569115752,-0.292228071979405,0.0248254405782033,0.0842676248091465,0.00240676917269034,0.0946402455820998,0.219842805752264,0.675519990642459,0.0744404625748225,0.071787738104311,0.321786966741015,0.280488838791035,0.37784553568365,0.262352950201957,0.327674226502553,0.367299777118924,0.30048724215598,0.50995311560878,0.358640394478775,0.404579452794092,0.459880871315656,0,0.65981931149885,0.844331126311328,0.0612562731024449,0.58959078148437,0.486055322200461,0.277173828743117,0.00778915383916433,0.00558821585409201,0.0143656584805118,0.61135737336897,8.06515299155284e-05,0.699883392227449,0.139950261800223,0.729898454444135,0.262263288767493,0.00814243013255483,0.244777694266452,0.52513954309139,327,"ENSG00000249492"
-11.0914275681196,0.132892619871486,0.00274082584864177,-0.0910785318984898,-0.325872584390374,1.47015751720708,0.0483654890825221,-0.155077534077757,0.689634989412524,-1.30345709372293,-0.544493561780899,0.342489877212493,0.50392500546767,-1.19057799244474,0.388539319366225,-0.785761043067034,0.086419114995684,1.40215840403166,-1.02618373401891,0.0260053790635118,0.086414530772653,0.00235968001064483,0.09407450402701,0.31508716813323,0.773540774727853,0.0745955267351575,0.0725311012568653,0.333284197258879,0.302034439404853,0.407407523872164,0.277027998650014,0.325297654433782,0.426698841966537,0.298598296047234,0.591013799057251,0.3507783279264,0.387349513813247,0.53462609392139,0,0.124085199550763,0.245428716637839,0.332967865019376,0.301028678432667,0.0573602007391179,0.516745778110903,0.0325099855948032,0.0385263859712341,1.59176495725498e-05,0.181391187156743,0.216346853189499,0.121352947577989,0.00526743918668194,0.193186319046834,0.183678492998857,0.805400552966148,0.000294740713719724,0.054928430527656,328,"PAIP1"
-10.1403502287888,0.0277568756212455,0.00177137113151265,0.0968727275420777,0.279478643719967,-0.712187185218559,0.0369700146174936,0.0244044970620966,-0.814217845434702,-0.0967732995361521,-0.504956218663377,-0.148705845036857,-0.362367751934708,-1.43086097814433,-0.712380859791798,-1.00115705925674,-0.595199641945142,-0.523841238599681,-1.11477085625592,0.0246166387995162,0.0752257164314659,0.00222493194228746,0.0885560314010913,0.174164849423187,0.540501926912089,0.0695570855760607,0.0673587789324263,0.263966547496953,0.222695039330374,0.305382269249062,0.211651592885212,0.258100462297624,0.342973500910864,0.249286120524178,0.432223826644076,0.290481830310348,0.342173598393605,0.392303925877579,0,0.712141732846354,0.425947058396885,0.27399247507749,0.108564507072298,0.187624048478128,0.595068121951043,0.717123293974757,0.00203860778434272,0.663885279631047,0.0982247270373636,0.482306724006671,0.160324961155715,3.0203220892529e-05,0.00426745667228538,0.0205422718459756,0.0404613165714321,0.125788563636955,0.00448877645403533,329,"NNT-AS1"
