"logFC_(Intercept)","logFC_conditiondiseased","logFC_age_at_death","logFC_pct_counts_mt","logFC_pct_intronic","logFC_PC_1","logFC_PC_2","logFC_PC_3","logFC_PC_4","logFC_PC_5","logFC_PC_6","logFC_PC_7","logFC_PC_8","logFC_PC_9","se_(Intercept)","se_conditiondiseased","se_age_at_death","se_pct_counts_mt","se_pct_intronic","se_PC_1","se_PC_2","se_PC_3","se_PC_4","se_PC_5","se_PC_6","se_PC_7","se_PC_8","se_PC_9","p_(Intercept)","p_conditiondiseased","p_age_at_death","p_pct_counts_mt","p_pct_intronic","p_PC_1","p_PC_2","p_PC_3","p_PC_4","p_PC_5","p_PC_6","p_PC_7","p_PC_8","p_PC_9","gene_id","gene"
-10.7097267779632,-0.0282004610784219,-0.00243725963881101,-0.420794815667383,-0.588584352274091,-0.00793316456496287,0.00629224027218861,-0.0123630204387255,0.00323272187599819,0.00147265599246167,-0.00797842874354632,0.00302360559878397,0.00610862420361655,-0.0140925798964387,0.0480702386604878,0.116619700479371,0.00491744827943329,0.0993550319766748,0.399378235961616,0.00310970000792398,0.00272604469351447,0.0107511009419341,0.00382982879400996,0.00384801825657413,0.0133126782415988,0.00384971864875131,0.00554666943920666,0.0080582546440149,0,0.808923062264387,0.620151931329885,2.28283085681765e-05,0.140548458507211,0.0107382630415383,0.0209883433008357,0.250172437905828,0.398618868840095,0.701938474831261,0.548965802670577,0.432213512620119,0.270760059560628,0.0803190699208115,1,"POGLUT1"
-14.6029372992758,-0.0667393172367556,-0.00346515504939639,0.124645666925553,-6.4960085559616,-0.0225432803383052,-0.0108039635190244,0.0121668084107961,-0.0179941690614316,0.0172547604081268,0.0235482814121895,0.00772373593858093,0.00203875847962972,0.0376738172610212,0.0751458546439729,0.234240684062271,0.0092186545782021,0.531956522926849,2.19672594900933,0.0173690126436568,0.0121948222822305,0.0126890479058058,0.0142129911482687,0.014013983340231,0.0201604817605703,0.0202088522094785,0.0309185771279399,0.0218406713936926,0,0.77570719419583,0.707002305872899,0.814740041495871,0.00310515175948977,0.194320931804212,0.375646206945473,0.337637698399963,0.205499926867593,0.218228217623875,0.242789984348201,0.702316228622389,0.94742591624645,0.0845385372879318,2,"TIMMDC1-DT"
-10.9974866693225,0.0979599406178427,-0.0119576477943182,0.061580451545609,0.0352802621950096,-0.00158663963627945,0.00517373800789563,-0.00195879955338645,0.000721888612576841,0.0101523258074051,-0.00317131437930972,0.00778144103790938,-0.00498063397016947,0.0072066990074571,0.0348704006102253,0.0874635422072051,0.00357715336396264,0.102941641072172,0.439976194233058,0.00334555083896689,0.00276225070852965,0.00925892725265999,0.00368413463597203,0.00392729047583919,0.0138913404728608,0.00411486638634194,0.00612062748394164,0.00813785886151859,0,0.262709994222785,0.000829427043634927,0.549701553838878,0.936088726202187,0.635319052378461,0.0610662638413224,0.832451927473771,0.844653034136488,0.00973588682466334,0.819417425854076,0.0586169253628402,0.41579067845618,0.375845617950333,3,"TIMMDC1"
-14.1119486900723,0.151783011328147,0.00826769679449655,1.10545308509144,-1.30871637686157,-0.016082268555931,0.0174655568631423,0.00350571518279821,-0.0090923960496229,0.0195571047858299,0.035922780176928,0.0347444649679441,0.0387346100801323,0.0447935175612803,0.0627410217905767,0.189944357029812,0.00766737548328622,0.4030927131569,1.94385390039927,0.0149295549526695,0.0110781821441459,0.0300886481191476,0.0142263287838688,0.0127850857655784,0.0219877292949849,0.018004440664499,0.0270778425339692,0.0240621461171366,0,0.424237082784308,0.280901886372197,0.00609866609408243,0.500782779187461,0.281386379036193,0.114893934018939,0.90724607529705,0.522741907219835,0.12609566998598,0.102308226756293,0.0536350977327404,0.152576146691568,0.0626628563035146,4,"POPDC2"
-11.9489564547486,0.0746994551763882,-0.00651900317545475,-0.365310701802874,-2.46768488552133,0.0366014747990532,0.0176779198830334,-0.0204421450142785,0.0393441499404399,0.0103083607165762,0.0126610259927587,0.00167312228253372,0.0327592870730441,-0.0242165505722007,0.0603390414409771,0.152415905730975,0.00599210919392688,0.168743343531416,0.626950168097865,0.00464405392368316,0.00427928011470044,0.0159952244105899,0.00568429604180682,0.00549517866227512,0.0172649515818998,0.00587942098037,0.00890487836307646,0.0128147287294858,0,0.624061189280228,0.27662543486911,0.0303961443305079,8.28460063348338e-05,3.23829018561974e-15,3.61110106133863e-05,0.201243954662361,4.4672248158025e-12,0.0606701357510707,0.463352977229673,0.775971583826666,0.000234331815751585,0.0587922706415828,5,"COX17"
-9.91873015318249,-0.0255223154698482,0.00209035341178918,0.233612104698375,-0.820488144549436,-0.00645605902732432,-0.0058619102140534,-0.0156942371474213,-0.00476008718728432,0.0059702293533642,-0.0119972916314618,0.00479818721993318,0.00211961136860643,0.0182933974684544,0.0257466122489771,0.0640632171632152,0.00262674201911243,0.0609548108679396,0.266117023429924,0.00207392912080275,0.00179621735642333,0.00700324598660615,0.00253063205010688,0.00255877144073087,0.008894709190249,0.00256014649375826,0.00367861602046298,0.00430491629069933,0,0.690340767857758,0.426150037237187,0.00012682397575482,0.00204797461236207,0.00185220928385319,0.00110054941746764,0.0250264182390307,0.0599736228024808,0.0196355222643721,0.177397318168487,0.0609049812586421,0.564481324781247,2.14324715681758e-05,6,"CFAP91"
-13.39622297103,-0.0758274287335392,0.00680412408457891,0.254210256410534,0.98670241365742,0.00207385593056424,0.00665336229898233,-0.0639803569958021,0.0134294225069032,0.00758010827196597,-0.000107350092102068,0.0134271966546614,0.0334456496180441,0.0165144444855704,0.0631840265551578,0.162602792814888,0.00702267157757895,0.334055035467219,1.41215945911618,0.0109338142411109,0.00954202399966238,0.0390058533164523,0.013370515575577,0.0140021757736529,0.0482329541772934,0.0138591188669017,0.0195067689808617,0.0252900812030382,0,0.640975486240516,0.332605204120507,0.446667125850172,0.48472776003958,0.84956490783812,0.485634152006688,0.10094783634782,0.315183087457396,0.588264866379359,0.998224182784663,0.332627620496959,0.0864247633047456,0.513755731468785,7,"NR1I2"
-8.56263184725645,-0.0341648604382656,-0.00244871578159356,-0.25984003436203,-1.28174626135658,0.00038088413040042,-0.00434398884854422,0.00144697036641893,-0.0090899905285524,-0.00335145057165371,-0.0041422957900082,-0.00345199112763621,0.000364000952693444,-0.00984504812430931,0.017128031787524,0.041463529207947,0.00174523709716392,0.0356700622965195,0.146334268977915,0.00114472921456571,0.000843141345724003,0.00200018711061526,0.0010954274585921,0.00120644003713596,0.00432199218844389,0.00132726915343309,0.00202862393284495,0.00296338994887618,0,0.409954462602786,0.16059152960981,3.22767101372876e-13,1.96937593482581e-18,0.739339171003947,2.57519915497161e-07,0.46942342066232,1.05770165095471e-16,0.00547001787104904,0.337849610317729,0.00930006309162629,0.857598157177016,0.000893026560871929,8,"GSK3B"
-11.0121896100232,0.237606937504185,-0.00609957595925489,0.207438746067665,-1.04552298228581,-0.0120942404098695,-0.00698599239124422,-0.000657342163006244,-0.015544614392319,0.0131036768879037,0.00806039270975824,0.0127240979251528,0.00546525443703617,0.0435885056948586,0.0283600447200932,0.073344969110062,0.00297888856030739,0.104873951413742,0.461363103364691,0.00353392403650904,0.00260528647269482,0.00636809702571789,0.0033457623131158,0.0035529839339306,0.0114021716953847,0.00423041214928497,0.00649978447927058,0.00767045538958995,0,0.00119705637871086,0.0405990861320751,0.0479307825949461,0.0234415393805251,0.000620878035050518,0.00732999174783754,0.917784978592698,3.38333686388107e-06,0.000225955638929126,0.479617857079499,0.00263174037393228,0.400439673635659,1.32624275732927e-08,9,"GSK3B-DT"
-13.6800864835656,0.0847781073427995,0.00442317713902927,1.64086932055548,-1.21465713213531,-0.012749779466506,-0.0158265297637176,-0.00639675697497458,-0.0163985788243832,0.0468169495650862,0.0230779633657165,0.0387119104005773,0.0105585109223821,0.0567589001815979,0.096787618422183,0.268443612657506,0.0116057835697965,0.495670526662475,2.19718928595802,0.0167339195695397,0.0121118455712567,0.0295372422246118,0.0155723204555877,0.0156183474507253,0.0420409330770725,0.0198347187641826,0.0306022070531763,0.0419308355599359,0,0.752144097566484,0.703115428334253,0.000931616533678532,0.580384505479808,0.446112337015427,0.191315147304062,0.828546728090318,0.292313757502845,0.00272149367586301,0.583046404990763,0.050970899227537,0.730075958568589,0.175853969409906,10,"GPR156"
-10.5926890368757,-0.0320715938483806,-0.00331943355600426,-0.255126280644674,-1.75829040613046,-0.0117925746843521,-0.0135221197434199,-0.00676458803744943,-0.0184741185200192,0.0133470273424692,-0.0200252455122648,0.00583893105049996,-0.0182806856799417,-0.0138443798257243,0.0208320914491611,0.0528046606116123,0.00222566980920323,0.0838769427367141,0.343140006664547,0.00268872922131847,0.0020265656862575,0.00558038847335835,0.00268011564982521,0.00305191422952329,0.0112407095266167,0.00322267316698764,0.00485485297795249,0.0070849630280546,0,0.543610078105953,0.13584830272925,0.00235266873154371,2.98931326355294e-07,1.15491945623098e-05,2.51600326783662e-11,0.225433010842179,5.46162157103268e-12,1.22365670336276e-05,0.0748319448804756,0.0700127018647935,0.000166252196336672,0.0506951738258253,11,"LRRC58"
-14.1895478777735,0.0725249919720764,-0.00520959427600196,-1.427822656906,3.28629142474794,0.00220430348913937,-0.0244245745702278,-0.0198899399988208,0.00233058127853327,0.0439654988481352,-0.150692403523516,0.037097868459906,0.0264391564363135,-0.18878094985226,0.0703738275796228,0.195471508974095,0.00818789965013575,0.541480561371056,1.97113835799853,0.0148205133261455,0.0117888628423677,0.0373777020723865,0.0155310027236461,0.0182175637525533,0.0677813959342701,0.0193627895435105,0.028613708780978,0.0413065543633823,0,0.710618243118156,0.524610056304652,0.00836708791105909,0.0954736792589482,0.881764103341756,0.0382808636892651,0.594633303793387,0.880717328252357,0.0158062960780606,0.0262015172883691,0.055373223336494,0.355484686864948,4.87161320690054e-06,12,"FSTL1"
-11.1138624809202,0.0679424907125956,0.00126297666194428,-0.365840290209706,-1.80200133793946,0.020807120416748,-0.00349627192672628,-0.00604537867735256,0.0207864965403926,0.0119101794635252,0.00678597987005817,-0.000131852273228372,0.00162015541104023,-0.0318124228414157,0.0502792255646226,0.125137317875551,0.00512416707548585,0.108223151379215,0.414209684085013,0.00312058123697316,0.00281199486137442,0.0104940184124993,0.00378215181088837,0.00378972333116922,0.0125760080817816,0.00395239509345492,0.00590770768036186,0.00863107463790006,0,0.587168718718285,0.805314919950161,0.000723737177396864,1.35854217503358e-05,2.59831381134058e-11,0.213741753275429,0.564562104246702,3.88624671257157e-08,0.00167364727843483,0.589474786480545,0.973387432031895,0.783896853149633,0.000227984520070207,13,"NDUFB4"
-14.3363858325375,-0.0313535211124195,-0.0131433345510904,-0.501443262993743,2.79060674981254,0.0495628496204651,-0.0157663845593882,0.0169587858010977,-0.0212769276335677,0.0140238545020768,-0.0208709673939808,-0.0175179530314905,0.0149140604420929,-0.0643537141855452,0.123010144934647,0.317141137019214,0.0142076937156345,0.601203022193383,2.24446494283411,0.0176455103146771,0.01437968062505,0.0518587487942072,0.0202473408404805,0.0215973479912112,0.0783857946415665,0.0218228332592186,0.0313787281065137,0.0491038535334931,0,0.921247054466138,0.3549213211409,0.404243546601937,0.213746885001842,0.00497253003369869,0.272888471445273,0.743653665932236,0.293327271717017,0.516123646673882,0.790039313677451,0.422127892815222,0.63457881492137,0.190005304837934,14,"HGD"
-10.9799548450979,-0.17727887410154,-0.000975923324656679,-0.0144416750203733,-1.31353015310805,-0.0087072327734879,-0.0108747643052246,0.00198096257389944,-0.00750490950094452,0.00524842529961285,-0.00109152076253952,0.00565225799352779,-0.000223984210861247,-0.00405237671738,0.0668866030002184,0.159876766238085,0.00700883127574578,0.113036240939525,0.462624352198116,0.00364899689022674,0.00258580672258967,0.0056951520394256,0.00337973716298191,0.00378733900811095,0.0136547137775271,0.00420506676594013,0.00637125565629365,0.00920624938736996,0,0.267496186953831,0.889258961117643,0.898337751596694,0.00452123735535498,0.0170235360178792,2.60436934163042e-05,0.72796550541624,0.0263807706342219,0.165813554989484,0.936287134642259,0.17889854087117,0.971955804626129,0.659809114739541,15,"RABL3"
-12.0174108392469,0.0670887716972678,-0.00396732018908613,-0.299882191782283,-3.18897641696607,-0.0284128647258153,-0.0118771925752026,0.00180977646906199,-0.00970813791091225,0.00654597050722388,0.00306044840268015,0.0176400848632496,0.0181363035510474,-0.019223721260594,0.0283675212424619,0.0796989531662352,0.00328636668206998,0.173149209164272,0.702775526560295,0.00547205006725036,0.00393009417624072,0.00913230837380978,0.0050540567320731,0.00571697604555249,0.0198099575482662,0.00661156854899325,0.0100818669226397,0.0145259519457524,0,0.39991260575734,0.227352982927064,0.0832861479402205,5.68741893175055e-06,2.07642792083413e-07,0.00251016006813026,0.842909752393114,0.0547492974787276,0.252206770964249,0.877223074585279,0.0076289832989415,0.0720339804853114,0.185700642381625,16,"GTF2E1"
-12.5492800065806,0.0341266093926159,-0.0122060225302771,0.438519090443085,-0.967589634960914,-0.010312114001981,-0.0150801966126597,0.00830514338747309,-0.00442467716145238,0.00443004150166957,0.00858975506215026,0.00562898552817323,0.0105625001702147,0.0672203601518499,0.107164983809955,0.279627843405188,0.0109347559247028,0.248883672101635,1.07789825866324,0.00814358623524856,0.00604476368323998,0.0127660139231806,0.00757066552391926,0.00776205542570246,0.0235376807298664,0.00955921087380131,0.0149230424195777,0.0207401905047006,0,0.902864996274963,0.264311175908348,0.0780787610892782,0.369365116971287,0.205410498070925,0.012604458359608,0.515326240398641,0.55891744483518,0.568182364450438,0.715158926745276,0.555958798929173,0.479070683928191,0.00119082927263572,17,"ENSG00000286827"
-6.43669247185407,0.0492600070641684,-4.84605332003795e-05,0.374008553524407,1.25730983294961,-0.010622201007866,-0.00564316619175682,0.00160966590603892,0.00382329333794588,-0.00944625963950804,-0.00360548270978828,0.0189177291020196,-0.00351537347360926,0.00727733963350862,0.0397543184439401,0.0959601707888656,0.00403869526282617,0.0296332174474321,0.129907321195818,0.00101412449023268,0.000763076951495034,0.00150592152389016,0.000954949182821724,0.000947344875162716,0.00279212555586275,0.0011347180432501,0.00164537873164165,0.00230487459379003,0,0.607714871172475,0.990426367696317,1.61220107435555e-36,3.72084510908836e-22,1.13424214425288e-25,1.41112731823696e-13,0.285118805059005,6.236957236817e-05,2.03547628170336e-23,0.196598307619703,2.10364929952335e-62,0.0326376015428635,0.00159199739757342,18,"STXBP5L"
-12.8831558097601,-0.0695904871267434,-0.00331477295747825,-0.596901341605384,-2.11553444124086,0.00168215688960023,-0.0168732812241359,0.016807846599179,-0.0161229303266483,0.0122117181262931,0.0306138008899773,-0.00453759263852655,0.00599393831790145,-0.0346776082939344,0.113431692551864,0.281504177616126,0.0112262408682847,0.284013433365659,1.01053747640787,0.00760781126279007,0.00559927678057272,0.00530685020012922,0.00634027303236503,0.00621302263378792,0.00638388335438746,0.00904214687951074,0.0146269574086219,0.0215412044067446,0,0.804746148125443,0.767787576383168,0.0355825546725165,0.0363068177998343,0.825007424624934,0.0025827422432199,0.00153915357817691,0.0109924280747966,0.0493559836446579,1.62283739922541e-06,0.615789281387832,0.681962137033679,0.107435671403891,19,"ENSG00000287022"
-12.6724846970644,0.059631653814305,0.00259208860612751,-0.298323618211214,-1.64009031605638,-0.0197728451989133,-0.0279586371319784,0.0233064081538188,-0.00431315449765249,0.00591755821821352,0.0278988213136133,0.0275557863428491,0.0182799571115858,0.0116540174130477,0.0685915692690549,0.174723874488343,0.00705058783652902,0.251005829234972,1.0259387142347,0.00786688967977217,0.00601018674341457,0.0175705229664481,0.00776464968210177,0.00697936418282895,0.0127894289455751,0.00938572656063814,0.0145933209831413,0.0191993406234664,0,0.732884660594915,0.713140574838814,0.234631475571705,0.109904159634535,0.0119564852958284,3.28930540603649e-06,0.184690913166526,0.578562256641347,0.396513190003349,0.0291540689212101,0.0033255504797474,0.210342251766071,0.543850301895887,20,"POLQ"
-9.01638857395429,-0.00517174474187772,-0.00220248781823694,0.474035955924852,-1.84278337651138,-0.0189845069776298,-0.00620365737483476,-0.00645896021124959,-0.00133997635605688,-0.000966628616923979,-0.0189109914641617,0.00889356672225724,-0.00999927973941548,0.0195429895366204,0.0260622547187598,0.0632796478661778,0.00264916253904531,0.0398563891897888,0.178862793315136,0.00140569302110772,0.00114613085478456,0.0039450776214398,0.00158150392927481,0.00164595968437327,0.0059238330156722,0.00167941082374463,0.00242861932494531,0.00270039524751179,0,0.934862689326115,0.405753223861027,1.27777540185718e-32,6.84564370307988e-25,1.45237470807936e-41,6.20829968992706e-08,0.101584497493884,0.396839174942636,0.557019990047269,0.00141116662127881,1.18595809047137e-07,3.83388024171587e-05,4.58431363624701e-13,21,"GOLGB1"
-13.479496403565,0.114735162314156,-0.018273937335059,-0.524752419644113,-5.70894546267104,0.0017148837521145,-0.0132100761027802,0.00584869109131633,-0.00240065341342993,0.00276264275348075,0.0178205396052372,-0.010913925476224,0.00550912042557712,-0.0255042151505969,0.0451525487645466,0.136831478881433,0.0051965733237761,0.329087023334388,1.20865459528514,0.00934757490094856,0.00720696634742383,0.0140296072781055,0.00854576156495896,0.00820847190313309,0.0154194010680629,0.0112604866757104,0.0176501139275399,0.0265285979484327,0,0.401741876410339,0.000437217311100053,0.11080834078293,2.3194691796866e-06,0.854438976434431,0.0668086216362409,0.676764701874719,0.778773728202934,0.736448664586577,0.247794924546539,0.332433813858145,0.754942142788001,0.336358263321849,22,"ENSG00000288868"
-9.53730736793769,-0.0212376230551834,-0.00381664783524256,-0.08897993714613,-0.582685177266307,-0.00708859462172489,-0.00612780340053634,-0.00187881466920543,-0.00390909888437332,3.59689402264869e-05,-0.00398307232989487,0.00411280029342867,-0.00226619783755598,-0.000381313680030923,0.0172823329256664,0.0427356937251544,0.00179046033046053,0.0526696794055613,0.219136706686405,0.00170720966323525,0.00133824124595629,0.00422375733422735,0.00180302283783093,0.00193134139101444,0.00685296790244451,0.00204512531115476,0.00305018499564134,0.00430348532553418,0,0.619222329847891,0.0330350294470208,0.0911435981771145,0.00783722473299229,3.29362864118232e-05,4.67209646915286e-06,0.656449338111255,0.0301525525794927,0.985141206382639,0.561093141270552,0.044322704347959,0.457499468121682,0.929395213264513,23,"IQCB1"
-11.5058864313298,0.136406997765502,-0.00611458531710029,-0.274433146405092,-1.74318734844176,-0.0185309768477667,-0.014493477921706,0.00420652173827702,0.0105981652906213,0.00913032970092755,-0.0123252978599535,0.0198349796119459,0.0154090428096591,0.00519909275813848,0.0399976750235513,0.101240275307088,0.00413982759246356,0.138552939734184,0.57586631840881,0.00440018046323789,0.00320077002577515,0.0074520686330171,0.0040880618950665,0.00484423968442935,0.0181617224614106,0.00531533088256875,0.00818398318688665,0.0110535598441618,0,0.177864633298757,0.139671754667372,0.0476238426259714,0.00246937203945279,2.53778381802452e-05,5.95101553735125e-06,0.572429512880847,0.00952903407919101,0.0594594450830779,0.497365065915075,0.00019022611356831,0.0597235136493554,0.638101691955677,24,"EAF2"
-11.753706513133,0.125828183043301,-0.0098192200727881,-0.172166691277873,0.429391031548949,-0.0100154397433142,-0.0137549544440263,-0.00119979073476933,0.0180723647243717,0.00481811943470268,-0.0320625777926455,0.0167594169388173,0.0130368764514776,-0.0234941853487812,0.0413644238996346,0.104927142947498,0.0042493475689829,0.148668674874681,0.64027688518653,0.00486283543545879,0.00388035533373845,0.0126301936299083,0.00515337429366306,0.00573195702344834,0.020833615610472,0.00597991142672891,0.00896907472935824,0.0128534549391742,0,0.23045184255968,0.0208461451762322,0.246841073559152,0.502454132422506,0.0394379004212783,0.000392960706047222,0.924319710837989,0.000453360672153158,0.400588057686388,0.12380847535177,0.00506894187806687,0.146074885248984,0.0675720932268556,25,"SLC15A2"
-11.4283315314832,-0.146155161311168,9.05197364009936e-06,-0.296747366697535,-2.70762925062833,-0.00614136689470748,-0.00715704373363609,6.05048885427331e-05,0.000734130565241793,0.00826211181468457,0.0153622384639473,0.00399004419410448,0.0186454387070204,-0.00888282234357429,0.0358307719319532,0.0870348835491856,0.00374705272729435,0.128463624388856,0.498139889653089,0.00392407203509684,0.00299587276367435,0.00903091519781802,0.00393312005969648,0.00358361959150964,0.00807946679490727,0.00461638025323481,0.00719762749636782,0.0103978397531048,0,0.0930992281160923,0.99807250564297,0.020889708073854,5.46492116413009e-08,0.117571308105262,0.0168957805349561,0.994654411628413,0.851932328794425,0.0211373871937314,0.0572506066592596,0.387410411628121,0.0095837214312109,0.392941565856888,26,"MIX23"
-9.80821901671507,0.0150311857980591,-0.00239738042608315,-0.0800779943738968,-0.56785485146888,0.00504984646350482,0.000838247047098863,0.00280821269619635,0.000568897562330239,0.00387834953729933,-0.000392909403281009,0.00611665079798398,-0.0111918584095924,-0.00479427629610293,0.00875164325090676,0.0259527041648067,0.00106839456268896,0.0591156215686493,0.240576743232179,0.00185141695713445,0.00142340475622229,0.00381048187703495,0.00183283467488396,0.00205635607315067,0.00727074643578357,0.002240843032954,0.00333684386164905,0.00484498196155341,0,0.562470360416236,0.02483824182809,0.175545176938989,0.0182557494089035,0.00638051094073138,0.555926479052412,0.4611402952886,0.756262735164475,0.0592908929151392,0.95690348541566,0.0063407295529736,0.000796451082309849,0.322401750010276,27,"FAM162A"
-13.64530385181,-0.257328636779378,-0.00799208338230509,-0.401575833965795,-6.90942669238906,-0.0114707025099669,-0.00644308411642748,-0.0139529805593609,-0.0127903249969014,0.00046318336291467,0.0110203184926866,-0.00590482314259868,0.00691545479083439,-0.0168164673862111,0.0843191393517642,0.21029015848866,0.00891588558616455,0.35435290406632,1.35028403201518,0.0109169870266989,0.00930841115315896,0.0354393120764252,0.012841792563506,0.011156293294776,0.0279083475848962,0.0131427036187069,0.0196399035466404,0.0290628228859515,0,0.22107157533312,0.370046140953078,0.257102878284445,3.10405232857574e-07,0.293386959254018,0.488825100749838,0.69379163637656,0.319253943753449,0.966883202125758,0.692934883372116,0.653225882358911,0.724753922829172,0.56284242971795,28,"WDR5B"
-12.0712878993779,-0.150185532023752,-0.00936422375118817,0.234600768869324,-0.976495353482288,-0.00194112931376206,-0.0145674677331389,0.006700040988201,-0.00947554516076271,0.00788865749894263,0.020506491883299,0.00638876472533999,-0.0232551213108713,0.0255526672474841,0.0230017575145115,0.0725441824404683,0.00290490126080908,0.163488745373721,0.696815269276994,0.0054026039182088,0.00389598444536026,0.00675982748737993,0.00469885417633289,0.00460414107872534,0.00864826909684215,0.00626148345426074,0.00949396367338816,0.00979289163166686,0,0.0384277285777273,0.0012659251772279,0.151296825064457,0.161103741793428,0.719374312069954,0.000184681709426013,0.321609598544814,0.0437409221891914,0.0866420839476724,0.017732008293592,0.307573092103675,0.0143069049506595,0.00907256300371021,29,"WDR5B-DT"
-9.40364735064012,0.00902870685458853,0.00248571001975305,-0.301396956237312,-0.177442126376892,0.00860125973075432,-6.97886669568616e-05,0.000242206753709818,-0.00142782808668841,-0.00530223732431823,-0.00337868821003373,-0.00464769715143224,0.00572719881896573,-0.0215692222436294,0.0116361882966351,0.0292917203034214,0.00124708826807497,0.0487852502129112,0.193128070003862,0.0015113347975989,0.00119459654385458,0.0038354522705879,0.00161512016685918,0.00171397297449052,0.00600843772847236,0.00182249767446035,0.00271772367254056,0.00401314905537581,0,0.757904211681827,0.0462383500933757,6.49045562791084e-10,0.35821087710099,1.2617353628926e-08,0.953413859668938,0.949647486577915,0.376675538048857,0.00197786467659297,0.573895349129572,0.0107667308775352,0.0350871299528313,7.67368171626555e-08,30,"KPNA1"
-14.6103304555202,0.237342719997512,0.000587622157524911,-0.122365948320034,-5.15580866081529,0.0171605895134994,0.0062995726347644,-0.0493428109854783,0.0744599752448537,0.00823857061160767,-0.0438924240630393,-0.00219920283232375,0.00118661591753547,0.0292459107238291,0.0770876162174923,0.229611063923677,0.00926716554042832,0.556914949188847,2.15048295176278,0.0165640617733234,0.0152930685733222,0.0585057386992521,0.0204127568327974,0.021568904572668,0.0749590826566801,0.0210836246780946,0.0296374268541924,0.023865973797207,0,0.301289135457877,0.949440781377446,0.826088394447305,0.0165068407379501,0.300195903549298,0.680395576967388,0.399013649907953,0.000264580065061579,0.702487189038028,0.558176762434303,0.916924473685931,0.968063029440819,0.220415924660833,31,"ENSG00000287207"
-11.0196955155292,0.0825000467070928,-0.00143198290799476,-0.205549067519342,-0.843978900593729,-0.0110832434666276,-0.0163448186712906,0.00948688902889904,0.000459920375178457,-0.00152689114362972,-0.0136521335181473,0.0152500393071697,-0.0131201877590454,-0.0101210308076192,0.0141089793779188,0.0435937430454589,0.00175197241296448,0.101540162716745,0.419670768552812,0.00324626991626513,0.00227162438455582,0.00359734271738713,0.00281986331545107,0.00353819409820712,0.0133813194260122,0.00387984501267485,0.00585807511339515,0.00852105280314082,0,0.0584277891850438,0.4137257483319,0.0429379608176968,0.0443201753125309,0.000639819888325606,6.23638623735465e-13,0.0083595118062688,0.870439513163221,0.666071899157602,0.307615495122278,8.47413637103423e-05,0.0251119922470405,0.234924965416679,32,"HSPBAP1"
-10.1816010358194,-0.0690357687449377,0.00222394224338837,-0.0883989658089241,-0.053434283571498,-0.00374414725889319,-0.00871813148424091,-0.00191936533999943,-0.00409530255461417,0.00155552040872668,0.00480287734602102,0.00567914441605238,-0.00426309363855226,0.0164419841321267,0.0103111199388271,0.0307028038634455,0.00128122036098607,0.0715135035084766,0.295643662044665,0.00231269225858799,0.00179352711064583,0.00567193627320492,0.00239704625568357,0.00246932783103164,0.00787163890077472,0.00276976649450681,0.00405803305533605,0.00490122435565003,0,0.0245432582700429,0.0825992122989765,0.216415552742314,0.856572594686142,0.105456707180726,1.16861321815471e-06,0.735064151355413,0.0875475488408101,0.528735951436422,0.54176271102582,0.0403248782654825,0.293473580029253,0.000794600747744976,33,"SLC49A4"
-12.3595579650895,-0.0193326273404066,-0.00605238657331023,0.174988042849187,1.08950565200378,0.00189417483683684,-0.0119758846708937,-0.000668835499702838,-0.00731162288852397,0.0147328578461285,-0.0528797287552569,0.00671976264251432,-0.013377367371829,-0.0171078927959653,0.0401597503581991,0.103758406217075,0.00437151126980144,0.178736372643122,0.777911472832943,0.00594026913505317,0.00421048450937173,0.00776429848621018,0.00535748600287008,0.00660621802203857,0.0253643895030918,0.00709195982791617,0.0109403786041164,0.015851885416076,0,0.852191095370616,0.166203362810693,0.327565787077487,0.161348012854757,0.7498249387967,0.00445089999348835,0.931353198705431,0.172331998673284,0.0257374790903088,0.0370872814401755,0.343374669417929,0.221423464534269,0.280483451999142,34,"LINC02035"
-10.9737680883452,0.284077073772118,0.0223420790306086,0.443654167681425,-0.466762659170545,0.0096968815455756,-0.060455391681444,0.0142901409683863,0.071903593872136,-0.116902531634288,-0.0482575761394231,0.0418305928653921,0.0509448945167665,0.100372050529967,0.138856885012324,0.334023384874432,0.012789744110148,0.0938985843940618,0.434971036535405,0.00348341472313585,0.0026583184883717,0.00710122587330448,0.00346561162429002,0.00380072212450017,0.0141365954576619,0.00399025692526617,0.00587373134382508,0.00850537232839654,0,0.395063490510858,0.0806590939475309,2.30316155417008e-06,0.283231160620578,0.00537379621796534,1.723295706072e-114,0.0441832171622512,1.2850250335978e-95,9.56456798896148e-208,0.000640957499322507,1.03210603788469e-25,4.19610607780982e-18,3.85618685334768e-32,35,"SEMA5B"
-10.6451769298228,0.219671968718453,0.0125128731703609,0.201524582491079,0.87177692517672,0.00757573885570141,-0.024193809210595,0.0201999590417101,0.0504519279778708,-0.0521932923154208,-0.00523024479095891,0.0332916646460866,0.0200585106227654,0.0296936185794617,0.0417600074402475,0.101479364130665,0.00418851191227977,0.0822841943067218,0.373596982528804,0.00290444742428889,0.00209199475967778,0.00428325455173249,0.00258632969671898,0.00292742724452156,0.010211629251334,0.0033438362907299,0.00504913229895801,0.00548511674134671,0,0.0304109773134613,0.00281336563631,0.0143202266447046,0.0196235508146566,0.0090986885505215,6.20293473893751e-31,2.40490417511137e-06,9.54529992049972e-85,4.20388470449659e-71,0.608521439845815,2.37116610896361e-23,7.10730037590733e-05,6.18084285819738e-08,36,"PDIA5"
-9.81948786743498,-0.00981172537856209,-0.000661258224745971,0.389942492542924,0.780973446028449,-0.00653427015758693,-0.00334865495990203,-0.00501399017736931,0.00587060799705518,-0.00997253590364109,0.00518034125711444,0.017901014723746,-0.000505469157818502,0.0266700832916062,0.00891523699520959,0.0262904803534536,0.00107540679043689,0.0563447580725935,0.25123223060499,0.0019524760069641,0.00164148893490852,0.00621921107843847,0.00227388717112805,0.00214827999756065,0.00636303582388371,0.00238964831004461,0.00340312961998933,0.00375206217938591,0,0.708996252790056,0.538626542280738,4.49567961981962e-12,0.00187993913741265,0.000817919454852025,0.0413492619175724,0.420121772412884,0.00983007911066896,3.44881721755961e-06,0.415570220048327,6.83161201390659e-14,0.881923975052995,1.17639924400944e-12,37,"SEC22A"
-7.32607859654354,0.0306893135913839,0.00793120140015716,0.174199784426928,2.12970353311399,0.00584786365105311,0.0101228712973453,0.00734936793859216,0.0153098197365734,-0.0153975625046102,-0.000550955129314657,-0.00344507228822083,-0.00416290011486794,0.0278203512610822,0.0542083362606452,0.129966760069649,0.00538010224371765,0.0244221596819301,0.110059598287776,0.000859081851320942,0.000651919402585681,0.00181485710481931,0.000869903183414609,0.000828973518634712,0.00243856114880776,0.000962024002458549,0.00141436784707602,0.00202517364245771,0,0.813330227980009,0.140435020765846,9.83063327815824e-13,2.02042449102951e-83,9.95796073504346e-12,2.24981279054555e-54,5.13146005200323e-05,2.48717035989361e-69,5.19242036905951e-77,0.821252353085767,0.000342194044695659,0.00324740072905255,6.07250304880188e-43,38,"ADCY5"
-14.4885297859545,-0.119194814139656,0.00336552120456833,0.827116401720035,-1.84281406574072,-0.00202215176427999,-0.0190466583743436,0.0211275913730725,-0.0107769899574306,-0.00317687446254583,0.0224793632995274,-0.00105783422169157,0.0317740748013644,0.0113773168728587,0.214759405952382,0.531656781499319,0.0221454922766626,0.494745473190687,2.21387339691381,0.0169086641405246,0.0118822515890793,0.00571124964844939,0.0136410073775825,0.0132095409387624,0.0107542464745562,0.0196072678941225,0.031279455567019,0.043201812159654,0,0.822605541667374,0.879208077757632,0.0945634001700272,0.405186808512328,0.904805851204974,0.10894563418527,0.000216200068147613,0.42950233252697,0.809943844685923,0.0365928469727229,0.956974101623338,0.309718486812496,0.792278690586467,39,"ENSG00000272678"
-9.51501236643776,-0.0317275050552981,-0.00650558025918695,-0.293287873973532,-1.40634973961799,-0.00848054729739187,-0.00532329214446511,-0.00704224088332943,-0.000784374873932523,-0.00828850249898487,-0.00983183283125877,0.0114443568591124,-0.0265996697072558,-0.0544513385363137,0.0295834327193465,0.0715243762534898,0.00303736176860412,0.054924571893292,0.231678005486028,0.00181299870354289,0.00154568628688627,0.00560055579375456,0.00212562081382392,0.00216930395660625,0.0075985662501365,0.00219871169422867,0.00314224222022457,0.00479709820670079,0,0.657338966244177,0.0322053701181537,9.30338044315097e-08,1.27689566630766e-09,2.90201650150881e-06,0.000573246240770559,0.208602235941516,0.712120433273916,0.000133013041272872,0.195697784076816,1.93966917210643e-07,2.55740831527671e-17,7.34108352443271e-30,40,"HACD2"
-11.323124904723,0.0954090372514104,-0.00650977389008046,-0.0350442202511338,-1.34713351203044,-0.0161864513526419,-0.000746400200683221,-0.0177032573402289,-0.00557641598782662,0.000443230690568609,0.0163008617406524,0.018970892901081,0.00516236715815222,0.0207727580156556,0.0513990051966858,0.127257888482876,0.00518512404352138,0.115697655849948,0.508619841588402,0.00393895798894163,0.00339967183389573,0.0132843443239467,0.00477550559338745,0.00393757993777114,0.00903937856939186,0.00477986305738804,0.00712129501337379,0.00779805285325055,0,0.453417427646868,0.209307757676142,0.76197002166352,0.00808245227890389,3.96820424667673e-05,0.826221120037957,0.182649756367116,0.242922887092549,0.910376037670943,0.0713385016441539,7.21991888233663e-05,0.468501284715042,0.00772545067930296,41,"MYLK-AS1"
-13.5485439651266,0.0190960414716019,-0.0100677730656694,0.265224778697379,0.675721207197321,0.00993653641640598,-0.0136330638299149,0.0198433498154244,-0.0038837511867381,0.00171696347441145,0.0290082829563187,0.0253333288878749,-0.0220530978595416,-0.000312610570043215,0.114129722079549,0.291862638307487,0.0113149044780644,0.313814974581777,1.39050331242889,0.0101741327535003,0.00767632124944761,0.00665950432444848,0.00836127774073591,0.00821618289237681,0.0082708680485097,0.0119403264156784,0.0189300137975765,0.0271706384639718,0,0.947833087101573,0.373584153042067,0.398019884843173,0.626999494839672,0.328743933248139,0.0757346930673781,0.00288527302619728,0.642294898654332,0.834469022859809,0.0004527057586352,0.0338661877055598,0.244026866512373,0.990820177272837,42,"MYLK"
-13.7962409507173,0.174600383708053,0.00540047720265342,-0.262400126238314,-1.51266219410061,-0.0322639121740404,0.0183502441360681,0.00564893336665987,-0.0117411146256777,0.00042314181279623,-0.0317683395342448,0.0442884629709758,-0.0114750058042465,0.0239155098234702,0.071880960101947,0.188540560978883,0.00796193617644188,0.372898106770322,1.59848637080915,0.0125267231824691,0.00873346055782406,0.0168742503797415,0.0111900095838405,0.0135730413226098,0.0519489696326581,0.0148668706791991,0.0221808752762661,0.0186736983428506,0,0.354413389271027,0.497589787467481,0.481633437146379,0.343990954807326,0.0100064393886607,0.0356284692890761,0.737801249625011,0.29406319222695,0.975129845155809,0.540848940488054,0.00289187272903555,0.604920352899444,0.200297096147219,43,"MYLK-AS2"
-13.5626469338282,0.230203915719725,0.000693412858360348,0.329656208067019,1.57693088116897,-0.0155508914389483,0.0141492734933106,0.00954250484748235,-0.0127516586877742,-0.00565778019729801,0.00623777211906934,0.0332176924115587,-0.0174194793463807,0.00932311997458263,0.0467537028852706,0.141242724473093,0.00542222113850296,0.308092649791401,1.44575407331792,0.0109387097932301,0.00779927385185588,0.0159060122264016,0.00977783357962933,0.0106264642916069,0.0334479065942663,0.0129940471467702,0.0194388680924183,0.0249694802466995,0,0.10313400968676,0.898241133682776,0.28462358535394,0.275390627907212,0.155131209985579,0.0696502775951867,0.548552429842163,0.192186033951143,0.594432654891087,0.85205883180077,0.010576824278103,0.370190850255852,0.708865182509062,44,"ENSG00000288806"
-9.42120223264523,-0.0711064580800304,-0.00817071758000153,-0.0208184722563135,-2.17969619023421,-0.00501814421438646,0.00269524503482763,-0.00442581243216944,-0.00598302740046655,0.00117195609199172,-0.0189465140408214,0.00351690917116916,0.0146794259693227,0.00981096744543574,0.0267307004617823,0.0647667119661344,0.00268891505828573,0.0511494859233564,0.210418925048507,0.00163374064968289,0.00129886337999941,0.00411171007345651,0.00175279205339075,0.00189600851820447,0.00690872376090135,0.00196861776476513,0.00293772805604652,0.00376226351228198,0,0.272254327632809,0.00237627321409858,0.683998920625752,3.81557219938161e-25,0.00212938217494861,0.0379791486588464,0.281751913164087,0.000641513853958795,0.536497871119835,0.00609912116871369,0.0740205120418169,5.82702963019787e-07,0.00911448143632328,45,"CCDC14"
-7.09767049758792,0.0244256743651705,-0.00157586674889787,-0.00861402316513591,1.88923631130382,0.00654956417601408,-0.00198612833515986,-0.00247424027003889,-0.000667228527490894,-0.0050436788218478,-0.00461543207759603,-0.00441517283673429,0.00431550470944239,-0.0123580762878211,0.0286664942047371,0.0702993093699612,0.00286625815721753,0.0240389574513515,0.105613393228913,0.000822923020578147,0.000650715193507579,0.00203239694609796,0.000885369039546399,0.000885517045253819,0.00298833063876157,0.000945172467836501,0.00138055599768238,0.0020882977108938,0,0.728251359514039,0.582457033945256,0.72009190181849,1.45671043452758e-71,1.73571787547453e-15,0.00227152747306443,0.223452020423508,0.451079662147559,1.2283472802647e-08,0.122470863628665,2.99316873639682e-06,0.0017725102685864,3.26325670370377e-09,46,"KALRN"
-14.9511822257099,0.601800980721199,-0.00273523794817106,-0.0979397787709683,-7.03851794024153,-0.0141920805283155,0.00462196489556358,0.0174658573158407,0.0228435136607844,-0.000217226625375573,0.0208553609343049,0.0354646072661366,0.0522688765575499,0.0305939607791666,0.0887834417427476,0.286101600210931,0.0102104123005397,0.652878212563682,2.55255619497354,0.0193526597647223,0.0142476094730087,0.0183241704794258,0.0158466246722703,0.0162996589342307,0.0289585080168602,0.0239964234097037,0.0376176377862833,0.0357487847403158,0,0.0354262777265171,0.788786207999495,0.880754891156692,0.00582560858829475,0.463351052147445,0.745633074187246,0.340509259043924,0.149432713822634,0.989366854804412,0.471413695185027,0.139431276486129,0.164687474969902,0.392106081572943,47,"ENSG00000288713"
-11.0494528468638,0.0405012117667359,-0.000505426896092244,-0.143591766405423,-1.44065376983055,-0.00333937778898207,-0.0014513680266781,0.00452723991276664,0.00483978918529486,0.000380459866579756,-0.00533865216077862,0.00378324586603016,0.00013383851115081,0.0136344453669265,0.0372201162214868,0.0908160576729496,0.0038681724180177,0.103454737567197,0.420669167535727,0.00326822165432521,0.00243098783313168,0.00627647309757912,0.00317708234902829,0.00361246112966928,0.0133658334262821,0.00389728499728238,0.00591279134746686,0.00707744376802982,0,0.655619119106808,0.896041926904965,0.165147080311184,0.000615542877089964,0.306888764777176,0.550488625506108,0.47072300987199,0.127672676129765,0.916122890643096,0.689579847685471,0.331678351946384,0.981941090574883,0.0540463793096734,48,"UMPS"
-15.2792982396795,0.601010148767166,0.040381872874568,1.94301124865832,0.184249883357072,-0.0331817532681429,0.00363744257150876,0.0154400560819197,0.010014861311823,0.0658595857968033,-0.00359945412864025,0.0932032047282232,0.119754850628085,-0.171443741079337,0.215698404732803,0.52041624450842,0.0236438334525721,0.599422104795973,3.32968744340016,0.0253325986727844,0.0163123525980076,0.0215951852517559,0.0214719222173922,0.0263517128897557,0.102265285111725,0.0306338873367895,0.0470860127937787,0.0631161877465159,0,0.248145995392319,0.0876504274898614,0.00118913224447543,0.955871189224139,0.190248602855671,0.823545624159631,0.47462338947209,0.640917319804956,0.0124455579890799,0.97192247593544,0.00234631932818035,0.0109804265031897,0.00660121493895143,49,"HEG1"
-9.52012867928524,-0.0548910030481648,-0.00140209521222332,-0.152112607977303,-0.181469071810249,-0.0232023232768992,-0.0182030969800925,0.000840197505885172,-0.00315086127201721,0.0144621532639303,0.0190117637903852,-0.0020792825037415,-0.0262792971370189,0.000714493226587386,0.0520906682609467,0.123523959162861,0.00529881132005313,0.0561107912487067,0.242126275718711,0.00191642398506427,0.00141987815637153,0.00389324771904911,0.00186735362048932,0.00166195262279884,0.00351223424841787,0.00213483294705304,0.0032265091183585,0.00453162320517929,0,0.656771229385693,0.791313296444155,0.00670941376351368,0.453567275173411,9.68667504315098e-34,1.26402784582023e-37,0.829136710949932,0.0915379099806199,3.26359736343605e-18,6.19735663475676e-08,0.330066955852453,3.79884345594984e-16,0.874718198396685,50,"SLC12A8"
-8.55790211160491,-0.00145791680081575,-0.000712165054815898,-0.163200026011068,0.485974645325406,-0.00390861504369744,-0.00501457369765574,0.000174795097553008,0.00318256111819768,0.00154333094268904,-0.00360275081360364,-0.00492598092098867,-0.000812070821564176,-0.0111275474081286,0.0133222608350032,0.0326917420699191,0.00136298156514332,0.0348216170743146,0.147272610794989,0.00114919299129719,0.000896964393886771,0.00285503146248556,0.00121090256676807,0.0012855121204963,0.00454028339198046,0.00135297283461202,0.00201358830861932,0.00295510696684687,0,0.964429431689302,0.601318576028963,2.7758500686806e-06,0.000967432576646054,0.000670950285416447,2.26279697396922e-08,0.951181192558589,0.00858240714743209,0.229922978412182,0.427481958950986,0.000271731799931762,0.686730954855079,0.000166195384555289,51,"ZNF148"
-14.5962282127988,0.115391122173187,-0.015571731408747,-0.7707069593678,-5.28664613807775,0.00865185446557188,-0.0217876757986612,0.000198110666442183,-0.00933851013269637,0.0193531703051337,0.0253893693538703,-0.0407598695751771,-0.0150891802167253,0.0295233793664531,0.107901990774208,0.288630146872934,0.0115452275238076,0.525903424400756,1.90812702510039,0.0149402815373949,0.0115540677646387,0.0289758024360874,0.0143921477523761,0.0128024563429569,0.0160183338368922,0.0175943575778638,0.0279437550681329,0.0202205817660489,0,0.689312024227623,0.177414335540085,0.142786889913676,0.00559540702964142,0.562524525872871,0.0593334065787671,0.994544820254005,0.516427921731039,0.130616221326975,0.11296193412863,0.0205231117986999,0.5892080770202,0.144271997935942,52,"ENSG00000289324"
-10.0816938904545,-0.044608338540564,-0.00179274098046039,-0.206257912320828,1.24601461358406,0.00401804799245835,-0.00508860852586375,-0.00321266390316767,-0.000837699820644322,-0.0034864286966844,-0.00209997232457604,-0.00635159456352066,-0.00884656339636117,-0.00079834895928434,0.00930595575376934,0.027059897992596,0.00112993161047266,0.0641631745752294,0.260500853337086,0.002033826220096,0.00167403633095624,0.00614119763426826,0.00229535270896399,0.00242169016894672,0.00825481212183704,0.00250063720938462,0.00359070078288945,0.00517131868608419,0,0.0992493779927766,0.112604974842305,0.00130633701960348,1.72569389612873e-06,0.0481989332015029,0.00236794987120308,0.600881616126796,0.715145201529369,0.149961484825852,0.799191405782891,0.0110855504307571,0.013749471473898,0.877310003292018,53,"SNX4"
-10.9670298652878,-0.0734259456077653,-0.000647746010377198,-0.16444952595288,-0.0673670870488015,-0.00308918506355902,-0.000872208375250178,-0.00696013695954338,0.000982512534550902,-0.000317356865177556,-0.0046732757910389,-0.00485661318581981,-0.00602193192482459,-0.0196277791455284,0.0160720961175402,0.0440704552468358,0.00186798981161972,0.0972884983580878,0.395791236703035,0.00310519661746469,0.00266295395945003,0.0103770438460834,0.00369378804473626,0.00385890469430253,0.0132935444584619,0.00387878616180941,0.00551954390551304,0.0081723071569294,0,0.0956927750118318,0.728770880611458,0.0909651168133476,0.864846059265198,0.319812324316407,0.743263914225651,0.502396088150294,0.790246524286037,0.93445575384001,0.725179704830574,0.210534833620613,0.27526415137138,0.0163171805078747,54,"OSBPL11"
-9.30883175105302,-0.0635429700173589,-0.00549685761965641,0.169457149873111,1.6899175930264,0.00128759169900936,0.0101840988651012,-0.00228998210144417,-0.00378096540712815,0.000127054047318565,-0.00926880191641655,0.00306944971838986,-0.0130034934588412,0.0229713122026324,0.0611496125563255,0.147333795553614,0.00616966167985695,0.0556062054819442,0.241085640044332,0.00185739682606241,0.00150945732541176,0.0048940767036753,0.00205350428829347,0.00213007256748459,0.00761475950144425,0.00220007941383837,0.00319547719731731,0.00406042738538741,0,0.66626059314629,0.372956208070362,0.00230791656074634,2.38974272498755e-12,0.488169110011406,1.51077806788215e-11,0.639849730663938,0.0655884524019379,0.952436182806607,0.223522303143616,0.162969388154534,4.71458527369452e-05,1.53716307330104e-08,55,"ENSG00000284624"
-14.8137609075753,0.36433818301246,0.0012703791098525,0.660636661849981,-4.05421221254821,-0.0353560019462676,0.0201933242811766,-0.0026419246716066,-0.0129128045877836,0.0135374975928041,0.0221021213877395,0.0427954244484377,0.0409875526012334,0.043982201361359,0.082520014110777,0.261431669540247,0.00958468129479085,0.538490314731505,2.55736774383538,0.019703493101089,0.015864571840331,0.0552541954557003,0.0215274850478714,0.0181656886284479,0.0332451774464641,0.0244547507870512,0.0359816790454327,0.0193376890298137,0,0.163430328943672,0.894555086493191,0.219886081463666,0.112896668062168,0.0727489104115531,0.203068947689363,0.961864470708968,0.54862036642801,0.456136634192407,0.506164426012004,0.0801210616067673,0.254651920299244,0.0229402034870546,56,"ENSG00000287617"
-9.71542535233719,0.224394070639883,0.00683800160494273,-0.13059251031118,0.709283948202372,0.0273422574869124,0.0145694254041428,0.00414658934823105,-0.0151632947714704,0.00465140278452662,0.0133879388822172,0.000260911803356004,0.0156298229256267,-0.0140411000723115,0.0426068511360047,0.105298554297413,0.00431299299944849,0.0676211314662088,0.284653825454551,0.00218208622619131,0.00164516087331901,0.00403194108669175,0.0021336501346068,0.0019818324928076,0.0048823593271821,0.00252722236834906,0.00393422895117331,0.00570253097078771,0,0.0330869113474628,0.112865873474502,0.0534536054573081,0.0127118267068695,5.0951121071928e-36,8.29908180762914e-19,0.303745249836495,1.18816761222858e-12,0.0189241803268768,0.0061046939533366,0.917772065106711,7.10388951326644e-05,0.0138065474422355,57,"LINC02614"
-12.8655710700135,0.160633440724402,0.0177801201061453,-0.161819480073228,-0.470253881823989,0.0174466522640474,0.0184031165305361,0.00794613728185948,-0.0157811234641364,-0.00442190241294893,0.0162868289154663,-0.0114980913682864,0.00769430655249796,0.0230141704251031,0.0885357355420088,0.219559908864166,0.008803997204258,0.230603044543898,0.926646500991654,0.00724161203237071,0.00536865782873942,0.0131517551995583,0.00696806392504188,0.00615594143447045,0.00993113661997633,0.00843872829317248,0.013124998292715,0.0140068004539747,0,0.464403262056893,0.0434299969134124,0.482851872877875,0.611818584144868,0.0159865627697073,0.000608313564053354,0.545718425073115,0.0235262569294915,0.472563349616489,0.10101009005462,0.173028033278429,0.557718977608859,0.100368202859208,58,"ENSG00000248787"
-12.9154603874784,0.325558917584857,-0.00599906103075417,0.358427678682371,-2.70377977420065,0.00131273125255471,-0.00557652796783871,-0.00867977336695312,-0.00781784049589298,0.01225816780831,0.0217748176703529,0.00184060800174741,0.0121508130780346,0.0147464055874252,0.163986539184117,0.408381462042111,0.0169400653526721,0.229443584787717,1.00950510289796,0.00763262703065561,0.00660250222974079,0.0239887832959318,0.00915173015596607,0.00736064809612105,0.014498629368956,0.00944358370019229,0.0144606954056773,0.0187193905973445,0,0.425338844575341,0.723238112021222,0.118250210486508,0.00739920377767424,0.863445830557908,0.398329591653181,0.7174818165824,0.392967997261747,0.0958399010792117,0.133134940637854,0.845466795845091,0.400759942831669,0.430836525686795,59,"FAM86JP"
-11.9566667791709,0.11987912595732,0.00165191040409658,0.363047026069303,-0.611523812158786,0.00334724145812114,0.00630171102197789,0.007729281559527,-0.000913335885173031,0.000893085840355769,0.0118164143054386,0.0120990639081856,0.0275458277313145,0.00434765687066039,0.0679992310289126,0.173554536199777,0.0067873312360211,0.160278259093026,0.711235577639805,0.00533611152999491,0.00403765164031684,0.00927818862328069,0.00506804939167033,0.00498064933425193,0.0133041794084,0.00636921201459569,0.00997068782978884,0.013992785186103,0,0.489735952859182,0.807709925586258,0.0235062598452032,0.389896615246147,0.530475045672461,0.118585892624317,0.404811271497625,0.856984191231649,0.857693411148938,0.374447644676028,0.0574833895614402,0.00573288027289599,0.756023344612247,60,"ENSG00000291096"
-14.4344532269421,0.223950309225286,0.0338035151072267,-0.0297322473182422,-2.32528943027803,0.00326864396118443,-0.0340150995523976,0.000840379986032169,-0.0408584177887343,0.0211681660860058,0.0330307454323773,0.00412129160339534,-0.0152376053211929,-0.0392717090658949,0.0963799643036252,0.260765005782006,0.0111452010191968,0.492921009993396,2.08519595763871,0.0170699139192511,0.0116671602726371,0.0173242697485757,0.0149166710697686,0.0139403523796705,0.021831328222464,0.0193196337241475,0.0303391053191645,0.0461787721697876,0,0.390439605237008,0.00242126931055421,0.951901981835671,0.264789608791459,0.84814510386124,0.00355168488199035,0.961310730629068,0.00616055704197304,0.128893079757547,0.130280289114051,0.831076271198594,0.615496551530488,0.395087316398148,61,"ROPN1B"
-11.069279236172,-0.0514826041887195,0.00103120670226133,-0.0371080651837059,-0.477304217904945,0.00117693372862226,-0.00143805982222555,0.00217403735375987,0.00575626853466629,0.00642699031314698,-0.0285846464836178,-0.00398253569289986,-0.00985029345044121,0.00369911278187439,0.0328793055475454,0.081078640820938,0.00347630884852405,0.103080907432904,0.425785911148247,0.00333455120926007,0.00247975631879786,0.00663958635436513,0.00329493561515268,0.00377767834078365,0.0142283031516426,0.00393424484563176,0.00591214237516342,0.00811331174082879,0,0.525447179771717,0.766742589076318,0.718854834386877,0.262289650383324,0.724125053171402,0.561968693531314,0.743338397277063,0.0806364950028488,0.0888853687131276,0.0445372421701639,0.311406828745831,0.095691038355133,0.648439379822328,62,"SLC41A3"
-11.7615305155966,-0.193915040011146,-0.0158993666626906,-0.306416771804231,-5.3683139734256,-0.0212687705403221,-0.0111811514986996,-0.0177818275518406,-0.0125044845202064,0.0147525478437702,0.0111450131411411,0.00891405446031664,0.0138630305244106,0.0118897298054565,0.0727109332046622,0.174921122203622,0.00756716609427312,0.155897980075158,0.613144329894455,0.00481088348316335,0.0041133200296803,0.0155960107589351,0.0056576953563701,0.00516518114104699,0.0147283774148783,0.00587665483742421,0.00880808023489231,0.01106599236274,0,0.267608986114262,0.0356322587070745,0.0493569208089308,2.03409982099568e-18,9.8258912015065e-06,0.00656224757333242,0.254222855701194,0.0270931703087492,0.00428808381342677,0.449227582494169,0.129302386753357,0.115510752573017,0.282626131240694,63,"SLC41A3-AS1"
-15.6457899019911,-0.0815180520530886,0.0211890486143106,1.31749493888809,-7.37843086668499,-0.038243672429914,0.0121267543379053,-0.0333375257790126,0.0188973913452068,0.0475422284053673,-0.0710316783509127,0.104478572124456,0.174573338908952,0.0524819505288535,0.165768480825329,0.407846666406292,0.0172517084034786,0.835060352654437,3.96323824443322,0.0299997180839317,0.0257404643721963,0.106944438089861,0.0359795363794797,0.0386301301161998,0.132519142668161,0.04041875387812,0.0573594989968585,0.0525174481313806,0,0.841578919067676,0.219361014034762,0.114628980902553,0.0626428895722321,0.202379665238144,0.637557630097712,0.755247602095645,0.599426027504069,0.218433855429547,0.591951155853838,0.00974062990779956,0.00233847455707409,0.317637724198646,64,"ALDH1L1-AS1"
-13.1424652860572,1.75567482861797,0.060467032355734,-0.139096077130157,-2.94296378632611,-0.0257158544281995,-0.0340977195043547,-0.011312852287021,-0.0421009758042037,0.0625012951077149,-0.0377582365397803,0.0424049304496874,-0.0247460046153745,0.0323092624678824,0.184444142010367,0.445278496725145,0.0205611807435412,0.266548323288687,1.21931481381114,0.0105887095616219,0.00653856829751975,0.0126160160461627,0.00955131351314334,0.0107485813612186,0.0404649409810467,0.0114527749396142,0.0179483254952081,0.0199196209056689,0,8.05126021998158e-05,0.00327329233695696,0.601780430250995,0.0157948843461402,0.0151567929719708,1.8395592868968e-07,0.369876029576424,1.04390780820111e-05,6.069142706805e-09,0.350763234391186,0.000213409581323073,0.167976129268558,0.104807246236456,65,"ENSG00000287232"
-13.3431662206464,0.0443530494341308,-0.0120793257212653,-0.281757508888047,-6.11254651252879,-0.0310970466510235,-0.00832172870456406,-0.0211263737261668,-0.0185438058606123,0.00951238185519401,-0.0529196990656445,0.0101933447199977,0.00613240550522764,0.0158276372192273,0.0840963090321348,0.215966783127146,0.00876206587929198,0.312186401488178,1.26289822180938,0.00993996921643415,0.0085558359604196,0.0323116799373313,0.0117933095781019,0.0123061411596373,0.0426865666662865,0.0126311094619444,0.0183463110905785,0.0208495740140731,0,0.837283233830338,0.168020169172082,0.366775535411795,1.2977751887027e-06,0.00175709855571276,0.33073339314108,0.513220777285372,0.115857698728173,0.439535137498891,0.215076301773054,0.41966468675061,0.738184705722341,0.447771923118697,66,"ENSG00000250934"
-13.9923300996266,0.758702695049645,0.00415815649662879,-0.917215883748099,-1.07736266532231,-0.0133153623776636,-0.0169500518968003,0.00198232592643041,0.00363941545585477,0.0143225971253054,0.0243293198233234,0.00476229176460468,-0.012511158654827,-0.0463898521699247,0.149600745975154,0.400271970904055,0.0152273991186842,0.39155825491282,1.60249337764889,0.0120378695077143,0.0100661417817822,0.03500312551622,0.0134501738232977,0.0116105636553073,0.024589807197543,0.0149115125673177,0.0235030190852074,0.0328999703029744,0,0.0580304329480154,0.784798871095462,0.0191562569298951,0.501390200662638,0.268673355171761,0.0922072228406901,0.954837684912693,0.786710224027577,0.217358228825915,0.322464201151893,0.749445855637167,0.59450345338537,0.158531659033124,67,"KLF15"
-11.0380631596377,0.0680767116577005,0.00172951354697164,0.00745652541981709,-0.46917739565248,-0.00935653699786046,0.000930381853065468,-0.0222257077360153,-0.023981251522727,0.0247657471535818,0.000871104193487993,0.0161480252592795,-0.0102259482236405,0.021050158777748,0.0330598000221689,0.0825010944435592,0.00339148495679699,0.104772012966323,0.443485091886071,0.00344495092123335,0.00300274812121414,0.0116578626343171,0.00421143419661107,0.00424043888635112,0.0144929030816703,0.00431179321473775,0.00621412890166343,0.0069539765758184,0,0.409280012387962,0.610081163155884,0.943263207454141,0.290086110420157,0.00660730042480407,0.756680004137802,0.056585447697355,1.23865004786532e-08,5.20839020409883e-09,0.952071554162739,0.00018033384865887,0.0998468783710716,0.0024693854037294,68,"CFAP100"
-9.72804160813638,0.0394136586175878,-0.000479780791895969,0.0648811327616231,0.0375306722623629,-0.00365943390863678,-0.0022852326888832,-0.00239668804120498,-0.00609447597243587,0.00554787073308364,0.00152538514354353,-0.00303856172663626,-0.00441561190234003,0.0173872087183855,0.0207754807884128,0.0514709182278541,0.00212697032205149,0.0535583216648673,0.229369058070301,0.00177944912866084,0.00142768199918197,0.00480387278002162,0.00195298471086543,0.00200067502206519,0.00682712158671828,0.00213799380935531,0.00317590993885857,0.00369836696204768,0,0.443827348053698,0.821535840785825,0.225737977458283,0.870025813153759,0.0397345207659353,0.109452366249991,0.617844567456115,0.00180485553751051,0.00555422148397064,0.823200701913734,0.155252517858131,0.1644240055784,2.58484326246085e-06,69,"ZXDC"
-15.3660527150933,-0.102136438054583,-0.0294911006793857,0.0623691195833917,5.37908169967273,-0.000219862906452054,-0.0671621902634939,0.000367850981898481,-0.0340108324128673,-0.00663810179901811,0.0207172077889963,-0.0336471302446906,-0.0887354584262335,0.0267578601974911,0.112781552744642,0.361906178473847,0.0132852478025922,0.747128686602471,3.39579974314339,0.0265606149908981,0.0184786385556281,0.0291817760054163,0.0225636787757165,0.021676035765496,0.0312226360482193,0.0297511684133707,0.0443435822404761,0.0382428844789154,0,0.777776356689314,0.0264297522522735,0.933471138721974,0.113184678800023,0.993395363201175,0.000278427999689708,0.989942529666507,0.1317269717012,0.759420773612186,0.506990104221348,0.258075481336393,0.045382790364642,0.484125882489991,70,"UROC1"
-14.7649084101781,0.593972827093976,-0.0137444533610921,0.713418300505,4.73827959456203,0.00397880503865296,-0.0534525240129358,0.00524726066542076,0.0111881070288217,0.0371475124592407,0.0305172252233426,-0.00345302902272187,-0.0217382724538464,0.125785635142532,0.137498020248502,0.396837108531786,0.0144778353421159,0.553615805910557,2.72501324999114,0.020176377008957,0.0148575157018043,0.0275078032430565,0.0172656320809387,0.0170516163206589,0.0362613448003871,0.0234679405069074,0.0372992365717225,0.0520539807490145,0,0.134453804811497,0.342445427492562,0.197518980568626,0.082068233890776,0.843670119482614,0.000321073531612619,0.848717270921588,0.51698579538155,0.0293663624540065,0.400016870167231,0.883022989244949,0.560022938188157,0.0156728494684663,71,"C3orf22"
-11.061431142457,0.0262850443085628,-0.00495342809126135,-0.0519537034003113,-0.454451836836838,-0.0198090064572465,-0.03225280273157,-0.0191360876108239,-0.00883413333927723,0.0215623061454328,-0.00402369109735626,-0.00424362010982417,-0.01037380168208,0.0446902231255301,0.0277482018370379,0.0732960338663259,0.00303185417731174,0.124974598450717,0.523035620885864,0.00411449258588742,0.00354618667795352,0.0133687348470351,0.00485831092083969,0.00505612039182021,0.0173187635082052,0.00507370366647547,0.00725200339657167,0.0100033173324492,0,0.719883255300855,0.102301909801492,0.677619218355123,0.384916277132739,1.47608076658243e-06,9.45288316299729e-20,0.152313882558134,0.0690099108676823,2.00265052091238e-05,0.81628069203471,0.402932754257783,0.152581047564177,7.91241158749473e-06,72,"TXNRD3"
-9.61298948093617,-0.0589714628984242,-0.000293072724805003,-0.0187027664286804,1.11796044777332,0.00165263320543078,-0.00907365558961494,-0.00782804896786688,-0.00779592283753263,0.00743573260607487,-0.00907864420342025,-0.00496484425282408,-0.00965632183756484,0.0238462628840432,0.0235620401786084,0.0571937677359875,0.00241714793215159,0.0540849139733459,0.227200193785254,0.00178398556255062,0.00145590285913489,0.00517527440956227,0.00202909660803561,0.00211936484420805,0.00753700625465683,0.00214012825930781,0.00311493895595772,0.00336546071515421,0,0.302502380527791,0.903495139379798,0.72949020176066,8.62809052719486e-07,0.354253001177966,4.59571257505217e-10,0.130384786251792,0.000122003078710331,0.000450688359051081,0.228379973569962,0.0203472811233598,0.00193518319845778,1.38456691447429e-12,73,"CHCHD6"
-12.1982526664712,0.087392434236178,-0.00479078773129721,0.114736387550845,1.93104948328343,0.00199453752171463,-0.0266836421181041,-0.0146972671593843,-0.0151494650292583,0.0225155910366759,-0.056065423454658,-0.00727896296320735,-0.018973229483631,0.0329277519219912,0.0777267693758582,0.193985857346214,0.0077137092153388,0.159385241776101,0.718535025248277,0.00552472200055749,0.00442804186296221,0.0149826607597893,0.00613770834327509,0.00656056661021083,0.0237614310217524,0.00671328971085546,0.0100434014473475,0.0084044306041298,0,0.652343244580479,0.534550637268317,0.471606070007441,0.00719931214268802,0.718084173367534,1.68005733949209e-09,0.326616540252637,0.013577135218465,0.000599239688465466,0.0182989022226217,0.27824877852163,0.0588752316915437,8.93222791716984e-05,74,"PLXNA1"
-15.4932868077032,0.259755657905658,-0.00264233838549262,-1.73329577526834,2.04473542438014,0.0598674872216639,-0.0540894227436709,-0.142229210945319,-0.0149688917802585,0.0522081643930342,-0.0838896934899893,-0.139853715554958,0.066606391629706,0.0101501861762284,0.146051090472509,0.320557018208263,0.0141713760179683,0.836518324407928,2.36840119056389,0.0197676826674382,0.0165402968096439,0.0691508952905321,0.0248957274541695,0.0251375956233407,0.0864612491020292,0.025409653263931,0.0377223155176025,0.0514570363871612,0,0.417752886922656,0.852087164121716,0.0382621183114873,0.387950571533476,0.00245727452871206,0.00107486537477412,0.0397059558406368,0.547664508127748,0.0378111862287375,0.331918051655206,3.71353807253612e-08,0.0774457517293113,0.843627559375921,75,"ENSG00000288769"
-14.2006708456734,0.218051915835561,-0.000771134604098792,0.0933074083932103,0.853111250892856,0.000392240118071027,0.00357933084375015,0.0129073544891996,-0.00491650103327282,-0.00427491542140466,0.0261927410104102,6.2443513003181e-05,-0.0259936630269231,0.0679029094255833,0.144713473904274,0.364786815863135,0.0165926786085574,0.501162228625167,2.16973248510713,0.0171590182329147,0.0122710573493074,0.0232392657887871,0.0153486033792696,0.0144051077640859,0.0315933062506201,0.0187822039364577,0.0288010828914977,0.0421272123526661,0,0.550005666043712,0.9629321464541,0.852302004122079,0.694181151323675,0.981762646536088,0.770524520309471,0.578613257298258,0.748723965902626,0.766646796671518,0.40707055454455,0.997347349473246,0.366778679780295,0.106993746748191,76,"LINC01471"
-11.5932869009857,0.0206781248074854,0.00294565742091729,0.157666486190106,-2.46584039402778,-0.00369545451290165,-0.00630046929923596,-0.00535018213815015,-0.000390102919577959,0.00701886289252748,-0.00225864807398562,-0.0034736695363933,-0.00553393691976986,0.0321709331165426,0.0277510719762048,0.0725412972232548,0.00303140541700552,0.122561079742875,0.515349325347761,0.00406346302734315,0.00335480835068058,0.0119662912603304,0.00459323024611224,0.00485478801960385,0.0169352927938531,0.00501224864654118,0.00725249526772136,0.00551098450019259,0,0.775603427417156,0.33119312287836,0.198292361349362,1.71162732632359e-06,0.363120681820362,0.0603754884190311,0.654799642207314,0.932317063068717,0.148244265085028,0.893901326855215,0.488286861542525,0.445440122291376,5.29575336949084e-09,77,"TPRA1"
-15.347532274827,-0.145017085919325,-0.0215543136680391,0.361987609202759,5.03483787958953,0.0247925412967798,-0.0448449823215985,0.00997569901117966,0.0110850794731816,0.0502361089650012,0.0305159207316896,-0.0545467815944638,-0.0588269444272523,0.0291388000275944,0.108918934306772,0.336131276235504,0.0133024043693959,0.717472629521442,3.1157934022993,0.0233518101137421,0.017131003196238,0.0233769423758672,0.0194448532473631,0.0198732604301229,0.0336301934766303,0.0264957034216653,0.0409936473185656,0.034942466547021,0,0.666155806551563,0.105160943083265,0.613887866488599,0.10611403953289,0.288373367621622,0.00885071031535195,0.669574239815628,0.568624920616301,0.0114771799972906,0.36419714584354,0.0395227078125042,0.151279725664948,0.404332866953924,78,"MCM2"
-14.488869471199,0.380183355400366,-0.00240368857677064,0.7205442739354,-1.36342559733989,0.015322758735765,-0.0302253539824676,-0.0191219166697917,-0.0157665009859686,0.0503826619189219,0.0255010361975131,-0.0335088521318426,0.0443924898557815,0.0256131025509667,0.0750594641000428,0.239112315217053,0.00878400668092104,0.465206578842759,2.05678339425281,0.0158896288628819,0.0133306534682699,0.0509455415402328,0.0186731944686335,0.016719101983256,0.0423913435782066,0.019954018342146,0.0300872879140511,0.0403193188339847,0,0.111839731420781,0.784358404881601,0.121413097905777,0.507399619991525,0.334883251051657,0.023368409890718,0.707407371600525,0.398480158999676,0.00258270956133251,0.54746549790431,0.0930929161556525,0.140089807333733,0.525261249498596,79,"ENSG00000285600"
-11.274576822652,0.144608158802503,0.00130992737742541,-0.0258881210042695,-0.875269117443738,0.0148919282993984,-0.0162499236306899,0.00444937251103186,-0.00962399464253883,0.0256519013799911,-0.0217037242393389,-0.0320561164367767,-0.0255925117516091,0.00733110874583494,0.0367518002724239,0.0925138929470593,0.00382866454808985,0.111335438219199,0.458781887201589,0.00354647508167735,0.00251992094733303,0.00390269613888762,0.00322805770198876,0.00389124867592296,0.0148386663831005,0.004139873461037,0.00645097846382448,0.00877537077948072,0,0.118029856719155,0.732247877377318,0.816131330702258,0.0564156523481732,2.68003061059611e-05,1.12899472724243e-10,0.254254393375976,0.00286973393308402,4.33347356044693e-11,0.143564117854934,9.68996312311491e-15,7.2712981306072e-05,0.403482011160854,80,"PODXL2"
-10.385754970556,-0.0531027140390606,0.000324794429025604,-0.194013317145153,-3.79984852979483,-0.0143645849391801,0.00050845495856382,-0.0211897699412474,-0.0107559285335868,0.0133309164207393,-0.00281998822352879,0.00698246892078589,-0.00970266087084058,0.00696068498115353,0.0453865603990181,0.111810336544925,0.00447798425632984,0.0752003743140916,0.311393504826153,0.00242840951185183,0.00213425818381105,0.0082295857115778,0.00297632039700756,0.00298283211744963,0.0101787615335034,0.00301935455512039,0.00438555017998108,0.00573003544513061,0,0.634832845652268,0.942179024481265,0.0098814197180948,3.00602315473161e-34,3.31425292334002e-09,0.811698846872469,0.0100289867234457,0.000301701996402105,7.85073871640485e-06,0.781744554582024,0.0207462896703564,0.0269379424857289,0.224453171829682,81,"ABTB1"
-9.70542193306573,-0.0103181687355315,0.00132528400154688,0.190085311788918,0.237082611103958,0.00477850711022384,0.00289763476906077,-0.00122592424398848,-0.00620813033489646,0.0057455593685429,0.0108583237408746,0.000626806711106455,-0.0144050336073634,0.0271713997897642,0.0398835506595401,0.0979038623222058,0.00398277832423448,0.0649651749984187,0.283394939758891,0.0021991256628982,0.00173686701662326,0.00524140155745838,0.00232508451574419,0.00212163318536202,0.00563704596932705,0.00251429743411592,0.00371828970553316,0.00491578458600892,0,0.916065696800748,0.73932025250383,0.00343398342920909,0.402828547798411,0.0297869216969122,0.0952539574725136,0.815068475836432,0.00758362200350801,0.00676730374056873,0.0540739636527418,0.803131081370927,0.000107018582917785,3.25052032882983e-08,82,"MGLL"
-10.0943182580422,0.145739305980195,0.00192484191002498,0.626040016234713,-1.30883170294173,-0.018712544753959,-0.00268391699572581,-0.00762336848762394,0.00187645073187594,0.0274114204051281,0.00113669235463831,-0.00575142176497693,0.0226672558125007,0.0441380985765288,0.040114301260612,0.0997011538104826,0.00406177764493062,0.0935247995607864,0.415643538279309,0.00321171475808673,0.00265653107281535,0.00921668592347548,0.00361190113857777,0.00372137990774285,0.0127453484968046,0.0038388474327129,0.0056364346308763,0.00777380662846728,0,0.143806583660103,0.635577279278786,2.17389548490137e-11,0.00163870392444557,5.66558591920859e-09,0.312347316705688,0.408165161505935,0.60339897021458,1.75917357733054e-13,0.928934982849905,0.134077199497786,5.78141617350557e-05,1.36440227067637e-08,83,"KBTBD12"
-11.3022453332072,0.0530942862423627,0.000888215366438246,-0.130968020599265,-2.00439499218364,0.00453583384847896,-0.00709728789155703,-0.00875270485008445,-0.000670770456762385,0.000567004685083072,-0.0130458544357383,-0.00743678786486764,-0.00266795624546729,-0.0156818717603185,0.0212943975163382,0.0571376385313113,0.00238692650916389,0.110909742297151,0.449267092284071,0.00352363399914095,0.00301943652325214,0.0114546647272281,0.00416851004025301,0.00441725706695278,0.0153995967053596,0.00443543932436337,0.00639575821048498,0.00936685822900681,0,0.352767378801404,0.709805915946493,0.237661416480777,8.13965203791953e-06,0.198003606664567,0.0187465001958225,0.444797480656086,0.872161356256553,0.897863087129962,0.396908403241302,0.0936061561509025,0.676572616208112,0.0940938644514473,84,"SEC61A1"
-10.9455263970855,0.129818256649819,-0.00396506211731071,-0.263006009938472,-1.22594256926493,-0.0069366555391059,-0.00164019351891705,0.00415782174217929,0.00409233586457983,-0.00288462833024307,-0.00299142456437447,0.00577698011072391,-0.00678181718264749,-0.000151961831917948,0.0133206692729666,0.041120069857203,0.00163740700077142,0.0978581149610237,0.3953039162071,0.00305220865237016,0.00234447627394505,0.00671061177718608,0.00303695710496257,0.00345324556411219,0.0123196962278392,0.00372792129620713,0.00552181642032894,0.00778870586859953,0,0.00159372153678334,0.0154544957478417,0.00719619559461486,0.00192695147659456,0.0230462219807528,0.484177697397526,0.535528361384923,0.177815420707173,0.403527250359614,0.808147612927972,0.121225102275851,0.219377182825235,0.98443383154982,85,"RUVBL1"
-14.8095960401784,0.280079585300767,0.00230717455706222,0.113551979055852,-4.32522868222732,-0.007337687730573,-0.0311302892117431,0.00855405181105046,0.012047707861762,0.0108080138189508,-0.0253704577050638,0.0166334647496538,-0.014191813033169,0.0341450024790285,0.0823874457607633,0.271102566347705,0.0101118088304467,0.575645092670964,2.42823623955215,0.0189044772293706,0.0133708410308052,0.0151320920001229,0.0159006309846376,0.0206234908430386,0.0779701589684414,0.0227000835173136,0.0340849354257942,0.0222435162071277,0,0.301551020892215,0.819516916891023,0.843623769630326,0.0748761324220666,0.697908363552215,0.019900306802043,0.571875112573539,0.448638139550178,0.600234542123751,0.744888371860715,0.463711498457977,0.677142100672395,0.124770520605417,86,"RUVBL1-AS1"
-10.0313440585073,0.104426024553101,-0.000894753068463046,-0.219475640290477,0.218147879250172,-0.0051972706430252,-0.00752220172416798,0.00329439547227516,-0.00294679453444088,0.000580842491498377,-0.00264670700609844,-0.00143228171021864,-0.0121823270993243,0.00859972185940287,0.0239500094541628,0.0595877896343627,0.00252058515978603,0.0722987779446403,0.303543105227958,0.00237738403958596,0.00175387956071955,0.00452582737771711,0.00230908405584801,0.0025346119321441,0.00903436865339162,0.00275686090704943,0.00414998084212554,0.0054327340490015,0,0.0796924160744055,0.722605838110413,0.00239997380602033,0.472343143389119,0.028806093484291,1.7956586887911e-05,0.466668618297263,0.201893788025685,0.818741242558168,0.769552864586278,0.603388729166109,0.00332995523124571,0.113433889228996,87,"EEFSEC"
-11.1376842252424,0.0735508255102319,-0.00399350535344902,0.00489039051756513,-1.58193014219831,0.00388250877652571,-0.00815805813187338,-0.00642829102842873,-0.00502268329828801,0.00154975506160437,-0.030455686827714,-0.00523943410311557,-0.00588681471526605,-0.0183375116091383,0.0454289224544639,0.112826729372252,0.00446340104157194,0.103072598256027,0.435786088786141,0.00333032745069337,0.0027723183958776,0.00922046349994777,0.00371876842622246,0.00400297454440284,0.0144105591938325,0.00412923819695627,0.00614956907260904,0.00897772381930821,0,0.514470941908028,0.370935446101775,0.962157705561517,0.000283354104117209,0.24369373443698,0.00325379926487173,0.48569230593409,0.176813718745816,0.698644522412387,0.0345641068255792,0.204490229929756,0.338429620641228,0.0410963227212397,88,"RPN1"
-9.49359439883641,0.00857233797924548,0.00664279383479354,0.126389046044522,2.13971923339449,0.0137990204597039,0.000616333023915949,0.0079349018221023,0.00767639395401433,0.000226339764700648,0.00268307209028189,-0.0067629261920335,-0.010945974428683,0.00122370410372575,0.0204791826502877,0.0501223104131926,0.00210145907787126,0.0489466455022402,0.210301781312408,0.00162038262873988,0.0012017813308958,0.00299869965925644,0.00157342779899539,0.00167202723773482,0.00570967971992238,0.00187255722552669,0.00283940753743222,0.00404318885138576,0,0.864201443637922,0.00157207516742442,0.00981783812490108,2.57672832670812e-24,1.65297882217053e-17,0.608056560626687,0.00814223175463255,1.06748904042656e-06,0.892320553952355,0.638414752926561,0.000304314625735193,0.000115719904643571,0.762150385543028,89,"RAB7A"
-14.9969992966097,0.391272203602791,0.0324487166746183,-0.922007942909252,3.90882150860395,-0.00654610763165954,-0.00971833270674423,0.0148767640904172,-0.0147452332134785,0.00635866175301656,0.0226230848526762,-0.0303129996168173,-0.0954899797294207,0.0369005112711119,0.142513900285459,0.364178881389034,0.0154756707775978,0.648912144574691,2.6652961975315,0.0223923644759211,0.014671363968152,0.0244105058880589,0.0187468774439642,0.0177064383914648,0.0229386090214073,0.0233026066694223,0.034478214204393,0.0265627266249678,0,0.282645394245508,0.0360151167895888,0.155359868446549,0.142495306264862,0.770029279865616,0.507713977271181,0.54223214232787,0.431549188272905,0.719508463723505,0.324012978943822,0.193312687071661,0.00561295817587159,0.164776846432429,90,"ENSG00000290241"
-15.5444976663476,0.297156589762217,-0.000879556534322755,0.220095666863197,3.89865271322875,0.0253320870700502,-0.0172364127247348,-0.0338131189906661,-0.00299186026214251,0.0182006591842274,-0.0258312357930036,0.0197610614042845,0.0289359449622728,0.0391035078433647,0.151475085111796,0.415978472849612,0.0163928662534365,0.866659057793327,3.66054326859582,0.0271694593890158,0.0240344351668432,0.0958379540072548,0.0333404626423111,0.0356632640801729,0.123213317946907,0.0360103107495304,0.0519220234586984,0.0431376599967875,0,0.475007262855508,0.957210167366344,0.799527412100115,0.286854403487192,0.351143475558024,0.47327852959745,0.724226736754068,0.928496518693588,0.60980800068004,0.833943616382694,0.583169339341024,0.577325090086083,0.364680842729605,91,"ENSG00000261159"
-15.1216030153059,0.140568410798701,-0.0117252104723523,0.15630198517854,-3.92780900406951,-0.017716418739426,-0.00192491099935116,-0.0502275543323665,0.00957959915779656,-0.00648175549930005,0.0282345481020347,0.00418950853582439,0.0473711045231443,0.0281341051469046,0.0967608089161951,0.300238336558271,0.0114617745584839,0.701314310697697,2.8948612578444,0.0225720659274649,0.019605049554048,0.0781786766229694,0.0274300342568925,0.0212740162933317,0.0296137877279476,0.0282675269294753,0.0420432865728369,0.043389061948085,0,0.639649141890067,0.306315473278147,0.82363661382925,0.174838043014371,0.43252248406303,0.921785830239031,0.520567232034289,0.726910945181375,0.760610305456641,0.340374394220308,0.882177643994139,0.259859951415298,0.516716771672337,92,"IFT122P3"
-12.8534078398897,-0.0177555732417373,-0.00989939034318885,-0.573478208161675,-5.35861264663029,-0.00776426518816969,-0.0141262131847632,0.00310977178859034,-0.00893983355006077,0.0184248802879064,-0.0391095440265536,-0.00123277972976033,0.00946153413599796,0.0230800316526057,0.0711835653064642,0.1812929819256,0.00737522379936087,0.258108899270689,0.970561335886775,0.0075211766194107,0.00531521303971764,0.00802887186948442,0.00662394504485502,0.00816740006520669,0.0308286656720009,0.00896105941479689,0.0140676320658968,0.0142926461360327,0,0.921981082219741,0.179515116492342,0.0262937193210793,3.3679220704982e-08,0.301921977071595,0.0078677144984066,0.698516634743118,0.177136702038771,0.0240765687238619,0.20458030627196,0.890579668044926,0.501217869282064,0.106349971410121,93,"ACAD9-DT"
-10.2135709416982,0.0722167345294551,-0.000380305246672002,0.192089601972813,0.640977052187912,-0.00539927512693287,-0.0104920358905302,-0.00958937622308793,-0.00107230589699958,0.00459045180962541,-0.0106244718659804,0.00376629393568508,-0.0116784244147542,0.0319323876748522,0.0334352524242472,0.0821149772762674,0.00329833319240481,0.0659314217051669,0.292816233561642,0.00226323800051965,0.00193358540573009,0.00723801886113274,0.00269422209786504,0.0027624596711056,0.00968453251850869,0.00278128935747624,0.0040183534768928,0.00386257419565639,0,0.379152594526511,0.908205553013152,0.0035742953314635,0.0285962649183999,0.0170493492195595,5.75639918703079e-08,0.185216922851946,0.690628680409475,0.0965676710374656,0.272617032054152,0.175687271026151,0.0036576444848091,1.37226874346277e-16,94,"ACAD9"
-10.3284823105976,0.0422899579774502,-0.00841650115437486,-0.0586760955984914,-0.357917423154911,-0.0101192301629933,-0.00961977297700375,-0.00696728747464248,-0.0153971868301534,0.0099941775546051,0.00476314759068178,0.00524645482927811,-0.00631378667926743,0.0137960788407219,0.0463844437074125,0.112090792658889,0.00468251589878966,0.0771841092899092,0.331648713018923,0.00256877737777709,0.00204674992262509,0.00670573289161019,0.00277644134339931,0.00277370140265089,0.00905791566881271,0.0030680957609381,0.00459256147040801,0.00546123052329133,0,0.705963254973421,0.0722671579915311,0.447129348202486,0.280495714478206,8.1713668683218e-05,2.60131403619714e-06,0.298802586243689,2.92855158878612e-08,0.000314333665272271,0.5989891605504,0.0872652053596761,0.169197970850143,0.0115308730050049,95,"CFAP92"
-15.1220614644737,0.0972389435365036,-0.0114859352201988,0.711059397829055,2.9193562610554,0.0253744478815089,-0.00351772580137983,0.0155116697531555,-0.027483970111728,0.0131821759978861,0.0302959753844009,0.00180713045256332,-0.0320051142632144,-0.000764424787752932,0.0990455168375326,0.318074209246621,0.0119068953181664,0.649261370139033,2.998953387408,0.0225561258090953,0.0164420677405554,0.0209828029369514,0.0197329814779231,0.0186308832252965,0.0250485578916113,0.0259383592231073,0.0395049460100135,0.0585949606258736,0,0.75982431673322,0.334722307481403,0.273436888329838,0.33032554337987,0.260611459656205,0.830588637728182,0.459751365516648,0.163682217373952,0.479228267462683,0.226474725740671,0.944456167900742,0.417851319127528,0.989591162295936,96,"EFCC1"
-10.79869308885,-0.0133543253347059,0.00510486551303377,0.082640934066195,1.30667936845994,-0.0139520148228141,0.015138653595521,-0.00281904132115172,0.011391322675739,-0.00504205200183269,0.00932299714236726,0.0245272553157022,-0.0134973097653668,0.0056344182641449,0.0508843821947347,0.121375311168716,0.00513005157208575,0.0831099425971337,0.374080562037125,0.00292312936795117,0.00253517329996474,0.00992980950397406,0.00359605003344039,0.00309156257205568,0.00861075633479508,0.00350100847522611,0.00503356814228582,0.00659482691701271,0,0.91238950421365,0.319692257367181,0.320049206592042,0.000477550179172738,1.81526975558315e-06,2.35158117259697e-09,0.77648945511375,0.00153633087117646,0.102909878817557,0.278934835811171,2.45633566221969e-12,0.00733017583410097,0.392900349535727,97,"RAB43"
-11.1483824492571,-0.0664333884800363,0.00599970059848152,0.36659281583425,-0.49763999688511,-0.00892472194010552,0.00405368836651622,0.00391385162838385,0.00576621285756709,0.00447386387325985,0.00445404344329217,0.0120114067600977,-0.00104933174512137,0.0259100697512992,0.0234991097203144,0.0593146298502074,0.00253425997229574,0.0965064222462523,0.424254969679945,0.00329965326400648,0.00251095066396675,0.0075308944749357,0.00333948404723686,0.00354364907749197,0.0120826534446811,0.00393525715222746,0.00584673212282055,0.00514758224161326,0,0.26270655588637,0.0179117736122781,0.000145494306302256,0.24080628132645,0.00683567616459262,0.106439861718604,0.603268450258988,0.0842255507391164,0.206768224779002,0.712402611692244,0.00227129359909823,0.85756615607192,4.81744220814703e-07,98,"ISY1"
-15.0519020652756,-0.157833114810807,-0.0116511663167124,-3.36146722149192,-6.88330933852984,-0.00635044967294641,0.00839504729824937,0.0193625907876075,0.0142738866488031,-0.0351319454601824,0.00897355478594438,-0.029091628251207,-0.0652081195522992,0.000835586028506367,0.100711071575175,0.257309767070179,0.0110022783993326,0.915824122489525,2.3566303970411,0.0192626179993218,0.0148792863180953,0.0310307691789677,0.0177825151629705,0.0160668571509931,0.0244101148468891,0.0215821323889488,0.0305218349579289,0.0357349861497192,0,0.539613674940635,0.289609983648581,0.000242143928055496,0.00349103791198209,0.74164373782434,0.572610986815845,0.532640477770327,0.422152648364001,0.02877102969586,0.713159399255294,0.177674570663745,0.0326434319519687,0.981344880349802,99,"ENSG00000288996"
-13.8790171184857,0.36901535263273,-0.00214333885878555,0.0906057383054913,-0.295663964283529,-0.0053314856889687,-0.00959763171800755,0.00632935098667835,-0.00432021556287988,0.0106881011898064,-0.052016240551705,0.00223350559130996,-0.0317640843923225,-0.0285024699206587,0.0924316205413038,0.25094794657087,0.00942298688219207,0.357080250160609,1.61978108251437,0.0121186615901568,0.00885631077191906,0.0128423589354181,0.0108053710615928,0.0133792485841194,0.0511908609186006,0.0146514172370427,0.0226525553128269,0.0329093737328378,0,0.141430271194576,0.820067202946183,0.799696006296308,0.855164234334654,0.65998046194018,0.278495445073451,0.622118887515578,0.689288273611974,0.424373560010177,0.309570544432437,0.878837566159318,0.160846684491813,0.386440968202646,100,"ENSG00000273437"
-10.4748454053143,0.162079863545072,-0.0025679165763801,-0.169711001663028,-1.6487880888076,0.0097598582383586,-0.0025260574152691,0.00909363520046406,0.00367821841435194,0.0031826461754153,0.0151344377447099,-0.00841850014600665,0.00295314904274912,-0.030920465793881,0.0336393049358075,0.0826961390882079,0.00342447351619488,0.0749757852642608,0.306967133500749,0.00233482108264006,0.00174684509223889,0.00363374307571018,0.00213729516060044,0.00206089257596775,0.00463650688702092,0.00275857799271492,0.0043700241570604,0.00639687513048319,0,0.0500022485204736,0.453331839767145,0.0236021649707867,7.82056116634571e-08,2.91341074003771e-05,0.148158029474698,0.0123301108373351,0.0852564748947573,0.122514524625338,0.00109777660919692,0.00227508821816933,0.499184095505883,1.3403003669691e-06,101,"CNBP"
-11.2184058939165,0.113755869707762,-0.00360262813925472,0.261646728784767,-2.18206011986266,-0.00983386968908411,0.00882025368243504,0.00104773177792752,0.00688329579036903,-0.00237731390632265,0.0144395786389694,0.0176630177418819,0.0148217597739184,0.0285646099405701,0.0407849324483155,0.101629211574003,0.00411772430972132,0.108067462264809,0.479871379288123,0.00368860919947619,0.00303351529481545,0.0104263434783735,0.00409189198098785,0.00351947826348909,0.00805337642039558,0.00441321048927898,0.00666433026382498,0.00658151403299316,0,0.263002552895512,0.381624203855412,0.0154718097352642,5.43702598036051e-06,0.00767573678257777,0.0036421210509453,0.919956195451677,0.0925340861974244,0.499375053390803,0.0729754115774802,6.27281619351207e-05,0.0261455240391274,1.42400078591083e-05,102,"ENSG00000289469"
-11.1945098973509,0.0716223813362398,0.003631191922983,0.0249364468791141,-0.119873708804328,0.00349362673280535,-0.00662608980530651,0.00138999752335919,0.000706594774180886,-0.00260394327499112,-0.00392210417387516,-0.00378616971123092,-0.0132192851316972,-0.00765204603810774,0.027178539922006,0.0681487888026432,0.00292864499127886,0.104951953147636,0.437881807185287,0.00344527077298686,0.00265281452688393,0.00814835509400861,0.0035747678796119,0.00390762600640994,0.014061826802053,0.00411707152941476,0.00612451486821576,0.00890787993088766,0,0.293272039823362,0.215016805035751,0.812192364447466,0.784270494978993,0.310565832308393,0.0124981335697896,0.864549092578925,0.843309740329861,0.505171602233309,0.780307341582551,0.357767766616078,0.0308950684772281,0.390329542593722,103,"COPG1"
-10.8179391751299,-0.0156554121067795,0.00680062361471863,-0.256105571486914,0.434047205070625,0.0133240025696542,-0.00797669688597557,0.00768463419661361,0.00709883153080343,0.000283421793149051,-0.0138366164128637,-0.00789057658946286,-0.0138595053158368,-0.011911969698996,0.0364747942705852,0.0891913763266818,0.0037440741559805,0.093169007761791,0.373717432569425,0.00288569717511857,0.00208088508866346,0.00413043296767123,0.00268510244724719,0.00318358781146557,0.0122442125328232,0.00337031522656496,0.00518332424722227,0.00762063969600973,0,0.860666284842616,0.0693136486703335,0.00598087729438674,0.245466457671118,3.88847483726938e-06,0.000126425700160267,0.0628160620624743,0.00819848978654313,0.929061320874791,0.258453641015555,0.0192219498204071,0.00749828007931201,0.118024514899977,104,"HMCES"
-11.4251762398485,0.11603132784249,0.0121729491938816,-0.283913098987276,-5.5029855123289,0.0172901208514352,-0.0169988209334455,0.00456877102351398,-0.000270918246143733,-0.00396561811259911,0.0154543054122598,-0.0257258235277413,-0.00475408698625502,-0.0606561029367349,0.0700955447388686,0.173499213558023,0.00704774924262704,0.116012042749815,0.475458717838585,0.00374075373848815,0.00284059084379151,0.00688932082236085,0.00362203695719205,0.00329765251291044,0.00730672519153992,0.00431283968703399,0.00667241443084605,0.0102385565152236,0,0.503641254889017,0.0841297969935406,0.0143941905836725,5.57822983015307e-31,3.79883130276084e-06,2.17382066850352e-09,0.507223529431573,0.940376064504012,0.229147443855153,0.0344231633956526,2.44726187277018e-09,0.476155981065539,3.13663520490031e-09,105,"H1-10"
-12.7574444582455,0.046386463077786,-0.00136311913558179,0.372010383142175,-1.33164413414278,-0.00721322039751952,-0.00141173586026157,-0.0128249369696831,-0.000887904643593076,0.0128724000291728,0.0179439217608658,0.0124902232384405,-0.00226682219793957,0.0419651684892843,0.061109129133955,0.157023158094987,0.00644859063496576,0.212453614560502,0.946105174962449,0.00731253963340012,0.00636453356499023,0.0247026610512541,0.00892629618419257,0.00752280587052131,0.018484714298308,0.00898185081042061,0.0131868131451102,0.00959615509903355,0,0.767679469550434,0.832588820196902,0.0799425825989669,0.159278832612407,0.323928057400589,0.824459510788753,0.603640604551306,0.920764575975191,0.0870595406585836,0.331675875869666,0.164344678840889,0.863515608925317,1.22481557317859e-05,106,"H1-10-AS1"
-10.2544832293522,0.0241163509397807,-0.000569417281406987,-0.0377253887331638,-1.09117037902932,-0.0122777519538768,-0.01054784600203,-0.016080537605196,0.00414912130800641,0.00727048173513267,-0.00624802194464437,0.000981958544498089,-0.00514321673612937,0.0220657807073904,0.0276981425407244,0.0678154888687003,0.0028667573284812,0.0672725773195284,0.281906579028364,0.00221945407947455,0.00193596280121724,0.00767366651585163,0.00273990466964897,0.00275865633835092,0.00953644556173273,0.00276003110722617,0.00395395763034103,0.00396119939294619,0,0.722127297654566,0.842554020209608,0.574944757490274,0.000108531833862777,3.16817993659035e-08,5.08328825933895e-08,0.0361222936359929,0.129942027411261,0.00840095712095943,0.512356355894926,0.722006772443848,0.1933348322235,2.54038952205081e-08,107,"ENSG00000290993"
-11.7773765274782,0.239595758980393,0.00829628956914046,-0.320154902281472,0.0912775128063084,0.00408902854537358,-0.017872984990231,-0.016235012515583,-0.00532003196318433,0.0156849537377228,0.0082975689749718,-0.00373141331233767,-0.00980161479274293,0.00302832676682387,0.0198083857111755,0.0618876055702894,0.00251214353408818,0.148176853152792,0.587731804607905,0.00459248708461891,0.00395649455423985,0.0155169808567327,0.00549334614291797,0.00559491246951701,0.0181307562739187,0.00582751850522253,0.0083789936064842,0.0119512154733045,0,0.000108182761852832,0.000958358546023153,0.0307241678957597,0.876581108884576,0.373265396461425,6.26098153317029e-06,0.295434579024191,0.332819597661622,0.00505619749902343,0.647202791145959,0.5219716453582,0.242087801473366,0.799966319217097,108,"EFCAB12"
-9.56758167485589,-0.0611544892284235,0.00249538815489164,-0.208197938234122,-0.600563335058121,-0.00232284942650851,-0.00692521459130425,-0.00947103600344004,-0.00104503207805332,0.00605601706631675,0.00734237842410561,0.00136500792736732,-0.0166969295250554,0.0081820398022982,0.0209384066002083,0.0510373655695424,0.00214482634944374,0.0544221143691007,0.225415003441698,0.00177487408620239,0.00150700464103784,0.00571717268977148,0.00211866553664234,0.00195804907831783,0.00594359104709723,0.00213812281131941,0.00309882079685906,0.00399787117701319,0,0.230827590833563,0.244648875515919,0.000130447177465462,0.00771587583974715,0.19062230080063,4.32022366545418e-06,0.0976015144456568,0.621835851958312,0.00198222145578552,0.216702574515259,0.523204100955136,7.11842976690365e-08,0.0406974571662052,109,"IFT122"
-10.6486918615791,-0.0790554749160573,-0.000913579846010721,-0.353415729294293,-4.44647497740568,-0.00708970609183838,-0.00747744403911074,-0.00555201967464646,-0.004545804025769,0.00503748180546778,-0.00896902526847054,-0.00175584169416473,0.00530936223068915,-0.0103805699896939,0.0393584332908362,0.0944165113297931,0.00404245037185286,0.0874419090796642,0.332345726211095,0.00263189796780258,0.00211882414634818,0.00697641408919618,0.00288086525111387,0.00308518565646227,0.0111230880357702,0.00321360894469186,0.00480828386716887,0.00694598160407428,0,0.402420804884865,0.821204102001185,5.30605248313144e-05,8.01495670536522e-41,0.00706506454208399,0.000417048609052417,0.42613251446103,0.114581666541357,0.102511703623352,0.42004504659049,0.584806885268748,0.269501412224529,0.135052484176813,110,"MBD4"
-14.6019170571337,0.657648108272121,0.00323537651138147,-0.42759606852644,4.56513482299893,0.0622323569978153,-0.0623638091680845,-0.00674520270702053,-0.0297049409154072,-0.0647086072324081,-0.0659721819831462,-0.000485641343664906,-0.000895599826609606,0.0624519822625574,0.291330182614277,0.862760052497943,0.0316185647459503,0.42340498018507,1.74784660484636,0.0135439333012037,0.0104299783915521,0.0262640188540636,0.0146036863414923,0.0155878357356925,0.059279590515699,0.0170711952140305,0.0263292739078406,0.0211504804903635,0,0.445904406056623,0.918498539772626,0.312543905400577,0.00900504908870544,4.3305836530683e-06,2.24119699390424e-09,0.797315455374727,0.0419443957365925,3.30701026912804e-05,0.265751918439823,0.977304842042357,0.972864899369888,0.00314961698111031,111,"PLXND1"
-8.34636859156188,-0.0721474516664027,0.00041207222554367,-0.138137668297399,1.36070131949088,-0.00191185226024904,-0.00560829511446274,-0.00291750300072188,-0.00112186122329874,-0.00453619807172054,0.00203975997771114,-0.0032868841211102,-0.0095326239461261,0.00109447198559754,0.00901973085529273,0.0230636656136037,0.000969386288455755,0.0349085754839004,0.149521928530651,0.00118414660770136,0.000947596046098762,0.00325346733325399,0.00129697224894238,0.00124304184992153,0.00380237660623294,0.00137030193361707,0.0019895139521937,0.00279027587184982,0,0.00175888425687768,0.670774219609272,7.5856590031098e-05,9.00443117548943e-20,0.106410311947184,3.24999578866281e-09,0.369859524059525,0.387047156150699,0.000262984324970235,0.591652117527604,0.0164553272759646,1.65593845756194e-06,0.694877137643617,112,"TMCC1"
-14.1740351827673,-0.0551093917863576,0.00111326425634917,0.468615493243546,3.4765473959469,-0.000988652486005182,-0.00585616664390668,0.016378503183169,0.00768491273596352,-0.0146694140378244,0.0154769354710135,-0.0121764400927463,0.00394011151008792,-0.0143640163652988,0.0608782458106121,0.172269376597246,0.0070583299506866,0.386369073544744,1.81911270740171,0.0140246078871167,0.00948261950715735,0.0186986314660182,0.0118804152597484,0.0114588013477045,0.017310670904313,0.0160340520044079,0.0244053866618714,0.0358122686167075,0,0.749042297492448,0.874674709596519,0.225179492446449,0.0559888282519435,0.943800375097362,0.536859846278663,0.381073586792105,0.517725425972796,0.200479207555613,0.371284935855822,0.447606562827179,0.871743447440842,0.688352351089462,113,"ENSG00000203644"
-12.385695598641,0.189934959746729,-0.00539180373379014,0.201714852657855,-0.750157751944397,0.000589722043894675,-0.00981741397125903,-0.0299307094377136,0.00304831134048715,0.00347837293491632,-0.00132271748823753,-0.00805181382532409,-0.00987047189081776,0.0511894878962209,0.0277494495411676,0.0911666372466083,0.00352358704203722,0.202372604946733,0.858475452447839,0.00670230250456802,0.00582397612531146,0.0229174146517456,0.00813285806045042,0.00850289154205574,0.0287545848001707,0.0085214706199451,0.0118306244536467,0.0159608407770923,0,0.0372163889808387,0.125966469985496,0.318885972521543,0.382213284593519,0.92988623141696,0.0918556676958197,0.191544160363504,0.707798593116917,0.682480084531355,0.963310067315758,0.34471734710324,0.4041032894702,0.00134037298901546,114,"TMCC1-DT"
-12.545079929531,0.0496658759565955,-0.00081042620375651,-0.282845354173655,0.837032141425867,0.00584826345149656,0.00435807442841364,0.0153876637976902,-0.0070338472361576,-0.00383821192924961,0.0170316098658881,-0.000418373639837028,-0.0171644742502965,0.0190203994528829,0.102067444717275,0.250036640414073,0.0100795695230402,0.201660451608146,0.795838462121924,0.00605539982336118,0.0043592712563791,0.00524163842457169,0.00511937785436016,0.00490707537134116,0.0073246544102985,0.00703681902262927,0.0110366287007106,0.0112533982861465,0,0.842548748996352,0.935916853382559,0.160741471230678,0.292909052195499,0.334147714906943,0.317443391121162,0.00332839826096643,0.169452473114877,0.434109309671451,0.0200589084572688,0.952589756085907,0.119891772189209,0.0909913015248874,115,"ALG1L2"
-14.9324783257039,-0.3265465609257,0.00965519006679087,1.11865938035001,4.40897339368637,0.00205005700481993,0.0338636251147361,-0.0458340107258754,0.0207073798830714,0.0327927095966409,0.031333094197471,0.0160576742972163,-0.000908088308801957,0.0434761226657931,0.0912072895375054,0.233602023546917,0.0105361744652749,0.536176579233518,2.70833567328369,0.0203236970129275,0.017554571170652,0.0732650523752354,0.0250990011446766,0.0203032713056108,0.041632793018513,0.0246989716357899,0.0347152670107908,0.0205164004284934,0,0.162150437165065,0.359465107945491,0.0369456857045065,0.103540316540671,0.919653436007993,0.053724799586639,0.53158276578276,0.409355667961689,0.106279484857219,0.451686647887751,0.515604803949192,0.979131169557771,0.0340827641413504,116,"LINC02014"
-10.354976318311,0.162587788622893,0.00950027853134243,-0.0349343949376905,-3.6271461620785,-0.00605106827964582,0.0157026019652876,-0.00660315583046468,-0.0080310257638812,0.0104525923191932,0.016395110667629,0.0160660656549491,0.0129282504058132,-0.00915876473711705,0.0907653884524684,0.212364522486643,0.00996713563720793,0.0776417037784611,0.315026254554193,0.00256279346789111,0.00211655954385058,0.0079187221791723,0.0029932698899543,0.00244003357245187,0.00527533301394667,0.00300709478201669,0.00449019576413809,0.00649093802330274,0,0.443910111814791,0.340508830438259,0.652751041391838,1.12426441319622e-30,0.0182197309953098,1.18072451254517e-13,0.404356310453578,0.00729589663444,1.83736037039408e-05,0.00188433511548818,9.15621036198873e-08,0.00398663234947759,0.158242288819938,117,"ENSG00000291081"
-11.1603122958035,0.0103427597041937,0.00851244750571235,0.253756103169225,0.918179318753524,0.000229423037441964,0.000196471241315098,0.00447554476552108,0.000358681099176308,-0.00351636197870473,0.0106721168723966,0.0122349121569472,0.00186091196890231,0.0344153223494231,0.0452655258543061,0.108784635670691,0.00461774159169725,0.104363706785988,0.456773030454903,0.0035818885762916,0.00264862054907869,0.00721342655213066,0.00348203493875244,0.00327881223504789,0.00843807944536032,0.00411012373847089,0.00626313549323236,0.00562892361416318,0,0.924254813714424,0.0652673867628717,0.0150381386559297,0.0444160077224039,0.948929730889267,0.940868190425134,0.534963911225649,0.917955791023633,0.28351798811851,0.205958584855532,0.00291298036705997,0.766373780228232,9.71552822746834e-10,118,"LINC02021"
-14.3601762104671,0.206216042249605,-0.0427717734531643,-1.08799206345935,-1.53045676507793,-0.0136718121307749,-0.0127734480366353,0.0229291760062808,-0.0122725672669266,-0.00913078020506337,0.0257196570226863,0.0169438400658324,0.0166061001554419,-0.117146804364401,0.0969103229538217,0.263938775150521,0.0101049077341498,0.531165474343514,1.94262864711132,0.014333038557539,0.0108255682056635,0.0101781312163372,0.0117723189323147,0.0117488957353767,0.0120492001826583,0.0177932041909413,0.0284176889538112,0.0411816177847942,0,0.434624561385741,2.30828186336775e-05,0.0405295396123809,0.43079746419647,0.34015098218608,0.238026758280445,0.0242724935224706,0.297182886315128,0.437063956848597,0.0327975358090634,0.34096276077883,0.55897956595525,0.00444618891615777,119,"COL6A6"
-10.3573180755442,-0.060389622120741,-0.0051831573649331,0.012653629644069,-0.751350839062108,0.000439551411564513,0.0137962001366253,0.00179053670013992,0.0112160685107973,-0.0178956262548472,-0.0162878240458413,0.0099885868570328,0.0127459277182618,-0.0148005790818009,0.0232157966913159,0.0572847522523137,0.00244119315310462,0.0796659193876419,0.331801645648556,0.00258944353644968,0.00211993555982819,0.00738864073302115,0.00288617786596683,0.00307187170265293,0.0110509822999626,0.0031352893578493,0.00452571094519323,0.0066510704756223,0,0.291791070025264,0.0337365448575958,0.87379992769686,0.0235459697594798,0.86520876363136,7.62393655613933e-11,0.808519500149018,0.000101854086905995,5.68932994640299e-09,0.140513848643169,0.00144325389051406,0.00485746668237781,0.0260615900967943,120,"PIK3R4"
-8.8239901818391,-0.0017465271829107,-0.00472481992066053,-0.290192183425638,0.342775705672907,0.020387659148176,0.00894995645477558,-0.00617113379387766,-0.0102683102369361,-0.00783552062802654,-0.0154176899568223,0.0031025850224815,0.00573587149562026,-0.0360349559404183,0.0236613483641504,0.0580355708779711,0.00237310166355882,0.04226424681596,0.172219530191746,0.00132420806570542,0.00110717949446237,0.00381421456967324,0.00151766259164079,0.0015754959601545,0.00561857591706682,0.00161341584030975,0.00236995372719385,0.00353334368970752,0,0.975992021107122,0.0464820682057989,6.59629131489732e-12,0.0465533117346839,1.7380360082344e-53,6.29008512988039e-16,0.105677592868943,1.32509017903051e-11,6.57997046947716e-07,0.00606850859553354,0.0544811114722019,0.0155100021853073,2.01270067879419e-24,121,"ATP2C1"
-13.9016919307815,-0.377064145148132,-0.00058744814926934,-1.49505543327854,-3.95831156860015,0.0193303141962841,-0.00657349444797192,0.00902623697000127,-0.0272195803062004,0.0116773731358804,0.0252964992003154,0.00053104219484418,0.0251692824631139,-0.0943241972853688,0.0830207983705259,0.191659272002671,0.00816545498319261,0.466055575993787,1.38778540468889,0.0106626394235034,0.00785081244520226,0.00649221518241668,0.0090069033771921,0.00874177571622345,0.0076380895892217,0.0128990264996934,0.0209139224708976,0.0307724034094186,0,0.0491409050190768,0.942647189579062,0.00133712219557342,0.00434108805728736,0.069847026552658,0.402423301623447,0.164432645584253,0.00251044399007443,0.181610571411944,0.000926685531199978,0.967161032835542,0.228794416407017,0.00217509678069378,122,"ENSG00000250592"
-11.9097569643999,-0.139919549606336,-0.00338256756840624,-0.596765486276245,-3.01072030121287,0.00802790338322376,-0.00760560644366957,-0.004322846114487,-0.00652268838626348,0.00295604775844966,0.0117504386922808,-0.00333085687653378,0.0230187475944211,-0.0495582175498116,0.0219099871211966,0.0633229160490642,0.00267427751732951,0.16791218401137,0.616244686204259,0.00482856829540776,0.00391835515648634,0.013113927801552,0.00522717018990755,0.00480647306819841,0.0120371826232591,0.00591079130854289,0.00895179062485503,0.0133996474038767,0,0.0271315813531998,0.205924078102203,0.000379371236620644,1.03118377181033e-06,0.0963956119190843,0.0522558293039745,0.741673668537839,0.212088512187456,0.538545539268021,0.328976023305294,0.573079951605401,0.0101284564340603,0.000216901474399852,123,"ASTE1"
-9.72965142300484,0.0434006704388396,-0.00380375375668155,0.217672704093323,0.190820325569391,-0.00526492024102622,-0.0157575248651821,-0.00151459505537343,-0.013962909260644,0.00540347317051927,0.01726036210199,0.00463371666506374,-0.00197098760117487,0.0268501189480241,0.0341948693928156,0.0847105255012126,0.00348288438403227,0.0709410593863666,0.312886219585852,0.00242381344212148,0.00180861893883037,0.00471222776695869,0.00234323154429652,0.00214434416743986,0.00466806732974029,0.00275107393688331,0.00419032453796566,0.00533382585600775,0,0.608412415906346,0.274777070925754,0.00215237203451541,0.541947065404917,0.0298432968971176,2.97343423639325e-18,0.747893607044671,2.54056283724384e-09,0.011739746304876,0.000217699580009985,0.0921178895584746,0.638093310835229,4.80519107504648e-07,124,"NEK11"
-11.2367558040495,0.0860989883445402,-0.0104710374421139,0.0273753943464244,0.272177278461245,-0.0221855826316088,-0.077992369968829,-0.0207284932790921,0.0496847352815043,0.019389944467136,0.00802608485781234,-0.0351773545480771,0.039150437711712,0.0121455888990223,0.0403416494836144,0.099824200797211,0.00423616385210098,0.128323020933223,0.547492516357429,0.00435844847120141,0.00372015426319198,0.014652755249435,0.00518229616097426,0.00523903359346115,0.0174458272959165,0.00528063537643978,0.00783615502193117,0.010674216942571,0,0.388409043461792,0.0134426923915378,0.831068090690575,0.61909438738413,3.57595940101438e-07,1.37435533760937e-97,0.157171680306237,9.03344609683056e-22,0.000214706059972751,0.645474900665583,2.7090641416328e-11,5.84926817911203e-07,0.255185816321438,125,"NUDT16-DT"
-12.8500018258485,0.35306398810428,-0.0101394124083395,0.272164364293548,-2.75665416546288,-0.00702858453524811,-0.0542560486401557,-0.0100530541091929,0.0162257081854265,0.0219706594296829,-0.0309768800490412,-0.0230598086033345,0.0240583063081056,-0.0165953009098704,0.0535077719111279,0.14675617280039,0.00567764882263846,0.219296787075943,0.969034704088145,0.00749065456607822,0.0060575184172222,0.0210914831568466,0.0081535668228607,0.00905842248688297,0.0319593313043133,0.00941397405623731,0.0142186777930084,0.0202010411943114,0,0.0161377021109732,0.0741240260663473,0.2145770261334,0.00444473444383527,0.34808317092486,3.3420333075414e-19,0.633618171390026,0.0465894465691331,0.0152898466719146,0.332415815610664,0.0143042931061356,0.0906419041028501,0.411357421214339,126,"NUDT16"
-13.373091651051,-0.195745419469783,-0.00192412413684113,0.275375613579286,0.918678565527771,-0.00182034555803419,-0.0048119621302779,-0.00438241752094198,-0.00385517880223456,0.00173986494057418,0.019355488605672,0.000655296582231882,0.0215298395038303,-0.0465510178814354,0.0409268529956873,0.116467249725311,0.00492364544699235,0.281796757817289,1.22312888003654,0.00951522032091598,0.00777493065562788,0.030070823588716,0.0108885261678227,0.00884150268704357,0.0144861827088348,0.0115520298373403,0.0171162564408603,0.0250503066075507,0,0.0928230146214237,0.695950555579456,0.32846343503276,0.452599135597484,0.848283652471761,0.535977362179698,0.884129381489265,0.723294797319124,0.843996689656995,0.181505312691973,0.954763728690598,0.208442705211754,0.0631262362346986,127,"ENSG00000261167"
-10.0853172402727,-0.000517841029509039,-0.0045140222431812,-0.538248611355343,-1.19558133327227,0.00234620675499265,-0.00838350156446415,-0.0161288646469133,0.0025933903542442,0.00271918572575918,0.00749961561021285,-0.0121177133100439,0.00499583169700486,-0.0395192459388202,0.0191319228873262,0.0472368516920687,0.00200669024317827,0.0691473782970776,0.265211332994423,0.00208192463386391,0.00182389952005376,0.00723523857900525,0.0025584586032749,0.00237151507824985,0.00721009811835311,0.00256641550415261,0.00377123640215592,0.00559564137342211,0,0.991253246737994,0.0244815724405019,7.02232232649315e-15,6.54315263826166e-06,0.259767320153708,4.29706394611687e-06,0.0257999496995011,0.310748150121954,0.251545836725534,0.298268151975935,2.33940104694207e-06,0.185264089035197,1.6352726953415e-12,128,"MRPL3"
-11.2410176559131,-0.11959987847452,-0.00487093960579392,0.253406246566661,4.97258496095441,-0.000316082252171449,-0.095207369945681,0.0151424322919695,0.105281926429259,0.00648683074524401,-0.0684081040892113,-0.11762736468103,0.0926831414130744,-0.0265370872343683,0.0828365446315568,0.206140677748057,0.00817149117341629,0.144110572399142,0.604689720763932,0.00491980851952611,0.00367377494342209,0.0112036079244934,0.00509349132543715,0.00563976128829131,0.0203745193941921,0.00526818282064732,0.00766273596246126,0.0126553079916277,0,0.561789379369623,0.551115477667233,0.0786768585319086,1.97869628961576e-16,0.948773665070571,4.46532531965362e-148,0.176513714727342,6.465792560775e-95,0.250063162810257,0.00078641594774603,1.98095319124565e-110,1.1182389543137e-33,0.0360012258369978,129,"CPNE4"
-9.93618193191095,-0.0126033572893541,-0.00680446939585272,-0.31473208826853,-0.244468639859173,-0.000430464294048534,-0.00330558879955654,-0.000627047160822024,-0.0043844157012425,-0.000292884264422418,0.00208026932510427,0.00250323973980258,0.00127461462407072,-0.0349181653095993,0.0336576831531278,0.0810726274411574,0.00343686323414053,0.0667640328437508,0.271367332221399,0.00210515589026858,0.00164756198139074,0.00508700765552264,0.00220158383993284,0.00223817246600985,0.00740684949641909,0.00249815531405807,0.00376669394549645,0.0056062636504683,0,0.876460566122204,0.0477205260457368,2.42785685036193e-06,0.367653620038999,0.837977670623036,0.0448187365428418,0.901897697118909,0.0464278666874821,0.895887112748706,0.778819689554779,0.316326557669242,0.735068696882977,4.71162215399314e-10,130,"DNAJC13"
-9.2591554113158,0.095511438759219,-0.00146102373194672,-0.0618860541419985,0.441729149978288,0.00133794725864073,-0.00455966898002527,0.00152591329325578,-0.00362309677727087,0.00325645553127617,0.00286669263096667,-0.00204993456970739,-0.00495809756730135,0.00559693176044553,0.0243602731246706,0.0591221871169395,0.00247810225399925,0.0469017723635477,0.199781449542374,0.00154881383106252,0.00116456095193331,0.00320511696491556,0.00154004982587752,0.00160755199094358,0.00540382963646813,0.00180586083003811,0.00274172875066789,0.00374393538039339,0,0.106204123879022,0.555476537717492,0.18700795451116,0.0270315513580979,0.387668725067234,9.02714661198675e-05,0.634012670904301,0.0186434719192288,0.0427931471624512,0.595770310437917,0.256309772765722,0.0705468039071598,0.134931983856775,131,"ACAD11"
-13.4890569862174,0.260759789214429,-0.00298016979716224,-0.741901943482387,-3.22002651799793,0.0135631940948971,-0.0193771430349122,0.0141099545141846,-0.0231224753214814,-0.00255027867484818,0.0223130755473354,-0.0070557218080342,0.0135134371943633,-0.0518042143142073,0.119061337226733,0.291819948655691,0.0122875535393319,0.369148536303766,1.29886546960709,0.00995240300317262,0.00722990248742148,0.00523122073112757,0.00831900369276581,0.00808100592880041,0.00780118806901614,0.0119081888446517,0.0193094809458911,0.0282628250840613,0,0.371555235974686,0.808365135779817,0.0444560279268053,0.0131711776177562,0.172943673364713,0.00735916122686422,0.00699129778538311,0.00544465918034861,0.752314291253816,0.00423353814510013,0.553509079423648,0.484030787738214,0.0668106960435153,132,"ACKR4"
-10.3713568392979,0.11804036701251,-0.00651258279177152,-0.463033607186485,-2.30855025561653,0.00845573948575125,-0.00692626781576585,0.00140177792364431,-0.00574803197500861,0.00309204674801008,0.00722526278338591,-0.0108917603898437,0.00638944767784315,-0.026506915107233,0.0283420399432545,0.0699528925540851,0.00286247393838436,0.0773530127874296,0.300245266918761,0.00229721110122922,0.00178865706887187,0.00483992107591631,0.00229572887236492,0.00232360451164425,0.00705641017180659,0.00276486521879801,0.00431935348778001,0.00630438515454786,0,0.0915213653434154,0.0228964049511125,2.15090462427742e-09,1.48426940668335e-14,0.000232437887260608,0.000107800507836392,0.772100644243782,0.0122869580537098,0.183284028006381,0.305868826715245,8.17040705736329e-05,0.139070787278246,2.61636503629786e-05,133,"UBA5"
-9.99905191394413,0.224684140712525,-0.00231670525532259,-0.138266101250303,-2.89750231767607,-0.0177585514581003,-0.00673616543968604,-0.0106527850783173,-0.000357610314723984,0.00655140605928784,-0.0195193731641485,0.00244389345779139,0.0119741024531956,0.0129345253906836,0.0775926925235171,0.195201634557877,0.00740785892720451,0.0682725918043116,0.286753266910806,0.00219751446500935,0.00190481507837043,0.00704829013166345,0.00262233021585833,0.0026870167461421,0.00936392302722402,0.00275544325326864,0.00403460681641513,0.00515472457321844,0,0.249717357883467,0.754481131053425,0.0428461576687993,5.27566499748905e-24,6.41331132352561e-16,0.000405638253212711,0.130686592000732,0.891527841115107,0.0147617929336278,0.037112035770551,0.375114991752435,0.00299891942794223,0.0120985646534598,134,"NPHP3"
-12.7303927062556,0.290081108806686,0.00215114355659758,0.303491871310302,2.23079268484029,0.0103977305499179,-0.0114938561635273,0.00750546630731389,-0.0123774978153263,0.00322321673155843,-0.00626204929720588,-0.0468483260576418,0.0371828624573088,-0.0171854953415642,0.0441496260028507,0.141539980438507,0.00574571222524893,0.316283524181743,1.31150854952105,0.0103030584372991,0.00781552025962006,0.0191063514052871,0.0102455297361106,0.0115263626882105,0.0394736923737652,0.0124431681631094,0.0191344798187096,0.0279141130849901,0,0.0404167547041186,0.708113358764514,0.337278534914323,0.0889549228099046,0.312884126310676,0.141387134630376,0.694448204485783,0.227013554375034,0.779754735863258,0.873953655345802,0.000166559907206131,0.0519873193304463,0.538121485145213,135,"NPHP3-AS1"
-15.3631996523202,-0.0444501623208624,0.012452741607922,0.404667977495434,5.06218889099297,0.0255179106499331,-0.0566778836592901,0.188348546346914,-0.0430097145157341,-0.0038535236314976,0.133764144537627,0.000501888206223386,0.221056756852836,0.0420800945379821,0.231153599527531,0.587952779385346,0.0242527381062801,1.04059855537025,3.99720843755045,0.0319795044973052,0.0271415317041786,0.0974758281605525,0.0384365204925975,0.039564669875895,0.128154838830512,0.0395833516357759,0.0582343380170493,0.0780396196077794,0,0.939736075029724,0.607631582599005,0.697364909648979,0.205358799183549,0.424901955369376,0.0367766840759555,0.0533275460891237,0.26314848480561,0.922410254370691,0.296591928645957,0.98988367318386,0.00014705754274948,0.589738855733005,136,"TMEM108"
-14.7986621938399,0.387117166725345,0.000582812243708335,0.0149135417371911,2.88473361080892,0.0304782388791716,0.0151779013312496,0.0471797431728702,-0.0350931265053027,-0.0159930291562715,0.110885715833943,-0.00743006948842751,-0.000472406715335704,0.0827809147248468,0.0924026911880378,0.290904821594305,0.0113179264280532,0.72303887642891,2.74534095487726,0.02182688765977,0.0173993040481636,0.0661763755164261,0.0244689712214288,0.027421667907487,0.0955626776453295,0.0270662691260401,0.0384292393040986,0.0567472383347027,0,0.183276291332847,0.95893139419729,0.983543843350379,0.293362280271844,0.162605479400971,0.383029428233768,0.475883278464652,0.151518368630824,0.559741183579775,0.245908196867471,0.783689655197162,0.990191933579502,0.144629655291609,137,"BFSP2-AS1"
-14.7454956876417,-0.0790958521358226,-0.00817430399315177,0.437351971509861,0.942660756341312,-0.0110781433330455,-0.0110338815318213,-0.00431469688670601,-0.00183389671715385,0.0454213807652327,-0.0975896290471304,0.0304573056507633,-0.0408324949340498,0.0358893931984255,0.0793913681254734,0.24616483743503,0.00975369189641472,0.53241519189306,2.49265696514128,0.0187368182426159,0.0131171356327955,0.0176346715954007,0.0159925995294319,0.020605765029066,0.0800364448163031,0.0224011899607317,0.0333854629343561,0.0183762745261188,0,0.747973545195257,0.401989811504625,0.411390515000146,0.7053005337654,0.554352941868443,0.400246702509995,0.806711001938242,0.90870543815776,0.0275029360636788,0.222724698607941,0.173947382518007,0.22130623606109,0.0508161838809705,138,"ENSG00000272832"
-11.3273246682847,0.151000337304281,-0.00229090892531193,-0.116963801772266,-3.08515720467565,0.00794446407946405,-0.00164030304527987,-0.00648485271490637,-0.0016613917965481,0.00805383388789575,-0.0433881918045978,-0.00453440757646583,0.017021554591168,-0.0602030459754395,0.0377727578020643,0.0935931513369177,0.00387485038561367,0.112054857521147,0.458814016510051,0.00354012067080042,0.00291164592205671,0.0095932192991298,0.0039109797637518,0.00428026446465036,0.0154759283683953,0.00442451427605337,0.00666702003359367,0.00968161621754357,0,0.106664251826247,0.554369586591115,0.29657404350918,1.76559795882854e-11,0.0248245273969819,0.573190190303642,0.499051468066011,0.670981062290778,0.0598875441083564,0.00505367830806003,0.305439930040372,0.0106769492594219,5.02618999016349e-10,139,"CDV3"
-10.4891069070408,-0.031697331072589,-0.00273151849253313,-0.120727750859881,0.289602743511247,0.0110263361489482,0.00179116914212219,-0.00191765600719515,0.00319966693570202,-0.00165732129376209,-0.00441762834275624,-0.00534434267547495,0.00318810240537178,-0.0419881107572239,0.0282072471910944,0.0689359856271181,0.00291677030025053,0.083284846537248,0.3372509962081,0.00261533291256594,0.00218519439166106,0.00775501375276526,0.00299786668645723,0.00310342477576983,0.0109074828111761,0.00320189637601652,0.00468854056212207,0.00699555619010314,0,0.645653900990012,0.349022322061367,0.147176671555421,0.390497356624364,2.48634744517562e-05,0.412396205019144,0.804691914493676,0.285829789532256,0.593320920894403,0.685470919892446,0.0950940090625624,0.496518665116324,1.94767441745761e-09,140,"TOPBP1"
-11.1041130285051,0.0975769574696729,-0.00466645879453479,0.396428376022517,-1.89920685963452,-0.0111341756360589,0.00462125892002472,-0.0159381538166559,0.00271716230994227,0.0110000707069582,0.0142219247552143,0.0193908444288661,0.0178396683576969,0.0263194953117068,0.0287953475408081,0.0750679104333389,0.00306922312261522,0.11875451736957,0.513603730888153,0.00397455897076609,0.00343419373243418,0.0133105165826013,0.00475284076403245,0.00424145572953268,0.0114589130730837,0.00489105811283429,0.00714500423193838,0.00809862529101168,0,0.193652685732081,0.128409495806231,0.000843178024113967,0.000217471150854569,0.00508875127373274,0.17841202455452,0.231146549145836,0.567530474424766,0.00950139669920114,0.214560179270598,7.35345338938341e-05,0.0125318537294108,0.00115456975949871,141,"ENSG00000291042"
-13.2503522330646,1.57957927024763,-0.0127560440038452,0.772475529939295,-0.140132327881685,-0.0113145100559123,-0.00446152727472567,-0.0173342745936626,0.0285642160008476,0.00192782798783414,-0.00594016064453462,0.0384569440537388,0.0657156471736607,0.0335656634563326,0.243366831416371,0.602902116604428,0.0224326917198089,0.222136269183409,1.12429557006527,0.00808463969610407,0.00724917916503415,0.0275670956424136,0.00987947314170966,0.010054277268071,0.0346427733842095,0.010599095408595,0.0162252344223949,0.018280595565225,0,0.00879401492835509,0.569602949164351,0.000506141489609792,0.900808469725089,0.161660992965009,0.538255762213478,0.529477984635185,0.0038368935274111,0.847944246200714,0.863855028010296,0.000285267973921149,5.11711448268965e-05,0.066337514135025,142,"TF"
-12.0352220550827,0.10411348610173,-0.00147462050867095,-0.47724948449045,-1.4789102029118,0.0168629385212007,-0.00335135505074461,0.0142264656507226,0.00338574888844742,0.00204600242100103,-0.00577020141883005,-0.00965855815831851,0.00370393421855073,-0.0487567597125224,0.0217766981896789,0.065295849679791,0.00266928135024475,0.167208947499743,0.621457221920613,0.00477398433569372,0.00343149101125814,0.00442100104707118,0.00418117699481344,0.00520611099061613,0.0195307539168962,0.00581256099741669,0.00889546554607412,0.0132992645703832,0,0.110826648378975,0.580646233820796,0.00431439737017207,0.0173245853007686,0.000412029059184832,0.328743992904768,0.00129119961590939,0.41807826300097,0.694319367651143,0.767656393024824,0.0965789620237354,0.677128648551182,0.00024625406853225,143,"SRPRB"
-14.7576010329238,0.0847817131437321,-0.0280054110696096,-0.857380364754664,-4.11151266443207,0.00626781865340175,-0.0150924184920941,-0.0594931566999885,-0.000699792907664229,-0.0484340838745963,0.0237495600311997,-0.0376970382608091,0.0161189108498172,-0.0275063170200567,0.106126539507605,0.296411764086746,0.0116510739964069,0.668079342600907,2.40700653661453,0.0189622133948326,0.0171043253889158,0.0664489053456085,0.0234042737397871,0.0181101396228092,0.025968607251471,0.023004562981437,0.0344984698031787,0.0518989223854842,0,0.774857582868877,0.0162311360420569,0.199369094618249,0.0876097118339894,0.740990035997797,0.37757438620652,0.37061506466303,0.976146631283707,0.00748590747619895,0.360428518971981,0.101280637072589,0.640331375539651,0.596113424956168,144,"ENSG00000285908"
-9.70872684448045,0.0373131096029667,0.00058320984643067,0.125520064214779,-1.64255738170891,-0.0119481947923189,-0.0158183934622495,-0.000245373597897626,0.00713042441479158,-0.00262420448577672,-0.00503860528494779,-0.00729775335603556,-0.0284550502865969,0.0125650985253485,0.0441171812814556,0.105618491237683,0.00447892431450251,0.0509681013308904,0.225923547927357,0.00179081048634651,0.00141116009473658,0.0045331020833206,0.00191697885804618,0.00201908806580452,0.00722665628277775,0.00209519268546046,0.0030753218033963,0.00360267717970674,0,0.72387705430205,0.896398673654997,0.0137888292233995,3.58391456743773e-13,2.52429684060089e-11,3.66272936862767e-29,0.956832156292999,0.000199526232300114,0.193704536056244,0.485662008103366,0.000495654044474731,2.18878644685681e-20,0.000487173495461431,145,"RAB6B"
-14.3241589704515,0.656461259016189,-0.0196714716486853,-1.29082906168351,4.31687248699203,-0.00408254972688829,-0.0840952783635312,0.0138785927775175,0.0203497104646962,-0.0105009819716251,-0.0953930183033152,-0.0746547042732094,-0.114921561983112,0.112545460668774,0.074374201825356,0.266713249169723,0.00911740871918745,0.550123923288015,2.09440666885934,0.0163544191648126,0.0125948554725617,0.0255790586482549,0.0155831897425349,0.0176737203099295,0.0672742208922342,0.0177714696497204,0.025783259842515,0.0427588534649446,0,0.013843464507542,0.0309610733973678,0.0189540612198453,0.0392893611985091,0.802873682082923,2.43958458588354e-11,0.587421512580688,0.191594795424506,0.552406453978168,0.156198693372585,2.65952677973939e-05,8.30308744581195e-06,0.00848595683561906,146,"SLCO2A1"
-9.31828016268705,0.115244069924321,0.00261314159947478,-0.0708345529937907,-0.5920404155685,-0.00544121853495669,-0.00435141931257747,0.000473549756655249,0.00141160087363549,0.00286612500136733,0.00053905306668991,0.001471399250676,0.00627008772719973,0.00023427760743417,0.0260762704249106,0.063288954288777,0.00263544503546836,0.0479176928853852,0.204731856579558,0.00159154566977365,0.00122538133901961,0.00374420861499956,0.00165220567776807,0.00172557514677379,0.00600098476181959,0.00187802929551596,0.00283891409441527,0.00398699809639064,0,0.0686191451585417,0.321423372556202,0.139339627415435,0.00383060560082657,0.00062891810906459,0.000383663123965325,0.89935573173232,0.392898031922329,0.0967198852542525,0.928424346595323,0.433345025561485,0.0272009535772603,0.953142949256592,147,"RYK"
-15.6193343431043,1.68817537662987,-0.0121540283636878,1.26940197763439,-2.27598938079074,-0.000140927814615078,-0.0206327087692114,-0.201069113254145,0.0512504842265915,-0.0514962392826738,0.0398971391661709,0.000183419658257017,0.041583110957783,0.00113017695631367,0.237523672646678,0.808448682572351,0.0227639973357276,0.577440459684566,3.14294388883688,0.02317558654856,0.021903348088194,0.0860577723015899,0.0296956049383986,0.027890946456424,0.0869322306949228,0.0308369189567576,0.0472139923341727,0.0628097506411809,0,0.0367828268992015,0.593400686297349,0.0279259320022804,0.468968462793628,0.995148194663276,0.346198369710127,0.019468144769967,0.084372435839649,0.0648424931893846,0.6462734433298,0.995254167553734,0.378460174169676,0.985643915516908,148,"AMOTL2"
-12.2309129813792,-0.100008848211417,-0.00573156109652733,-0.279398099573257,-4.73636599607777,0.00222552270900255,-0.00503850977944544,-0.0165311853019576,0.00566841077686178,0.00627118716485398,0.0194876323453089,-0.00320657866133391,0.00920101312876019,-0.0169045588990942,0.0415719093765269,0.104947428240922,0.00446086154958673,0.184085891873068,0.705088422292581,0.00554527720389484,0.00487500091335136,0.0188464379386011,0.00666598547856344,0.00545886319913966,0.011000753515041,0.00676449264300391,0.0101875561822641,0.0150921535787027,0,0.340619284313862,0.198842893492205,0.12907505426989,1.84986586143473e-11,0.68817231913344,0.301351133363601,0.380404240065506,0.395131357465372,0.250635050263391,0.0764806511916022,0.635477859248781,0.366439947863661,0.262675733508414,149,"ANAPC13"
-11.4257498758748,-0.0341202778929186,-0.00203293374631008,-0.365621638402747,-0.038250555465849,0.00155546332468547,-0.0017570892318015,0.00225054844461198,0.00379177914397546,0.00583967117370468,-0.030329472151684,0.00712621179339546,-0.00214310276612291,-0.00684487868272798,0.0292653969685082,0.0746046322309488,0.0031393422783218,0.133165792154002,0.525890290751832,0.0040441892116797,0.00300421153483445,0.00748778945666814,0.00387559718368974,0.00458833409932426,0.0172467168248048,0.00485357440068005,0.00732471527306495,0.0106478333984264,0,0.647420947889658,0.517265194222806,0.00603980902972896,0.942017109563342,0.70052130655416,0.558631543515757,0.763748158455506,0.327889940704042,0.203116907470507,0.0786514263091833,0.142039058393505,0.769839281607642,0.520326373420236,150,"CEP63"
-11.4190673423891,-0.236409213525612,-0.0128825500294424,0.00935186366342404,1.92206259025952,-0.00173157238424272,-0.00305711293369967,0.0375846066709038,-0.0133514762091746,0.00588477408428391,0.00903798447577816,0.000626412919130585,-0.0342815511921325,0.0368639914255399,0.0304905324454951,0.0849652102017624,0.0035208799920488,0.167062170932137,0.698667914262637,0.00546496941109525,0.00464694090280189,0.01792968863905,0.00652480414545486,0.00552868960400306,0.0129478728646876,0.0064076850565104,0.00888937817083129,0.0139355454061554,0,0.00539545522809013,0.000253299523064983,0.955359059138688,0.00594065935502024,0.751357863487759,0.510617531419012,0.0360625077112676,0.0407303375928446,0.287144514043966,0.485159361119513,0.922123164513525,0.000115039862032746,0.00816134452984862,151,"ENSG00000288700"
-11.5425163001303,0.0923621776097404,-0.00840326246942416,0.0319516668181911,-1.2143878415137,-0.0233920563265111,-0.023445168033901,-0.0247178620783163,-0.00323262633266709,0.0138771525559161,-3.92753389576499e-05,0.0295066676667334,-0.00746124046350498,0.00557239910285439,0.0382641687605263,0.0963169332001703,0.00415254652476845,0.13237289118098,0.577885070865531,0.00451439154263125,0.00391999342786158,0.0154096014747705,0.00546550283278607,0.00557548365949159,0.018988363370971,0.00568564645167167,0.00817417770127847,0.0110192730853169,0,0.337588879853189,0.0430071263729624,0.809263549165077,0.0356028092437394,2.19916102171534e-07,2.21880506595282e-09,0.108701732616819,0.554212245437717,0.0128117589472152,0.998349664812193,2.10659366163359e-07,0.361357323275237,0.613070281874166,152,"KY"
-12.2625342483069,-0.305074213383542,-0.0163896954693962,0.311448753419607,-1.24097299859487,-0.0271016342804351,-0.0693191222833774,-0.0493987363429617,-0.0180876063109471,-0.0294920474467815,-0.0170065967390377,0.068813821402124,-0.0490014349547227,0.0613508221794507,0.069342601534777,0.16556229290002,0.00735650828802039,0.184389760001013,0.841183787382653,0.00671385715470728,0.00593252191852582,0.0228697948022849,0.00822529171453786,0.00832948206253022,0.0284250512538333,0.0083083722119315,0.011527074707813,0.0166807805731289,0,0.0653793747154632,0.0258859996071925,0.0912044142697767,0.140140034799658,5.42149511110357e-05,1.52804263615861e-31,0.0307727387228931,0.0278762813092612,0.00039909423229302,0.549642391756435,1.20649064343623e-16,2.12831328687217e-05,0.000235130106623934,153,"ENSG00000286982"
-9.09653640750275,-0.287558853529957,-0.0156875837496727,-0.170685984971896,0.968690630005561,-0.0033481322965277,-0.0677078388055821,-0.0277791094259814,-0.0124907097191334,-0.0337863638156319,0.00969188609864875,0.0592873872555033,-0.0396363655773189,0.0173164688012534,0.0723574506336813,0.169078082606817,0.00761892835103371,0.0628377929762992,0.270770221950893,0.00216644675747711,0.00184639376152826,0.00670788312207184,0.00257224226975896,0.00208036317701828,0.00423335542785993,0.00253889269555559,0.00355866425806922,0.00497030739961761,0,0.0889907145253578,0.039491594680909,0.00660170585203423,0.000346846435934571,0.122237771546385,2.17179857052726e-294,3.45398362846375e-05,1.19803911333558e-06,2.60329161950191e-59,0.022055543738519,1.32531942554148e-120,8.19483070554349e-29,0.000494010004905223,154,"EPHB1"
-8.91326523962388,-0.0853782455746165,-0.0106397474940765,-0.0383615221771769,-0.444066569751525,-0.0372524618993176,-0.0242920525385199,-0.00344134362486352,-0.00278654821433138,0.021630004295413,0.0142809338779942,0.0229594692402587,-0.0241354478670897,0.0136012434188789,0.0314321036595846,0.0763695251804181,0.00321271338609689,0.0593756047976945,0.264885889870007,0.00209327371699452,0.00155204590196061,0.00412443867284199,0.00203857164838437,0.00194686058999093,0.0053242307640012,0.0023374927117716,0.00344638528976496,0.00466469945921839,0,0.263583119979038,0.000927098266290174,0.518226113603849,0.0936511021020049,7.55368499894206e-71,3.23803839854483e-55,0.404067637057123,0.171652864787412,1.11912599334064e-28,0.00731281341433601,9.02930239933087e-23,2.50325223188541e-12,0.00354799115574312,155,"ENSG00000240086"
-10.4692888163557,0.0778342941390349,-0.00577621127404293,0.209554221596231,-0.27461737517222,-0.0120841159997352,-0.0402322552539896,-0.0107796511272254,-0.0249908949710491,0.0341794231400168,0.014995375383171,-0.0120246851300538,0.00198433911202351,0.0212443880320752,0.0264532192821671,0.0674378574269471,0.00285935886205879,0.0967117970604227,0.412352759412259,0.00323609669999177,0.00241790964287807,0.00638240334814752,0.00312980967509196,0.00314966692717036,0.00908035661296358,0.00378422297423237,0.00580431279507235,0.00708980521254331,0,0.248433261731669,0.0433722746498481,0.0302508175720488,0.505425923308205,0.000188339696834385,3.61994645286506e-62,0.0912262798924862,1.40753717636421e-15,1.95626107041836e-27,0.0986552512744956,0.00148507832283742,0.732446303105339,0.00273125185784504,156,"PPP2R3A"
-14.5167626283446,-0.10104740156162,-0.0273572821152138,0.0385200687703361,-0.850817119677885,-0.0246439453353344,0.00282735107141973,0.00070856240433519,-0.00988363117365911,-0.00337761917148275,0.017742242090288,0.00699732759130592,0.00676799057598773,-0.0750802269283781,0.0952945570315155,0.259289476799495,0.010431561821578,0.513659520340011,2.20076803332885,0.0168101596459685,0.013850052078553,0.0473280807959856,0.0183624101909002,0.0152831420125015,0.0245155077036173,0.0206991886119537,0.0311565495105217,0.045659675558922,0,0.696751858022084,0.00872747146064394,0.940221520018861,0.699052291335278,0.14264421434215,0.838244015700433,0.988055085386869,0.590402063526507,0.825090151213614,0.469240686417743,0.735326714567306,0.828032774806637,0.100105104970415,157,"ENSG00000273455"
-10.2103106542361,0.0290187957614943,0.00239555332043833,-0.268021486388734,-0.392869363031137,-0.00301195206629248,-0.0043486906354986,-0.00463227006089829,-0.00711725954683399,-0.00433251516613593,-0.00233520221261931,-0.00337439452072906,-0.00751615034744346,-0.00661657612278687,0.0289167439977899,0.0697100397716904,0.0029464532495165,0.069493123588917,0.285926740778256,0.00226031901589274,0.00185381299370674,0.00663655644175031,0.00258225684434755,0.00259304043523442,0.00887387855576498,0.00270779865823404,0.00398556614330526,0.0057455077166097,0,0.677206171091047,0.416201162690892,0.00011487832871301,0.169435144869944,0.182684758218469,0.0189858495582789,0.485181560396141,0.00584742351801833,0.0947563723548637,0.792431399972231,0.212699676886561,0.0593161707972849,0.249481944042679,158,"MSL2"
-10.8440520925504,-0.084518314212947,-0.00661599561951776,-0.0578722183120117,0.775724032689362,0.00455228474227396,-0.00301467835648662,0.00113423960206898,-0.00457421495815082,0.0121289793086711,-0.0221325123694595,0.000933787775103363,-0.00408341435979451,-0.0144587004927185,0.0131606015757849,0.0392898730529907,0.00162398403537452,0.0946967701977412,0.385585716204879,0.00295203999548093,0.0021834815225559,0.00524554339342475,0.00281343402959629,0.00336254861745137,0.0126199011909833,0.00358299923092961,0.00537762287594558,0.00788950701409465,0,0.0314645552756843,4.62265841477795e-05,0.541112254219065,0.0442402885796332,0.123053915207148,0.167378910674392,0.828809100932414,0.103982080001236,0.00030966311626741,0.0794684550282292,0.794388467332038,0.447652508867054,0.0668547229623439,159,"PCCB"
-8.92819423826645,-0.12565752624576,0.00209059890165373,0.0506563088558309,1.29164681952019,-0.0104349211173861,-0.00422915774390305,-0.00605819919379681,0.00728856320580942,0.000354567154353841,-0.00836517623068367,-0.000469311366017833,-0.0103441227709525,0.00531907836894953,0.0195587190215475,0.0478719560770866,0.00200505994361444,0.0460655032319026,0.199656050869078,0.00157773556912564,0.00132678798687401,0.00493012395519913,0.00185141592219176,0.00186715205943066,0.00649906434702455,0.00187400146344709,0.00264843931100398,0.00357812254356458,0,0.00866827742189335,0.297105073351057,0.271481069003862,9.84190290279953e-11,3.744275599597e-11,0.00143500590491594,0.219142018614607,8.25922788195815e-05,0.849389600044995,0.198047074947183,0.802252694754397,9.39363845524129e-05,0.13713220230595,160,"STAG1"
-14.7342258388552,0.245233891949869,-0.0284029845245958,-0.0285225479671207,-6.04817247510556,0.005144879347835,-0.0147328753133423,0.0024331297151335,-0.0442648299634407,0.0156797360441078,0.0236124948715393,-0.00141672286506028,0.0538584903230792,-0.0803237641996915,0.0859227528554878,0.256555574075179,0.00909318168880207,0.552623599500427,2.16580600389189,0.016391088336866,0.0124653131039618,0.013245914549485,0.0147214734389095,0.0139935920049745,0.0189397935913711,0.0204297472189022,0.0329527647433681,0.0480040210652147,0,0.339137690099488,0.00178685048205262,0.958837080649919,0.00522905848295189,0.753610117061686,0.237241505907068,0.854257384462185,0.00263995489838367,0.262503303008352,0.212502595773722,0.944714148234592,0.102171757703991,0.0942738444859405,161,"STAG1-DT"
-10.8849591461066,-0.030826680118616,-0.00236083207297101,-0.296189048544576,-0.736553099208163,-0.0084580922004555,-0.0113163983753698,-0.000147376522367871,-0.00653082065300201,0.00643009396016771,0.0135219094781395,-0.00861529162368353,-0.0225666973246338,-0.00050469214059804,0.0317470271323204,0.07872314531583,0.00328927324097081,0.0949224875281658,0.396317206521413,0.00311690487923669,0.00241507704642319,0.00741680506596474,0.00321425925133638,0.00291005289462589,0.00711881919857554,0.00362077021185599,0.00552386606519317,0.00779966061867163,0,0.69536602502854,0.472919658997771,0.00180651359971388,0.0630989129785672,0.00665526667092042,2.78964158417023e-06,0.984146581576047,0.042171112280475,0.027131954648449,0.0575040734230795,0.0173404447907532,4.40182806941658e-05,0.948407340256537,162,"SLC35G2"
-12.9948343260973,-0.0427345522331646,-0.0136761113769876,0.603464496569357,-1.60766565897734,-0.0027566307811127,-0.00059853361239492,0.0135074263045328,0.00212102384783497,0.00641447493864066,0.0156162486219301,0.00510407482545962,0.0267401585076757,0.0228139387013221,0.0363619983233703,0.114077813343727,0.00444969407517304,0.255473026702031,1.1110498835142,0.00851840130003475,0.00607567780900937,0.0100118580936222,0.00726243597207198,0.00731147585087802,0.0159366977322292,0.010154720364925,0.0155797483782333,0.0176758555056795,0,0.707951430870771,0.00211567410646478,0.0181695025555298,0.147902853248209,0.746234121786972,0.921524902041869,0.177291101798097,0.770245297548175,0.38031500988216,0.327139246225993,0.615223897847294,0.0860996765526843,0.196813376769582,163,"NCK1-DT"
-15.2395084679479,0.210894669678807,-0.0110953997423392,0.566071710116695,-2.80675777478557,-0.0201836224760457,0.0124451693215783,0.00825264526601079,-0.0194006132197185,0.0156993340056048,0.0120268778319136,0.0387567702815714,0.0761641661719036,-0.0299662485786798,0.105972838977727,0.316067644030601,0.0117656631979252,0.702111687552214,3.10462044465336,0.0233052928433244,0.0163732221755393,0.020865871235674,0.0197160832103916,0.0218640142644309,0.0643657868582939,0.0291972507395303,0.0458628426588356,0.0628637527493298,0,0.504615420040086,0.34566441160434,0.420103507430119,0.365964506599989,0.386461010908562,0.447199078397796,0.692467089958113,0.325115828602217,0.472729882478448,0.851776652478311,0.184372553654246,0.0967748378008218,0.633585985785435,164,"ENSG00000273486"
-10.5363063228937,-0.0315439194732134,-0.00457000581382896,-0.0311935806344631,0.330904546007764,-0.0014806125651125,-0.00476793100836151,0.00420693862363478,-0.00360972541659734,0.00153711534120567,0.000505180084967372,0.00133264675925849,-0.00755170659819118,-0.00691631598301406,0.0223975168506584,0.0560392489053139,0.00235669453066623,0.0820984685120427,0.344450130949558,0.00266329403704611,0.00195185480224827,0.00442088664283147,0.00250446542772479,0.00279666706431336,0.00983589711148503,0.00312546839458066,0.00479111229366569,0.00692827199039348,0,0.573509952196028,0.05248195941571,0.703980111988601,0.336715727131922,0.578256780777091,0.0145750505592834,0.341297254171512,0.14949550530916,0.582577293367715,0.959037976796147,0.669828747443667,0.114981863162228,0.318146358411429,165,"NCK1"
-13.0044015718164,0.0613825153409478,0.00600234697409729,0.330118481815281,0.339462093219003,0.000764661306871622,0.00581662030882004,0.00762194904271299,-0.00410238802685942,0.00875328546012502,0.00245375279104046,0.0115938746264501,0.0267823790563921,0.0271559859342964,0.0369058490028964,0.111210210350161,0.00452498187884983,0.264566463672521,1.13861232091295,0.00870510938870207,0.0060886501700996,0.0124598357325236,0.0078255864026137,0.00914323712648657,0.0323682347078155,0.0103900178896934,0.0158191877652876,0.0168289115168278,0,0.580982365535381,0.184677170129575,0.212114764327957,0.765598849855424,0.930003434517116,0.33941498072602,0.540722053726855,0.600120277637979,0.338390218095179,0.939572302291135,0.264479212065174,0.0904495212408211,0.106603199060757,166,"IL20RB"
-13.3489982305597,0.0566166540649183,0.0149268463932194,0.0268160958613399,-5.91994684855813,-0.117961158600966,-0.0743586906569624,-0.0315316969519119,0.0467375115788921,0.0619636073979653,-0.0116325954593655,-0.0114077528209826,-0.0544549592865203,0.00401043868014831,0.0884675670981319,0.214230326718607,0.00943194043044011,0.244498342688435,1.19795280049874,0.0104537759843605,0.00830300374714212,0.033454252742353,0.0119431187534037,0.0122413839157487,0.0409205348682528,0.011845281691305,0.0164457598658655,0.0219610789151242,0,0.791564661857648,0.113516110063344,0.912664727083085,7.74365258872528e-07,1.57293160580485e-29,3.37778510882491e-19,0.345920439710789,9.10273632121106e-05,4.15286270336678e-07,0.776201320959365,0.335515895679751,0.000929016489645684,0.855099533190409,167,"DZIP1L"
-12.6477494672031,0.163438697735705,-0.00710287281644075,0.0379825761918722,-1.27966046851166,0.00724499982410198,-0.00286649540303867,0.00674029888819203,0.00694748545960696,0.00163882100798295,-0.0104769222708206,-0.0131016263964248,5.41752063437849e-05,0.00412552938911998,0.0287779776882982,0.0916140680743763,0.00358253372891713,0.213585746838944,0.867425597498578,0.00667457926858539,0.00498684474397481,0.0118601398518095,0.00631133488147121,0.00759255939094381,0.0282825025858546,0.00816662613662104,0.0122370838294828,0.0171555786363641,0,0.0744250835906153,0.0474077139098674,0.858854196062497,0.140148176585016,0.277717240294465,0.565418829623998,0.569820894664243,0.270985917435544,0.829108054027191,0.711055938577583,0.108650420800854,0.996467669902179,0.809960161452596,168,"DBR1"
-9.33440939093184,-0.019573728307512,-0.00284847222091836,-0.239770672730202,0.500619652420585,0.000537208504488637,-0.00112277287849088,0.00290276333541092,-0.000183843672370242,-0.000323461956806704,-0.00548782110010345,-0.00119602290865825,-0.00209731855232247,-0.0164233458235839,0.0258514773911812,0.0626230595143241,0.00262092738108227,0.0494221688051878,0.203904279376228,0.00157953977237467,0.00119910406773998,0.00333103395607622,0.00158773186493409,0.00174083233014063,0.00633298527558487,0.0018560395034545,0.0028010151836645,0.00414754061190197,0,0.754611758511111,0.277117054427799,1.22543453841119e-06,0.0140818010286595,0.733777871211289,0.349096538817171,0.383519343307564,0.907818876348823,0.852594707569897,0.386190981388562,0.519319209748062,0.453995325072269,7.50190331665192e-05,169,"ARMC8"
-10.3049852997434,0.0771890568610734,5.16972658848944e-05,-0.0206182463406948,-0.919346143745346,-0.0253052991075093,-0.0246579638729568,-0.0141702601993084,0.00562328462494926,0.00439425924179775,0.00273944809413099,-0.00344935001270647,-0.00686973012837755,0.0249343297035478,0.0294056708037047,0.0735827184169575,0.00302618512541097,0.0810753952658959,0.357605024371916,0.0028393167823328,0.00240945504428903,0.00938720079385746,0.00339142737926849,0.00330868131072805,0.0109419590128277,0.00339344381252997,0.00487917876484456,0.00564142134381564,0,0.294173206895067,0.986370151744802,0.799256431461501,0.0101451495956781,4.99122718156324e-19,1.39869282070747e-24,0.131163422324282,0.0972997303537947,0.184145114102761,0.802307600741484,0.309403356918481,0.159140390292847,9.8761853435066e-06,170,"NME9"
-9.51887868924085,0.0561719673292889,0.00243410661301892,0.0870077908641775,-0.271537351719259,0.000120181819003645,-0.00635077934355661,0.00511621495179973,-0.000115040378568543,-0.00457944380360128,0.0031431528056581,-0.012989789072276,-0.0167076873910406,0.0201845274961896,0.0341012983578664,0.0819864631167677,0.00342631990411844,0.0480392485532756,0.208754889729518,0.00164109502500607,0.00122087711133249,0.00318149952334066,0.00160879434989932,0.00163612620957457,0.00531575498668788,0.00186753621483616,0.00281313016908407,0.00306466176579256,0,0.493257412915819,0.477447265841756,0.0701127847466755,0.193344978302856,0.941620945709994,1.97349475031839e-07,0.10781014285779,0.942994094838045,0.00512682654119118,0.554326123739209,3.51125764191737e-12,2.86450627259231e-09,4.51174205360325e-11,171,"MRAS"
-11.1253458338519,0.262763247653052,-0.00239037677549979,-0.148441606635666,-0.487038628571681,-0.000805326313406157,-0.0189629936558118,-0.0113218449862687,-0.00747249648221218,0.00630727906513134,-0.0370802744991182,-0.000814258679836095,0.00471221253411535,0.0358180298899715,0.0515498683511952,0.128478632548131,0.00508032703625685,0.106181058064402,0.455360476543147,0.00350151793444214,0.0028813356812719,0.0101401946400643,0.00398332925086925,0.00418825662803467,0.0149170280391135,0.00433171399623025,0.00644441849983226,0.00619146396092682,0,0.0408361045594241,0.63798617801985,0.162111688585802,0.284814167001746,0.818096832053332,4.66288137860709e-11,0.264194768070381,0.0606631811263768,0.132081603611669,0.012927212364533,0.850895390879557,0.464651908632799,7.24837096265918e-09,172,"ESYT3"
-9.48820619087766,0.0661819987284125,-0.000712992931991085,-0.458285863963146,-0.640082327904109,-0.00878480207239802,-0.011043227302243,-0.000765259570503197,-0.0048815352448804,0.00894440712942462,0.00459715347979072,-0.000477130352203935,-0.0139090018152941,-0.021527168047624,0.0163620538022819,0.0404702921270994,0.00171017112088992,0.0534465647791627,0.217522311934537,0.00170083975221887,0.00130821343768696,0.00388135751275523,0.00173689495300758,0.00179750301395912,0.00598795032814258,0.00200526718961019,0.00303365957254429,0.00448370696039048,0,0.101981358672939,0.676741890667893,9.9384094547739e-18,0.00325462982843871,2.40465563566997e-07,3.13406585537863e-17,0.843700088971761,0.0049465298757164,6.49056559586205e-07,0.442645190376663,0.811928761309595,4.54220935146589e-06,1.57718672465422e-06,173,"CEP70"
-11.475176534796,-0.0538592047301953,-0.00764830261041996,-0.345903304323799,-1.72269378687401,-0.00225637279653807,-0.0165932431547231,-0.00304825990283521,-0.0110214056105257,0.0138665667099143,0.00773309785297194,-0.0069146405229646,0.0107362137771463,0.00845150209265634,0.0609457982357075,0.147358078952529,0.00625894856714517,0.134577535418016,0.532926936854209,0.00413482209447389,0.00309418955764884,0.00841232949729151,0.00403907347606056,0.00419225168735075,0.0132400558458827,0.00489566678001157,0.0076558326728181,0.0102666080367884,0,0.714739083654489,0.221715634990545,0.0101613389281033,0.00122706121058565,0.585272108829304,8.19822955287472e-08,0.717085852350822,0.0063585196934928,0.000940770705043211,0.559174313350208,0.157832170618853,0.160808540871667,0.410392587696831,174,"FAIM"
-8.88780806584553,0.11683900077963,0.00193387192642558,-0.00546789659778875,0.586950723112979,-0.0105700914895478,-0.00488298977724882,0.00722824032766543,0.0150878544678149,-0.00864842438213375,-0.00256689450254008,0.000126205067062769,-0.00859535998653338,-0.010344380137536,0.0254192471543017,0.062665748866313,0.00254820784719063,0.0378662707330674,0.167291672057418,0.00129592752918283,0.000997597846930448,0.00295559156148987,0.00133276856465513,0.00141114502607684,0.00499320997824074,0.00150962972525246,0.00225978277621667,0.00330685560640382,0,0.0622544052457812,0.447903694556969,0.885184468674086,0.000450561322610841,3.45184060496238e-16,9.8431921980848e-07,0.0144605151373638,1.0365753936463e-29,8.86237370304939e-10,0.607198143629804,0.933374455334047,0.000142595588054104,0.00175903182567122,175,"PIK3CB"
-11.2242696588776,0.0469831075324468,-0.00028457264434444,-0.374807109829012,-2.82962160178375,0.0049718745228578,-0.00185583789587778,-0.000621573933162059,-0.00687969605014574,-0.000443633885836814,0.00835273196006578,0.00137528944725651,0.00625715354002637,-0.0199281844563911,0.0150714955637088,0.0451067660476602,0.00185107390207103,0.112635233453318,0.428805098608214,0.00335174463620314,0.00264955343092644,0.00808753955791535,0.0034750155270469,0.00342616084554553,0.00983838504216293,0.00410039585051588,0.00617966569632337,0.00910623515544169,0,0.297598196786095,0.877819624806296,0.000875916625791944,4.1435226190147e-11,0.137976364688577,0.483656170645988,0.938738298306258,0.0477305253112177,0.896974482471179,0.395884512757507,0.737320299951169,0.311280330722745,0.0286396835427403,176,"MRPS22"
-10.4292381842397,-0.0485363903260611,-0.00319243510720216,-0.195991726919532,-2.04903106547474,0.00246472515451926,-0.00796588613978942,0.00144228951897667,-0.000211586810609413,0.00210349794444804,-0.00694939257826866,-0.00494760455539334,0.000154686128157701,-0.0288292550020606,0.0200628209375991,0.04996767677384,0.00213183680396046,0.0758748312514897,0.30135162639722,0.00235081444235793,0.00178033267508455,0.00474198129013305,0.00232278639145111,0.00265603205580476,0.00978206696519739,0.00282301315841416,0.00428926377505408,0.00635422794094252,0,0.331371153941668,0.134262047751683,0.0097918993359681,1.05005398704145e-11,0.294428633300661,7.66331028288797e-06,0.761011059606959,0.92741964232426,0.428378116895602,0.477442674585626,0.0796711966836162,0.971231677086303,5.70548785650794e-06,177,"COPB2"
-8.87632958028826,0.0175015879956824,0.000558042260550157,0.0956085791827957,0.0313564777801541,-0.00479216347734085,-0.00292382913238939,-0.00325289374103507,-0.00970516231584352,0.0084099220430667,0.0077299350111532,0.0131587873228701,-0.00268554702977373,0.018228341512298,0.0306155049017869,0.0740816008815503,0.00311706170303489,0.0460449625160709,0.199774950166504,0.00155421529153565,0.0011923752292851,0.00346051044584685,0.0015872678741552,0.00151411659760409,0.00437858388543458,0.00178902044464098,0.00268682192594617,0.00331935050010493,0,0.813240675272967,0.85791547975884,0.0378553275525448,0.875277155340093,0.00204695882561705,0.0142023255321896,0.347215497067831,9.69317867261447e-10,2.78658765884409e-08,0.077497214699022,1.9049460384111e-13,0.317540192410426,3.98447137268275e-08,178,"COPB2-DT"
-13.5930040238311,-0.135982918169114,1.17584458917737e-05,-0.287467130621485,-2.70730805297415,0.00931872798808113,-0.00355755068607688,0.012966137672909,-0.0205506977233874,0.0193300049455413,0.0288684129094006,-0.00259191948569984,0.00966527852670564,-0.0121439299499932,0.107316036295273,0.26985941075482,0.0109365430084395,0.372409803418447,1.36006674637146,0.0102750625637514,0.00751398613826195,0.00561159832243667,0.00863282543152557,0.00831968439175109,0.00692221382811867,0.0122704450748354,0.0198338879074116,0.028853369896973,0,0.614329668583466,0.999142152998316,0.440167289977081,0.046528181990357,0.36444559132006,0.635887043743471,0.0208551701996505,0.0172877652697792,0.0201573500843214,3.04063078037305e-05,0.832705680060781,0.626037711502316,0.673839581347758,179,"RBP2"
-14.7073698407842,1.22155972631147,-0.0200967210864502,0.711878161624963,4.10812543323742,0.0202868209594281,-0.0257997947662051,0.0200719112835509,0.00667710151843544,0.0471992750285182,0.0393426918085151,-0.0445198879286249,0.0464794589082062,0.0527778946775775,0.243106079145449,0.647073027806585,0.0230987634679378,0.409410249785755,2.04295065076177,0.0145573147365532,0.010230250494772,0.0124743315575957,0.0119429391048031,0.0117276830654849,0.0150610530702074,0.0174148255403835,0.0291734407915874,0.0229861698082775,0,0.0590496371618522,0.384281551523509,0.0820718313961471,0.0443382973603931,0.163443676767397,0.0116718796908312,0.107603865004745,0.576104659367633,5.70713753211266e-05,0.0089957957421955,0.0105750505187442,0.111112771111302,0.0216717803906633,180,"RBP1"
-9.94321114376969,-0.0143786166844027,-0.00144685613428594,0.177431850583298,-0.621875623731101,-0.0252174172110103,-0.00290567160256116,-0.00420985315911713,-0.00431588545936346,0.0199110659626278,0.00316809665586189,0.00470208746252813,-0.00707391762395701,0.015493729997597,0.0266268046114295,0.0652751595631694,0.00274588899300583,0.0691214991267452,0.301978590927109,0.00237838827909932,0.00187994098580174,0.00626387465097166,0.00255599550943496,0.00264191938370122,0.00899465948714218,0.00280227596412869,0.00412987085376748,0.00500489065430396,0,0.825655427286548,0.598251090368453,0.01025956142157,0.0394619859357641,2.89395500637243e-26,0.122196725976409,0.501529893729068,0.091308757646033,4.82416205472794e-14,0.724673471454777,0.0933562675836633,0.0867370941304888,0.00196337000691948,181,"NMNAT3"
-14.4222225548407,-0.220020568606538,-0.0236665615559499,0.262830019715422,1.9310084253654,0.0154953731894264,-0.0282258512233616,0.00469598685667673,-0.0162491541585027,-0.00630899260569485,0.0213559538613495,-0.00441982554273245,-0.00853885822566047,0.0302002400504476,0.11369520074395,0.30381957098004,0.0123975291778771,0.520971010871674,2.31179718460575,0.0174454211569187,0.0125429960167705,0.021367503395755,0.0149037612379452,0.0144037437159367,0.0240755082239104,0.020140180085186,0.0316661883158693,0.0303067934033346,0,0.468954201581672,0.0562654385946177,0.613909867003945,0.403557525383756,0.374422385308258,0.0244281515893965,0.826048439300133,0.275593328090853,0.661378590463666,0.375057028883625,0.826297087379416,0.787427816111593,0.319014951842904,182,"ENSG00000251471"
-12.5417432556951,-0.253078112038354,0.000400574553500865,0.210192299648591,0.786946198508888,0.0148437844685766,-0.0548286519173846,-0.00447144793576068,-0.040880544105214,-0.0086871475423426,0.0120558415960691,0.0162896405392552,0.0073308892975404,-0.00516648461442173,0.12822870568044,0.325468312946643,0.0122892139363502,0.319020127067864,1.42778422508969,0.0109207151158694,0.00854734688597415,0.026168479061819,0.0114907312574766,0.0101260213067935,0.0255170819763283,0.0124156686536343,0.0185499455958049,0.0286058788613186,0,0.436815819594743,0.973997062324779,0.509980241224587,0.581519847479782,0.174073112535405,1.41101974459831e-10,0.864324786758255,0.000374120012339559,0.390945837469055,0.636597338484928,0.189512436651587,0.692697250015898,0.856674341828727,183,"CLSTN2"
-10.0149061526059,-0.0689958741625321,-0.00579333401805398,-0.508246392972347,-1.12632982683639,0.0123887090203905,-0.00623600336291536,-0.00194583467973395,-0.0029104173972492,0.00155387005970021,-0.00977304442127832,-0.00902386599674706,0.0119477419205994,-0.0456543528818065,0.033196853380049,0.0800097974809719,0.00337618142871686,0.0665284941290125,0.249607004327656,0.00193489503229931,0.00153170234766349,0.00473792041414207,0.00204688978032321,0.00225065900522274,0.0082205566748212,0.00234894330467569,0.00356331235508156,0.00526534692268128,0,0.388498897493116,0.0861725227321755,2.18016965606066e-14,6.40943062980636e-06,1.52572034660771e-10,4.67536426554458e-05,0.681297051944498,0.155063110626577,0.489938463668274,0.234496993200794,0.000122199850616773,0.000799443060124705,4.29393566464474e-18,184,"SLC25A36"
-14.7963808930697,-0.271296670212045,0.0253238975826764,0.810687482478403,9.03700638698884,0.115012151007167,0.000242634135920309,-0.221211581661571,0.0483762532724387,-0.036049014190752,-0.0860909939711939,-0.172510494787205,0.107886030831985,0.137657698343468,0.173086898581137,0.41321226301615,0.0185391335565397,0.550855743890569,2.12583527117003,0.0192705167534522,0.0150381504081271,0.0692817854674659,0.0239207634984092,0.0221295081253866,0.0775895188143605,0.020972912409839,0.0279991754422186,0.0428711903306666,0,0.511466947216562,0.171948425150424,0.141105299407646,2.12782117894067e-05,2.39743923638669e-09,0.987127031815379,0.00140839262394024,0.043139787058679,0.103312584126105,0.26718441150973,1.94548177068441e-16,0.000116590753500395,0.00132292121962817,185,"SPSB4"
-9.92629285629589,0.113130682082328,0.00713196391722312,-0.31582856916907,1.08896819841293,0.0126480912215456,-0.0182524390218053,-0.00403288677949467,-0.00492481411461153,-0.00897451183351798,0.00914738082265613,-0.00564371193393937,-0.0100601206307931,-0.0260463322634106,0.0493889897328015,0.121595187316707,0.00510576663252903,0.0669611958597879,0.276354583091071,0.00217479754320179,0.00176909271619199,0.00622546119336855,0.00247964313064644,0.00216285412901588,0.00574849739274492,0.0025502885331263,0.00382840583229393,0.00567908653080229,0,0.352170319052633,0.162460226565902,2.39829205249465e-06,8.13205819566201e-05,6.03605648211905e-09,5.87930679646754e-25,0.517110884569933,0.0470224499389839,3.33371496353202e-05,0.111550023649277,0.0268997162016572,0.0085949862679616,4.51041763339465e-06,186,"PXYLP1"
-14.5961330900503,-0.265101441652252,-0.0105197759417204,-1.6670879879829,0.29905594762461,0.0122643027091464,-0.0273905957992609,0.0128441723624895,-0.0230551653325104,0.0149846749074708,0.0241559931682895,-0.0243717949609159,-0.0126337220371314,-0.0583989725901872,0.134752687659229,0.341798800236882,0.0138831141568002,0.693727602096675,2.13559583992976,0.0160828426178418,0.011706821240481,0.00917694342572857,0.0134907724059389,0.0132420835320134,0.0140128146068234,0.0192249512460079,0.0311057467925242,0.0463460832090325,0,0.437981239496604,0.448607293873697,0.0162573059678471,0.888633156614016,0.445719532474083,0.0192985902648268,0.161629139553677,0.0874587034802676,0.257804762437118,0.0847348906944692,0.204899079173095,0.684629484829545,0.207646730213859,187,"ENSG00000287155"
-12.9147382777639,-0.055912291826849,0.00131699934854181,-0.387236156039285,-0.558364568749478,0.013354612358397,-0.0137248805361183,-0.00201033107045103,-0.0293093822146845,0.0204679183045871,0.0232071675473673,0.01932513892716,0.0142038957377183,0.0285101160688105,0.0617940860651958,0.153056470780203,0.00673704561565761,0.291212696811413,1.08917212777792,0.00854559537400595,0.00598725362959057,0.0110104663956118,0.00749389789326179,0.00722543828295294,0.0135356988621407,0.0099758023703652,0.0157821173899244,0.0166337016944833,0,0.71488375736518,0.845012351478368,0.183605100014257,0.608195864317298,0.118111871779185,0.0218854578651477,0.855124719242212,9.18768124874602e-05,0.00461483043403486,0.0864340651552782,0.0527207217403952,0.36812058496561,0.0865292628640406,188,"ENSG00000249417"
-9.33837775121229,0.0110877055621229,-0.00403921107820192,0.0679657110094063,-1.04627793922474,-0.00805965881861915,-0.0105019172338732,-0.00062822634312679,-0.00254713990359374,0.00542935378252948,-0.00428784449524754,0.00216837704013459,-0.0149137964119771,-0.00141086668124946,0.0145714759360587,0.0365630061471099,0.00153601286166363,0.0483957977075699,0.206593272481002,0.00161141537283706,0.00121776447038907,0.00330371971402086,0.0015980745593085,0.00178034930188857,0.00647337386668435,0.00190124239309138,0.00284803918430753,0.00404211694475388,0,0.761699890275314,0.00854671107600565,0.160208056310453,4.09616077930177e-07,5.68557868377703e-07,6.46938917290164e-18,0.849185888631219,0.110962799134774,0.00229146096842014,0.507726618020141,0.254075842787057,1.63638037023744e-07,0.727058131729368,189,"ZBTB38"
-9.24522844853171,-0.0375729150784581,-0.00402156553223245,-0.227060668440867,0.521690561062327,0.0093034496071014,-0.00819823121195888,-0.000485460573801083,-0.0135239173596741,0.00199236269903299,-0.00842515599218529,0.000267995349663667,0.00269618113264306,-0.00623684439230359,0.0264201763037475,0.0641539345799832,0.00265847539251422,0.0507298777969296,0.207373818557515,0.00159677595646266,0.00117171402847627,0.00270708948123124,0.0015267232311538,0.00173124524673237,0.00643662468884962,0.00186715519585559,0.00285701159325372,0.00416855911485158,0,0.558098552962462,0.130347295153684,7.60984622957334e-06,0.0118795854709117,5.66370148210153e-09,2.61902598512949e-12,0.857679109163475,8.13656442723227e-19,0.249803670039,0.190554650901804,0.885870535345701,0.345319522415266,0.134611153776754,190,"RASA2"
-10.8309857703477,0.0509855936443052,-0.00303164308662627,-0.314275604203907,-3.26888767330865,0.0339582925104765,0.0156364795053712,-0.0241324573947737,0.021841402311162,0.00840583586213888,0.0122056037413333,-0.00440937418261142,0.0135599560364745,-0.00976904388253573,0.033079977419473,0.0805830163413644,0.00337768836349653,0.0905944915880169,0.336582389620319,0.00257556308479988,0.00236470078537339,0.00907160586598278,0.00321396345809736,0.00298191002028745,0.00907130652828031,0.00322390724022258,0.00483761944440152,0.00702867354628245,0,0.526923740495668,0.369425679956199,0.000522328353066814,2.68029356113512e-22,1.07333662201853e-39,3.77995911613705e-11,0.0078089880460817,1.07724875981451e-11,0.00481819986795858,0.178458100527834,0.171402478940371,0.0050626140965398,0.164563976203255,191,"RNF7"
-13.6616464060521,-0.439819089133357,-0.00232211757333366,1.14788041756654,1.70502575919069,0.00773203276469312,0.0195451401474418,-0.000111260911460426,0.00722717233559039,-0.00809218755837439,0.0074341838645557,-0.0120047152197215,-6.10987387114225e-06,0.0800921454461538,0.0964679621350885,0.239688944962496,0.0107982719689677,0.372809945707255,1.73184044136797,0.0138587635685543,0.0114305384665719,0.0430151905437487,0.0162704534907614,0.0134753897115592,0.0330670700438205,0.01600124796234,0.0226631779701943,0.033539810065626,0,0.0665119485994766,0.829732004819076,0.00207699309623306,0.324861546311843,0.576901408773818,0.0872833564285132,0.997936234540235,0.656905239326809,0.548162379676542,0.822118243689225,0.453112469319609,0.99978489451137,0.0169416075598022,192,"GRK7"
-8.9892306531545,0.121731818817029,0.00441642965669377,-0.030607890896852,2.88973253697201,0.0288732389911758,0.0271808087346355,0.000472479268675653,0.0127067370103416,-0.0152754278021323,0.0023785209340354,-0.017735936511741,0.0134658243623759,-0.0737901280399455,0.0247222801102705,0.060681888668801,0.00247632151796244,0.0448184633575754,0.191227443485249,0.00145866398926552,0.00130562714994607,0.00501676932749074,0.00183777398931973,0.00159805914734239,0.00452624547545743,0.00175915105150155,0.00255783548243858,0.00386431083232143,0,0.0448493032316321,0.0745108440663731,0.494650826286683,1.360186008677e-51,3.33321871011758e-87,2.96093342169166e-96,0.924966182380458,4.70510810423918e-12,1.19201970255471e-21,0.599238887482481,6.6293982211078e-24,1.40541651167905e-07,2.76329784239801e-81,193,"ATP1B3"
-15.5437788647592,0.301886187662507,-0.0325103027321722,-2.33033880159205,-1.35789359133537,0.0290800875410681,0.000368587255761352,0.0184561759114181,-0.0264909611632782,7.77433329163881e-05,0.0198301645804758,-0.00991362594092705,0.0570109186633784,-0.256998466469455,0.127793351917934,0.325282067532081,0.0125182618957003,1.01383513295498,2.87664665492538,0.0204699832490092,0.016727230219349,0.0121018772222822,0.018858913217425,0.0181818744381761,0.0197590622633669,0.0274117895207938,0.043927005992156,0.0638144533324161,0,0.353368614311659,0.00940336880823122,0.0215311751975475,0.636897914101861,0.155426977665462,0.982419905782696,0.12724233930585,0.160112938726877,0.9965883596747,0.315572194192391,0.717609444173582,0.194336897451189,5.64265935650929e-05,194,"ATP1B3-AS1"
-8.47733577929711,0.0361879696907565,-0.0041007319881089,0.0765058098640098,2.02934876219603,-0.000780008285169767,-0.00229477987825247,-0.0031231619358846,-0.00606522147556794,0.00152171718420164,0.0046505276453497,0.00528562353663669,-0.0220019810152712,0.00823188681787762,0.0220068431376534,0.0542504551425801,0.00218651815128226,0.0363570173965624,0.161045677529184,0.00123699732330409,0.00100418275750754,0.00330323202037685,0.00136161622706004,0.00128331902616018,0.00388762613506682,0.00144841301399869,0.0021226168477902,0.00281271321857759,0,0.504737799258353,0.0607291747399038,0.0353529139124035,2.0828450742663e-36,0.528324425089667,0.0222998518426561,0.344410458701639,8.41171426067941e-06,0.23571437856327,0.23160354191003,0.000263005397597662,3.55899144008449e-25,0.00342610862614152,195,"TFDP2"
-10.1714515105625,-0.012000517446135,-0.00371697293877283,-0.259888164918116,0.723943249900267,0.00511212010346707,-0.00252740247254795,-0.00597741731682165,-0.00168393020564511,0.00839538237937413,0.0111499241359347,-0.0109581836076443,-0.00946527165686778,-0.0143086823911267,0.0362247756365415,0.0873762678348184,0.00367624737045764,0.0730194258053787,0.294687704396777,0.00227692229172735,0.00195517359888994,0.00730386487469353,0.00271145635275578,0.00237858047513171,0.00637474824494114,0.00273983242206034,0.00406776249265428,0.00605961145281472,0,0.890759695190265,0.311979086024971,0.000372036135680962,0.0140240963069903,0.0247560239422583,0.196123763787876,0.413133956159898,0.534571521059821,0.000416224933597404,0.0802777482929219,6.34545406006703e-05,0.0199706521764801,0.0182100042358685,196,"GK5"
-8.72417314581547,0.0210204791788984,-0.00212167262219788,-0.118308192287225,0.802647925311297,-0.00113756869331226,-0.0023237556667915,-0.000354061529553085,9.85824430936604e-05,0.00130868177132707,-0.0106511053926972,-0.000706147106891716,-0.00992983606883419,-0.0084818834005662,0.0224589164732197,0.0549711133960585,0.00225639382853564,0.0377201109329657,0.160098437499758,0.0012356062027226,0.000973308765232176,0.00300142305952677,0.00131021576210051,0.00141362485550069,0.00515352802732855,0.00146324335672839,0.00217498866052698,0.00318845913366164,0,0.702171093112454,0.347066993754099,0.00170991900710988,5.34584737000657e-07,0.357229873665746,0.0169643041477593,0.906095744343711,0.940022660526116,0.354569091746918,0.0387567778657004,0.629386640467633,4.98386749424462e-06,0.00780983059169201,197,"XRN1"
-8.88268618768689,-0.0408199518801098,-0.00522721931501058,-0.0269812006005846,0.137938858630651,-0.00659602390634712,-0.00311253962525313,0.000197506408097352,-0.00236096699399685,0.00379686632911302,0.000610074415406082,0.00234339699949709,-0.0136715853583361,0.00524263306661059,0.0339763255806656,0.0819446308089457,0.00340421633659634,0.0419722931958021,0.179164052726949,0.00138812382794674,0.00107180507159594,0.00311340942874214,0.00142320908298834,0.00148176851229006,0.00507327710719576,0.00161546670092449,0.00240633491638938,0.00320757443487901,0,0.618384908858803,0.124657803180855,0.520332074285925,0.441357709224984,2.01658941864329e-06,0.00368408730019053,0.949418255219391,0.0971351734236048,0.0103955014832816,0.904283105490641,0.146891102301053,1.33520613937208e-08,0.102163544380203,198,"ATR"
-15.1594585902911,0.950414372231158,0.00918335777437418,0.301806213361386,-4.66532028187937,-0.0056615164417864,0.0372568872233337,0.0239474746922237,0.017461235769577,-0.00801520850733947,-0.0174743070719202,0.0333863402629891,0.0471797407104284,0.0216704659815687,0.106914678873277,0.34332555701515,0.0123929712286537,0.6974260167271,3.01034566288605,0.0226602428070447,0.0163914560488563,0.0196051801816278,0.0197973050826337,0.0247276237273435,0.0952456537100427,0.0285493256750677,0.043449920494743,0.050801272963939,0,0.00563564935603637,0.458685314165906,0.665201501109096,0.121198573723456,0.802708307542684,0.0230294608897233,0.221901646779841,0.377776460725739,0.745832150244967,0.85443265787856,0.242231806312097,0.277548981082199,0.669690158073045,199,"ENSG00000244327"
-12.8278195874498,-0.0673894608305858,-0.0051561763753094,-0.0497006981847992,-2.44068683902522,-0.0191175906838427,-0.00059852682561434,0.0224367450112181,-0.00860761833340357,-0.000881426024486736,0.0145846131149831,0.0326220067463935,0.0262747073792438,-0.0560854188133549,0.0404382356983785,0.127271652516055,0.00509092169322072,0.296286803499576,1.22908749556759,0.00972768739221928,0.00770000974682138,0.0273388176677987,0.0105194088935173,0.0092661310467315,0.0204322222914703,0.0117184223579526,0.0172087090644232,0.0262693711000405,0,0.596463435186279,0.311147171930378,0.866783711422795,0.0470587089781969,0.0493823004180103,0.938042306177873,0.411821810859916,0.413208371479114,0.92421680030958,0.47534804949012,0.00537224402585244,0.126804241833675,0.0327600414924129,200,"PLS1"
-11.8863045324645,-0.133169240875935,-0.0058956358328134,-0.123227860270618,2.35913414974092,-0.000932931339228606,-0.0223403021896483,0.00397809116146619,0.00372703558596434,-0.00988150628251076,-0.00175206612555009,-0.00496014353063727,-0.0126602061013436,0.0155478209497872,0.0281532549413153,0.0906242510790043,0.00358170081955806,0.201209540053993,0.859928899079761,0.0067237361437795,0.0049666829135754,0.0129885189114523,0.00659148797497601,0.00702653323318112,0.0236057048974345,0.00769341340095193,0.0111086585962057,0.0148247038168554,0,0.141706481690831,0.0997547758640031,0.540249676724252,0.00608054438885453,0.889646183976235,6.8585148160583e-06,0.759393365429906,0.571780236695487,0.159631148653673,0.940833622798231,0.519104774098042,0.254423766645019,0.294280375647132,201,"ENSG00000287045"
-9.22022961933026,0.0211571213006638,-0.00714890429435374,-0.180192943997986,0.101937435065914,0.0010509137468261,-0.0091092919501019,-0.00338123219301262,-0.00287972676415285,0.00151568895375403,-0.00752241294873556,-0.00522233691147225,-0.00847582770299045,-0.000335747635833445,0.0317586090891649,0.0775755542761537,0.00320603053600491,0.0488958935193316,0.203591362953659,0.00156989011386358,0.00126312501286282,0.00405448483468357,0.00170275508587616,0.00180611718026069,0.00646136711257019,0.0018753787098004,0.00277850624385446,0.00395511566406379,0,0.785061362731902,0.0257587055892411,0.000228490139988402,0.61658490112161,0.503228447399563,5.52533387758372e-13,0.404309915353117,0.0907955429232931,0.401358511298363,0.244337367206547,0.00535799271102695,0.00228462212041373,0.932349270664122,202,"TRPC1"
-15.0604316276984,0.943307832157981,0.00682264183403695,0.856790663794624,-0.670793518795168,0.0398713640997075,0.0453081337745127,0.0324460039756523,-0.047447159444379,0.0128118412298339,0.0787346879981081,0.0442094600265729,0.127930362213203,-0.0166840445603432,0.136182358455242,0.382546419182654,0.0142420089361433,0.760493326228388,3.23010083377498,0.0242562696215255,0.0217837259209011,0.0791232973218087,0.0300749005464046,0.0310294845241788,0.107606511866815,0.0327410527052724,0.0489955146495843,0.0676274657675294,0,0.0136682831905431,0.631902686488528,0.259901136747693,0.835487011295112,0.100226823191382,0.0375340228127927,0.681755401309132,0.114649916998107,0.679685381189701,0.464357351327641,0.176927444815725,0.00902613355425203,0.805136415194105,203,"PCOLCE2"
-11.7335935335735,0.205268131287368,-0.0042346032281695,0.0242708845316778,-2.52746033095993,0.000256494268621046,0.00366696963976858,0.0127524094174021,-0.00547489205809515,-0.00298795572305391,0.00983963176148566,-0.00161818805076223,-0.00413778479889902,-0.0655726022162489,0.0609804810119607,0.14710881833025,0.00627981893605413,0.138907373435688,0.59597014793085,0.00460367563680151,0.0033196409992317,0.00461022595650933,0.00395873695980015,0.00406356019443515,0.0104441998546177,0.00533331115221898,0.00837736163381093,0.0126043049218533,0,0.162910645661737,0.500108324331923,0.861294061282712,2.22607785222463e-05,0.955568766640665,0.269320651067338,0.0056728742807649,0.166668053746099,0.462153824576237,0.346134039340484,0.761576266460141,0.621359446934362,1.96734054581623e-07,204,"PAQR9"
-11.9052613975787,0.113902442226884,0.000506998789810681,-0.507051192804279,-5.64303357094315,-0.00923334651174805,-0.0190039448321077,-0.00731617158330358,-0.0129242382180553,0.0161665545958836,-0.00300596653811625,0.00770488187117028,-0.00483269985636333,0.000438170047244566,0.0382550069180252,0.0971788277664331,0.00408976153635069,0.157379624134603,0.604750732150368,0.00476648481793151,0.00365328200725079,0.0101794011974055,0.00479535873943935,0.0053992391224915,0.0194251258611594,0.00579872481891745,0.00889221433975956,0.0124476688774018,0,0.241160469978126,0.90134076062803,0.0012737243112161,1.04705831242555e-20,0.0527282806222845,1.97279627675941e-07,0.472311499058257,0.00703557562912762,0.00275139982188569,0.8770213200149,0.183940350962031,0.5868025152925,0.971919486936758,205,"PAQR9-AS1"
-9.31632800971566,-0.0404185584474769,-0.00210996128776953,-0.179649516468979,-1.71862680120641,0.00492741826861236,-0.00288229802283029,-0.00135039746860777,0.0020712795988579,0.00630292625080113,-0.00560751337343849,-0.00261255505883083,0.00151372319250622,-0.00532540561682176,0.0261026370796241,0.0628363112444074,0.00263703811355042,0.0459800501684784,0.182205078805655,0.00141125691001339,0.00112058320257044,0.00348514044236755,0.00150030476546752,0.00162526341818422,0.0058898730901149,0.00170292646384142,0.00256211476239339,0.00370323676638339,0,0.520071173816084,0.42363812148792,9.34032525670344e-05,4.00903063231456e-21,0.000480297651760644,0.0101071712700457,0.698406144925498,0.167410423561334,0.000105277525013486,0.34106648477714,0.124991249422488,0.554647689529558,0.150422473890183,206,"U2SURP"
-13.9373386742988,-0.0210918587395789,-0.0248581987681127,-0.727969044346068,-5.64949308791093,-0.000851630935311414,-0.00333983289690925,0.00580114388452574,-0.0172825470023227,0.0136368643198651,0.0108007787422025,0.00658877720912654,0.0245294738886945,-0.014796242800354,0.0568890741015458,0.163997916747422,0.00642982965973097,0.441960930459184,1.526427120911,0.0116020977123931,0.00860370702369197,0.011259798524278,0.0101850273502759,0.0109876976077309,0.0306861212111368,0.0143651206036361,0.0227873331102917,0.0327750272181044,0,0.897665834994,0.000110601286242706,0.099530427362829,0.000214648186562109,0.941485282448422,0.697878884594353,0.606407331400004,0.0897234755662585,0.214567706305264,0.724856248182481,0.646474793204897,0.281725086632504,0.651666204383192,207,"ENSG00000268129"
-11.7184846349977,0.518357884983533,0.00402780810835919,0.278020610610151,-2.12831056090649,0.0424820356748549,0.00175248812269823,0.0133159911652753,0.00980938354256258,-0.0138729804350034,-0.00820729984455889,-0.0376565605101216,0.0497463365626018,-0.0532247891395797,0.0626335547707379,0.158991535801862,0.00643669062096453,0.123986062018741,0.521550959756669,0.00393776381942207,0.00294866538854639,0.00611537091682069,0.00384383214450745,0.00440169672224035,0.0165090709647388,0.00486952943179519,0.00760986932671828,0.0108896541966032,0,0.0011129990508164,0.531473942937592,0.0249385186971034,4.48937722293975e-05,3.90675514423692e-27,0.55228964320103,0.0294460729206017,0.0107112604313143,0.00162303649621739,0.619091170142807,1.04958367597361e-14,6.27308378894351e-11,1.02048128720667e-06,208,"CHST2"
-11.8317635307166,0.493925024518391,0.0052587789711148,0.0718317941188055,1.8690506543248,0.0232408924535718,0.010881636478497,-0.0120718301940446,0.00963686377327532,-0.0166017600646287,0.0132117560142392,-0.0293340529950202,0.0385535657703404,0.00295718483299318,0.0877186768341069,0.221281295744393,0.00868011522039544,0.132724786780876,0.582875530087018,0.00445521092759429,0.00393573494138923,0.0159934442556089,0.00573531642382616,0.00453622425804523,0.0102854994536666,0.00547790628777612,0.00825568094274207,0.011404202424061,0,0.0256074453920487,0.544619630582564,0.588363820460089,0.00134312027731313,1.82272722499161e-07,0.00569525373043153,0.450369801741507,0.0929053497633856,0.000252393390423762,0.198965976849883,8.55680942249984e-08,3.01282194325599e-06,0.79539869580826,209,"ENSG00000241679"
-10.7409095856677,0.116576416014943,-0.00431005401877004,-0.365424963525288,2.1803672733671,0.0131875067606657,-0.0232936971353782,0.0161884262116238,0.0337554199545067,0.00715059914294122,-0.00762215057544066,-0.0201098491829138,0.0139957713146292,-0.132310616933722,0.0995230891126605,0.244430564115256,0.0103909905538131,0.127853382894726,0.53077185703577,0.0039478316192717,0.00312893350612859,0.00806463017295086,0.00419659046489887,0.00459433095467229,0.0169190960921001,0.00485728452678204,0.00722702067426651,0.0106328954320098,0,0.633411540057412,0.678297398834645,0.00426110322256026,3.99241763228659e-05,0.000836448287904584,9.72294705022962e-14,0.0447138490685283,8.72836584190078e-16,0.119613913242537,0.652345787710317,3.47090428327584e-05,0.0527955600890837,1.51675037765592e-35,210,"SLC9A9"
-14.0966847954899,1.12539169340008,0.0117614101950065,0.641861038047469,1.23858330933953,0.0529946108025013,0.0113904813076442,0.00683642476823142,0.0147650882627311,-0.0108045080942495,0.0178149150843483,-0.00594957687769913,0.0981172727476327,0.0540502532601009,0.129482158754517,0.346636143320247,0.0137819945079402,0.388256286889956,1.68878800400398,0.0126163620975643,0.0105113018584506,0.0379430811591022,0.0147901149429623,0.0121075193644214,0.0242292079336542,0.0158826281008269,0.0251216437277629,0.0202242031601042,0,0.00116789106673927,0.393443310439816,0.0982923964236873,0.463305044383923,2.6636516400695e-05,0.27852385058141,0.85701456115606,0.31813008870876,0.372189288971457,0.462177453192934,0.70796057733307,9.39581364224043e-05,0.00752764996411665,211,"SLC9A9-AS1"
-15.8900887288585,0.346962023384017,0.0229964831569637,0.0751166379620655,3.33427647739395,0.0702006225766489,0.00437769887549109,0.0229219979980827,0.00183575623665117,-0.0318882094257028,0.00447983844180343,-0.0725011899833827,0.0892937330541694,0.0389262851276391,0.257873183130282,0.669510224660003,0.02722142404261,0.846554945694509,3.38092025071337,0.027050098826231,0.0170686515338483,0.0269372256691439,0.02419558301657,0.0221547051386139,0.0496711304194061,0.0305904596291169,0.0497609019400362,0.0518709919199219,0,0.604295993137948,0.398226122542015,0.929294783609357,0.324033103535279,0.00945337953600166,0.797583336966307,0.394801957800473,0.939521296341973,0.150053497479789,0.928136243755544,0.0177852534662762,0.0727404667927654,0.452987217746277,212,"SLC9A9-AS2"
-11.8613635066027,0.354966024895407,0.00259806349094284,-0.934147582316081,1.53739226011519,0.0129225936652777,-0.023682819383176,-0.00261363472748979,-0.00842768707427759,0.00950654624233263,-0.0287011556203623,-0.0135703178522147,-0.0239051920400652,-0.0607977180266676,0.0563477330848174,0.145617142582768,0.00603136099900148,0.204214725102984,0.803263072925333,0.00614163267426456,0.00476051439778242,0.0125460533090879,0.00624740504148024,0.00702458916793531,0.0260864115639145,0.00733406046696331,0.0112928066790044,0.0167872947075292,0,0.0147824063808033,0.66664355882073,4.77723554383177e-06,0.0556286285438889,0.0353699470182936,6.53000007548294e-07,0.834976571056632,0.177340170533867,0.175952093769627,0.2712302022409,0.0642682452377234,0.0342724733840886,0.000292729173652974,213,"DIPK2A"
-13.6820185036094,0.00756889458637288,-0.00468285525135766,-0.66822575945293,5.88257997227554,0.0287236967397574,-0.0519785628973868,-0.0319539537359547,0.00123818885824053,0.030271697853069,-0.149586501469646,-0.00345921783201547,-0.0431139420693439,-0.119704877893224,0.0847331021625279,0.234813166124675,0.00980391289991097,0.519565164014262,2.04195699176869,0.0159369195323467,0.0135354959758529,0.0532428004526164,0.0190566999315631,0.0205684445909861,0.0733141033112193,0.0196574666844369,0.027734990459224,0.0440538847506395,0,0.974285690137755,0.632898156916969,0.198399431793266,0.00396599302936758,0.0714924301716163,0.000122950720874907,0.548402679964631,0.948194750090433,0.14108722431404,0.0413153820266579,0.860313777587613,0.120066061192602,0.00658293048246873,214,"ENSG00000289986"
-15.3727180878906,0.0620464340490795,-0.00601968672686915,-0.810265331880575,4.21126734452959,0.0989765529635937,-0.0990992736532792,-0.0546706750962147,-0.0744934384270631,0.0484127384088477,-0.124779691226071,-0.104480561414499,-0.0657308054574171,-0.0112919490025614,0.155122940385607,0.391975434814717,0.0159668124636844,0.751353304978582,2.68186452128538,0.0222078475424262,0.0187359826021672,0.0662217192070741,0.0262131969798165,0.0262012183917764,0.0910042181323991,0.0257149170175793,0.0384266969591995,0.0584290156412772,0,0.874226996146555,0.706164369401153,0.280851767716129,0.116350928028367,8.31813557342179e-06,1.22819725862489e-07,0.409047970051257,0.00448554627185314,0.0646416263955576,0.170330743847771,4.84391382048651e-05,0.0871641245974946,0.846755921543808,215,"PLOD2"
-14.4204158099421,0.030209166078503,-0.00883778759185225,0.47134137118278,4.95153077479998,0.00321266251915028,-0.0371701806317371,-0.0028237677493885,0.00877707896971876,0.0237116900130174,-0.0970323258453291,-0.022698381203878,-0.0344191543763537,0.0633798429382251,0.107156464360343,0.308153937714781,0.0125491855273229,0.560048281524554,2.82757224465279,0.0207055662029031,0.0148747698863985,0.032007825301866,0.0188494908072176,0.0231219857995171,0.0868826268006826,0.0240059095532762,0.0352732831676925,0.0528319426188714,0,0.921906318428667,0.481275923004363,0.40000715282308,0.0799183922246403,0.87669568171848,0.0124588483908998,0.92970089288018,0.641473127703364,0.30512541681734,0.26407094821383,0.344386799073812,0.329170826216878,0.230275277346165,216,"PLSCR2"
-11.2108846421915,0.153889933704764,-0.0045473898267811,-0.664915217531919,-2.24882394663258,0.00237783737269009,-0.0271246950437014,-0.0173584460478761,-0.0265906605628921,0.0256617773709855,-0.0319725396879288,-0.0119753998314606,-0.00445463049757419,0.00883876719937105,0.0622503140100626,0.15020576794324,0.00643437276913175,0.129555019544355,0.500615859926888,0.00392495303493851,0.00308522987029253,0.00992980135161384,0.00418549951769671,0.00455295854538401,0.0164161082236262,0.00472893677387122,0.00722188487343377,0.00964017367412831,0,0.30558620813678,0.479731813558419,2.86222911341462e-07,7.05193688343808e-06,0.544630509889667,1.47194894166899e-18,0.0804439180752396,2.11095970219119e-10,1.73756529397744e-08,0.0514589973876432,0.01132955871209,0.537350949466395,0.359211790137498,217,"PLSCR1"
-16.6861484080022,0.214408532555712,-0.0092442953074102,-1.51216374978696,-3.70482809355249,-0.0348800806745971,-0.306676787464442,-0.027062749616622,-0.0003150004767976,0.0890267705533163,0.0661118435360756,-0.0695083945541144,-0.0148272951731947,-0.202095748651899,0.199491798226834,0.396014121346564,0.0120159556329121,0.64839979950805,2.32625771470738,0.0214535572217468,0.01878606504001,0.019492414511008,0.0164631173320822,0.0183486122101598,0.0207395145849957,0.0248936878006205,0.0365473892122666,0.0579823859081972,0,0.588220618613624,0.441694460712827,0.0196929509159655,0.111247053143296,0.103983407032283,6.58687631573368e-60,0.165023374907882,0.984734441397555,1.22246003873746e-06,0.00143397456374469,0.00523494306696257,0.684962652813894,0.000491277042831989,218,"ZIC4"
-15.2758651517023,-0.329806326284333,0.00430445214164159,-1.28093201819983,-2.23907676444269,-0.0494586567466891,-0.315842346042918,-0.0395712971640095,-0.0111839987919015,0.109443261963779,0.0683181061475561,0.0132403841285862,0.0269741984125664,-0.187965935902558,0.201087150566348,0.429522775733459,0.017992483233338,0.444950883208239,1.66926838848824,0.0147005978680234,0.0122179640250445,0.0110661670362494,0.0107545166622545,0.0123220281795738,0.0156024583049368,0.0164933975403705,0.0256167566208588,0.0375834307935544,0,0.442580091673114,0.810922484627655,0.00399170309460617,0.179806141038768,0.000767109338921957,2.39232396956616e-147,0.000349050326561406,0.298370078400702,6.57164069444778e-19,1.19402617457074e-05,0.422108407478631,0.292345398884767,5.69456224855717e-07,219,"ZIC1"
-14.3527572412154,-0.356987528213329,0.0319665738772059,1.75134173980302,-4.37805636676246,-0.0896101931961144,0.0577498349227353,0.0327133795991237,0.151632186154511,-0.00306908675581982,0.115996876187266,0.0990397296090854,0.154260996283439,-0.268816913807867,0.149959699369547,0.326750073912475,0.0147052192949567,0.459953809493368,2.24217388656484,0.0179299093921496,0.015833243303373,0.0625236085152283,0.0223577946437591,0.0212731102960477,0.0746642383758211,0.0216892359631104,0.0304804883321932,0.0457885387698765,0,0.274595815490089,0.0297182774956963,0.000140295347919696,0.0508676651012797,5.79865383654202e-07,0.000264929277231733,0.600823645102894,1.18463923372077e-11,0.885286705251448,0.120284605100004,4.96389496720637e-06,4.17117420594131e-07,4.33608065809132e-09,220,"ENSG00000285798"
-13.4790035018481,-0.402478174405404,0.023028092886104,1.24470330269641,-3.72847053883302,-0.1057966948182,0.0541793266321693,0.0612968883849953,0.137122558015968,0.00580321499954259,0.1364915369955,0.103805386317774,0.13469919719967,-0.219029198448138,0.114266769033684,0.255912241046799,0.0112599804563945,0.370418860864988,1.73777040695126,0.0139726747509291,0.0097752585769766,0.0211100536296214,0.0121406870633543,0.014137942207107,0.053005408074382,0.0150313962803476,0.0221831006796213,0.0336294089811279,0,0.115783780177472,0.0408423142133837,0.000778694414170831,0.0319090249587815,3.68413322877807e-14,2.98191077091192e-08,0.0036880222994782,1.39753399635799e-29,0.681460486915444,0.0100225810481829,4.98845708838097e-12,1.26206037011569e-09,7.36519980328558e-11,221,"LINC02045"
-14.9595181849736,-0.50379320259271,-0.00171696062485923,0.815620527320349,-2.53714100598796,-0.0428408960037622,0.0250606897377809,0.0506112414493366,0.0938920263101636,0.00817188096303914,0.0360783155962062,0.0304084653753928,0.0583537656722434,-0.169173723401742,0.0961606816006207,0.219844699594733,0.00949042609928927,0.514826842986315,2.37277134710852,0.0179884025975524,0.0125789113216799,0.0127164211182962,0.0135024012213932,0.0139638286229685,0.0156262466606055,0.0210472886892697,0.0315243610433393,0.0483633411233595,0,0.0219295002709937,0.85643427936058,0.113134143283534,0.284946546063069,0.0172383478349206,0.0463405515407831,6.89178808367591e-05,3.55757072209386e-12,0.558401282635898,0.0209531284272564,0.148522846137133,0.0641596353845844,0.000468806338621238,222,"LINC02046"
-11.1490799919602,-0.306647898425594,0.0156228422448209,0.943013891176481,-0.999251920140716,-0.0945387845159039,0.0572546480579333,0.032194208303597,0.132083631128307,-0.00685862787262234,0.119668674623893,0.0692110242399098,0.0543928944665933,-0.24819576556788,0.136064200546865,0.315121197356296,0.0146951387668256,0.216666138726653,0.971108508166767,0.00790120954012781,0.00707275694483817,0.0258981382443418,0.009649309612478,0.00920780907473011,0.031612249379885,0.00861347466967482,0.0113409639070849,0.0188650716134573,0,0.330498145531117,0.287723020856512,1.34666103543121e-05,0.303488740544946,5.41304978727083e-33,5.72191020518094e-16,0.213827675873452,1.19099416146984e-42,0.456349844629642,0.00015338998744098,9.34235010062372e-16,1.61749132499203e-06,1.56432910592785e-39,223,"ENSG00000285557"
-15.342149522043,-0.31957935930095,-0.0225373040800113,0.765156189301733,-3.95399554542679,-0.0885051056165785,0.0345336370438981,0.0442572244043352,0.0750292099203269,0.0437790978628934,0.0494170926544758,0.0914610559837854,0.114732468544772,-0.416786690798169,0.187208722743636,0.401935659766919,0.0165687527041497,0.560047993188637,2.70322043528094,0.020633776466747,0.0151630704442207,0.0165866370200492,0.0159425559101154,0.0158342221981854,0.0231658330384785,0.0251641013839625,0.0389327547853075,0.0574751836239732,0,0.426554877052483,0.173757350648135,0.171865764689436,0.143549991027719,1.79211784618207e-05,0.0227573912705791,0.00762484548134131,2.52349510660157e-06,0.00569506455677463,0.0329092518784057,0.000278428857843799,0.00320936104510019,4.1189532065879e-13,224,"AGTR1"
-15.2117342829236,0.135347610711175,0.00385580237432774,0.032118572178268,-11.6382661134043,-0.0954421563942912,0.0705290655368599,0.0528737862197059,0.114237106928445,0.0426498026275874,0.0497369104324841,0.144350523455895,0.252917382019986,-0.250739229684744,0.109189959907411,0.20959466252264,0.00879402415927495,0.612940495501716,2.23585605065886,0.0170604752453282,0.012068001190246,0.0112229651487208,0.0122481526369541,0.0128734225380593,0.0121695076247338,0.0218379148272134,0.0338191249318017,0.0460230091336108,0,0.518435533775459,0.661054958461024,0.95820933686674,1.93699957107479e-07,2.21458302880975e-08,5.08691107662504e-09,2.4624595475327e-06,1.09028408213207e-20,0.000922970382650276,4.36966578225313e-05,3.84093450264379e-11,7.5157841413256e-14,5.0902815101863e-08,225,"CPB1"
-11.8022752822257,-0.365985232828468,0.0140685549668142,0.470865894717349,-0.811897608555846,-0.0852268810656365,0.049442763644568,0.0529593836946765,0.119312552516,0.01774610834367,0.05276951913053,0.0652819668074973,0.058802742783653,-0.23754397111939,0.134378534055451,0.310876762416652,0.0142819941966033,0.216606796117114,0.976247673091002,0.00790653281560592,0.00555713973313152,0.00755205362458984,0.0069302039104104,0.00789965847972151,0.0303746906063028,0.00828709786976811,0.0120107949875355,0.0192611210780592,0,0.2390885954137,0.324596877772678,0.0297180630960266,0.405605818711035,4.31159046101426e-27,5.72936625077778e-19,2.33962225518219e-12,2.00355439316796e-66,0.024675842304955,0.082336734060229,3.3388226967749e-15,9.78944699551654e-07,6.02976366294845e-35,226,"ENSG00000240521"
-15.900392425377,-0.262919907909724,-0.0117520640798644,0.622274278471619,-3.25365969292814,-0.0586147485589373,0.0188075144525504,0.0297940226812717,0.0606233712738261,0.0824261180938417,0.0499276919404371,0.0798921079964521,0.142049218930191,-0.274185525698224,0.201190372390649,0.435128643611208,0.0195947592513335,0.802715303518437,3.52190904226696,0.0262079829323347,0.0184841862795671,0.0151745281617549,0.0189719402918274,0.020456062278708,0.0189677333852344,0.0325381989458811,0.0524760936474754,0.0734089444623606,0,0.545687487799999,0.548669213069393,0.43821458794679,0.355572694732655,0.0253175525337203,0.308919364391772,0.0495970046558565,0.00139626113429982,5.5914039881414e-05,0.00848230581403171,0.0140754202943324,0.00679081584286018,0.000187683506266728,227,"CPA3"
-11.1263194448276,0.0186834376177909,-0.000976451338034027,-0.363199086141201,-3.03201225422513,-0.013226869489791,-0.00431027042882175,-0.0158059476162494,-0.0162583850956369,0.00299704730689149,-0.00416026383683026,0.00581401995959035,-0.0173284208486742,-0.0160056725876672,0.038218232612965,0.0932468659645699,0.00402618701196109,0.113545352739578,0.458609895019229,0.00368103550916961,0.0031660376050852,0.0122556648426894,0.00443623163885726,0.00446565629959844,0.0152616958483805,0.00450663023454385,0.0064620607525959,0.00956203725163056,0,0.841194884494287,0.808373323697563,0.00138042136582291,3.80933430144558e-11,0.000326582845035994,0.173384639222722,0.197160035464444,0.000247426578262531,0.502136091686909,0.785164462310962,0.197014684714679,0.00732791885886537,0.0941548090278781,228,"GYG1"
-9.53151838059538,-0.0496166547481213,-0.0077619447832667,-0.42742876970878,-1.72103071965878,-0.00396238617669991,-0.00976891344001481,0.000479799967685863,-0.00501824101190921,0.00397726453221157,-0.0109757433475108,0.00370396459329723,-0.00586494816794206,-0.00946524940992447,0.0279077587986904,0.067060966824947,0.00282498392594519,0.0535651879108655,0.210053225100505,0.00162840237416571,0.00120320304550019,0.00281289324552506,0.00155028913223038,0.0017964413138657,0.00675293071691398,0.0019263084049802,0.00295063458297736,0.00429122437418684,0,0.459376551718048,0.00600319709255352,1.46808348254701e-15,2.54143228547706e-16,0.0149620336165699,4.69693324594405e-16,0.864560556128195,0.00120805674192153,0.0268309439497806,0.10409218467549,0.0545013377432302,0.0468459363024121,0.0274034476857728,229,"HLTF"
-15.0734118043862,-0.314814588852639,-0.0187044888403205,-0.363854896904892,0.173599134508688,-0.0281620259476196,-0.0474917978640044,0.0132927763539749,-0.0155049618321087,-0.0155887851918536,-0.00799229526776653,0.0130894747375521,-0.0662072975224484,0.00780463808086761,0.096758072837407,0.299013121649111,0.0118504962603243,0.697586508997072,2.95868105577433,0.023432926129864,0.0161804281569857,0.0249512877608877,0.0197000822827562,0.024450805363965,0.0902875617488039,0.0270439528321283,0.0395978498700205,0.0448659061187354,0,0.292411854786755,0.114480225061352,0.601955078965702,0.953211369607108,0.2294354799247,0.00333398823270578,0.594207265536657,0.431252238511357,0.523762012380374,0.929463034273224,0.628380579554946,0.0945258531847977,0.861901013733379,230,"HLTF-AS1"
-11.1147518486682,0.0653651410890014,-0.00972465930688289,-0.122585628829917,-2.50841027438047,-0.0039108184816752,-0.0149992360174736,-0.0151009314806952,-0.0141923423600888,-0.00225052467791603,-0.00949187635010575,0.00949213088275985,0.00617697468264537,0.00357162561349785,0.0248656228008725,0.06596327328593,0.00272352530048382,0.114705999422332,0.471088330009953,0.00370333737521667,0.00312832938220404,0.0116613849484393,0.00431414343826242,0.00449758766964653,0.0156346248156647,0.00461505749441353,0.00671028687674692,0.00936357196984106,0,0.321718617037146,0.00035614453949905,0.285207515185125,1.01112415974925e-07,0.290956592213245,1.62961289092788e-06,0.195336855939906,0.00100285603312111,0.61680412722473,0.543780491481317,0.0397079572436283,0.357299420188858,0.702877995323451,231,"HPS3"
-11.9820977160016,0.258757671525662,0.00922764333077071,0.770420133431945,1.00528943651829,0.0145646681488673,0.0234327335912402,0.0181250309916501,0.00118779696527963,-0.0055176701918654,0.0145100217324682,0.0181766812266124,0.0478241871481818,0.0608257869031601,0.097284826304981,0.248156752454085,0.0094815812509033,0.188457255182226,0.853740894001624,0.0064762210423844,0.00480071416869536,0.0108432194194355,0.00602091348575131,0.00564748169555714,0.0133309814389513,0.00742338856330674,0.0114484672133701,0.0162868105496989,0,0.297078622072683,0.330445082446439,4.35039760612367e-05,0.23899154299093,0.0245159639070502,1.05499330114613e-06,0.0946122255748223,0.843609579301072,0.328562089015556,0.276399312205073,0.0143424842537482,2.94932657449429e-05,0.000187964967944529,232,"WWTR1"
-11.3455463102671,0.157248455104265,-0.00658618186732751,-0.369624294975067,-4.35808338785483,0.012482477356237,-0.00337825833586486,0.00176371760913091,-0.00977348861865538,0.000383799183053351,0.00373256607434014,-0.00573166040370877,0.0278851432285962,-0.0228706656627623,0.0491958310661218,0.120753123529613,0.00494581964929747,0.120209907878459,0.46391060282128,0.00356331617030048,0.00269092218494141,0.00619345534939076,0.00340747005578787,0.00363456188270893,0.0119888736390489,0.00429930014910096,0.00682119655826794,0.00975430520316519,0,0.192837447067156,0.182969833685952,0.00210626893801449,5.76372787368379e-21,0.000459961832225419,0.209323527346366,0.775819450830111,0.0041274441277224,0.91590202826971,0.755545321961092,0.182478889461509,4.35082946541564e-05,0.0190437230748198,233,"COMMD2"
-11.762406570582,-0.0633581403656448,-0.00210342035424365,-0.257398928612133,-1.87608713195771,0.000667029671092622,-0.0151463929721613,0.0615520181568439,-0.0369192493177024,0.00122245111060593,0.065821699611953,-0.00644543354333093,-0.0217992283173827,0.00543871649718932,0.0650740131613045,0.156960199047818,0.00664612904129105,0.165334073945471,0.635164501873427,0.00507626772612519,0.0042913451882596,0.0158269884879292,0.00585314547365738,0.00618127732708763,0.0209513573526111,0.00620558574582113,0.00874168007753229,0.012041774107297,0,0.686464695575788,0.751632101658058,0.119508148845175,0.00313986285831048,0.895457627719759,0.000416312658673268,0.000100635588387824,2.8341144793513e-10,0.843227564157741,0.00168002350137879,0.298967399806496,0.0126415239073064,0.651518198554458,234,"ANKUB1"
-9.18069756251646,-0.0102344450466114,-0.00202456884449825,-0.484323709403575,-0.280707426676828,-0.00657431308014096,-0.00809108876130091,-0.00771358730641742,-0.00865351942575459,0.00596659761329214,0.00838120351562655,-0.00338087265012644,-0.00937408629416517,-0.0336663593010662,0.0379559172796123,0.090524259667634,0.00385403403986204,0.047722020305784,0.196444729568959,0.00155153450777887,0.00128332677261903,0.00468391731961673,0.00178435752160814,0.00160432927142299,0.00454304452643188,0.00181819042810464,0.0026948146371659,0.00405919516196224,0,0.909984981595717,0.599366584566592,3.3528496803256e-24,0.153021925925247,2.2622643312776e-05,2.8860964906478e-10,0.0995942333604225,1.23676027631324e-06,0.000199965161181743,0.0650603923842646,0.0629603845834063,0.000504107270452272,1.09639901342194e-16,235,"RNF13"
-10.5501671966728,-0.0898730218526103,-0.00717159746945088,-0.409393040601246,-4.94558430271827,0.0130849002939942,-0.0139003876142911,0.0012305230398712,-0.00966574046309714,0.0116028885984046,0.00925567947609888,-0.0140163919699093,-0.00248568546725079,-0.061663187054642,0.0490039281208628,0.116339600340418,0.00499798229358112,0.0789169873323879,0.30128386897413,0.00234857339794338,0.00175117323683374,0.00327526108408793,0.00213191531764102,0.00224744027142842,0.00677534784764843,0.00273988667898205,0.00432323379305003,0.00655178337242631,0,0.439814883418176,0.151316013333741,2.12974061083979e-07,1.49302482768169e-60,2.5266428496089e-08,2.05870169356482e-15,0.70713824653777,5.79238040622868e-06,2.43396463526636e-07,0.171913285781155,3.12607534633033e-07,0.565318511523583,4.88341225201544e-21,236,"PFN2"
-13.5348568325343,-0.100071153320001,-0.0148979908003859,-0.74591581596503,1.36781062346861,-0.00479671592844135,0.00511848193701401,-0.0592966011129384,0.00994831546484192,-0.00367791771018468,0.0271050480726512,-0.0176847983609643,-0.0129153638152307,-0.0165625316021249,0.0614918780648399,0.16344472439759,0.00680195739058567,0.363466253776266,1.36680963607587,0.0105479606787456,0.00933307016193726,0.037823547134162,0.0131766303805942,0.0101846027086163,0.0164174299824592,0.0128501085761747,0.0190694038420169,0.0281587817633083,0,0.540363781495006,0.0285060722132781,0.0401474579598521,0.31695622157934,0.649287003538977,0.583400634071835,0.116947295749609,0.450250825184268,0.718005780842534,0.0987401772160471,0.168748186491027,0.498227054467365,0.556409112417291,237,"PFN2-AS1"
-14.9825014936995,-0.256604869863624,0.0234603500679436,-1.2825288997298,0.963952564485137,-0.00918999518535761,-0.0182992599533976,0.0982550846734565,0.0260207548823546,0.0563900051623482,-0.141246415056279,0.0306255422363652,0.0705285289825908,-0.0154160746130779,0.138596990792928,0.418277852238512,0.0187925154248229,1.12717147537086,4.32395254505514,0.0334251149455034,0.0267703825970801,0.107740201757041,0.0389480601125445,0.0397813115552674,0.138735932333712,0.040089115964605,0.0572243605614594,0.0836293436479174,0,0.539559361726344,0.211889014615533,0.255191705133008,0.823587499019748,0.78336017283777,0.494250756327171,0.361788160794542,0.504077039485285,0.15633682349116,0.30863261937474,0.44490503576492,0.217765598597691,0.853748223729646,238,"ENSG00000243944"
-15.0619031409053,-0.19049770489365,0.0120254277657979,1.21522393563238,-3.53735687380449,0.0169365339771987,0.0383458098460613,-0.167287886417594,0.0502881689064901,-0.0908076451187205,0.298598433560992,-0.0534121559183577,-0.0685919772608558,0.051843664342002,0.16795559158637,0.501235152247824,0.0208237482943924,0.950867924948294,4.04171628885081,0.0336998792291707,0.030430126078028,0.120674717095125,0.0411555872259199,0.0364883897202999,0.132331414301302,0.0381768879718393,0.0499488527658557,0.0823917696673652,0,0.703903434853344,0.563611042299384,0.201243965132884,0.381458796970219,0.615266924808192,0.20762371328543,0.165664103634623,0.221744003835126,0.012822108684589,0.0240428350185726,0.161791857301246,0.169676412595176,0.529196178347632,239,"LINC01214"
-14.2617283619787,0.0481232073978505,-0.0138391125971014,0.509490137887834,-3.87173111955578,-0.0256344748585826,0.0127931305049955,-0.100472314680395,0.018985088248846,-0.0560334269107884,0.121223486641533,-0.00417715764821168,-0.0837621871379882,0.0676142173814315,0.103033229343844,0.301682843291915,0.0119352401506533,0.547701180199457,2.51650468344645,0.0201055659738247,0.0171776286350538,0.0699636548805452,0.0251984869867845,0.0226418089584807,0.0808419348872628,0.0235660458041369,0.0313854515786318,0.05299621816852,0,0.873262439798937,0.246245554048095,0.35225005666981,0.123917800680932,0.202311385489327,0.456419642953911,0.150984014472936,0.451196514813859,0.0133319409714271,0.133740745192697,0.859309489019289,0.00761177526191827,0.202015270859722,240,"ENSG00000289524"
-15.1733449847726,0.875935109653254,-0.00868007515464483,-0.37521996147419,-0.307120926107445,-0.000719757585445903,-0.00455296011049781,-3.59920858718252e-05,-0.0249602437155273,0.00564504396486105,0.0286845301905678,0.0157026167401626,-0.0148343911112021,0.0715461194800582,0.103365942041685,0.374049245848915,0.0119955193550699,0.750288247934846,3.05085105006036,0.0233748112716653,0.0181232525741004,0.0502472546958999,0.0235344230692084,0.0205079634262235,0.0258606686575429,0.0285685073672435,0.0439683025447857,0.0563838833987383,0,0.0191928397018832,0.469305333783657,0.617003907253182,0.91981457336243,0.975435406934528,0.80164246129893,0.999428475697901,0.288878781449266,0.783115670892545,0.26734597206731,0.58256097823292,0.735824198912809,0.204472874316921,241,"ENSG00000286501"
-15.4864538095981,0.304456385770647,-0.0119178270251024,-2.89224519013439,-9.1127815872015,0.00180151860022521,-0.0424679698560525,-0.0442048164403132,0.0185836026227794,0.0519211682381693,-0.210848419672106,0.0277589437409599,0.0838968576024849,-0.0908035893162832,0.131260120632954,0.314381427968714,0.0123788108850798,1.04477726239094,2.78831679366697,0.0213907316857868,0.0196076127951772,0.0744761265272351,0.0261781651848409,0.0290573511852663,0.100136451568936,0.0297896080099114,0.0439553559343646,0.0627602194830029,0,0.33282969540783,0.335667854580105,0.00563514966158099,0.00108233216179963,0.932881844891974,0.0303194479385141,0.552817519358543,0.477772708889332,0.0739615115155979,0.0352381513750393,0.351422769033424,0.0563029476534058,0.14794355596078,242,"ENSG00000289086"
-10.0307255984175,0.156151306207082,-0.00267422655250248,-0.3866782457538,1.47066340265411,0.0141798059901511,-0.00504894013142128,-0.00313249025060194,-0.0126660616457986,-0.00309905349178493,-0.0147637556671827,-0.0162505355356462,0.00374053422600379,-0.0458233855140816,0.0170086273148454,0.0439117279145525,0.0018339784182323,0.0721608019453113,0.29074409089637,0.0022584730619465,0.0018078779029763,0.00583737251942525,0.00245464886990189,0.0026667383101315,0.0096148520933054,0.00272574591811511,0.00405399347975318,0.0060628651875499,0,0.000376504875224675,0.144797560964927,8.38862126932087e-08,4.23067285139171e-07,3.41871702473783e-10,0.00522630381054438,0.59152546187823,2.46910360976836e-07,0.245189227280761,0.124657220837208,2.4937158681435e-09,0.356174567230674,4.09184121359049e-14,243,"TSC22D2"
-9.92328937808875,0.13585805394663,-0.00871529115077331,-0.48610018941276,-1.92278399198125,0.00285040713327753,-0.0120439138563813,-0.00255752177286376,-0.0126752781108566,0.00840852466405265,0.00375093385823184,-0.00694735092966065,-0.0104362795681266,-0.0187644455357939,0.0324250884134652,0.0787260572108502,0.00325205332584474,0.0646474165939656,0.25939518447388,0.00199331812137831,0.00154753959160746,0.0042236063365596,0.00200977736411442,0.00210943920859094,0.00706197794346444,0.00237032265587711,0.00365216860395371,0.00536613960628759,0,0.0844002616873537,0.0073636483084529,5.50906869636132e-14,1.23878528212909e-13,0.152722458965328,7.10373028789343e-15,0.544826672999182,2.84850515579631e-10,6.71562711073365e-05,0.595318343583724,0.00337902504672334,0.00426916094185393,0.00047083242778303,244,"SERP1"
-10.6476811916675,-0.0928241032557161,-0.00740865389273551,-0.541545870319796,-0.83708559861925,0.0105638768991469,-0.00625493732615806,0.00916194840777864,0.00690403905976832,0.00184182085091254,-0.00846870607309098,-0.0107221307244745,-0.0190186289332061,-0.0232545405026602,0.0299458859981561,0.073615514916243,0.00307795106938195,0.0945789756346021,0.359264546739103,0.00277691757251727,0.00205260339359206,0.00399336618734106,0.00256014253963086,0.00302694749602668,0.0114077060260461,0.00322088565852759,0.00486255684155963,0.00751283025730471,0,0.207333617951543,0.0160838025785101,1.02911725010659e-08,0.019806268116153,0.000142278299518847,0.00230892530985863,0.0217737273216497,0.00700218968644476,0.542872706869096,0.457864924358202,0.000871776083045853,9.18233050165131e-05,0.00196607125872882,245,"EIF2A"
-10.3815966404976,-0.0487905995237108,-0.00587827461040852,-0.301099553466988,-1.03974676403947,0.00608312381062348,-0.010267738353403,0.000622125046492104,-0.00566834169550517,0.00140698269965235,0.00279871026602716,-0.0125420675137754,-0.016124972679883,-0.0465646297994725,0.025232915821434,0.0616076407002725,0.0026015143998046,0.0749385366332263,0.299969028563638,0.00233675791356121,0.0018117765244625,0.00506925332231114,0.00235811628023997,0.00247962601482966,0.00827585781477936,0.00275810115909221,0.00420313667294451,0.00635414623089714,0,0.428385775623202,0.0238486505320889,5.87057849334115e-05,0.000527908964231587,0.00923493414483519,1.45131921131466e-08,0.902324720700933,0.016227496248355,0.57043069852748,0.735229306618613,5.43240965645307e-06,0.000124843848921565,2.33216407164396e-13,246,"SELENOT"
-13.1354453438997,-0.0584622856402504,0.00529793595622223,0.251927883795731,-0.905213825861346,-0.00752489747602735,-0.0117527616231485,0.00635870620869474,0.001897037844641,-0.0114906874852671,0.0230210955668333,0.00727414004956061,0.0253374420264945,-0.00199088364122426,0.102821799967208,0.246467033632626,0.0107017905535604,0.310308482524037,1.30509028419995,0.0103812964765733,0.00738110108669751,0.0179388488834024,0.00958355828416636,0.00879485696048565,0.0171609695990874,0.0119034728942932,0.0183358111545495,0.0267134821422914,0,0.812500675504861,0.620563867524372,0.416870417013554,0.487931553370518,0.468543187508695,0.111322352894949,0.722989922361962,0.8430864303145,0.191374585531201,0.179764695455616,0.541137397087826,0.167016064905209,0.940590820987797,247,"ERICH6"
-11.8669048017982,0.0837830289520422,-0.00363809998825207,0.347617848361667,1.23054898624625,0.00274697524209119,0.0033817979439483,-0.0251404793872682,-0.025843444408301,0.0227324032419439,-0.0164668272893898,0.0219717675428384,-0.0440502953993704,0.0382194595079312,0.0333467764015396,0.0885774186212508,0.00367220666910762,0.151139364985211,0.666756152923618,0.00508974253002018,0.00453666322023778,0.0174937116260373,0.00631917171638524,0.0064944648136135,0.022492140647606,0.00649740475747162,0.00907503325874424,0.0104727979519672,0,0.34421313438187,0.321826126775574,0.0214492288152827,0.0649538304415632,0.589398356875801,0.456007407003349,0.150685254721356,4.31952752905963e-05,0.000464780986578107,0.464098549002841,0.00072059199734274,1.20990087644174e-06,0.000262850542421875,248,"ERICH6-AS1"
-15.2730198856199,-0.164722834493025,0.0286717569965097,-0.0650510958581499,-0.252242010884527,0.00152628939681075,0.0057559045838962,0.0230589597294994,0.0211753262287048,-0.00600696032965225,0.0203729509814377,0.0327827136592268,0.0277297072404441,0.0207956931132017,0.124391939016555,0.31136995508229,0.014666403437049,0.775199960295392,3.13967963976745,0.0247743338399791,0.0162318004319305,0.0181915508674415,0.0190356141671649,0.0191703719015103,0.027126310758995,0.0280142105063144,0.0432949301936704,0.0484127413033605,0,0.59678734102988,0.0505916153513022,0.933123817257534,0.935966807966661,0.95087525549099,0.722884283887399,0.204953601608846,0.265963743078289,0.754017766851057,0.452628437935417,0.241913534291698,0.521858030334329,0.667523013795004,249,"ENSG00000287688"
-11.201748761465,0.13515049723373,0.000584709421587339,-0.406927821557764,-0.651152119970631,0.00714328446509246,0.00127813135224632,0.00735545201458344,-0.015021693037748,0.00891216478416997,-0.0085869656881726,0.0119933335943289,-0.0314641241634373,-0.0624656333135615,0.0619510552722388,0.147942795366322,0.00626041477433595,0.110533109417373,0.44983899962463,0.00346100906533926,0.00250779943369626,0.00383687784943561,0.00315693400302389,0.00373141503992517,0.0142458320141542,0.00408140520369638,0.00629922288675763,0.00934551320638377,0,0.360962742292845,0.92558748054222,0.000231864314339989,0.147750610387396,0.039024243564056,0.610287922629147,0.0552327275853205,1.95213666178438e-06,0.0169212574728195,0.546661448747249,0.00329772229828269,5.88596880679486e-07,2.32468920994696e-11,250,"SIAH2"
-11.7235259594296,0.310143193440638,-0.00324511261121706,-0.445044596882719,0.559231699698362,0.0152428483583091,0.0180371474407005,0.0200656569409853,-0.0151132762269765,-0.0103200983769756,0.0322822241362694,0.0215790323815226,-0.0330312857705612,-0.0467309156138205,0.0618884804290133,0.156686843927592,0.00641508338647247,0.183523070981589,0.773894277810966,0.00590520444983441,0.00464184309438304,0.0128138065828817,0.00614015833334351,0.00628569322924464,0.0222868101703271,0.00703191607969143,0.0101311222628741,0.0154861739840125,0,0.047772959741995,0.612957284101411,0.0153081225814521,0.469913205302212,0.00984413621898727,0.000102004891397804,0.117362579185545,0.0138402852259683,0.100623305315575,0.147480029677421,0.00214972770957348,0.00111263913680835,0.0025479381155511,251,"SIAH2-AS1"
-13.8491919620142,0.136821637578894,-0.0143000722355902,-0.603694504030368,-2.41745926168944,-0.0075388485035756,0.00958832185508528,-0.0459925275095935,-0.0211016194979722,-0.00630745482078106,0.0290859775037317,-0.00464913898699097,-0.0955231720108537,-0.0474240264901439,0.052781290832998,0.170324685865284,0.00640400305450676,0.370226616765599,1.5153950311778,0.0120662029902399,0.0107550761671589,0.0404533167533718,0.0148494051737085,0.0114272606790546,0.0152468179518929,0.0144269521209806,0.0202811403404071,0.0327396211687557,0,0.421801977374704,0.025549630034321,0.102973048117001,0.110652604233221,0.532108593516198,0.37265244318186,0.255568189485718,0.155304724574206,0.580971920622826,0.0564332003554613,0.74726049067601,2.47776666284102e-06,0.147471416918672,252,"ENSG00000289005"
-13.0425877943209,0.402983741617439,-0.0049259946198705,0.280630816874818,-0.973494142359175,0.0152310553935466,0.0347043782667995,0.0141063394888182,-0.0175699345493549,0.00810655453136333,0.0210054209463473,0.0660886596363413,0.0116914133530776,-0.0864324344957138,0.067263042566311,0.178370154212207,0.00733184166631583,0.29371674878314,1.29476609463819,0.00968297361643843,0.0075356781728273,0.0162812446575659,0.0089121405214572,0.00842348280544862,0.018472445549138,0.0119797685037436,0.0179263050821859,0.0268878374539709,0,0.0238674998722776,0.501670788457914,0.339351643223667,0.452130003188876,0.115725086116759,4.11787731462513e-06,0.386261782666568,0.0486712070615414,0.335860953109376,0.255487362451477,3.45445542675576e-08,0.51427657930642,0.00130646847085899,253,"CLRN1-AS1"
-15.4524226788898,-0.767678217242323,0.0149267350740355,-0.676990715955912,-3.13276552469801,0.0248225134957883,0.0048288297625282,-0.0264995103732692,-0.0814611403112607,0.0649279034321084,0.0111561088059362,0.117375827522742,-0.126830764307053,-0.16291017099911,0.140686441781367,0.264576058837127,0.0122419464942055,0.615230222912297,2.32734666116738,0.0182440775166492,0.0154301865835753,0.0235539958103474,0.0186855219214852,0.0202739680089113,0.0699529386646739,0.0222010475060415,0.031787304415509,0.0509868749870297,0,0.0037133247505188,0.22272632849544,0.271163981459863,0.178280773303418,0.173646689352623,0.754320970104482,0.260566275144714,1.30308718772544e-05,0.00136228147843099,0.873290555005755,1.2437263497763e-07,6.607838103285e-05,0.00139763336489056,254,"MINDY4B"
-8.86948391621926,-0.0945713017099109,-0.00567628101760978,-0.387849109408442,1.46313633977318,0.0172672171159626,0.00241894135862966,-0.0110611504523424,-0.0239846935891334,0.0101501333711837,-0.0339655767233585,0.0145744920560562,-0.022090674550777,-0.0500195995135772,0.0230617951391544,0.0558794345419436,0.00234670903150625,0.0499818049772384,0.205191299298935,0.00159447893760124,0.00125485803246876,0.00361228674052374,0.00167235577091561,0.00182697552281512,0.00670649283548075,0.00187839257480582,0.00274639847727623,0.00424010707180724,0,0.0905665043675844,0.0155706827288458,8.50594073963947e-15,9.99349561510111e-13,2.49843268231623e-27,0.0538972595560053,0.0021979667485271,1.19799757955685e-46,2.76496682821807e-08,4.09299410329066e-07,8.55858188990088e-15,8.73034322322541e-16,4.05546365671977e-32,255,"MED12L"
-15.5883707758163,-0.0702979401826601,-0.0587727314802742,-2.14903544058371,-0.0572263338289067,0.0208155216625182,-0.0430275678099141,-0.0263781675499514,-0.0412642072561908,0.00925164350529824,0.0272728206092983,-0.0196376137129399,-0.0564892325901091,-0.19336979202155,0.131659185626365,0.357488119486629,0.0130241081172765,0.930724814114316,2.95456928149363,0.0219579479993169,0.0207688154670112,0.071100360180862,0.0265285175850352,0.0213576020756458,0.0244526639876229,0.0277720934561708,0.0433661161409008,0.066876220776577,0,0.844106034184316,6.40344508346769e-06,0.0209440674726084,0.984546934202005,0.343143667416846,0.0382897754830176,0.710638223909711,0.119835124908962,0.664885455057104,0.264708493126656,0.479505087101547,0.192707185520685,0.0038345868886977,256,"GPR171"
-12.9010582253075,-0.110644164657182,-0.00750932843716337,-1.07860375308865,-3.75256249451926,0.0145975171473004,-0.00419814617494714,0.00162191391648734,-0.0577213917672125,0.0151395928690045,0.0304160977224012,0.033721429856231,0.0145563361609684,-0.109030871519765,0.0758418450866565,0.182477673092279,0.00743424773243995,0.283132609319101,0.930192572209318,0.00706384155853791,0.00542144444109238,0.00597295630220415,0.00633014112861825,0.00597455789219846,0.00749989399565483,0.00870148572930317,0.0141065298583083,0.0205594609451837,0,0.544286628630412,0.312447717154967,0.00013922806255149,5.47937502378901e-05,0.0387801097655969,0.438718317411441,0.785973504011611,7.61712628128128e-20,0.0112765329177513,5.00192498453435e-05,0.000106465162580029,0.30212534275835,1.13792008810289e-07,257,"P2RY14"
-14.0994825782913,0.353568555374169,-0.00574631222874883,-0.836880846052085,0.175876307782922,0.00550975076217119,0.0128380581003552,-0.0668930479428149,-0.0271431501593463,0.0289127728962868,-0.101075924200633,0.0314713264590587,-0.0171139629760565,-0.0739693823334719,0.0602516008587574,0.178656200507067,0.00685071667259871,0.450763952342931,1.70959991574973,0.0129846868157275,0.0119029687905561,0.0472595189847239,0.0165910510363033,0.0173691152443495,0.0600241479531123,0.0174713831657562,0.0248877634272372,0.0359418354441821,0,0.0478110061265214,0.401587196786453,0.063370455407693,0.918061614785103,0.671327487970589,0.280784217619488,0.15693931541716,0.10183718227497,0.0959909341489456,0.09219693420919,0.0716544901468145,0.491675935414817,0.0395872356952845,258,"ENSG00000286273"
-14.9101735370158,-0.212704025975634,0.00100279852009639,-0.111198630624476,-3.36297653720191,0.0197540553484163,-0.0233698951672745,0.00303219672539595,-0.0272784429187844,0.0161462574284249,0.0330198408786229,0.0579401186000522,0.0623107458869068,-0.124436624638666,0.160547134871579,0.389278552697725,0.0154216045695129,0.633801977947498,2.36992111972249,0.0174126274669465,0.0134247934638444,0.00966140102360229,0.0146225655113234,0.0145242052586835,0.0115543477025673,0.0219468326496657,0.0360908010035113,0.0509578796602303,0,0.584787082427243,0.94815364696089,0.860728443597287,0.15589182356245,0.256598609767855,0.0817184499094968,0.753637638917944,0.0621109024923966,0.266276089910667,0.00426609416204013,0.00829006725384015,0.0842576091154087,0.0146081455418157,259,"GPR87"
-14.7193294681763,-0.0133593690090402,0.00772684801436077,-2.41090132447456,-1.15778250492831,0.0198139059113311,-0.0139495673723528,0.0131126575402817,-0.0131658346980715,0.00257369889924585,0.0269801778460133,0.0514341375450487,-0.00737209392719803,-0.148786789485674,0.125518290856685,0.289245594643608,0.0121144748846113,0.783815171063944,2.20789094362441,0.0164289656275237,0.0126072709963257,0.0117825506041543,0.0139134561233447,0.0139709263253608,0.0152478626314617,0.0204903784142232,0.0324982976339995,0.0480016247013179,0,0.963161251505492,0.523591200481916,0.00209900332280732,0.600011539326056,0.227804034157974,0.26852313396943,0.265756594109651,0.344012775499251,0.853842282323809,0.076820477619506,0.0120676315119663,0.820543849600784,0.00193769155362086,260,"P2RY12"
-15.1473253564364,-0.101587564660138,0.00691659794413794,0.204962541280878,-3.39910252419532,-0.0156306663828566,-0.0721037076773144,-0.0268388448184874,-0.0389032313622444,0.0548299458058372,-0.0747708123707621,0.0512985912310068,-0.00316852056126728,0.0495790359157377,0.108606862800266,0.314191954764731,0.0126070853819493,0.698763803872271,3.04211914919569,0.0240245647724757,0.0164112184994252,0.0255846045294393,0.0211071405388055,0.0261507838728897,0.0962224773183376,0.0286851001740027,0.0430166646516852,0.0386227466091128,0,0.746445625799456,0.583260880415264,0.769276318381661,0.263846012343638,0.515297082949837,1.11508315080099e-05,0.294167420950766,0.0653098425011618,0.0360215047101524,0.437122304252708,0.0737218492031394,0.941282536191866,0.199255861540643,261,"IGSF10"
-12.6455475994662,0.447331533996879,0.0104680852378671,0.605962751338761,-0.209907722150567,0.00216129097750914,-0.0393742181773718,-0.0338039671598327,-0.0156214624761965,0.0326308068518257,-0.13416652134478,0.0444142807120638,0.0442554919619601,0.0603911423773015,0.05271809713173,0.172193944346841,0.00683426435110073,0.375743498305023,1.61274557620648,0.0129058659083561,0.0101734520361712,0.0329092342197917,0.0139723849504681,0.0147474449913236,0.0551540134729803,0.0152390524392099,0.0220096897794241,0.0325894469554343,0,0.00938134363409863,0.125594946012827,0.106808999655522,0.896443393360103,0.867003566202004,0.000108705590516423,0.304331995023333,0.263556719907696,0.0269223806510381,0.0149917009012585,0.00356254136864359,0.0443542310629644,0.063869617687545,262,"AADACL2-AS1"
-14.4249184566558,0.289446762198962,-0.0311195889047437,-0.660387359375147,3.33109137075114,-0.00390287625092326,-0.0228049234143266,-0.0394819221530768,-0.0183282449066958,0.0174297344804774,0.011861842611894,0.00120704438140023,-0.0574846105090319,0.0147280598339763,0.0852857102112884,0.287335586526883,0.0100615580900805,0.662178851054671,2.67208973925438,0.0202742188887864,0.0175822207496048,0.0684409547011949,0.0243063529001089,0.0240078938478771,0.0758381113800134,0.0243228948086505,0.0346770239390342,0.0433083307573681,0,0.313767848621688,0.00198197910938501,0.318621558280823,0.212535373858616,0.847347125211176,0.194615862340077,0.564023441863201,0.450818223181272,0.467838679982983,0.875709817797454,0.960420544980427,0.0973750759649394,0.733800408850658,263,"LINC02917"
-13.9986378081449,0.00146980743273629,-0.0223001600510802,-0.415327405836477,0.2886093997783,-0.00740567384520428,-0.0335412562668214,0.00616867385812706,-0.0448432574307513,0.0571458206782823,-0.0481834567326333,0.00439272523288704,-0.0092504420724582,-0.0457362336610268,0.0704128555090226,0.221242604786137,0.0086484687085223,0.51866038833512,2.13398115463485,0.016411254914812,0.0141271305902595,0.0527309877010903,0.0189680283781997,0.0210866873145328,0.0717705439501148,0.0211857447076622,0.0301421105124532,0.0458060427778088,0,0.994699357148392,0.00992275272497138,0.423265114740952,0.892418495635244,0.651805202386277,0.0175849214570045,0.90687285289814,0.0180715116298914,0.00672745692232023,0.50199490883601,0.835741649275313,0.758923823605652,0.318048604113505,264,"ENSG00000289315"
-7.90116983842596,0.0646776096425783,-0.00176222757501044,-0.263134610780294,0.573438449709137,0.00934365071141036,-0.00763990613557529,-0.00567135281193615,-0.0120437106075762,-0.00927544973452505,-0.0145507331234607,-0.000545237663601642,0.00211900951173164,-0.0275493798597998,0.0318871856362334,0.0770469682276714,0.00312941041434706,0.0334359473777902,0.143872203402875,0.00112266771310982,0.000874179772782128,0.00254579109154321,0.00117140516572384,0.00124243826492061,0.0045009154699589,0.00129277622239633,0.00189636666008286,0.0029174147196895,0,0.401212961493157,0.573354482766317,3.55175351930662e-15,6.72676734466099e-05,8.59662720155127e-17,2.34115911348719e-18,0.0258980633155354,8.54575087068627e-25,8.29702629039913e-14,0.00122566802652161,0.673202257934443,0.263821215407383,3.61980376065099e-21,265,"MBNL1"
-12.5593031792171,0.187923435853983,-0.0142638118665899,-0.30583959843934,-1.22958064156923,0.00559333364780923,-0.0273266216908199,0.00107855569758216,-0.014426017828369,0.000629326276059374,0.0151145129567378,-0.00585027734047443,-0.00420427884946833,-0.0321261448180541,0.0424109999617278,0.119974260146438,0.00481849377738432,0.233150466451081,0.918844827818298,0.00712721601284669,0.00535039811691988,0.0116282517946164,0.00664862866435594,0.0064265689288031,0.0144851039360655,0.008517633743316,0.0131967592271287,0.0197324522701741,0,0.117263281848167,0.00307417310343351,0.18959802353416,0.180837458573301,0.432579518642618,3.26622384409084e-07,0.926099759189378,0.0300240140661753,0.92199129054591,0.296738927714422,0.492181652622215,0.750041843750452,0.103506484790044,266,"MBNL1-AS1"
-14.9510439604616,0.274729647983009,-0.0109038049119083,-0.365738626270211,1.35006247913813,0.03467101925581,-0.0147853725607012,0.01333090618869,-0.0191683466235011,0.00399598476414642,0.0243821572863689,-0.0253207281396363,-0.0154254566288494,-0.109202164508114,0.0899594438951961,0.280498160765548,0.0105218065191905,0.633447894186516,2.48718483765002,0.0186271871699355,0.0139837336587404,0.0140583339218827,0.0162699922458263,0.0156205095288788,0.016186082274163,0.0226505563497303,0.0356818283618925,0.0542881344539958,0,0.32736521051074,0.300059687780495,0.563684401219544,0.587262377770736,0.0627000367097427,0.290362590177247,0.342998902191255,0.238740357727678,0.798092498565624,0.131973350397238,0.263615905641594,0.665519268542182,0.0442695953777911,267,"ENSG00000243305"
-11.9644695431911,0.292311674700832,-0.00520443054554989,-0.0621863612142506,-2.89956655604281,0.0482954144059243,0.0637529921935355,-0.0206671166777065,-0.110233240870226,0.0935310314018942,0.00972875322450273,-0.0706670695011863,-0.0074770798246609,-0.075352518820097,0.0744198923447735,0.174234850987919,0.00731450887036692,0.131150384564759,0.523822597752991,0.00410579680717971,0.00344465603157365,0.0096517202842857,0.00469488970098871,0.00471586045881543,0.0158883257131098,0.00490483998178689,0.0075634431004333,0.0112952367474337,0,0.0934080725895597,0.476761113706012,0.635385299274198,3.10522418858105e-08,6.07319249629172e-32,1.7866156516948e-76,0.0322507880570049,6.62142078629964e-122,1.53650987717029e-87,0.540325492567492,4.63407358214751e-47,0.322867947791796,2.53760674060864e-11,268,"P2RY1"
-15.3410218551036,0.443104783945178,-0.0111940196974894,1.08228062416361,-5.69715341809307,-0.0475533620830441,0.00498956365772297,-0.0202368168534332,-0.00356405346954832,0.0054649941826684,0.0263003405158196,0.0761188546584579,0.13071831718334,-0.0296637775640978,0.116114588450024,0.346223398578837,0.0120223274565183,0.682118280405875,3.31492716297676,0.0252131315892923,0.0218108814695103,0.0851797347497688,0.030102440912587,0.0244036875181426,0.0423224517381228,0.0329500018722385,0.0499320146532024,0.0664182090968542,0,0.20060727579656,0.351800522015222,0.112592715645775,0.0856806580512301,0.0592874943843454,0.819051665527953,0.812208544495577,0.905752713886055,0.822802957432931,0.534318302959205,0.0208808457365159,0.00884659990017165,0.655148615210454,269,"ENSG00000288787"
-14.8716162592619,-0.225943308169909,-0.0242180777028442,-0.662769613182411,-1.58291416365932,-0.0354889437585731,-0.0221814469120806,-0.0570164487081445,0.0077996016515748,-0.0193737320280999,-0.024406120402711,-0.0345403478115889,-0.0637747708673444,0.0795947713966424,0.0865809090205911,0.273134889036521,0.0108353403020324,0.680140831100155,2.65135589955897,0.0216057360552346,0.01877573381256,0.0757610773689108,0.0261507409907761,0.0273283907713912,0.0950191906522091,0.0256494277745773,0.0337985736284539,0.0523178708093757,0,0.408110997443596,0.0254107323298844,0.329828497967182,0.55049360860988,0.100471837294198,0.237448193702341,0.451700934552317,0.765508185083291,0.478372096515594,0.79729098481794,0.178098687360551,0.0591728127600118,0.128167337525483,270,"ENSG00000244268"
-10.9594936492946,-0.010537259440474,0.00340585644951391,-0.210811524671227,-2.72117611858729,-0.000427289272596228,-0.0154266157402459,-0.00333965000251716,-0.00356810346062065,0.00512186989133203,0.00207174604897301,-0.0229395225659101,0.00744147765787211,-0.0229608926907023,0.0601058656159449,0.141956156218902,0.00623636897274203,0.101996677199187,0.402540953332445,0.00323170668199053,0.00251881243485101,0.00826475042497236,0.00345709146324938,0.00350712042755358,0.0117774850044688,0.00379830405657145,0.0057176814362449,0.0085244421911744,0,0.940828193700548,0.58497787297513,0.0387485746367992,1.37993457925626e-11,0.894811991800064,9.09350293969734e-10,0.68615125348219,0.3020199406948,0.144174595116416,0.860366739457349,1.54676975493249e-09,0.19309243375071,0.00706984909398386,271,"RAP2B"
-15.4883076354282,-0.331472988304752,0.00942386561448424,0.0389663988910979,-6.71263461943464,-0.0423668127082227,-0.00924319676543624,-0.184332958849559,0.0521061971084531,-0.00761079413432466,0.067967615160688,0.0227879903741419,0.0722680814221772,0.0448505176548952,0.216270910538017,0.490702986789829,0.0235321396861081,0.933063166703512,3.55524051776499,0.0293304585115541,0.0253791778967846,0.105551429326147,0.036193970885665,0.0269118402796058,0.0405649165988032,0.0346715632766343,0.052598975316891,0.0369512582873589,0,0.499354112203278,0.688811951512739,0.966688586301138,0.0590130932608016,0.148608295232484,0.715705719713271,0.0807448545512565,0.149969989416395,0.777326573560734,0.0938308677704011,0.511018225963003,0.169458862461941,0.224833612748121,272,"ENSG00000241220"
-12.7555204342673,0.126323074099862,-0.00553173407587094,0.0376269327386399,-0.756797227579208,-0.061760992442076,-0.0829367374927654,-3.72650846133257e-05,0.0128286138333316,0.0103594364902219,0.0693838186676521,0.00732296785826188,-0.00288493949857866,0.00762995780276431,0.103807454892958,0.265769478058261,0.0110180063013125,0.355460993746944,1.66155174455673,0.0129357666320569,0.00952108032276276,0.0254084300616667,0.0122719668925099,0.0137795019872563,0.0505894040525689,0.0148567876366098,0.02157847187009,0.0289594431217898,0,0.634565540468291,0.615623156193142,0.915698270395419,0.64876670647308,1.80211403920356e-06,3.01594782143111e-18,0.998829788974043,0.295856973316538,0.452171041005344,0.170216366320067,0.622080525226118,0.893643550132538,0.792187988889565,273,"LINC02006"
-11.0030241615671,0.0787269407329755,-0.00924740138468407,-0.393816086093366,-1.3765276613422,-0.0594139781430747,-0.0850914868962324,0.00544478232268083,0.00702317570353282,0.0360485712496105,-0.00562302201142031,-0.00679294952684642,-0.0247497687702662,0.00818167018538105,0.0515343169820362,0.12719417552034,0.00517782213768102,0.12589619631069,0.55196005239451,0.0043863361455522,0.00318154609607615,0.00716660289045217,0.00396258256293481,0.00464373793032611,0.0171214811427081,0.00491684204514926,0.0075534650418116,0.00999864141903113,0,0.535948750232662,0.0741051670272574,0.00175939385387594,0.0126351690128965,8.45365387936584e-42,1.39946390517661e-157,0.447407724519206,0.0763326037841909,8.30516448035203e-15,0.742594777665161,0.167104516610921,0.00105060902254352,0.41319835783541,274,"ARHGEF26-AS1"
-10.2837284254002,-0.0388713532714582,-0.00206382016449104,-0.458257918807144,-1.27166896045866,-0.0383570767252562,-0.0538912293567431,-0.00426855794645292,0.0188879219006921,0.00107902150250756,0.013776282112258,-0.0134157538231599,-0.0221319440605924,-0.00672524872275519,0.0388879199899582,0.0941863728075517,0.00389008579688922,0.0848426446300152,0.367414731801221,0.00295757297603979,0.00238482926232311,0.00837590845771382,0.00324436239398724,0.00284173355351313,0.00726511836737586,0.0033487070028907,0.00491741674283356,0.00724551926134646,0,0.679821467466549,0.595742207776129,6.61712297606175e-08,0.000537919459063418,1.83154614008221e-38,4.58393263177753e-113,0.61031541061744,5.82286918990418e-09,0.704164130358257,0.057930607359606,6.16906355272526e-05,6.77218432572892e-06,0.353306859076866,275,"ARHGEF26"
-9.07238117417725,0.0120399570594616,-0.00411779577771312,-0.092398161504827,0.128717348349069,0.00741795109066541,-0.00131365601455555,-0.00462166818103951,0.00215416237649672,-0.00554723828993143,-0.00204305708083212,-0.00434103157755097,-0.00307441926153018,-0.0201419917659936,0.0173793629713148,0.0428603357029666,0.00176304992952633,0.0426899822010199,0.178636618572434,0.00138058661521209,0.00117956450033735,0.00433752582160288,0.00162905024675174,0.00162057249665382,0.00548328914052106,0.00168203118262182,0.00245132024453362,0.0036474030044515,0,0.778778353916016,0.0195116144528947,0.0304337284492836,0.471183901383792,7.74189064412824e-08,0.26541699377732,0.286646136717199,0.186054126461647,0.000619314575224516,0.709448406388003,0.00985639462206166,0.209773261470803,3.34622860060507e-08,276,"DHX36"
-7.50555421521052,-0.096031716964903,-0.00549390344373986,-0.196857864612217,0.958898943786853,-0.0079668994078963,-0.0108130429260235,-0.000879349771792614,0.00242235409993692,0.00581530563458028,-0.0117550438260206,-0.0103434361707275,0.00392321240343638,0.0035707388721222,0.0253015290518808,0.0615292109137585,0.00251052261144727,0.0340196099424271,0.148536968383138,0.00117245967589356,0.000886095635279767,0.00229613287990345,0.0011540926859242,0.00124296823198758,0.00447997593095841,0.00130270776978252,0.00189360171349355,0.00269116196129904,0,0.118582744950105,0.0286440800855176,7.18254649820728e-09,1.07773288958843e-10,1.08289520335015e-11,2.99505126403818e-34,0.701742084569464,0.0358235043218942,2.88891895475251e-06,0.00869273109433534,2.02260751433078e-15,0.0382817134270839,0.184561918526782,277,"GPR149"
-8.11498946411385,-0.120685914851435,-0.00759106917805972,-0.24675141691833,-0.588342752156241,-0.0474379335829727,-0.00283224962047186,0.00982803464955372,0.0268787290235747,-0.0121876610341491,-0.00125952901269489,0.0376641476495932,-0.0153090013470769,-0.019955528458605,0.0370944932557467,0.0886269295832036,0.00374228421156973,0.0432651607515664,0.193877550177803,0.00155729818806174,0.00113262286200704,0.00263867502568369,0.00145543938492336,0.00149275632509674,0.00485953640362113,0.00170005277492623,0.00244132879971329,0.00380776595461345,0,0.173283230923695,0.0425134485796085,1.17554132686417e-08,0.00240846910036282,8.387687927086e-204,0.0123979140424767,0.000195617619331161,3.75225189024313e-76,3.22676175241153e-16,0.795490905267789,9.39983353559796e-109,3.59276477656679e-10,1.59930032643986e-07,278,"MME"
-12.6505436081928,-0.387988937825096,-0.0277891480747503,-0.707845223465799,-1.22411395560041,-0.030757298487685,-0.0179704978543543,0.0377640448740725,-0.0101915451238603,-0.0361671302066204,0.155598301258383,0.0212632698861968,-0.0115727159788252,-0.0371771807994188,0.112237662001386,0.281279102003812,0.0111838642256888,0.251846385703536,0.922817956139959,0.00702766506976382,0.00512511604972769,0.00661726242610019,0.00587454750450214,0.00702847219597304,0.025269002958878,0.00817221156228883,0.0127724013944286,0.0190613207834402,0,0.167779627165353,0.0129641093845682,0.00494456979872318,0.184675592617486,1.20543362386913e-05,0.000454281696396641,1.15053357787914e-08,0.0827647720338826,2.66379483597168e-07,7.38207717856749e-10,0.00927091247940561,0.364897715330413,0.0511285821851348,279,"MME-AS1"
-12.9517775846108,0.852985996454438,0.0485566655204775,1.09515302498711,-3.86651734168268,-0.0109446981255122,0.0817016302207454,0.0366637863599765,0.0676983160523875,-0.0753311540940001,0.0013159452597104,0.110644702104902,0.138117176859182,-0.0903488780618257,0.151382362756292,0.355494606665534,0.0170029620611508,0.228924719994248,1.13405961126849,0.0092383960658181,0.00667805019315117,0.0172721524984142,0.00873754716312545,0.00801587513455719,0.0194223462295323,0.0105141422653232,0.0156919068878363,0.0216907033669583,0,0.0164204207067259,0.00429316749160844,1.71926029792705e-06,0.000650944718674404,0.236137353751245,2.03719102101856e-34,0.0337780851318316,9.33679117537377e-15,5.57446944237187e-21,0.945981314153865,6.73846480850332e-26,1.34627438246372e-18,3.10906253953157e-05,280,"LINC01487"
-16.0552975967388,0.0995078288387975,0.0648293870079798,-0.943691753855028,-0.556350053924583,0.00871094942950773,0.0572451165919225,-0.00460645250624104,-0.0108494691221561,-0.0955637946538491,-0.0626604445670735,0.191595321586713,0.0312376958760357,-0.0899362162138254,0.271609755212303,0.596222369209561,0.0284673776227154,0.907042042091165,3.53426774217801,0.0290878034031232,0.0242334119953594,0.0921981967848766,0.0348420661737641,0.0335624401045833,0.116321368984213,0.034088287348513,0.0452320302788549,0.0653009633261811,0,0.867450956332802,0.0227670006353107,0.298151432556611,0.874917057323418,0.764580804603356,0.0181649157557731,0.960152270785887,0.755504195793111,0.00440857687536174,0.590105009219636,1.90337621341182e-08,0.4898106135915,0.168432769698862,281,"STRIT1"
-14.5896679134578,0.779421966369423,0.0427540601626189,0.562688345578055,1.56512241526265,0.0267468216987145,0.0754749460944624,0.0443657190435594,0.0615799684832523,-0.0933655800939757,-0.00117863832910833,0.0856310259319767,0.076521965842497,-0.0747875822783928,0.187528529267653,0.432556356920556,0.0203268716971549,0.422290573554876,2.01492454231613,0.0167134621296341,0.011249810606605,0.0203375946508584,0.0140652947537213,0.0132764680176814,0.0283003738352188,0.017994979929373,0.0268464144078385,0.0388714828057172,0,0.071561625235726,0.0354371858164475,0.182706706924428,0.437297560649006,0.109528488043935,1.95966639271139e-11,0.0291491562819132,1.19691032670694e-05,2.02994751570678e-12,0.966779748520815,1.94934168727852e-06,0.00436696678965958,0.0543582939495457,282,"ENSG00000242790"
-10.387930989643,-0.778269435783713,-0.0229800991297987,-1.73495841598734,-3.07843196977457,-0.0958298452666512,-0.0652867862909065,-0.0788297716852993,-0.0312855042761657,0.0389726149699025,0.0773144690433065,0.0891889163480558,-0.0962024709481262,-0.132965598883926,0.115191008069891,0.26969893138548,0.0120417490500303,0.151708260254207,0.628932540043676,0.00530347230825062,0.00439594363884039,0.0166800213026387,0.0062463826083533,0.00613974045522526,0.0207054453202626,0.00600694186045552,0.00810571633103215,0.0131458428944925,0,0.0039054777742043,0.0563435562965607,2.75857377626132e-30,9.84590945929601e-07,5.56503849729485e-73,6.79302114470084e-50,2.28986255042081e-06,5.48332076644794e-07,2.18700176793837e-10,0.000188450335980378,7.20600444071348e-50,1.72590157337036e-32,4.75714610789346e-24,283,"PLCH1"
-11.3982737135117,-0.0464072241924894,-0.00774435030193397,0.00351700262076337,0.348636518760404,-0.010793199141428,-0.0126302782469872,0.00299384202502392,0.0122919429438149,-0.00904634644260349,-0.00165456446858248,-0.0124491534575681,-0.00748035767198482,-0.00121952008692782,0.0230066974987413,0.0620772128176081,0.00257509152038458,0.119474421740507,0.50765662536587,0.00393640403698283,0.00316518496791415,0.0108560327225631,0.00428630184710676,0.00452908305326386,0.0154715880105382,0.00477861386953933,0.00698166196417804,0.00990987977651883,0,0.45471798908619,0.00263486046007853,0.976515836431823,0.492236146953153,0.00610862149098741,6.59686213423517e-05,0.782719499635521,0.00413432284074515,0.0457828034988869,0.914834895436761,0.00918257704747336,0.283976413352757,0.902058764267325,284,"C3orf33"
-10.801289260306,0.0278991465831523,-0.00354021527472306,-0.0126636188630448,-0.289740796955218,0.00203214764207673,-0.00391828410958074,-0.0163338798467959,0.00732187083877944,-0.00934610434517701,0.00559626483472222,-0.00599005568184659,-0.00057534715464213,-0.0216847439127618,0.0285862179034616,0.0705356876621344,0.00296508346727507,0.0888430330020581,0.372839804081372,0.00291701630622168,0.0025689345617211,0.0102421480049136,0.00361116440775527,0.00334634133854131,0.0103028639508457,0.00358950569742608,0.0052348419309792,0.00769285722460777,0,0.692450049045157,0.23249042014705,0.886654082657057,0.437088721452092,0.486020090186792,0.127195135886295,0.110763471083286,0.0426046563645721,0.00522326448578824,0.587008869501458,0.0951631769298963,0.912482921527915,0.00482012399013634,285,"SLC33A1"
-13.8900562455039,0.183596971913488,-0.0157656162768924,-1.06475191008934,-3.36906210720064,0.00588476255790892,-0.00620069331319459,-0.0459974384331947,0.00983150503734858,-0.0043373819951705,0.00198182313091786,-0.0288663911832832,-0.0283224203314267,0.000545834394556646,0.0720096943873033,0.199826072596293,0.0080960283711671,0.434776300615709,1.5193857896614,0.0118545169545969,0.010783866718123,0.0416142381546567,0.0146514953899255,0.0149483615470203,0.0504879413641419,0.0150008718560716,0.0217390392161668,0.03042710752607,0,0.358208631974059,0.0514955194904387,0.0143267399082268,0.0265968456189481,0.619601494012914,0.56529318156369,0.269016908655304,0.502205240746576,0.771695606016926,0.968688362948903,0.0543152079085739,0.192630483536183,0.985687450634415,286,"ENSG00000286585"
-9.91361417982779,0.039577500666326,-0.00239799572714404,-0.130363105019486,-0.101538593364659,-0.00432365349772821,-0.0100330664290007,0.0043272480795659,0.00128441147619246,-0.0126102382639949,0.000435133231012634,-0.00152017869371646,-0.00430616648437461,-0.0202896612953969,0.0157592311322659,0.0403817009482087,0.00168225160081352,0.0633746186535386,0.267272168392637,0.00209115153265749,0.00157470208025121,0.00437171774201364,0.00206458927915597,0.00216596660893258,0.0071371536466317,0.00244527196820507,0.00367931957058662,0.00550194348708432,0,0.327044146991532,0.154021980597129,0.0396839272616112,0.704014379648415,0.0386781656479584,1.87302963789821e-10,0.322258257916018,0.533866406267089,5.81506557764028e-09,0.951385224241176,0.534151762819933,0.2418519676402,0.000226266902281027,287,"GMPS"
-13.8278661379941,-0.00997051663611141,-0.00371921442673883,-0.176187263983096,-0.782609502419976,0.00454297814474983,-0.0170186886731193,0.00866237455854682,-0.00381637446950873,0.00381361291347686,0.0126760317584672,-0.00638915096542832,0.0190775375891417,-0.0330317299992466,0.0517998972599063,0.152963975307097,0.00624281639519145,0.379962881124667,1.49301566225772,0.0114931267234657,0.00806752233699617,0.0126126428932015,0.00977699128891128,0.0102849210800133,0.0255681680818267,0.0137867430176968,0.021560752113326,0.0315243402151003,0,0.948028994723545,0.551336197165098,0.642865571228751,0.600153092747219,0.692637862107215,0.0348987708620659,0.492208199169061,0.696283357302925,0.710789095810957,0.620053903949703,0.643058224674847,0.376249895303111,0.294723068748023,288,"ENSG00000288032"
-9.82261029444516,-0.1396211900774,-0.00509776637830002,0.079532287817933,-4.0555773406312,0.0201108414217715,0.0291906313940754,0.00936045212744676,-0.00718485336642966,-0.0147559295458,0.00242542423395756,0.012478331771103,0.0174173997399601,-0.0516771920315305,0.041492842734989,0.0986185155196721,0.00417012312234832,0.0576759057851994,0.22686709970216,0.00176659232372274,0.00133586812228549,0.00245265536380068,0.0016155385324656,0.00165138135843155,0.00480930448651842,0.00205542183723209,0.0031653246026245,0.00483379032362321,0,0.156842694362025,0.221537558336429,0.167909649074097,1.79950126534647e-71,5.02561463982333e-30,7.53334406326158e-106,0.000135382014287502,8.69391121120285e-06,4.05315655606288e-19,0.614037139576816,1.27167887378333e-09,3.74308264866353e-08,1.12370574384168e-26,289,"KCNAB1"
-14.2821466770629,-0.306504421256766,-0.0131293661666145,0.544954129195511,0.390044476362873,-0.000998970513366425,0.0221514513057541,0.00988990013405644,0.00667464346127316,0.00145495557990944,-0.0781771930815487,0.0187086325360837,0.011052959972617,0.0147428854422427,0.0640220208253637,0.17775177444404,0.00734537615550442,0.431072657969624,1.88388063041235,0.0142530360343595,0.0099582914375018,0.0130364650148131,0.0121888132997129,0.015747401526352,0.0624807947368278,0.0171532164097783,0.0254416295148873,0.0287685793520403,0,0.0846465568324512,0.0738675665189062,0.206164847891003,0.83597620264306,0.944123409880486,0.0261200059771151,0.448071778904684,0.583963811658141,0.92638550262639,0.210854380407583,0.2754146772978,0.66396614682538,0.608325720918374,290,"ENSG00000287916"
-15.1741762688672,0.429248118961732,0.0212665594562259,0.899921662660733,-2.03328693074025,0.0329939044792023,0.0459261150926751,0.0230438328759447,-0.0238571269485201,-0.00838621691207362,0.0274099739769366,0.0373332719870098,0.0759144483585135,0.0277888603028902,0.245682736244553,0.626905896893685,0.0241128121137341,0.708213069339993,2.92073041233219,0.0213787560245956,0.0165635390665293,0.00955032632711616,0.0188576490390584,0.0174888790459545,0.0104256323026694,0.0269453378548822,0.0426967884396956,0.0526299597524443,0,0.493527559371908,0.377797907436833,0.20383774968511,0.48633051130618,0.122757206088842,0.00555893204343049,0.015826840840704,0.205829492933717,0.631570791912081,0.00856125320044616,0.165893890060243,0.0754055531430564,0.597496150406903,291,"KCNAB1-AS1"
-15.2942055800085,-0.310407875563431,-0.018720133109215,-2.60699131969738,-5.97575217759474,-0.0608992864049656,-0.0547332158164488,0.0106654231959323,-0.0149446175674753,-0.0157116857385154,-0.00533860612759176,0.00664266960746536,-0.127533763139477,-0.0336409927095501,0.107238592896573,0.309092784978709,0.0124669777278453,0.887422256899789,2.85108366890594,0.0236537651786782,0.0167826827199082,0.0160188629318876,0.0194804023621977,0.024122443377921,0.0859865874507134,0.026129112352891,0.0371683511347357,0.0587775198004866,0,0.31525587254897,0.133206260669802,0.00330643653066001,0.0360858996564415,0.0100352360615182,0.00110906071413613,0.50553638063512,0.44298541264095,0.514833093520212,0.950493948939134,0.799321855402474,0.000600815071773775,0.567088578549853,292,"ENSG00000272990"
-11.0213429252685,0.105318175838049,-0.00208275260233377,-0.534477832347072,-3.58708143318588,0.00659317671350255,-0.0105079731524106,-0.00379442456465482,0.00230463658194965,0.00602971995611485,-0.0158093267043838,-0.010292539029227,0.000481824360279374,-0.0544898890138712,0.0587716002859901,0.143549578052392,0.00612685356651179,0.103772070856121,0.396587584414489,0.00309777061588375,0.00253285591866162,0.00834129987644615,0.0034059606823825,0.00367654944085618,0.0132923651877919,0.0037992864567902,0.00571664374638039,0.00848669027515885,0,0.463149220429511,0.733902941895997,2.59795850263396e-07,1.49849279315398e-19,0.0333070959415302,3.34418353557545e-05,0.649184007605358,0.498629298233374,0.100995051429325,0.234300423757857,0.0067471777828809,0.932830249603494,1.35712481084102e-10,293,"SSR3"
-14.2783040664579,0.320884860163211,-0.0146737494307846,-1.4366223814398,-2.70941033705811,0.000924628969693663,-0.0352631654940676,0.00261822940522883,-0.00697067103567021,0.0187422745402391,0.0185888313787654,-0.0242397582666219,-0.0246117739448681,-0.0640645381028029,0.0689536629443363,0.218459573721107,0.00801226687774118,0.548666428017831,1.88323966993933,0.0145394245250004,0.0110297195358636,0.023712145319929,0.0133763006559258,0.0134225879433312,0.0313675986549157,0.0175003823295531,0.0274923136877508,0.0418013009756572,0,0.141872838939283,0.0670393000590625,0.00883459149097831,0.150236529127123,0.949293027081604,0.0013881464749072,0.912078489060841,0.602282489932924,0.162617110013577,0.553440504839415,0.166022264003611,0.370667456481009,0.125375242285031,294,"TIPARP-AS1"
-11.9405915871758,0.470950902565698,0.0117889202362255,-0.296338305839748,-1.05300667901025,-0.00216866179110926,0.0086800866589257,0.0188513277589031,0.021436740860752,-0.0123828581810827,0.0119632628499216,-0.0128712132822664,0.0412324720785126,-0.141665330260026,0.0709639083810789,0.179311877278096,0.00750752081976768,0.176495442150113,0.760891252371434,0.0058969144545671,0.00433702955571608,0.0111994159214309,0.00572336938148556,0.00525239124711929,0.0126717656262179,0.00688775948760863,0.0108080153360918,0.0155661033189976,0,0.00862845944980717,0.116349661499101,0.0931493290748375,0.166385343891363,0.713050612621125,0.0453504004277362,0.0923282445482976,0.000180052285563539,0.0183951929441601,0.345124641305569,0.0616634094587901,0.000136188364185676,8.9597968952189e-20,295,"TIPARP"
-12.0942285876451,0.136283586990056,0.0042364201770528,0.702620520668121,-0.782091609748311,0.00615040708712043,-0.0241508697967588,0.00796720996111695,0.0210225493970024,-0.0158018776118947,-0.0504274771706905,-0.0396464182144479,0.0880334644943669,0.159598036415671,0.168795410475075,0.47263036608187,0.0173101720833618,0.224678669123351,1.01595923959333,0.00776042490841171,0.00557353305761744,0.0136649098082373,0.00748331877460495,0.00835385939898432,0.0310550594464341,0.00898056427826851,0.0141751296796161,0.0196981932851996,0,0.773077831609176,0.806660945386618,0.0017646543642552,0.441414926698267,0.42804888738663,1.47001068782406e-05,0.55986534127865,0.00496563245892893,0.0585488103306147,0.104416632650005,1.01154271940187e-05,5.28442260973206e-10,5.39891043925484e-16,296,"LINC00886"
-11.1384092915845,0.023286797736752,0.00419839028760333,0.0813535418682259,-1.2924823900836,0.00585068618228312,-0.00153631567930836,-0.0180919771410255,0.000254056607038311,0.0235662144664349,0.0171220836832802,-0.00486917248050471,0.0116029881886046,0.0595728014455431,0.0270720305632979,0.0749615218347709,0.00317160339871736,0.145694722564681,0.60556568608745,0.00473237310463514,0.00411348856168726,0.0157445950180063,0.00569186553974667,0.00492846729313193,0.0124913754452706,0.00562520237953556,0.0081361135139662,0.0121474039337748,0,0.75606670199908,0.185588151528081,0.576582477712244,0.0328150505579155,0.21634288516049,0.708789424127517,0.250518335845867,0.96439821806264,1.73860647000382e-06,0.170464616129718,0.386709818839674,0.153836757813317,9.3828421685971e-07,297,"LEKR1"
-14.0162432367545,0.449676203387907,-0.0174061965998436,-0.878291820654542,-2.09651375742601,0.00694158810557827,-0.0206570994838048,0.0115834690453224,-0.00723221877242201,-0.00194738342597192,-0.0089160887907246,-0.0226221918603459,-0.0492458897650507,0.017992499862383,0.0560239197653224,0.194910848337135,0.0068377579552509,0.444294233461007,1.62375962623524,0.0125693230867175,0.00926547006151446,0.011851475837446,0.0112555179249362,0.0135508405966729,0.0505142212815417,0.0149133171208134,0.0225738054725881,0.0223141594362281,0,0.0210499936828728,0.010909011517685,0.0480614472061115,0.196652412911268,0.580767302935797,0.0257825635391055,0.328377987670716,0.520516958587193,0.885729933307087,0.859896036492762,0.129288866902327,0.0291427459543399,0.420054568431163,298,"LINC00880"
-13.1876349280102,0.481256656195051,-0.00204443424808085,-0.308816527573272,-3.19659640409758,0.00275305195578507,-0.0117194216071129,0.0112674798271749,0.0120308013342093,0.0243734159352389,-0.0750477920779464,0.000993910376050928,0.0120272074310052,0.0275764298494571,0.0662719416007461,0.181874191120417,0.00728948656496962,0.298731541904672,1.24009536226837,0.00947916192484122,0.00677472546456139,0.0144724222542288,0.00869891573036798,0.0106255665361478,0.040306604146037,0.0116458809457119,0.0177887543486608,0.0180868040186043,0,0.00814265897747443,0.779121995148538,0.301248674916157,0.00994597050357807,0.771485765754554,0.0836527850485739,0.436245840624187,0.166657785331997,0.0217993318389141,0.0626139488729043,0.931987617774964,0.49896892626016,0.127341119462499,299,"LINC00881"
-10.0259152754407,-0.0759707900876777,-0.00441511010128847,-0.455733291386528,-2.24101871846532,0.00307653791844502,-0.00218028420936122,-0.00170391870925776,-0.00560841349415796,0.000996166736524889,0.000260294947635809,-0.00957636520000232,0.00283837242879449,-0.0366621605233386,0.0305960574512101,0.0733716908993747,0.00315427829798643,0.0661348708786522,0.250514253304861,0.00196759964552202,0.00157848867771928,0.00504790619914885,0.00212557787783563,0.00218152878129723,0.00743030720743574,0.00236386826389172,0.0035635859565025,0.00529521524055008,0,0.300471066891262,0.161596832588969,5.54139308132272e-12,3.69688413616728e-19,0.117911640855386,0.167202744025753,0.735702629682215,0.00832648889018771,0.647931987241929,0.972054607814856,5.09683370841748e-05,0.42574535350424,4.40185766644873e-12,300,"CCNL1"
-13.7376012262666,0.314352114457938,-0.0161757836491818,0.21479276064563,-0.212068461216869,-0.0141903973407095,-0.0196102410997253,0.00632868215506939,-0.011455665174542,0.000213455573170348,0.00515090853716764,0.00271070731316017,-0.00820955150154771,0.0144959811322287,0.0604073000776903,0.184670791408973,0.00690246265664734,0.348731657971422,1.54133002884613,0.0117266859233455,0.00839759523418781,0.0148885772030883,0.0103325446625246,0.0118334301611672,0.039672661734063,0.0141916949671884,0.02193268584193,0.0268850979621843,0,0.088712308549487,0.0191047830706621,0.537943615320204,0.890566068033691,0.226242659512725,0.0195318764073942,0.670785908905376,0.267560753451651,0.985608258277441,0.896696801746168,0.848520427317071,0.708176139713564,0.589760759747679,301,"ENSG00000241770"
-10.315891318679,-0.0300768750254715,-0.00910974820483375,0.332915170272424,-0.820006156225299,-0.0142736836750806,-0.0031982698518234,-0.00458151533761056,-0.00453511668092367,0.0113868130964879,-0.0113911045163338,0.0204718278684395,0.000392279441463787,0.0275168364982765,0.0472323379883849,0.116883044465132,0.00472661536836038,0.10277266083995,0.457033509447009,0.00355393519834818,0.00269151274782689,0.00754180846172039,0.00358666438792522,0.00393100674895325,0.014166015928155,0.00412505466100315,0.00609266863080379,0.0081826387504597,0,0.796928254079321,0.0539385011702417,0.00119808384156514,0.0727824274156395,5.91180211014571e-05,0.234723248611577,0.543530869097196,0.206072667336694,0.00377151203915254,0.421330618752646,6.94835502809565e-07,0.948663285151534,0.000771473979896569,302,"ENSG00000243176"
-13.4122869741217,0.0602651927600144,-0.0126951036030695,0.431519328752745,-0.754188126440328,-0.0186764514132929,-0.020635933082031,0.00617131471124252,-0.0259014063641383,0.0317825372635485,0.0988560617693209,0.0304060878660581,0.0456982935694643,0.0166271328234338,0.129462558824937,0.321127782077239,0.0130150631211439,0.36717704759885,1.54122096648205,0.0116742759736998,0.00835773824724569,0.015635556061436,0.0104341784874858,0.0124953139306608,0.0450202048244892,0.0141940469847011,0.0227123856475773,0.0297896137500131,0,0.851137443760195,0.329353843798423,0.239900698990088,0.624597764733282,0.109644009815909,0.0135460535340064,0.693066156374764,0.0130514674105059,0.0109730301655894,0.0281051546395171,0.0321796559675466,0.0442154182575295,0.576740587120224,303,"VEPH1"
-14.9361299593777,0.0338549023289831,-0.0036995273818907,-0.661532773413187,-4.41830192910591,-0.0097732611084875,-0.0074455490422052,-0.0492952005460332,0.0202271571402447,-0.00669411352413703,-0.0489346137730998,-0.00233047235667083,-0.0133264231044565,-0.0197270044357561,0.131357140582542,0.360052099772401,0.0141476664478057,0.664701529874605,2.65000709069612,0.020867974942689,0.0185869840858756,0.0740378634438357,0.025856618074728,0.0267729694533677,0.0910022604363439,0.0266077962082747,0.0375665849307979,0.0565409946591866,0,0.925087083279512,0.793711712613146,0.319623046248321,0.0954588835908976,0.639543053452895,0.688730365128361,0.505532114623987,0.434049084695072,0.802562185289121,0.590763705444936,0.930205672500204,0.722783329228027,0.727166358349966,304,"PTX3"
-15.2402724222258,0.208395270159814,-0.0123118149031611,-0.706217158429613,4.79629663470294,0.0284424937650727,-0.0302441723841311,0.0157272384260779,-0.0142160317732842,-0.0144601904455293,0.00573542784528615,-0.051842793769561,-0.048860364861315,0.00704090844166719,0.281075731012005,0.659592304549894,0.0309322085653258,0.878469465354748,3.3374891280602,0.0259425336140786,0.01785278719261,0.0191917125323914,0.0214961970309595,0.0217106939734233,0.0452321615446853,0.0277717192258375,0.0422880031566551,0.0551919546128122,0,0.752043818205908,0.690611219332914,0.421444502933018,0.150690346614492,0.272918941130024,0.0902487768610113,0.412512196899592,0.508402144296619,0.505385538508234,0.899098874898413,0.0619368252232999,0.24791886038701,0.898488258532372,305,"ENSG00000242536"
-9.12130753305544,0.0286980741757103,-0.00382026336853984,-0.259235949636029,0.379046281114241,-0.0106326485908827,-0.0129728084675535,-0.00801770748004291,-0.00766295479653053,0.00977717837458851,0.00282767231322827,0.00615855762522529,-0.00771870731218974,-0.0226073228666813,0.0476286451797571,0.114503546456039,0.00486913117674366,0.0518041657819438,0.220561954241266,0.00173018078079201,0.00140339787536492,0.0048420557600272,0.00192968834746149,0.00190445695397062,0.0062980744943391,0.00203350126709623,0.00296917534816841,0.00449329387695386,0,0.802099845355574,0.432694990153684,5.61083049211975e-07,0.0856967271464353,7.9763523773202e-10,2.3776955454555e-20,0.0977526406522285,7.15463024740955e-05,2.83888602770017e-07,0.653450342116106,0.00245731464847269,0.00933289018028454,4.87044464892755e-07,306,"RSRC1"
-15.0551954135209,-0.210536468568561,-0.026550379344924,-1.9782761703355,-1.75696121254637,-0.0205442775673132,-0.0175244491718726,-0.0172218065079584,-0.00684440633866936,-0.0333560312149003,0.120823071854488,-0.0684923474876271,-0.148768756932219,-0.0517129298706529,0.101899802049481,0.318016971114285,0.0126703967917204,0.834104499009737,2.84406942388122,0.0234140667672232,0.0204431088266555,0.0764555530847094,0.0270278024223329,0.0265370397018138,0.0890308829263562,0.026358566924547,0.0357325615477071,0.0615400502373732,0,0.507952613786617,0.0361296322394653,0.0177047070773516,0.536731494704302,0.380251432400445,0.391317704921805,0.821782828873541,0.800086027212255,0.208767659105486,0.174752076854211,0.00936360664687962,3.13550677612075e-05,0.400732680864425,307,"MLF1-DT"
-9.68495140458664,0.00673404029477209,-0.00243837957717393,0.0746954463271479,0.861128534747013,-0.00813471679087302,0.0120183802929998,0.00133485200833277,0.00527037620939332,-0.00446068548244278,0.00224173425804111,0.0247436411204234,-0.0323381254286754,-0.00860110845075622,0.0217368359829375,0.0531849887780354,0.00221807069024272,0.0578219691787514,0.253910269471142,0.00195176600445478,0.00160911912299204,0.00538624433852711,0.00218002786264256,0.00214435310191111,0.00703454899302016,0.00233018815187931,0.00337153496453672,0.00489532533498991,0,0.899244782802874,0.271626525029938,0.196420265657486,0.000695192997286793,3.07452409469095e-05,8.08563263580508e-14,0.804268948332622,0.015624405351365,0.0375070999082265,0.749973043369343,2.43853552016975e-26,8.68016498083459e-22,0.0789170488586011,308,"MLF1"
-10.146452653076,-0.176006612442021,-0.00612116825925281,-0.220638826819962,-1.54238242442855,0.0012228599449958,-0.000767875526633938,-0.000266081905201465,-0.00420801858099065,0.00295764987814307,0.00744409977210902,-0.00316403248943563,0.00299097537230637,-0.0137456067886648,0.04668281032488,0.111756966751655,0.00479047376822956,0.0716661219582637,0.28297855135377,0.00221561945545015,0.00171086544497134,0.00499098727969413,0.00225033313348598,0.00216001152146243,0.00625086298106048,0.00258334695781067,0.0039469941782711,0.00585649409161861,0,0.115278360501603,0.201327252082375,0.0020790264335609,5.02205877691885e-08,0.580998447540928,0.653559444724643,0.957482937432371,0.0614902592768826,0.170913314845019,0.23369617051755,0.220658005376571,0.448579341194503,0.018921654459958,309,"GFM1"
-13.2627166213663,0.108680546914447,-0.00938351142906274,-0.537204788867262,-5.80143806285124,-0.0628867718452238,-0.0145041880713068,0.00961533387036941,-0.0229874096714565,0.0119263288827572,0.0204503387953117,0.00447539905846668,0.0195147009351018,-0.0211951425046353,0.0771158640457333,0.206362849319651,0.00809645390683963,0.333809284998092,1.36977013485543,0.010769933161058,0.00750327894977656,0.0134970646026668,0.00928994528611522,0.00906559300917529,0.0175921032729777,0.0124810058237798,0.019847155655138,0.0281844046279056,0,0.598438170121438,0.246470213878506,0.107547153853159,2.28209246639244e-05,5.24819501641493e-09,0.0532304540299651,0.476215966705355,0.0133445335933057,0.18832186495786,0.245043530602517,0.719911709278816,0.325484780336701,0.452041025667096,310,"LXN"
-12.7410818283382,-0.0978265908088164,-0.00751848118736477,-0.416243273313182,-3.4828863742272,0.00978254123015151,-0.0117238265943558,0.0077411806039655,-0.0242517755466976,0.0171641103815453,0.0274029651642066,0.00455016961859842,0.0290336436648827,-0.0229273435499285,0.0699177933095778,0.170055382339121,0.00703438654743016,0.247176326606929,0.892522596461636,0.00680730794213025,0.00494162585739826,0.00538323048058433,0.00572450663440329,0.00556949477038765,0.00664061151465418,0.00814523954933143,0.0132735414879947,0.0191017508209733,0,0.565113355849083,0.285151544212522,0.0921829671917363,9.52849690246923e-05,0.150699640179688,0.0176699125949178,0.150429037905127,2.2704801285429e-05,0.0020574789179161,3.68209884922572e-05,0.576414726609474,0.0287182874339222,0.230032767455247,311,"RARRES1"
-10.3549118311835,-0.059533911095705,-0.00433642178281322,-0.139876613478779,-2.14241329257896,-0.00732233074284887,-0.00670914701077061,-0.00392695399070435,-0.0105068605358508,0.0116317535716277,0.0124503821015404,0.00881084963845642,0.0145159348193076,-0.00206512705295301,0.0251122817452519,0.0613561311412254,0.002588303429596,0.0748886251159433,0.303105856194469,0.00235372038987897,0.00183374715437419,0.00565665457781489,0.00242355309033665,0.00228715144968143,0.00618485218070428,0.00281684800596368,0.00435780292869609,0.00617237482650612,0,0.331896513961012,0.0938574267746196,0.0617906247314378,1.56954439952443e-12,0.00186479994181426,0.000253489082874268,0.487545221902603,1.45553051462085e-05,3.66283220884097e-07,0.0441099576833,0.0017605353047682,0.000865279496745731,0.737945126140235,312,"MFSD1"
-12.2086246184237,0.00702614562777795,-0.000655901797369436,0.117084932606374,0.0448094905093732,-0.0058359767595615,-0.00623598547352077,0.00193576540558643,-0.0130775413675344,0.0113678280558097,0.0104416015563779,0.00515220527204814,0.0120106516185939,-0.00471544346086047,0.0369999258989037,0.0941912005746758,0.00404915814542765,0.16521423744072,0.702606131333507,0.00547515085391627,0.00389479632683939,0.00931694917549254,0.00505164649355529,0.00523649037996925,0.015543112429517,0.00647558117472878,0.0100992554135631,0.0142402427348763,0,0.940537349312692,0.871317877107447,0.478519671932491,0.94914849577972,0.286467737224461,0.109353232820999,0.835409993165006,0.00963199315507164,0.0299397273279832,0.5017217356705,0.426243656541259,0.234336937097294,0.740542479136494,313,"ENSG00000240207"
-14.2436075632198,-0.00440899399322691,0.0125816801432734,0.216748058017662,1.8802073701754,0.00311479789344092,-0.0110849383771877,0.0102515253627245,-0.00126193043581607,-0.00627156201116113,0.00664643524336539,0.01168732206737,-0.00452493236403022,-0.0236819524993049,0.0629142438327785,0.180258460423494,0.00771442920693949,0.426695950629808,1.8986670618449,0.0147022422743813,0.00995973627567098,0.0172813628176152,0.0124868857317378,0.0140474131770442,0.0442644432005443,0.0171848316946942,0.0261166739218966,0.0383161819200696,0,0.980486255711556,0.10290547050455,0.611475506539524,0.322038475570769,0.832217274021591,0.265719128055602,0.553038757591466,0.919502464386779,0.655267369135482,0.880643971854339,0.496444164447022,0.862448344369317,0.536531434201089,314,"ENSG00000271778"
-13.9664769532034,0.398855955900499,0.0164593980715784,-1.1602860971991,-8.88000591739408,0.00518545556545883,0.00324002625867982,0.00513417446521439,-0.0205453098473048,0.0101561213066113,0.022909851908856,0.0101630280122614,0.0363838579725439,0.0265543654716349,0.0594450070627303,0.170558253908246,0.00678716767906452,0.466500993784402,1.54466153554798,0.0121964765798919,0.00886452331348292,0.0135783898813735,0.0106801666508026,0.0102477115778134,0.0159568919933251,0.0146273572216807,0.0230627134876034,0.0254738405295543,0,0.0193596612030869,0.0153051784318298,0.0128749250047315,8.98599000293762e-09,0.67071994671343,0.714734587559468,0.70534617368093,0.05439368636942,0.321655126936559,0.151078054757566,0.487183209982149,0.114656324582185,0.297218369114322,315,"ENSG00000272247"
-8.24579265519522,-0.0344666701997148,-0.00794656858770616,-0.186660795477124,0.788428660911019,0.00245631298753826,0.00500666587564406,0.00471405923913014,0.00910887388651404,-0.0121443706702631,0.00448576970524491,0.0100571677742486,0.0110626313969134,-0.0449556072420418,0.0493455590753102,0.118638987673988,0.00487281929026435,0.041609096678125,0.182515762746071,0.00143886789200594,0.00109545002519407,0.00306337647129458,0.00144635591775792,0.00130942779518925,0.0033189807683394,0.00160627492527052,0.00235581337075827,0.00369971173638367,0,0.771420570429742,0.102933615183517,7.25532077189967e-06,1.56182036955449e-05,0.0878006762482843,4.86749467116435e-06,0.123842326482908,3.01881392864317e-10,1.78348510785578e-20,0.176519194237069,3.82088404983924e-10,2.65453362165535e-06,5.65914368912672e-34,316,"IQCJ"
-13.7440771495667,0.0335981648820903,-0.00470744936185669,0.13250695026562,2.89551461331158,0.0272794052908181,-0.0201018520597949,0.0256246634466549,0.00140760863436186,-0.00893616390646258,0.0358364375104947,-0.0220618958138369,-0.00844168820566166,-0.0149271488746486,0.147503370938933,0.370455287441435,0.0137329134933418,0.371295092012148,1.54589492339155,0.0113548753973053,0.00848706182774014,0.00897657491383316,0.0095327948462874,0.00951331681232799,0.0167390214155269,0.0132582601186565,0.0209954166745509,0.031508727955474,0,0.927735538717725,0.731759520462904,0.721183340877082,0.0610636131728697,0.0162861121252773,0.0178589802649445,0.00430890579819623,0.882611419848042,0.347560260029091,0.0322827461518367,0.0961101537687949,0.687630371530939,0.635680705859561,317,"ENSG00000286913"
-9.54477670213602,0.237232540218992,0.00176114253421697,-0.0996516178051467,-0.0778126161913623,-0.0032971684843882,-0.00193172726472932,0.00508430248642521,0.00399544760044563,-0.0115506369811133,-0.0144065360506136,0.00808596825721779,-0.00636635592977936,-0.0148144961149215,0.0552665504442027,0.136438082833199,0.00552433692705457,0.0544614246757776,0.239825153145693,0.00184809729474706,0.00140464629783025,0.00380062950757514,0.00186291855979624,0.00205409010337574,0.00765441871922412,0.00216697914492788,0.00327348722167589,0.00480170642791133,0,0.0820776845734222,0.749880385398486,0.0672850615890572,0.745593124591697,0.0744093424445006,0.16905672231475,0.18097705679388,0.031974858333366,1.87411202815726e-08,0.0598196979930221,0.000190382918115419,0.0517961859654363,0.00203376656721197,318,"SCHIP1"
-15.23643742119,-0.37525011722209,-0.018879393863842,0.786256726836575,-4.63858081290371,-0.0367723509515908,-0.0111337351300495,0.000862311879804745,-0.0118970319026079,0.0271115867574792,0.029466361092062,0.0296748082366426,0.102834104478011,-0.0104167323602258,0.108135721182911,0.296705414456454,0.0119980301322471,0.692723245619372,3.05832750990472,0.0234905516115688,0.0162648142791142,0.0298175237314267,0.0196393937681929,0.0188938121258718,0.0230787699515194,0.0285815567817908,0.045379671700624,0.0626041701760974,0,0.205970696080378,0.115593572973492,0.256365735869472,0.129341165915729,0.117486739791533,0.493641258109688,0.97692868632329,0.544664912063877,0.15130268784916,0.201682235989996,0.299153567584767,0.023446299343897,0.867849735339941,319,"IL12A-AS1"
-15.2742319011454,0.377537731167326,-0.0146453176103347,-0.80245750889027,-8.06214834278689,0.0148686995848516,-0.00725346349335877,-0.00361051862446079,-0.0574945547767817,-0.00475328751500536,0.0242518911093439,-0.000950269152586481,0.0899035842461238,-0.167244973255591,0.114332730627548,0.307731976051703,0.0112195142770842,0.751243554295685,2.57862558446301,0.0199956951345234,0.0153973878577998,0.0254402869768321,0.0190772498796178,0.0171231478946898,0.0179858976141965,0.0255565526355437,0.0409100747335172,0.0595129809819963,0,0.219882936572995,0.191775981554536,0.285442825134655,0.00176882901184999,0.457121509031424,0.637580730441677,0.887142168889518,0.00258018368344009,0.781323841299731,0.177535004975241,0.970339097768064,0.02797831362703,0.00495066019287994,320,"C3orf80"
-9.91488382024502,0.0124096018844304,-0.00676482705135292,-0.229366563996281,-0.644652141327925,-0.00732229535169879,-0.0123649472107401,-0.000266456843791181,-0.00465723187773294,0.00435860038407957,0.00950203003898903,-0.00264157582283971,-0.00111720029640451,-0.0138792878596391,0.025943675112581,0.0636188774980195,0.00265002800729085,0.064188056453816,0.265651685580008,0.0020581174864246,0.00158863609992437,0.00471194852448964,0.0020922388068317,0.00200901306814021,0.00569150849967296,0.00241498932250236,0.00370967952897725,0.00543814678573661,0,0.84534470109515,0.0106879877052124,0.000352439554265136,0.0152376089194085,0.000374025776261296,7.06160787661267e-15,0.95490431506783,0.0260171174983852,0.0300429878470504,0.0950163612443769,0.274031714244781,0.763293885798444,0.0107042247293391,321,"IFT80"
-12.4274208613033,-0.0262084656929397,-0.0161835109064265,-0.223014477625968,-3.07185371176239,-0.0236875415206639,-0.00912828860303954,-0.0169136812508882,-0.00453122235818702,-0.00249815149802414,0.0113837535941874,-0.00476172443739895,-0.00185116555173131,-0.00523285874466972,0.0289568204522285,0.0928476791730494,0.00361182413244855,0.218268923045733,0.895032622751548,0.00704986859198872,0.00607534175838516,0.0235825004048202,0.00836416392497548,0.00747333123520373,0.0190319363165919,0.00858461307604192,0.01252102054698,0.0179081334496763,0,0.777733586246664,7.4397610638153e-06,0.306903131849923,0.00059889645221265,0.000779431507580854,0.132964306491747,0.473242538116153,0.587995966549085,0.738171680091397,0.549746830553421,0.579112661425156,0.882465392886628,0.770129350588311,322,"SMC4"
-14.7982624648984,2.5699726744667,-0.00247914219634458,1.4240390038427,4.44896468367289,0.0110747178919047,0.0241300462494363,-0.0348067818681427,0.0467621029692622,-0.0055617966136697,0.0433605086770944,0.0191071722242374,0.0649208928260531,0.0239011492220068,0.166865133240807,0.563176578642187,0.0162113827121401,0.427347400189741,2.53153403618946,0.017759971216824,0.0155029690487454,0.0615500989291514,0.0219862650630149,0.0169702725979685,0.0256100565003337,0.0222627984740173,0.035438083288608,0.0446307370114478,0,5.03434271655584e-06,0.878456618231584,0.000861391313347687,0.0788465066477994,0.532905111580003,0.119594225017169,0.5717315045502,0.0334302231086333,0.743110062499706,0.0904355275737121,0.390751321686342,0.0669584660053978,0.592282634329597,323,"TRIM59"
-10.0599948390868,0.0476379947115394,-0.000988647511756437,-0.00453652321061509,0.732295743299019,0.00849009327563269,0.000438638164237108,0.00100882588301602,-0.00441316822896525,0.000349321813472285,-0.0103088357446047,-0.0120736724893896,-0.001796316982293,-0.0410487731450507,0.0186355670357087,0.0467789424627942,0.00196755744488386,0.0660951781568457,0.274891592793622,0.00213135325478426,0.00167043144032857,0.00508923018332625,0.00224763184441382,0.00246824860777359,0.00902054678716992,0.00256548781503727,0.00381944797475763,0.00567507452026758,0,0.308504965806602,0.615333760902228,0.945279187183891,0.00772304732998673,6.79281182218029e-05,0.792866805856862,0.8428669945695,0.0495910431077087,0.887454274186187,0.253114508721663,2.52389598155869e-06,0.638134974431693,4.71851576048143e-13,324,"KPNA4"
-11.551565755366,0.256077204332768,-0.00459433440582444,-0.354851424959299,-6.52819245797174,-0.0162006559957888,-0.0164448611183238,-0.00915725687241832,-0.012396457712553,0.0150452342782263,0.013111868948185,0.00810285179797438,0.00507561036632993,0.0171463215897965,0.0384349081210259,0.0973947084572162,0.00401890599223118,0.129646702750456,0.51438049699457,0.00402992179683776,0.00326697830979617,0.0108741023462957,0.00437105758113012,0.00419130533808703,0.0121579712993068,0.00493956395100916,0.00757020944850746,0.00905128751216515,0,0.00855678262729313,0.252963714166559,0.0061990083240788,6.6021960258241e-37,5.81754419558534e-05,4.81200458361307e-07,0.399722959203169,0.00456779168633888,0.00033114798945719,0.280829138879955,0.100922400037604,0.502557211132611,0.058178347262233,325,"PPM1L-DT"
-9.40326389372664,-0.0812526750956142,-0.00518715086533602,-0.236777170372884,0.719514481757231,-0.0111870225160446,0.00353017494286743,0.00421307252308068,-0.0012652546025451,0.0112938882671983,-0.0188598336692584,-0.00734409402446057,-0.00539102578013238,-0.0519580812303341,0.0196119691048267,0.0497422326404959,0.00208793517017962,0.067949191226476,0.286964496444813,0.00225225895329079,0.00164392628864055,0.0037768760240885,0.00216035440765613,0.00244751297923796,0.00915727181630673,0.0025569766054512,0.0037918185124976,0.00586006142131204,0,0.102369212079551,0.0129790072850889,0.000492834798473814,0.0121647332422315,6.7988450518025e-07,0.0317610814433553,0.26463992448784,0.558097348797443,3.94167103585821e-06,0.0394418468405411,0.0040765223559701,0.155098241210173,7.54986765506722e-19,326,"PPM1L"
-10.4571925931304,-0.0524575806109938,-0.00649532389671694,-0.540753537335954,-2.50412956283879,0.000323336722959476,-0.00776055899655846,-0.00951617779967194,-0.0155091038912416,0.008462635595382,0.0108935874141179,-0.00778691746772006,-0.00115190793854999,-0.055851732980975,0.0615217538806449,0.145222036408387,0.0063825493840182,0.0843011121866728,0.321689983299783,0.00254738848881585,0.00212302864073836,0.00765555904858534,0.0029269561900853,0.00256564243063276,0.00669675529878405,0.0030373570442545,0.00457968184367657,0.00685411961451499,0,0.717932538961596,0.308835191257976,1.4124121086716e-10,7.01032976178498e-15,0.89899682678646,0.000256762381481323,0.213852531668613,1.1662110503606e-07,0.000972212292128428,0.103801603943543,0.0103558574322193,0.801407651601114,3.68048799439279e-16,327,"B3GALNT1"
-8.54774210730548,0.0261325750179094,-0.00343603718145886,0.127389615036667,0.816064017238333,-0.0116150278399752,-0.00892474401842605,-0.00289921598879656,-0.00481725394248244,0.0148504977048284,-0.00018903092246023,0.00883482497509355,-0.0149831713796215,0.0234921354232505,0.0241127973193016,0.0589843472537493,0.00242238259670951,0.0434656491151945,0.190293524715371,0.00146689109542866,0.0011086922615465,0.0028724283617314,0.00145702150359091,0.00157419911803102,0.00553492634734611,0.00168685437254993,0.00252413499865441,0.00334505617407424,0,0.657734965459736,0.156058392342078,0.00338078087294966,1.7992534856006e-05,2.41117862950152e-15,8.29336883044617e-16,0.31281842162643,0.000945591051297264,3.95931371244596e-21,0.972755637522438,1.6280539961635e-07,2.92126090121934e-09,2.17244446147929e-12,328,"NMD3"
-11.7039886366116,0.0437487740463256,-0.000410825633653585,-0.0336850302979036,-2.79106517371701,-0.0257871800249541,-0.0134270257214321,-0.00309867621712578,0.0123349111999093,0.0128941672394739,-0.00846432963590364,0.0144568668033515,0.0253987088023337,-0.00377942477444337,0.0569344699520617,0.139353249489359,0.00594252971511129,0.159276353016495,0.674729353457797,0.00527199716204744,0.00416909531972768,0.0139479882440239,0.00560442463032785,0.00609956498927826,0.0219669892107911,0.00642460086202167,0.0095730360178282,0.0137246262455624,0,0.753565438169477,0.944883656295309,0.832506529597738,3.52535908732803e-05,1.00147017546886e-06,0.00127918558375773,0.824189825388888,0.0277414232127732,0.0345196524654132,0.700000030093552,0.0244339814241618,0.00797442196857402,0.783027823107771,329,"SPTSSB"
-15.3496958205802,1.14066496159408,0.069799066387427,0.255349172159434,-5.14426467249889,0.0129956892655999,0.020772527383654,0.0112963031217002,0.0189849471365544,0.0352026761756827,0.0339610927719586,0.0849182829110778,0.164961698029298,0.0703064445850314,0.170273818170443,0.406747498507275,0.017060155791525,0.871865376004181,3.26296447220696,0.0253594957729806,0.017241597941355,0.0272885374631281,0.0206727852496893,0.0210108648775399,0.0354667659876233,0.0317950822322636,0.0508203041217167,0.0363922290029366,0,0.00504171362293728,4.28869521148056e-05,0.769616295587696,0.114896421376253,0.608330154916374,0.228283875254529,0.67890500744915,0.358433258329128,0.0938457624019915,0.338291272571755,0.00756708796967655,0.00117047003361375,0.053370841039506,330,"LINC02067"
-14.8733450258579,-0.31771586914635,0.0265940770219181,-1.9755483410162,2.19091298199996,0.0286345198901525,0.0251928980442346,-0.041939181835153,-0.00031390965608905,-0.0039334796584855,0.16495442840464,-0.000219735524175485,-0.0139022536772271,-0.184386198401283,0.150173978761809,0.353434043538352,0.0168613989267597,0.85862424967555,2.76623271354333,0.0224629777364594,0.0204765878348811,0.078238565441526,0.0270900530926648,0.0276037800028527,0.0947896856448059,0.0263155981465058,0.0373808086036975,0.0601547909932727,0,0.368684816336445,0.114745711905517,0.0214012480378543,0.428348730455819,0.202400280587718,0.21857469281119,0.591929305138856,0.990754611582352,0.886686767301878,0.0818212808554273,0.993337732856896,0.7099607129485,0.00217527710230543,331,"ENSG00000240792"
-14.2583560929961,-0.0424930242618167,0.00740604029303199,-0.658230404943125,1.68417852763366,0.0121156956925234,-0.00929038417801019,-0.0321302215757998,0.0287890543930693,-0.0164394524432012,-0.0764049967828998,0.00879746406010009,-0.0297800432097353,0.0396621438096046,0.123115779529125,0.307344844427317,0.012747912947322,0.558397989000294,2.09765799017857,0.0163025099071933,0.0148581510976466,0.0595753974951397,0.0206792577246018,0.0214203100709098,0.0755416471160927,0.0205687333598409,0.028264103127473,0.0313408256722637,0,0.890036155856533,0.561266736544284,0.238484346920003,0.422041098599007,0.457372844697006,0.531792627687592,0.589665860244407,0.163870746867648,0.442801927061326,0.311811247242321,0.668861874986297,0.292050141028911,0.205688388636072,332,"LINC02023"
-10.669219406796,0.119968283715466,-0.00115088470654482,-0.00469317328330897,-2.75415364910632,-3.53162519651371e-05,-0.00244423892481831,0.00343677211575253,-0.00692596504801405,-0.0101451325126508,0.00407997411204612,-0.0108522287459439,-0.000349374265255255,-0.0367308582317232,0.0262946005448322,0.065352089894202,0.00273598093967393,0.0813899035130548,0.343955509469186,0.0026956798983041,0.00205530985317577,0.00564963909835872,0.00270151150438435,0.00268464754209425,0.00818181989481932,0.00317987338876982,0.00485981931970201,0.00721264862365342,0,0.0663987495598407,0.67401219211005,0.95401719087477,1.17257822002819e-15,0.989547169101611,0.23434863861504,0.54297717672357,0.0103551971624698,0.000157494883638205,0.618016534037937,0.00064302313884934,0.942689144639436,3.53257674234753e-07,333,"SLITRK3"
-8.13305048196635,-0.183937510169368,-0.00494207282179432,0.0586707484553516,1.09196535458433,0.00288635036564547,0.016287671603416,-0.0191849545420419,-0.0284739141849257,0.0098124561461544,-0.0150427793744883,0.0117122051527298,0.0111076190679802,-0.0169417196623155,0.036748802382687,0.0878111306877452,0.00364453476170283,0.0456805044553463,0.197546474279591,0.00155406981977049,0.00131030851433963,0.00466136598774975,0.00182157150574796,0.00182649981824736,0.00637149446269547,0.00181650413099651,0.00256851528490019,0.00391649158474755,0,0.0361981405649163,0.175091862348506,0.199011920230927,3.24571306037188e-08,0.063270635603864,1.78716156007953e-35,3.85944880681425e-05,4.44147983373319e-55,7.77501609952946e-08,0.0182281917608513,1.13588528042679e-10,1.52858033324271e-05,1.52021467216727e-05,334,"LINC01322"
-12.1556840096976,-0.119930230204436,0.013466109131125,0.104122745602212,-3.19661583961015,-0.0219993010815487,0.00346881944109195,0.000502363493355873,0.0167953615509961,0.0307217438650369,0.0164676925258022,-0.00229542604693968,0.143295433577407,-0.119575629771577,0.143745174309429,0.332984294391494,0.0153106018689288,0.230840415980948,0.904969678906697,0.00749117534391751,0.00558823186548955,0.0191776475836499,0.00779866260755096,0.00699385459643894,0.0170042597204561,0.00841425975292166,0.013337405168333,0.0186137747790735,0,0.718721631713842,0.379114842654945,0.651946719281005,0.000411976444916197,0.00331729629890209,0.534773015383408,0.979101595364531,0.0312699262867174,1.1196343617286e-05,0.332822109468648,0.785005499023756,6.33282393826615e-27,1.32704493230928e-10,335,"BCHE"
-9.87579337081573,0.154850996463832,-0.00233577770076762,-0.0897266663180502,-0.654848487843637,-0.00637806338333056,-0.00974850898992577,-0.00827039537278239,-0.0152406037605945,0.0178268825788182,0.0108786806365108,-0.000869215347200985,0.0011448915518599,0.00492502772927207,0.0517602135620468,0.126279691740303,0.00525576247110864,0.072148463672945,0.301903304041167,0.00235408579817209,0.00188925118559934,0.00636608249707529,0.00258371331919132,0.0024075811051742,0.0070303357641404,0.00275815044318763,0.00414542012325257,0.00581153566146646,0,0.220103048322873,0.656737341137907,0.213632337863142,0.0300775991647529,0.00674133660433826,2.46968783560607e-07,0.193897884472341,3.66330280424277e-09,1.31666836919174e-13,0.121768909650997,0.752652106331428,0.782408072084255,0.396740334518437,336,"ZBBX"
-10.5442648140127,-0.131570140205474,0.0163501139058381,-0.0607961798927366,-2.62612829264868,-0.028161974092315,-0.0500797006961444,-0.0329445403075184,0.0448148247075534,0.00175531609983809,0.0563541980121149,0.00602905695266308,0.0334443836576551,-0.0556713121822349,0.091008821385004,0.217134777878765,0.00896342731921637,0.150247210064252,0.637770791447131,0.005095720731027,0.00451138039544554,0.0172195516749514,0.00623717440340386,0.00609714406913702,0.0207724191903376,0.00598283604565424,0.00833562748057221,0.0131705108205484,0,0.544556147359882,0.0681382012006491,0.685741423500081,3.82725740417844e-05,3.26509372688217e-08,1.24397206762912e-28,0.0557217546371403,6.71499046670388e-13,0.773429775028897,0.00666904292097905,0.313586218973804,6.01500251803861e-05,2.36862583256383e-05,337,"SERPINI2"
-11.8881176611413,0.0627737454712161,0.0102588099009386,-0.13440334449744,-2.59929538013181,-0.00146797458228769,-0.0276800787069056,-0.0189004270788081,0.035807956970151,-0.0146571601443839,0.0631939070287414,-0.0107559377481908,0.0205086587942664,-0.0191673873552591,0.0450741629865945,0.11853512818447,0.00500812141202393,0.214650911983139,0.861408295834828,0.00702715500573297,0.00613987710117151,0.0245782096061341,0.00852939821954131,0.00856647574547647,0.0290993365605602,0.00839967560206031,0.01153510935217,0.0180969714685874,0,0.596403677243495,0.0405174201031247,0.531217549299694,0.00254873094842156,0.834526092908479,6.53656446966383e-06,0.441898530290631,2.69067620329815e-05,0.0870828336907608,0.029881209326068,0.200362936953511,0.075414756758567,0.289531974537571,338,"WDR49"
-9.79743044931392,0.00774742168465339,0.000520009073095466,-0.495266894692825,-1.78572090649014,-0.00150437491470218,-0.005970075966602,-0.0132334417061602,-0.00219873838010955,0.0013496028900566,0.00863002259835445,-0.0100897051573725,-0.0010577342286402,-0.0284806555757766,0.025835013103718,0.0623854719070853,0.00264186176202777,0.0606288595120841,0.238106911269403,0.00188170389902617,0.00163620699231814,0.00643098610179301,0.00230984239094766,0.00204287818672474,0.00582690338802788,0.00227560006697028,0.00335356735283362,0.00497748959968245,0,0.901167759703522,0.843957190136715,3.1139253556817e-16,6.39835204329531e-14,0.424015132650607,0.000263540885051399,0.0396129424220049,0.341147829510277,0.508844515156229,0.138589256507925,9.25582823058297e-06,0.752453646311365,1.05344560678842e-08,339,"PDCD10"
-9.36119470807264,0.0404432558910517,-0.00353494877298902,-0.187006622334073,-0.0872433700024151,0.00385071700760103,-0.0159917929656253,-0.00937582316551974,-0.00387811791693903,0.00128648332540603,-0.00278091773463568,-0.00480701736757215,-0.0100359326875996,-0.0164064727143285,0.0277382005399346,0.0670959145660002,0.00277178394968959,0.0554130236820653,0.233645498664121,0.00181204045578328,0.00152489915848368,0.00541321093723864,0.00208876416795807,0.00210783080265801,0.00720845448313167,0.00216818839437437,0.00317038211681336,0.00476430414226308,0,0.546663179668425,0.202191244766402,0.000738754085353651,0.708850311050629,0.0335805791919782,9.90052402278298e-26,0.0832688978227237,0.0633600163541363,0.541639786807555,0.699655481729276,0.0266185629560386,0.00154801875196721,0.000573973043199861,340,"SERPINI1"
-14.885732991709,0.382413499941983,-0.0184763579692239,-1.05926767577855,-1.0038073992656,0.022995711349783,-0.0164983468115712,0.0234695903242653,-0.0200486368312962,-0.00880979311074724,0.0300941722598759,-0.0362052448867122,-0.015795108064996,-0.096197628105729,0.114478481327015,0.321550889606603,0.0123101263105682,0.696825562062279,2.42568088911045,0.0183542822612146,0.0138620329427883,0.0120687606555854,0.0159052432565301,0.0153519447851446,0.0156364096261363,0.0220847474891277,0.0352372574419721,0.0537186243994664,0,0.234330165938557,0.133379549760714,0.12847750042442,0.67900227206248,0.210249417374766,0.233974732539714,0.0518163695433459,0.207487286569702,0.566065801627722,0.0542767107478289,0.101134600887094,0.653972629397093,0.0733304292022079,341,"ENSG00000287319"
-16.4659947066172,0.433395742955781,-0.0147639507756833,-0.492160239937773,1.82360020525039,-0.0677669973759234,-0.09582743458449,0.00958949704935931,0.185727446330727,-0.0656221492699254,-0.176338953281831,0.134127597589211,0.0300372660120481,-0.295287161580007,0.288869876145446,0.618750983193379,0.0258490515509909,0.726576221171735,3.48788489831948,0.0276885166998091,0.0262994916420566,0.0911570503218402,0.033335875983499,0.0356225465725258,0.120102763300814,0.0343341697720259,0.045962370972979,0.0718153935623623,0,0.483654778767211,0.567891019685723,0.498171834407818,0.601086705598588,0.0143860456772044,0.000268747562662112,0.916219066154271,2.52702707936538e-08,0.0654529035015534,0.142040688181869,9.36295190458039e-05,0.513421978725144,3.9266622594207e-05,342,"GOLIM4"
-14.3786894267015,0.0669625526412832,0.0131974250753053,-0.602016988507534,-1.94412609852663,-0.0298721796809903,0.00562220937887217,-0.0354245048427463,0.0191816652781278,0.0484806699189493,-0.000798768954365669,-0.0222325891818228,-0.00721836911664279,0.0134930572952006,0.068491023311949,0.196702807881718,0.00846506142733158,0.528509045174269,2.01170692920508,0.0159603946072858,0.0137261448767893,0.0558024520715229,0.0192595376071134,0.0204900694146338,0.0700783370787157,0.0202221870457978,0.0281824774819192,0.0362485452927395,0,0.733536497274471,0.118985355637946,0.254667495848262,0.333840950552819,0.0612558468460274,0.682100442583606,0.525545908681704,0.319271190186496,0.0179786814993608,0.99090572574932,0.271586801818382,0.797850699987899,0.709716245326593,343,"ENSG00000241882"
-11.0057374269819,0.11450373260536,-0.00548957240639038,-0.370172748700329,1.56851361161393,-0.00614566284294997,0.0075621166111634,-0.0172027622850845,0.00395623338577574,0.0490404717151496,-0.00436590486106942,-0.0268228836914244,-0.00542607844025326,-0.0101211024125247,0.0408074814572079,0.10031056856826,0.00413695839118547,0.114945014152806,0.468970436997359,0.0035860613380488,0.00319828009741245,0.0125534889067269,0.00449273181272545,0.00456010552789381,0.0156467846917233,0.00448701315588234,0.00654232676547001,0.0095195484424637,0,0.253665151879064,0.184522386649555,0.0012799698388953,0.000824044294760743,0.0865720764893852,0.0180577297972964,0.170575465937704,0.378542342597063,5.65983165905066e-27,0.780222658964324,2.2604237852332e-09,0.406889115184414,0.287695143704819,344,"LINC02082"
-14.3842967551705,-0.10782845959204,-0.0152717425845743,-0.221625792317501,2.29166164480384,0.0153048506325721,0.0265444601489403,0.0098637736676232,-4.22818937280938e-05,0.0364661677923161,-0.0240173660381999,-0.0485184684740131,-0.0360921774220372,0.00459762593377681,0.0681821300685111,0.200616381248475,0.00828558920800598,0.514701047240497,1.98005550961713,0.0150220716661537,0.0115305774013565,0.0251058457619307,0.0144492058720352,0.0174743497262721,0.0655639485699719,0.018041761013187,0.0266273707854853,0.0367574972624371,0,0.590932079207874,0.0653043146845776,0.666765569214048,0.247120235484965,0.308286419312828,0.0213299348131585,0.69440255397953,0.997665198879471,0.0369026217079825,0.714126530472105,0.00716167765770437,0.175272940815334,0.900460255907024,345,"ENSG00000272797"
-14.5100703460601,0.0584039487529521,-0.0106365683116142,-0.0939533269342789,2.62712220194718,-0.0155227164413804,0.0113731716740223,-0.0399472926416154,0.0134054813504988,0.0391752169759446,-0.0217674598418631,-0.0436779655460668,-0.0391594278593258,-0.0135414342928168,0.0730234198736689,0.224311597829076,0.00897104336407932,0.516249751940745,2.22803228837922,0.0170623309313372,0.0153040610683258,0.0617230684159033,0.0211459718378222,0.0226202635649934,0.0781234380597031,0.0219059749168302,0.0303566194117038,0.0449682266195979,0,0.794578594733483,0.235758312976362,0.855589000975587,0.238349543348267,0.362946303642223,0.457392504952865,0.517501224252336,0.52611368468739,0.0832978046906161,0.780529511518712,0.0461647695272627,0.197057648595071,0.763312784418608,346,"ENSG00000273177"
-15.2106971965533,0.284247901498333,-0.000199268326891009,0.611894818811087,-1.25617131649319,-0.00134378549372307,0.0200634381372191,-0.0393912324736858,0.000642121116817916,0.0383555822351149,0.0317419766818959,0.0222151502167698,0.109956054697746,0.0208970883675417,0.115708349780902,0.340642380879434,0.0125414980980363,0.805979676742027,3.42479164587203,0.0252670987611227,0.0228258878890563,0.0885738432645259,0.0317389836901308,0.0259327534345977,0.0516563216205389,0.0322278228304502,0.0474929666680237,0.0659429969373297,0,0.404029325667472,0.987323170579604,0.447736600735087,0.713777412405523,0.957585930820129,0.379413564278674,0.656516623269576,0.983858853771049,0.139129597753664,0.538895625355433,0.490624503681159,0.0206015996597209,0.751322328437975,347,"LINC01997"
-15.8650162989595,2.05353578354292,0.02191734268778,0.171128640023975,7.53466809170293,0.0659157323680922,-0.0122471208369027,-0.00255092865785522,0.0344420489648634,0.106723091954527,-0.0878886091777085,0.0385045195801802,0.0645500757794767,-0.0709261733899693,0.225846470745237,0.680232255823535,0.0261194406175098,0.901014206355564,3.98989350743867,0.0290499056394074,0.0200702868763987,0.0428541206097871,0.0256332605757122,0.0321546537675586,0.122954154973051,0.0365756507153971,0.0593295501216709,0.078116005335805,0,0.00253715642524728,0.401402023878761,0.849364843170589,0.0589671209553477,0.023265193404057,0.541721680564877,0.952533263598401,0.179062622869532,0.000903223599847009,0.47472771343202,0.292461812002304,0.276598640112212,0.363899590944953,348,"MECOM"
-15.3447313631578,0.76014616868728,-0.0157815893076224,-1.72793120131822,-7.07128748160899,-0.0249274737264009,-0.044863464610256,0.0147921245694742,-0.0247560607327243,-0.0283392724807153,0.0148930200788728,-0.0210686165446662,-0.0526869639575287,-0.0944507741840411,0.115160322175177,0.405489649271729,0.0121517361897801,0.782700649388178,2.80223177041629,0.0228733705881415,0.016941077752151,0.0155030285797555,0.0195253561739465,0.0188149495510186,0.0273403835602971,0.026665857150266,0.0408381197931352,0.0653313298470345,0,0.0608425880218186,0.194043244916547,0.0272684924981277,0.0116210089984869,0.275799819703684,0.00809201873560935,0.340010662838147,0.204836195015417,0.132013173344533,0.585941922127447,0.429471060275533,0.197001441084197,0.148255907018976,349,"TERC"
-14.7616111574697,-0.280110378846026,-0.00135659173658361,-0.594494178048363,-5.1230144379419,-0.0175704843695736,-0.0077572413174792,-0.00184832786041947,-0.0058904739776614,0.0177493059542102,-0.149587373323477,-0.0363110665863168,-0.0241444263780459,-0.00773213335324782,0.0998241038497319,0.268043498574809,0.0119859449495594,0.61659993673531,2.32313429350953,0.0194847376142167,0.0129481846088996,0.0186685958126287,0.0171699678312561,0.0212506908026106,0.0826774466433112,0.0219853280720091,0.0320174927900298,0.0483296076724084,0,0.296014481320642,0.909886364083536,0.334971257160548,0.027438894954589,0.367186352818159,0.549107029861103,0.921132448750939,0.731546977556765,0.403585798341659,0.0704061572776077,0.0986152038578692,0.450788519842446,0.872890916930333,350,"ACTRT3"
-13.9067476156081,0.390952067751153,-0.0213883540445709,0.0681884823935675,-7.2664388637168,-0.0574299283634292,0.0153358744119275,-0.0902549465209847,0.0305081580551532,0.00106614991270646,0.0424247322784193,-0.00645810201215388,0.0313002186199517,-0.0598281617432969,0.0625652469125969,0.19710611320325,0.00716173565480541,0.381265790002722,1.68662158464992,0.0131189434641793,0.0115652183651834,0.0451320169075735,0.0158273671399898,0.0121946413374612,0.016838886287879,0.0161173682047045,0.0245911934698163,0.0348258210201209,0,0.0473160841586397,0.00282212680726338,0.858057345972134,1.64528654807581e-05,1.19974791757415e-05,0.184828388636053,0.0455220103471795,0.053910206642184,0.930331521736796,0.0117538328171203,0.68864683242681,0.203081117824064,0.0858102271825397,351,"ENSG00000269889"
-11.2596869588178,0.0491933932998408,-0.00232338418921581,-0.372048266375992,-0.145826826143284,0.00736832540917713,-0.000608040596505038,0.00381649026938871,-0.00166311706907675,-0.00383853848816645,-0.0124668561123302,-0.00858643733054408,0.00364380101358539,-0.0329944945646411,0.0327174245361825,0.0808314903492608,0.00338194250203113,0.118495383269492,0.463564221116816,0.00357579911776694,0.00271940143137353,0.00725577297855534,0.00355061087043798,0.00407223999638441,0.0151826390016877,0.00430959624779937,0.00654891163820113,0.00961694634782193,0,0.542794950075286,0.492084649448692,0.00169080443122611,0.753082542862054,0.0393403156588824,0.823073589669285,0.598892642255559,0.639496365581645,0.345879876998566,0.411574633744211,0.0463272441747269,0.577938839652979,0.000601648428187571,352,"MYNN"
-12.2742465295997,0.105084030512282,-0.0026167615245992,-0.0587949413322279,-0.0997282623172266,-0.0171946766211641,-0.00633901214537093,-0.0304338904073912,0.0017784884949897,0.00468866784835228,0.0228188595193279,-0.00706956157594014,-0.00361608957698988,0.00602346823599293,0.0677085570831497,0.173619226182382,0.00673580202926045,0.181055972132497,0.796004168478029,0.00610344088347961,0.00529494341315227,0.0210535515897521,0.00749809362085653,0.00598477613440414,0.0121544748909527,0.00737222235590628,0.0110139283359886,0.0152478564892554,0,0.545009095162361,0.697656770885483,0.745382770647589,0.900297051627987,0.00484427924265927,0.23123553582701,0.14830440706789,0.812507772715355,0.433373204873524,0.0604627466019293,0.337586056406758,0.742669955357871,0.692815545565554,353,"ENSG00000269984"
-9.95496288614277,0.191453066939391,-0.00722816830938565,-0.315897455718012,-1.21951820305879,-0.0132849172412485,-0.0145166073211366,-0.00115187854476888,-0.00607140879198376,0.00838449417336294,0.0032982191180866,-6.70642943292985e-05,-0.00810578413507734,0.00118831665897049,0.0308139497036965,0.0764729365979023,0.00310135452876358,0.0646317631492642,0.272532937470339,0.00209716073163474,0.00160761570134749,0.00457296221332762,0.00211406873354124,0.00225199871429238,0.00774964414932552,0.00248368382348986,0.00381588815933431,0.00532304784153981,0,0.0122957729579523,0.0197718843421094,1.02046590681287e-06,7.64988764300021e-06,2.37779137567109e-10,1.71830405636445e-19,0.801126918729311,0.00408003020039925,0.000196764608893397,0.670402108140967,0.978458182606574,0.0336517912572788,0.823348800983915,354,"LRRC34"
-14.5886341087659,-0.25427992848303,0.00840176243171823,-1.40572374483076,0.294172017078428,0.00752257743504056,-0.0101927082424801,0.00969303238890025,-0.030966615427838,0.0118943713818847,0.0187780035784526,-0.0182299549930297,0.0179970981410957,-0.0590967480988783,0.0769545279875173,0.197078759894092,0.00903001543623644,0.651366091884676,2.08354267788109,0.0165181357903455,0.0109607448873975,0.011698236895892,0.0136053682463035,0.0133423333516087,0.0180328178386427,0.0192484735308587,0.0301547499782952,0.0445633150663019,0,0.196965529082366,0.352150488053082,0.0309187949745133,0.887721124881784,0.64881198509709,0.352408143882924,0.407336918854457,0.022842502408731,0.372673804535363,0.297725264057875,0.343595085350608,0.550624457743197,0.184796647398519,355,"ENSG00000270096"
-13.4203104552491,0.0288502911279407,-0.0154921747879722,0.118977300489769,-0.150060416062151,-0.013680509962289,-0.0161366788748995,-0.0200875654834088,0.0181713677984,0.0059620407433884,-0.0536149069493778,-0.00131662718603736,0.0248427384208667,0.0577017033287897,0.154323326551269,0.409375142315678,0.0143908992444835,0.311918136008826,1.41991104289925,0.0104946463186472,0.00929477476714765,0.0356940745519495,0.0128637024984225,0.0127831620327989,0.0450128153805273,0.0132941594615704,0.019545808962247,0.0240029494279176,0,0.943816418676559,0.28169215422201,0.702878576508504,0.915833892693056,0.192380109426053,0.0825457663481846,0.573591298402067,0.157771044337948,0.640930668701515,0.233613086804772,0.921108085550514,0.203728371426916,0.0162193370100819,356,"LRRIQ4"
-14.3610569495549,0.371535807564668,-0.0204164575605701,-0.414086626289958,-1.30368021119662,0.00680719933452695,-0.0262730655188897,-0.058846367735478,0.0433500404818942,-0.0283359962618754,0.0238501811448828,-0.0703375467501434,-0.0339539509637486,0.0285678874909263,0.0747048042297066,0.250547337014674,0.00911632009324183,0.537750092436151,2.2212155483479,0.0173498714678141,0.0158022647819087,0.0593675774496982,0.02094215433464,0.0168564944920263,0.032710408623141,0.020549343891018,0.0288558693173277,0.0335992553892096,0,0.138101870750098,0.0251201311964631,0.441278873368405,0.557256111985184,0.694800592595766,0.0963897413162701,0.321577857360051,0.0384533237084261,0.0927602755813181,0.465921380254161,0.000619657668639351,0.239325652087457,0.39518411348123,357,"FHL1P1"
-9.67151206376548,-0.0180082758276049,-0.00244876928450795,-0.248341015520683,-2.50670815915864,0.0126563335439529,-0.0200863991717948,-0.000724652353524475,0.00451570560685622,0.00426746937979411,-0.0123784110153077,-0.0200700965177043,-0.0115207116366709,-0.0437462079670982,0.033081553629502,0.0801437115700081,0.00333146576976695,0.0548593136974074,0.220481991516611,0.00171683386605494,0.00132182867206397,0.00351500520443271,0.00171401460394817,0.00193687740419225,0.00715675893522103,0.0020216933082409,0.00307802821169963,0.00467766702948263,0,0.822212821502816,0.462313546010233,5.98635645206818e-06,5.95173921393136e-30,1.6820879432086e-13,3.76358095392759e-52,0.836666180782201,0.00842418821819246,0.0275755240451503,0.0836997485206902,3.16494604537867e-23,0.000181918083873131,8.58900660499719e-21,358,"SEC62"
-12.3111391292017,0.0764076579154142,0.00717811200980361,-0.198908933918666,0.664982312118812,0.0179177657499105,-0.0654501635796725,0.0138037099696858,-0.0134772024047047,-0.0200685800113225,0.00296899755758025,0.00754461040520348,-0.0285430634134408,0.0231958631538284,0.0650758947242824,0.157927463155186,0.00690422141636183,0.207407179477466,0.880887611162846,0.00708492649245534,0.00545001263967378,0.0163252026730873,0.00715308346261859,0.00688883168701681,0.0191171338016053,0.00817165303682354,0.0119714845612063,0.0141298484462972,0,0.628517248073163,0.29849323425326,0.33754551075107,0.45030881245913,0.0114388641288272,3.17995895953513e-33,0.397806055676455,0.0595499783358825,0.00357739484717815,0.876580416598544,0.355868538401639,0.0171137722385282,0.100668466905393,359,"GPR160"
-8.7796188340475,-0.00458697594709759,-0.00370611195770784,-0.315200915207942,0.309942519388368,1.97685877200084e-05,-0.00578020175519999,0.00204654450218723,-0.00439902245272829,0.00510444262150216,0.00320855100142675,-0.000202664223790352,-0.00851520183783424,-0.0142171289485355,0.0261147971496122,0.0627128274178163,0.00260546547615957,0.0371047962852582,0.152931295506701,0.00117737680394493,0.000885096533965357,0.00225872884112699,0.00114414467743319,0.00121098572566332,0.00407701932281514,0.00137353733036821,0.00210477857992208,0.00310073887452451,0,0.94169268444244,0.15489926554295,1.98131844217861e-17,0.0426953355554833,0.986603855456005,6.5511511740194e-11,0.364903943671332,0.000120644351666278,2.49652290561106e-05,0.431290941468881,0.882698612146827,5.21776790300115e-05,4.53817441446684e-06,360,"PHC3"
-9.3810221105782,-0.0472935519225712,0.00139576115502905,-0.325708722753711,0.76068107595455,0.00095352579885133,-0.0145413986686054,-0.00337196030973621,-0.00799366442225233,0.00777033736333071,0.00494681937804403,-0.00565168317236331,-0.0187965730458864,-0.0249591912162481,0.0277884429883681,0.0665107158865875,0.00278583046852952,0.048583362797509,0.198500629123579,0.00155125035474183,0.00121999997497165,0.00385449760077523,0.00164568790142235,0.00164875678304222,0.00539115456340712,0.00182109929957014,0.00274276311292342,0.00409751473400407,0,0.477042935214097,0.616355942519693,2.0262288856247e-11,0.000127036337392717,0.538764694729106,9.40300171677992e-33,0.381676269680942,1.18973660067984e-06,2.44280408131958e-06,0.358838425907453,0.00191281196942273,7.22401563973295e-12,1.11997492346268e-09,361,"PRKCI"
-15.2861337748943,-0.196404866494144,-0.0197307497345987,-0.241585269790161,4.77186613187323,0.0193711647670817,-0.000759512232701975,0.0273025061620353,0.0238910407165728,-0.000149415146923234,0.0132907642893746,-0.0496299328712962,-0.046033521623389,0.0235569631058076,0.106256525640423,0.31772765554066,0.0130407356334828,0.802324974216345,3.175514122923,0.0239767185984565,0.0168256101025345,0.0226465354811742,0.0196302726088567,0.0203072081614694,0.0394855646073566,0.0268718284490547,0.0404817854257361,0.0357197791893606,0,0.536473320296666,0.13027738534094,0.763333279931778,0.1329147118231,0.419139175630497,0.96399551989434,0.227974433821458,0.223584854745127,0.994129426246689,0.736419921817649,0.0647597310355799,0.255479102295911,0.509578902360026,362,"ENSG00000239628"
-10.6820951119753,-0.227813363091673,-0.00417899949731902,-0.312003304699049,-0.798272226762346,0.00653573569049948,-0.00752444191599824,0.00135562685519156,0.00256475641861531,0.00174123139660249,-0.000279085878975032,-0.0244068612681179,-0.0150863497431276,-0.0163094280170692,0.0641734800755246,0.150711519117224,0.00660778687574165,0.0909768082324232,0.355618377094669,0.00283714312904339,0.00218749930761048,0.00646447539948928,0.00293448704597004,0.00302440404551074,0.0103608914276255,0.00325667562767311,0.00488318008193716,0.00740459857310418,0,0.130639315498661,0.527102293430089,0.00060473507128048,0.0247845701029741,0.0212432705487179,0.000582260435284467,0.833898642306215,0.382115518184512,0.564799649010552,0.978510402294376,6.65974208392461e-14,0.00200526206780866,0.0276223899265271,363,"SKIL"
-15.5591415726755,2.10692498440439,-0.0368484278302245,0.782764104155152,9.67085422675525,0.0534361394764292,-0.0157433884175371,-0.0488327988488347,0.00347303265325573,0.0055326754264568,0.0175345213533447,-0.0206659338906674,-0.0355504844213493,0.0376372497282219,0.285439804223144,0.845012634677439,0.0323870368351169,0.569862482467592,3.01264099419925,0.0214014035523234,0.0193659629061206,0.0746362377585084,0.0269383509604088,0.0263297594302027,0.0877787757927662,0.0276373539346876,0.0413060151457359,0.0386991460178408,0,0.0126538669278541,0.255223899814055,0.169565352809802,0.00132692575836756,0.0125301203937105,0.416251792299416,0.512933144355425,0.897416825547738,0.833566120312747,0.841669773215165,0.454608728933843,0.389424670450534,0.330771924618509,364,"CLDN11"
-11.8620472589451,-0.0856707948623034,-0.0108759779559724,-0.17678567613327,0.0185208729733193,-0.0404976622929931,-0.0663404793325183,0.000260837097720493,0.00567892585526077,0.0768641889513366,0.0473765572658286,0.0284269246752798,-0.00950919849155594,-0.0552981951806775,0.104757275755208,0.245868897630853,0.010819724514204,0.204795462365734,0.889165232987203,0.006794482149214,0.0049991313022953,0.012594741238014,0.00628272468101403,0.00655757206637827,0.0187492076195797,0.00798968015093523,0.0122874636834567,0.0178968315624723,0,0.727509045454601,0.314800961236413,0.388010783048917,0.983381660082468,2.51659575329001e-09,3.43734295588605e-40,0.983476991462034,0.36605087560564,9.89748860875449e-32,0.0115088514602995,0.000373752925016462,0.438993282072384,0.00200270029509438,365,"SLC7A14-AS1"
-9.52792246742155,-0.161497500463674,-0.00456345094440545,-0.273979969044428,-0.4256656112059,-0.0369442641524461,-0.0351719140124994,-0.0171290393135252,-0.0101970894329111,0.033672481789813,0.00863060101390966,0.00306133758090528,-0.0578822918176755,-0.00968774776929929,0.0469384953888805,0.111047677306227,0.00473799206565009,0.0587897463707237,0.258531920724661,0.00205447809716342,0.00170670883607283,0.00626571260413686,0.00236242424820221,0.00231355821195348,0.00760879981628009,0.00239561586066494,0.00343177156802302,0.00505295521502164,0,0.145860995931028,0.335466546163735,3.15693675558863e-06,0.0996665862679914,2.68082025412814e-72,2.32483541903923e-94,0.00626130918587939,1.58618370665485e-05,5.47538846106928e-48,0.256672069864617,0.201287621470665,7.92377273959036e-64,0.0552069481110432,366,"SLC7A14"
-12.8864991101992,0.123327622876047,-0.00934871152958447,-0.25451994038455,-1.40770795239516,0.0466504512383207,0.00980711679373523,-0.0200803841388224,0.0497560308272025,0.0317305716823465,0.0304885098829514,0.00271960037776301,0.0411885139977856,-0.0348456316386759,0.0337231613439212,0.0891550876657315,0.00376280459244185,0.243152563504863,0.85468333742809,0.0062941379194131,0.00580988257534804,0.0215743063643143,0.00759004477560408,0.00647078381850526,0.013361069447215,0.00793177584853067,0.0123707240918236,0.0178620387929089,0,0.166574994719621,0.0129731230644344,0.295214906835382,0.0995473454782445,1.24662304177708e-13,0.091410072316078,0.351980537091907,5.54806140777369e-11,9.40637068396146e-07,0.0224957508682001,0.731693189285039,0.000869973130347623,0.0510784010709493,367,"RPL22L1"
-12.1091549569958,0.0897411475640616,-0.0142612831040562,-0.0906321347583776,-2.40583508816034,-0.0115316905965077,-0.00311240013939956,0.00509369388517097,-0.0132552681642237,-8.48353070684785e-05,0.00319517859278249,-0.00557677088552636,-0.0089755584406265,-0.0239374889865046,0.0234733055584471,0.0757647008912971,0.00289036408689561,0.172205116879874,0.706506331427479,0.00548545732176613,0.00407147931144143,0.00880071652483111,0.00507962728233305,0.00561609439573294,0.0184126898565269,0.00659024028934945,0.00996069482122448,0.0148851571808442,0,0.23622637413176,8.05300767181038e-07,0.598677436217763,0.000661019992345265,0.0355331705520397,0.444605299655015,0.562736464193352,0.00906756493014801,0.987947815190716,0.86223380223818,0.397431910029644,0.367536415914936,0.107803456580425,368,"EIF5A2"
-12.0402719517512,0.224981045894214,-0.0174050290768293,0.179921001255826,-1.95972799922817,-0.0230929965489794,-0.00283805654548925,0.000562500016363093,0.00582914635485869,0.00101214127048382,0.0167342071657626,0.0283564764497052,0.0482468707333208,0.0431348777782724,0.0607876371149343,0.156885376865052,0.00625179919432812,0.208732785717969,0.937643692914029,0.00720521403833858,0.00558974887913323,0.0169595978172901,0.00727464742021162,0.00667455913979083,0.0155323711801955,0.00868571125684298,0.0130348122481515,0.0168856201541244,0,0.151558774789499,0.00536925014188577,0.388705076105371,0.0366127529719856,0.00135043884774731,0.611646050844363,0.973541365129333,0.42296026815195,0.879469568369535,0.281312228702424,0.00109569608837684,0.000214425044589238,0.0106330280030382,369,"ENSG00000286856"
-7.5506542733212,-0.0585641522549486,0.00248461952516275,-0.248763684627799,1.46712738884262,0.00266815462974992,0.00649757815738053,-0.00204532186485385,0.00152093787970709,0.00421085030806268,-0.00168094825700505,-0.00645613670177783,-0.00516854853790943,-0.0397661298182689,0.0167076899317241,0.0405324565345449,0.00169196545832719,0.029003093702116,0.124476676699051,0.000975289124368288,0.000791802718559814,0.00261655765423203,0.00108350882401475,0.00106608825877835,0.00353385203157448,0.00112815211492273,0.00162641772003472,0.00253366928718414,0,0.148494253364694,0.141973549868829,9.72586007755663e-18,4.58931122413772e-32,0.00622368535566796,2.28571135881581e-16,0.434400169635978,0.160403653975425,7.82119535440839e-05,0.634309323281546,1.04811154508294e-08,0.001483598534005,1.63449027808558e-55,370,"TNIK"
-13.940772944222,0.131730966417909,0.0116461663533318,-0.403715424968198,-5.31410300065663,0.010906765651991,0.0220352364146045,-0.0420593399663421,4.89230048003116e-05,0.00359384619999359,-0.000706998451559452,0.0119489103673803,0.0313628587415996,-0.0441651506986792,0.0663379847657188,0.181752117067177,0.00783057987242973,0.451636537438135,1.64769795461958,0.0130052387073982,0.011791095411749,0.0471782619716956,0.0163705857888007,0.01694396127294,0.057283772305095,0.0169567928247388,0.0241184424798709,0.0357833938288009,0,0.468584755528637,0.13694419473218,0.371378331129061,0.00125898689620869,0.40166910144694,0.0616502044922773,0.372661907463291,0.997615549461775,0.832027545707392,0.990152729029752,0.481016830272175,0.193474759405864,0.217114998931208,371,"ENSG00000240497"
-11.777766790544,0.266986071484178,0.00355740414986273,-0.427220641627523,-0.66284045223994,-0.0567074319422265,-0.0498879551411607,-0.0472888984916856,-0.00388196884089577,0.0664327712608757,0.0265616524291128,-0.0163424369290101,0.02727301921958,-0.1112431526166,0.0474160668621387,0.121545451329686,0.00508714782310906,0.18129899106052,0.790453163627345,0.00630888808823669,0.00527205663052403,0.0212817631225549,0.00748309019180159,0.00705281201869901,0.0218806719260789,0.0074970284471492,0.0111520938816875,0.0158227981613591,0,0.0280494184478274,0.484369273938638,0.0184509255883315,0.401717651662793,2.50630596942614e-19,3.00057074515148e-21,0.0262806991392773,0.603924296268897,4.53970969724992e-21,0.224773611789761,0.0292681918785656,0.0144630816330696,2.05704305466296e-12,372,"PLD1"
-10.3761132000254,-0.111006198567578,-0.00126304266079856,-0.255261144754106,1.95425344751984,0.0160249472725,-0.0346114781034432,-0.000440655363080343,-0.00128459794771913,0.021286939405387,0.00736632411679449,-0.0277049487283833,0.00322698879337065,-0.0203607328297993,0.0573081480075047,0.140112946747388,0.00580788125523751,0.100742311820445,0.414407736547802,0.00322675793540312,0.00235984365833376,0.00576921193323571,0.00307807744281025,0.0031993296772625,0.0104078343306955,0.00364957763751156,0.00563781420785446,0.00857073339015574,0,0.428207777719567,0.827841718573099,0.0112832231551834,2.40792978434146e-06,6.82533342440173e-07,1.05109331266483e-48,0.93911637323347,0.676431372271808,2.86082586286123e-11,0.479089817160313,3.16772012500357e-14,0.567062556336594,0.0175198981230406,373,"FNDC3B"
-16.0753359801904,-0.106137840245041,0.000832390896178242,-2.34912491893404,-4.91371620622824,-0.0192627715401653,-0.0845085413351537,-0.100144473110391,-0.0709301719600761,0.189390860655743,0.0758952452791446,-0.107744184384672,-0.0501472134642488,-0.216678121294747,0.23074621859016,0.504733489371637,0.020080976918369,0.698512354738555,2.4133097814195,0.0204998246452243,0.0165436630790343,0.0602526649138603,0.0228999766810849,0.0201031823234643,0.0273952566912594,0.0225769069722016,0.0379638082628658,0.0550330247267001,0,0.83344530609735,0.966935787016529,0.000770892211529766,0.04174130650422,0.347394333972344,3.2522131927131e-07,0.0964976540748135,0.00195232458274777,4.47070435556643e-21,0.00559910904129558,1.82117461140324e-06,0.186527514562442,8.24248157840603e-05,374,"GHSR"
-14.2349945237343,0.537492540919273,-0.000503160949196549,0.47595953725989,-2.93585213912726,-0.0427184894641507,-0.0157659111432289,0.0223094071414371,0.00163791798582917,0.0101385328215356,0.0359136469566578,0.0205030216260408,-0.0115293257058778,0.0989825282158549,0.0850126467507005,0.294958955360473,0.0110818018631331,0.592630904170532,2.67408662117799,0.0214622876364899,0.0170812565279618,0.0529573145646105,0.0214985991020223,0.0228462715272427,0.071729895662887,0.0253542747108243,0.0364779192114582,0.0519953200048354,0,0.0684152179697436,0.963785090095857,0.421899717381572,0.272252659257837,0.046547135300505,0.356009909301183,0.673556841719961,0.939270169107445,0.65720752225753,0.616597107640289,0.418709974377502,0.751954583314697,0.0569516786622544,375,"LINC02068"
-8.99350849385337,0.0424438628755595,-0.00671086604442953,0.133305285817829,-0.423606971850726,-0.0206007894138933,0.00046939592461765,-0.00307454750812923,-0.00791769829830179,0.00408776863308196,-0.0123666265803752,0.00991159417813754,-0.0293752944625688,0.0123423656894051,0.0345553070103353,0.0837803653877797,0.00342925821946846,0.0449777300276577,0.201879691558057,0.00157633415091613,0.00124061339217437,0.00377978304197408,0.00165859292398017,0.00177146760640421,0.00638433511612114,0.00183058439852872,0.00267433168464611,0.00330874882343501,0,0.612429395362021,0.0503540613346788,0.00303859352321804,0.035877421533292,4.96450698439806e-39,0.705164710517217,0.41597784434348,1.80832070070228e-06,0.0210235949501101,0.0527420988359947,6.14799158309902e-08,4.55441885010194e-28,0.000191311579457765,376,"NCEH1"
-12.6809581639108,0.0209468435691169,-0.0171100882242326,-0.0906913866123155,-3.66246791919916,-0.0391771268679923,-0.00928099217549222,0.00526465862246387,-0.00516105988624392,0.0136093854502468,0.011799263148743,0.0247362947102901,-0.0143724537499218,0.020438025387618,0.0504869414180837,0.136389710760059,0.00557315179436692,0.231259813943014,0.991459905419026,0.00762797453319835,0.00553232666764134,0.0108415074542845,0.00665716901159326,0.00724774390783999,0.0216147464635645,0.00896268658159284,0.0138631786704456,0.0142796896893441,0,0.877940261204588,0.00213992908220965,0.694938278404338,0.00022074063472555,2.80677073832333e-07,0.0934265914297096,0.627249318007697,0.43818399584605,0.0604166133387683,0.585141896117232,0.00578155813876948,0.299858998721918,0.152354174021804,377,"ENSG00000287012"
-11.5778978515032,0.239957673730789,-0.0171276817227769,-0.229297575044419,-1.70260275950199,-0.00987069240842592,-0.00659662864835096,-0.0168296333887293,-0.00788307152928528,0.00549684386661488,0.0112805283267811,0.0121768877786884,0.0217334765690644,-0.0547025606460342,0.0671648202482658,0.162376064188995,0.00690777252489034,0.154715774966721,0.641096587849121,0.00501417303498309,0.00435249692237497,0.0166744943205229,0.00601778193346913,0.00533601756633238,0.0146441069155673,0.00609143972884614,0.00911088071370156,0.0133369008530574,0,0.139464078535364,0.0131574220744172,0.138325167241999,0.00791284129605645,0.0490038245013302,0.129621438980856,0.31282887464996,0.190208360941088,0.302944402097994,0.441114959645007,0.0456065819131041,0.0170586168397752,4.10312675395042e-05,378,"ECT2"
-6.41691891060041,-0.150169156728076,-0.00438786482786597,-0.160400565008955,1.48305901505528,0.00651738534705303,-0.0133094212332023,-0.0089922680585844,-0.0159102184716306,-0.00100193170755809,-0.00371398026228052,0.00907521667433773,-0.00279724951636588,-0.0222244415772948,0.0241498403126172,0.0586650459139812,0.00243678818837806,0.0261412487791043,0.114655506341236,0.000903786621112933,0.000676045244308108,0.00155991107002479,0.00086419911713149,0.000867844066607907,0.00272026520983906,0.000986824435527612,0.00145368574949231,0.00227707288808213,0,0.0104740779040684,0.0717540389058531,8.4668700570263e-10,2.85946083804933e-38,5.54612553474636e-13,2.77752430587172e-86,8.18502713109709e-09,1.0849522978153e-75,0.248292531967895,0.172158528226692,3.70197085164199e-20,0.0543237102341118,1.67003147940708e-22,379,"NLGN1"
-12.1523508673866,-0.0719609719608912,0.00355882497586086,-0.354655489636184,1.79169308336569,0.00511211439899387,-0.0115457662680634,-0.00170063329254397,-0.00750227209732758,-0.00173604320482186,-0.0203174781241011,-0.0031250985959245,-0.0083737426909948,-0.0255911528050361,0.0226782636241203,0.0653901091869917,0.00279035651304513,0.169678076744583,0.672840071533506,0.00525450193417407,0.00397494088388775,0.0123830012196739,0.00536660835991035,0.00618582274609983,0.0227042937997476,0.00640264739604508,0.00937800900920994,0.0138849588599849,0,0.271119944940297,0.202167156174161,0.0366028150756152,0.00774747932541181,0.330602109425332,0.0036767750777434,0.890765124406738,0.16212685462046,0.778979847821333,0.370854543042243,0.625482727825021,0.371903962791547,0.0653166703909743,380,"ENSG00000289417"
-14.3958301833148,0.00797752241165306,-0.00810141060319628,-1.12323886660076,-0.0497475694502538,0.013132896211983,-0.0228925965984869,0.0134018854050958,-0.0222907137549733,0.00107078417232416,0.0263420054281291,3.76681779420673e-05,0.00161399520781425,-0.142153138092847,0.189555236765166,0.457121388655743,0.0172089758187842,0.579399988609553,1.98118139989434,0.0144924950678828,0.0112216165970951,0.00817813682969782,0.0121343286062626,0.0120380925545319,0.0091394454926503,0.0176438907855701,0.0285158982488997,0.0425868968169309,0,0.986076304798382,0.637807436355634,0.0525471088792324,0.979967181779894,0.364837409076319,0.0413458992415064,0.101266261620402,0.0662104780739868,0.929121921411542,0.00394868445683102,0.998296586895267,0.954863963974073,0.000843974669596755,381,"NLGN1-AS1"
-8.68457238490852,0.0672958192640644,-0.00507465624245225,0.0791371577735044,-0.403279568260969,-0.00700776140985652,-0.000839015420150926,-0.00348648370754647,-0.00866482569010097,0.00860066137035773,-0.00923434104484094,0.017316485007649,0.00869550074450523,0.00458439581755631,0.0594801062413518,0.146430792596833,0.00605786683442193,0.0652370310810586,0.287297060939681,0.00221355423125621,0.00165839859984305,0.00384711199977622,0.00212962293248518,0.00235602798930798,0.00858243615255297,0.00250427560840011,0.00370104856519345,0.00517410973854245,0,0.645821857368246,0.402200957292484,0.225102633934501,0.160407493398789,0.00154635133514197,0.612913488602282,0.364798253789025,4.72734212429227e-05,0.000261738443204834,0.281946029752406,4.68629450584995e-12,0.0188001839771502,0.375603510370515,382,"NAALADL2"
-12.7499696962329,-0.177835178315101,0.0188299313336458,0.311436317934235,-0.333825514401817,0.0111565789548652,0.00535083756486663,-0.0329469632508091,0.0222101899660259,-0.00952813435256236,-0.0250827778394176,-0.00990208526002708,0.0145609239548978,-0.00481468325627952,0.0588118443395635,0.194499837006765,0.00808259170874732,0.447700604934502,1.68244132120519,0.0140325848442985,0.0128661392610073,0.0507639869799396,0.0182651797002371,0.0176910832874428,0.0626749121305698,0.0170817121828576,0.0251565938159936,0.0360023809180571,0,0.36054848856509,0.0198225528721871,0.486657290883737,0.842718559808289,0.426585562958779,0.677493972042271,0.516323915728111,0.223990522915327,0.590173932025735,0.68900594783652,0.562124180746399,0.562716420174986,0.89361421782317,383,"LINC01208"
-8.31307431404093,-0.122001629564975,-0.00280693720582608,-0.191882052536829,1.34629915800776,0.00854321569894447,0.00356386705491547,0.000990072122474025,0.000141748002295688,-0.00251388526438023,0.00316110163326457,-0.00702933066092201,0.0122410961411909,-0.0349269221020298,0.00903703920867662,0.0231605792366092,0.000976864166035418,0.0364286285138284,0.152483813991504,0.00119933994836777,0.000927511670523444,0.00282135653542871,0.00123699639904734,0.00119143276657116,0.00348997810938918,0.0013845921804798,0.00205713251303687,0.0031568408241349,0,1.38187598059352e-07,0.00406058936973539,1.38413043917041e-07,1.05494652438202e-18,1.05400258122461e-12,0.00012183908831496,0.725647918043552,0.908769731517601,0.0348610940082956,0.365060005625082,3.83796294508917e-07,2.67222065889171e-09,1.87784855887591e-28,384,"TBL1XR1"
-15.6378397448152,-0.358980230426146,-0.0133438041963041,-0.44008668071058,1.55786973592817,0.0505256400068656,0.00818004620837067,0.0228399241474715,-0.0318860246999799,0.00212127745628581,0.0227398000315363,-0.0391485293861272,0.087366056141405,-0.331713595336472,0.145684446869446,0.341064334224259,0.0153918270728773,0.867186856395627,3.06747170974462,0.0238370205094048,0.0171823416356134,0.0197682606705643,0.020914863137914,0.019921424041346,0.0223830841845686,0.0292533246890631,0.044192264638791,0.0647998026990732,0,0.292556740753402,0.385974400070034,0.61181265041955,0.611546143081861,0.034037344635285,0.634022484535983,0.247933375442409,0.127368153324237,0.915199761633175,0.309659459658549,0.180811973742462,0.0480468766217398,3.0707439508162e-07,385,"TBL1XR1-AS1"
-12.7621052159577,0.274656191922658,-0.00643291239759271,0.38290566197586,2.94230890928363,-0.00186501727216572,0.0361783669059816,-0.122415124220752,0.0156146164978073,-0.0571453856612718,0.300279650422185,-0.0127801370200321,0.0330385260072086,0.028808334261744,0.0410414539195355,0.114355490246589,0.00461150990525935,0.238829922531514,1.00783361553782,0.00776728985112737,0.00705209687553588,0.0280289448328873,0.00960314306799696,0.00978255907761547,0.0328204589082619,0.00976774935492598,0.0141213585286669,0.0166430453714716,0,0.0163157270134102,0.163025250964305,0.108878002551508,0.00350661851827403,0.810243654071421,2.89500019059653e-07,1.25703321538303e-05,0.103951740577754,5.17148855296251e-09,5.73776204296916e-20,0.190737194941817,0.0193036869955681,0.0834600945373651,386,"LINC00501"
-11.2857580094026,0.246012256566098,-0.0087365551979115,0.00090999361478613,0.00538275524051625,-0.00561425375989127,0.0161363321818151,0.00930578781990771,-0.0054892135637611,0.0154005595639927,0.023180440860079,0.0287130437940587,0.0156789429779769,0.00765526899224076,0.0829335151813251,0.200266048801347,0.0087476727963749,0.177337768446355,0.761046727129903,0.00588131325890586,0.00451182549823341,0.0113007860194772,0.00579513085096306,0.00565868094159816,0.0164916508365139,0.00681772824647481,0.0101139361752513,0.014142567096562,0,0.219286651800302,0.317925949910276,0.995905741480606,0.994356744020891,0.339784135468758,0.000348287799924479,0.410244313899214,0.3435311063845,0.00649704250029764,0.159846963648167,2.53650689752877e-05,0.121085949229192,0.588305818965795,387,"LINC00578"
-13.9439371208048,0.0239433904499816,-0.00539476414991159,0.971144877542793,1.65294843634148,0.0333602445725017,0.0173514491291947,0.0782161112874819,-0.0377070634378339,0.0105733358167417,-0.00127352197561367,0.0182692984033541,0.04899129653089,-0.154758965762873,0.0981899918499356,0.277389621667416,0.0113740612141374,0.534719222850211,2.27048563977722,0.0171740139327168,0.0165460187857928,0.0590745143571719,0.0214243514685367,0.0176971364779198,0.044790983893891,0.0212233945155691,0.0312092262620344,0.0489180870099478,0,0.931214566786139,0.635283050519941,0.0693431896154443,0.466604179478808,0.0520785541087312,0.294326252817982,0.185494868983682,0.0784061853764352,0.550200129585682,0.977317162003232,0.389343003509155,0.116468708185822,0.00155812140290813,388,"LINC02015"
-13.3390077649752,0.176855199635538,-0.00362337787164966,-0.241767098181809,-0.0688583575181329,-0.00993001719576284,0.0116700450074013,0.0259557920056028,0.0284379365832843,-0.0198366043447097,0.0213606800022485,0.024466520877774,0.0439462877681152,0.0212818672199286,0.0714389648320066,0.198384331121284,0.00820612730248752,0.406149525478407,1.69383350346679,0.0127767477348008,0.00949960046710961,0.0222591074884124,0.0121761272095995,0.0119637228203729,0.0338597189639736,0.0153256213682733,0.0229201085562434,0.0278261636501535,0,0.37267297029263,0.658818192078702,0.551665523252787,0.967573028133088,0.437044066895879,0.219267787450166,0.243584064565952,0.019514781314613,0.0973047814975496,0.528133271205789,0.11038934105034,0.0551911685428229,0.444381717244278,389,"ENSG00000286003"
-11.9359164776383,-0.123880259277539,0.00210622687260184,0.364965732417568,-1.43040028875501,-0.0108611966455994,0.0165783363983283,-0.00927729133326443,0.0332094545694996,-0.0172965066724156,-0.00845425163091975,0.0370259712401942,0.0582114167339979,-0.0454996170115957,0.0682945777397369,0.170677923517992,0.00719831151403016,0.21215984531435,0.917954418045474,0.00712978799425895,0.00616496844649679,0.0245613307954525,0.00874660649410459,0.00863222354872765,0.0296876275493645,0.00878949716523154,0.012552892286008,0.0182173923250578,0,0.467953403482977,0.769827815683103,0.0853889275096374,0.119174560083185,0.127669968030507,0.00716407843329795,0.705639048419654,0.0001465530436181,0.0451007119628289,0.775817623580187,2.52532429442026e-05,3.53004944273286e-06,0.0125039943447775,390,"ENSG00000223930"
-12.6111051274911,-0.57011242003334,-0.00262888577480584,1.25339205482984,0.0405846229113668,-0.00947426863866573,-0.00622251097282456,-0.00563742279999239,-0.012995391340632,0.0345345857429419,0.0334243514531383,0.0603777525646888,0.106063851617589,-0.011385300140934,0.0830447724788786,0.220504132163737,0.0089332034673897,0.37025206503525,1.59838637185933,0.0117570148286886,0.00895183689324648,0.0223480535587822,0.0118954330683997,0.0121123137105563,0.037003294844432,0.0143096160908863,0.0217250815294788,0.0319745170322912,0,0.0097239169509269,0.768542016054783,0.000711160776137602,0.979743092477682,0.420335316344653,0.486986394237752,0.800843465177283,0.274627028552789,0.00435550520195452,0.366377089239806,2.4497168247679e-05,1.04966140716982e-06,0.721785008176214,391,"KCNMB2"
-10.9599621167507,0.416034279870174,0.000994807133737013,0.144765797937521,-1.01343348158595,0.00750258699559144,0.012217037074705,0.0131425739653073,-0.0125359968410155,-0.00149681396954163,0.0355738354111035,0.0225482719776817,0.0155671132768839,-0.0224693489625469,0.0327299036505464,0.0964015844372305,0.00386670212348649,0.191197601307229,0.812257119877897,0.00634867949219335,0.00497883301318217,0.015933963574673,0.0066921536518067,0.00714910012958596,0.0247486109064357,0.00750006354379556,0.010284615265353,0.0160766811420446,0,1.59143051344633e-05,0.796966221670023,0.448958328176535,0.212149838779377,0.237302724024387,0.0141357420964953,0.409476565208928,0.0610355205298343,0.834158659592545,0.150602279359266,0.00264351606892807,0.130119434666784,0.162222390087982,392,"KCNMB2-AS1"
-10.2390586371617,0.0636448375947615,-0.000561891789953252,-0.0194393584136448,-1.07067473693427,0.00515049642918194,-0.00509813903384593,0.00172012794796681,-0.00969360140647408,0.00245125584550532,0.0018795895943396,-0.00595861523685975,0.00246855420239526,-0.0189441109372028,0.0234903139026885,0.0584013163506921,0.00244436611041284,0.0747637322332745,0.313431494903547,0.00244000286071118,0.00180513291562319,0.00450478189774167,0.00234579615698798,0.00252844711655762,0.0085517946765149,0.00285843752989564,0.00438077301441775,0.00648547261486662,0,0.275808171894221,0.818191087173276,0.794855643162259,0.000635536449382748,0.0347846293224762,0.00473920263659069,0.702576419737456,3.59105964979788e-05,0.332310303587729,0.826035560291437,0.0371082827872552,0.57309623023642,0.00348901982776315,393,"ZMAT3"
-14.181817189324,-0.330574137495399,-0.000688110091154325,0.784747505435415,2.16531635084496,0.00877084682699101,-0.0373346656771451,0.0145889602949056,0.0114721192787691,0.00817833173038554,0.0112049898205923,-0.0175735088086877,-0.0178321960113043,0.0652767674233298,0.0789161205005943,0.222627897594149,0.00951662109946742,0.452571860180338,2.05499754804568,0.0160142088083214,0.0110896730169207,0.0208182241443511,0.0139345005904421,0.0145105456118451,0.0403249470075419,0.0174978512674476,0.0265935689662694,0.0402397993992318,0,0.137577489408079,0.942358282354894,0.0829228271542245,0.292027992317177,0.583903715959384,0.000760966929661534,0.483441365312279,0.410343740021308,0.573017556984632,0.781114118570201,0.31522255637325,0.502510159165459,0.104761782610948,394,"PIK3CA-DT"
-9.3935418854882,0.0314678263728368,-0.00728113884973479,-0.164846383817197,0.18624239209688,-0.00228661014379754,-0.00547171081876335,0.00475858019189931,0.00111132345502229,-0.00334038344633159,-0.00656187323721588,-0.00835362167403816,0.00143099008262606,-0.00835386815242112,0.0414357626086034,0.102601725433272,0.0042201250683868,0.0569185839727048,0.241984142880305,0.00186638310552377,0.00137922696350776,0.00337082001644968,0.00180529318222039,0.00198900277781631,0.00727149918438006,0.00214826736656237,0.00325941481660907,0.00477952459062359,0,0.759072640996199,0.0844667181982895,0.00377737373855285,0.44150926191339,0.220516512859122,7.27127625974613e-05,0.158038874863739,0.538164046722055,0.0930690038863358,0.36683913588594,0.000100849420992299,0.660637754595755,0.0804908709507044,395,"PIK3CA"
-13.357395829119,-0.182824933977004,0.0162156466486279,0.265345579375177,-5.73674152715807,-0.0497885502117063,-0.0682728568032664,-0.00330593665884886,0.0658481648840548,0.0112376935993022,-0.0713709232747877,-0.0134826978353957,0.0493823291909852,0.0533165166017968,0.084437201711801,0.200087814782204,0.00893730921970553,0.291421244047713,1.28729568631123,0.0108299180553562,0.00788969806954037,0.0280145674954279,0.0111039705279106,0.012315226230589,0.0440497167325003,0.0123763001504093,0.0184042509885903,0.0229172891688786,0,0.360862164263251,0.0696197325076276,0.362547058025012,8.33362745976517e-06,4.27969299520982e-06,4.99794728183847e-18,0.906061500734983,3.02665691049804e-09,0.361503447615178,0.105181657056919,0.275979082421969,0.00729208579888696,0.0199931867824324,396,"KCNMB3"
-11.5488483516273,0.0468964045176468,-0.00254709373393009,-0.299235537179386,-2.9120597585699,-0.00569458404704282,-0.0175605976111499,0.000223228766284655,0.008839294390129,0.00500445227103981,-0.0244733777639336,-0.0192832132807786,-0.00692520909908322,-0.0261153001227454,0.0291694811195718,0.0753088016573134,0.00318971385875901,0.129465863404422,0.51814086969435,0.00410232189572991,0.00313368655712284,0.00920897481754081,0.00414818763286612,0.0047385484670794,0.0174197933655405,0.00491850990436318,0.00737222742046183,0.0109944654339584,0,0.533467598880982,0.424560894909718,0.0208158265558131,1.90727059684683e-08,0.165095388285673,2.09685330652456e-08,0.980660893488065,0.0330989434933204,0.290915663048952,0.160045722999055,8.83508837587405e-05,0.347543606990055,0.0175340596062458,397,"ZNF639"
-15.0599543254543,0.569147580001084,-0.02123580250341,-0.956626355621674,1.80715178552649,-0.0199393527336824,0.0278131393619573,-0.165070555893882,0.0427828554677559,-0.0564306475759653,0.0372496824040294,-0.0370245567399771,-0.0391976922903613,0.00333884962833641,0.0934285453446629,0.306843010149494,0.0104372945069617,0.701607011085779,2.83187216533268,0.0219582594222118,0.0200102006300888,0.0826035188877835,0.0283667973333201,0.0211204790541582,0.0281790595558644,0.0265302226892416,0.0381909378976505,0.0508004826350522,0,0.0636177322650582,0.0418903356186728,0.172731629934475,0.52337775068705,0.363848069824315,0.164544652901396,0.0456789723573191,0.131502880718933,0.00754354708790565,0.186204010262441,0.162846590077988,0.304721415987628,0.947596957845055,398,"ENSG00000260743"
-10.4822422551258,-0.0505331070802089,-0.00331348338763263,-0.464254387693609,-1.11822629543964,0.00861521314118617,-0.00436717039101687,0.00278169636329929,-0.000942567406785792,0.000276682645537591,0.00715090870244507,-0.011759980804923,0.00871595220385007,-0.0241058799736688,0.0340623296901502,0.081810539424638,0.00345391574504805,0.0837567042399868,0.320997769464153,0.00249248947774879,0.00190953228713712,0.00532393135979188,0.00248391762668348,0.0024338987149539,0.00700911246316476,0.0029296335100154,0.00454515092568763,0.00674428820817121,0,0.536783291459583,0.337386928345936,2.97515936905055e-08,0.000494727099852673,0.000547301725132202,0.0221936819555547,0.601329799899604,0.704340317100804,0.909492431641617,0.307619264707138,5.96610505179654e-05,0.055156982063175,0.000351211757901256,399,"MFN1"
-13.1876367086247,-0.109897719487484,0.00289701498038511,-0.602495413000951,3.04642304383066,0.0263944555791393,-0.00827303731739852,0.00748119788611546,0.00404343522705613,0.0100693370414394,-0.012491646754655,-0.015081648224167,0.000925200307647438,-0.00325712895965462,0.0610504728076238,0.148581756638604,0.0064506151915961,0.308000331534223,1.10922157594017,0.00846098056193775,0.0059423187695904,0.0113148366787361,0.00757034135104019,0.00943031197391971,0.0361807895975223,0.0100822876805245,0.0156358756287382,0.0225295256406819,0,0.459515567495945,0.653354633908566,0.0504472707314136,0.0060243828585861,0.00181127250717335,0.163854653169613,0.50849381579973,0.593261757093042,0.285627487690909,0.729901671474597,0.134691243833203,0.952815402949936,0.885049142895271,400,"ENSG00000289574"
-13.0558820068242,-0.250738696806981,0.03643882704023,-0.352685549093268,1.87662416474731,0.0538260780615475,-0.0492982871090674,0.00755185670620448,0.0242719767101248,0.0205460115759903,-0.0143839330741997,-0.0630451168815825,0.122404835392563,-0.12646103899285,0.127916388691757,0.301384188420105,0.0128179728936778,0.319715630408801,1.12767658284909,0.00914947377049118,0.00613458079239656,0.0118238467686048,0.00806677641398644,0.00998498877428513,0.0378734702956102,0.010335074780586,0.0166318619630368,0.0247992973550112,0,0.405433194640552,0.00447202862909038,0.269973911848932,0.0960822482128901,4.02969427904739e-09,9.27205730965966e-16,0.523019996113769,0.00262211110731927,0.0396199006816584,0.704101937343518,1.05993965251479e-09,1.84380387940641e-13,3.40767965958354e-07,401,"GNB4"
-14.5328003942832,0.140391761732368,-0.00281898658713894,0.779733003104434,0.436275390219836,-0.00564087493273593,0.00168479323310796,0.0138674884776944,0.0262873585785802,0.0150561150792309,0.0319703610699284,0.049342547967962,0.0262023231909124,-0.0157584342174571,0.110105187050429,0.290352957319029,0.0115136308760783,0.459430164413965,2.24950779800133,0.0164189662614068,0.0122184919668829,0.0238160783912223,0.0139771386796805,0.0134534963694786,0.016264170074569,0.0199052951754585,0.0317066359377643,0.0443143733564955,0,0.628725829515366,0.806581046898594,0.0896637389806698,0.846220827242082,0.731178361421209,0.890328299700103,0.560381987149348,0.0600073464201534,0.263087736720073,0.0493341137293474,0.0131801024187209,0.408577952224131,0.722136035597989,402,"ENSG00000242539"
-12.6698666399142,-0.0553261090108807,-0.0122078810609486,-0.839656345525011,-3.21226566151635,-0.0189892997272973,-0.0131290756743913,0.000732716456534358,-0.0165013270102519,0.0109034170611871,0.00244956552069312,-0.00342273189871143,0.0158237869755624,-0.0634240421932167,0.0317259667085959,0.0963669470685917,0.0038829506904536,0.253256372654411,0.934371744564709,0.00728424155311808,0.00527465154530964,0.0122469718736839,0.00668061912440086,0.00765124720301002,0.0263708258840814,0.00885865625976535,0.0135600178117351,0.0199325681073346,0,0.565887180510203,0.00166672440771073,0.000914989324640605,0.000586269546459309,0.00913656573359568,0.0128071001064476,0.952292324073881,0.013510187113812,0.154142475069235,0.925991567696482,0.699221588325669,0.243232820029507,0.00146297027044766,403,"ACTL6A"
-12.3079068436539,-0.0264939835913462,-0.00717673914926521,-0.452334023970472,-0.717560647762025,0.00690654874952989,-0.000978435662391049,-0.00380356881045768,0.00444614556485446,0.00419876054210231,-0.00525545780451495,-0.00619093871167475,-0.00434876025881568,-0.0238848536444509,0.0247430704176711,0.0742326591738182,0.00306686054370152,0.193986289211978,0.730845468065705,0.00565447968561519,0.00482027775696814,0.0177065283201555,0.00650350321808932,0.00707848697353181,0.0246646326901603,0.00719830819852647,0.0102892330351252,0.0153555137868491,0,0.721163164728015,0.0192789341710623,0.0197120846862273,0.326187218408899,0.221923413045332,0.8391481214298,0.829914158695859,0.494193718295336,0.553066023982767,0.831267161307221,0.389758897201602,0.672549511924167,0.119837078281195,404,"MRPL47"
-10.837456201163,-0.0615632191332552,-0.00863588919851294,-0.275146587489327,-1.8724796370484,0.0159934483407287,-0.0025256361339189,-0.0039442061276106,0.0117384807625772,0.0104944221087615,0.0156808572542538,-0.00079982402833297,0.00381027007969781,-0.030414822146684,0.0552688517210845,0.131220087521089,0.00563170270819422,0.0957964959242233,0.371350449884264,0.00286255278318189,0.00244749251486698,0.00874276820681045,0.00327582456348123,0.00282932044569837,0.00668003683962951,0.00343687363533478,0.00525031334465854,0.00779588177176688,0,0.638955258881316,0.12516699862845,0.00407626356487087,4.5984469144717e-07,2.30855788780518e-08,0.302105832979115,0.651889171156632,0.000339193856271723,0.000207942223149509,0.0189038928956116,0.815980013684426,0.468008957716606,9.56395398399331e-05,405,"NDUFB5"
-10.4589700085674,-0.0401569013725942,-0.000750786908852368,0.00326182392179632,1.18548204012702,-0.00108121262293573,-0.00370883135856129,-0.00200919776910087,-0.00657533488931854,0.00446448673644535,0.00494237855058132,-0.0083630988218156,-0.000736731370539785,-0.000459930992936063,0.0118929674002145,0.0359815628667611,0.0014795829925329,0.0825763298182623,0.34747286467008,0.00272176827291889,0.00215253169161192,0.00729598430579288,0.00293637282143902,0.00294492071972045,0.00918696433638126,0.00327636276872888,0.00478922320370614,0.00690547045403569,0,0.264404561604147,0.61185213969606,0.96849118490551,0.000645530784019769,0.691185775680892,0.0848869074975869,0.783021190241347,0.0251382800699284,0.129520475039986,0.590592699140565,0.0106935775760634,0.877742928403128,0.946897072092706,406,"USP13"
-11.2236291477382,0.0206800096262439,0.00196168682790452,-0.322947638501799,-1.34318572323001,-0.00662537471176373,-0.0229590996330349,-0.021685615905646,-0.0198224804219724,0.0654914585795102,-0.0686440044588649,0.0576031851297789,0.0317425634919634,-0.0943147444612994,0.0310070871034368,0.0893253577293004,0.00363103108974298,0.178088404052572,0.72513013533657,0.00568746577946497,0.00426742562033859,0.0106089540281622,0.00536595151303125,0.00648134676015784,0.0231848787968452,0.00703395547529493,0.0104127509814992,0.0153821974172158,0,0.816916042997992,0.589020403725398,0.0697683091600537,0.0639773777360531,0.244056211709952,7.4451931191868e-08,0.0409450379749334,0.000220647710105449,5.27067367477724e-24,0.00306917817413767,2.62745649868694e-16,0.00230038954420754,8.70970060897391e-10,407,"PEX5L"
-12.0513098667504,-0.0723160711507245,0.00717314953704733,0.316011098076611,-0.628437501453477,-0.0271400177473319,0.0147759915830373,-0.00238112887686596,0.0357959086639478,0.0143255283620397,0.0218463526033104,0.00999673171552375,0.0128082150169275,0.00866820205323368,0.0309526937918909,0.0876381697115686,0.00373029140745774,0.183342373330073,0.812723794408324,0.00638373920495308,0.00556566475372036,0.0223129473580395,0.00777434083879749,0.00638636396286502,0.0138362440189947,0.00770908106528509,0.0109725170115692,0.0146027755867038,0,0.409277138390911,0.0544868118371094,0.0847779272171231,0.43937529408898,2.12410291145499e-05,0.00793442514619469,0.915014986299364,4.1372480679326e-06,0.0248875870625986,0.114353907285024,0.194718074726883,0.243089389172283,0.552779934613519,408,"TTC14-DT"
-8.88503215583854,-0.107880939469323,-0.00319891972539931,-0.111534257444241,-2.02836878138928,0.000253487176346084,-0.00820755260584725,-0.00437731856953727,-0.00853310226596908,0.000233715352731041,0.00649032468070699,0.00288256253760301,0.007699186634093,0.00969847404142867,0.0320893784040835,0.0769066420498764,0.0031999547026098,0.0384996157191105,0.155642344870183,0.00121508075137466,0.000954311250498322,0.00296062989351143,0.00127656255345714,0.00122056265365063,0.00362462572295485,0.00143389558518385,0.00218203095815193,0.00284288061820911,0,0.160690830175343,0.317467056757098,0.00376722596692611,8.02149536988321e-39,0.8347468046351,7.93704937059492e-18,0.139271533361712,2.31813726219337e-11,0.84814825452172,0.0733544119317389,0.0443992814555567,0.000418001267398636,0.000646076006220917,409,"TTC14"
-9.23508012303906,0.00878558014711585,0.00687490065081623,0.301323505119756,-2.22759793879678,-0.0643494143694938,0.0260082628961914,0.00642233163427268,0.0256032372199294,0.0187818110750492,-0.00808679974714852,0.0166803699589653,0.00614986126530924,-0.0248110594081117,0.0266893230628814,0.0649689552595218,0.00272236288141871,0.0621748844063474,0.282743719971627,0.00225688746054509,0.00181520615045607,0.00610664233533829,0.00245160196273354,0.00255729049808296,0.00907225345417022,0.00259267549986655,0.00363639208430963,0.00555423173433006,0,0.8924321175016,0.0115585341488993,1.25730619194957e-06,3.31320047763637e-15,8.20852669547796e-179,1.46285200626506e-46,0.292939022983809,1.56962126403309e-25,2.06655912457721e-13,0.372726853121237,1.24574514258097e-10,0.0907988749947975,7.93036953221392e-06,410,"CCDC39"
-13.168789871091,-0.0545693396113733,-0.00844019382015321,-0.675342271086935,-1.32061913525371,0.000426328215934562,-0.00189972520222696,0.000212847806848591,-0.0315476954908214,0.009897549374498,0.00306158573596635,-0.00908896160611089,-0.0116807953069747,-0.0450334928073577,0.0671276628196645,0.168018713268653,0.00725343295685663,0.317695929146878,1.15205754397483,0.00904251797842684,0.00659823614094249,0.0134691184038802,0.00849784630954992,0.00924946520904387,0.031034189856103,0.0107605775251626,0.016692109205751,0.0248535013203563,0,0.745346582679889,0.244580604739059,0.0335240420115768,0.251665451913024,0.96239601366191,0.773412495552794,0.987391831765939,0.000205275416232253,0.284589059955324,0.921414559875957,0.398304218011073,0.484065038776299,0.0699927344972324,411,"CCDC39-AS1"
-9.40741691465107,0.0647326011622869,-0.00644124279797455,-0.353779904727664,-0.901778613335498,0.00562588681651762,-0.000602336101771903,-0.00358760485599817,-0.00477964594467276,0.00129357101943594,-0.000943217174295132,-0.00850272430730416,-0.000617496753376599,-0.0232965318225818,0.0324482965491005,0.0792728576191502,0.00319299212666162,0.0488347269201102,0.196759425334371,0.00150825438075401,0.00126440722799924,0.0043879239503827,0.0017161144976247,0.00174414602539486,0.00596712637483948,0.00184269760624245,0.00275283121953736,0.00404970793202114,0,0.414168696909153,0.043663569524202,4.34252176855687e-13,4.58015956174226e-06,0.000191430409297868,0.633804927510049,0.413580650463738,0.00535020380419722,0.458290692841264,0.874402497172414,3.94458704694364e-06,0.822513500223479,8.78578882285062e-09,412,"FXR1"
-11.0281270688564,0.136947348002588,-0.00268001979229294,-0.682330747571552,-4.76374591878407,-0.00104341437965543,-0.00688585189102884,0.00139801585063631,-0.0010452921596197,0.0210406441869399,-1.00652758743766e-05,-0.00345503191107712,0.0150653396674766,-0.0320104060593371,0.0501372153263463,0.120435233252616,0.00511468428014755,0.106267248385531,0.391721222349356,0.00301972196444963,0.00225759525897968,0.005211737753552,0.00286181774116917,0.00332654882182102,0.0121876314332929,0.00365618772811843,0.00576500383171917,0.00831124177347162,0,0.25549494201887,0.600288707728508,1.3547625874844e-10,5.01033030476081e-34,0.729693509095806,0.00228778479453834,0.788511734631407,0.714921347547057,2.53122724840861e-10,0.999341059224556,0.344668021064586,0.00896882479443427,0.000117416240378656,413,"DNAJC19"
-8.04241077700722,-0.0510644391254664,-0.00653670896087312,0.0816880315052035,1.03942448903682,-0.00153818303037627,0.0130348307743944,-0.00355143173775361,0.00490286099780756,0.02587067232431,-0.0132560017972196,-0.0199632566507149,0.0151867796092095,0.00348184647903179,0.0324567161878123,0.0802486365534762,0.00325361294742676,0.0520490402893668,0.228692307912486,0.00177856307784785,0.0014090618153917,0.00399574952147377,0.00184881879628789,0.00196011135265743,0.00706575616438525,0.00198720349619146,0.00290786393313749,0.00411677580531981,0,0.524562782641989,0.0445305972396052,0.116544618973609,5.49147873402657e-06,0.387123360660949,2.22993694387663e-20,0.37410928941677,0.00800430089552411,8.94130703994763e-40,0.0606427804787682,9.57649934083422e-24,1.76372699839792e-07,0.397680927913115,414,"SOX2-OT"
-14.0268063685474,-0.410718040762657,-0.0241246851173708,-0.442364490307684,-1.46181902286541,-0.00314839991629009,-0.00713818009674864,0.0136053349137111,-0.0253384962587654,0.0453806601782941,0.035655578084067,-0.0280799745557851,0.0669718593140998,-0.0449116188477864,0.12096854103836,0.307892398557714,0.0118152137141804,0.463982527653905,1.65926284578548,0.0119946707043651,0.00871368464374032,0.00806219084839935,0.0100441982353472,0.010031500958486,0.00959499794560085,0.014844373497283,0.0245301641502472,0.0342235110957547,0,0.182214946941872,0.0411681680413,0.340383568014127,0.378315061739964,0.792948912309435,0.412676921314248,0.0914980076176365,0.0116457792138316,6.07346542641036e-06,0.000202354381980207,0.0585410834359161,0.00632990036150912,0.189417895055003,415,"ENSG00000241231"
-11.8100572914977,-0.0914090091232272,-0.0107305665609671,0.00956965418679683,-2.55167324514883,-0.0713499432758591,0.0921517852305558,0.0205828037815386,-0.0421089047275498,0.122293989471493,0.0375498398649459,-0.0235886406866861,-0.00484954333761865,-0.0251254811160535,0.0786936129145619,0.189479051725963,0.00778336514105394,0.162252129336306,0.721403370636406,0.00549567442008636,0.0043268765795976,0.00913685778183381,0.00519766036993545,0.00505609036737713,0.0100079060593877,0.00633674922713944,0.00957067876801421,0.0141333225731351,0,0.629505648459671,0.168001495255704,0.952967922218234,0.000404552018712462,1.52921542279386e-38,1.19666066876176e-100,0.0242766604966405,5.42805587869892e-16,3.01472949765752e-129,0.000175417132789762,0.000197248601359872,0.612359434906759,0.0754453084141506,416,"ENSG00000239381"
-13.6510533569899,-0.0430547597491457,0.00165478290835328,0.715020411419465,-4.01506560668612,-0.0610859151374015,0.0625711834778634,-0.000436254281988682,-0.0414357278318695,0.0985248473644519,-0.0488551810754091,-0.0151388477822347,0.08568002748941,-0.0152114671297564,0.117208045094511,0.278912609969083,0.0111069227735011,0.267940593980608,1.27216756580863,0.00995209413765685,0.00701060281613043,0.0131930308486277,0.00908478237557182,0.010965321887397,0.0407697837685593,0.0120115624459733,0.0188605983521295,0.0246839056906305,0,0.877320776488226,0.881564188992542,0.00761730580266016,0.00159903704804206,8.35689066538055e-10,4.44807910242415e-19,0.973621138534003,5.09096357225169e-06,2.58427596773622e-19,0.230793095396685,0.207540877195425,5.55104988342624e-06,0.537729259179578,417,"SOX2"
-15.0289393377936,0.276711740258854,-0.02237841423727,-1.80277907617301,-3.59900535704808,-0.0169791832911586,-0.0259464725243655,-0.00379849492771029,-0.00781808506984976,0.0246405799686353,-0.102107248991766,-0.0183613782096323,-0.0513682773463742,-0.0660174474781297,0.098019537217956,0.319239363786505,0.0115480261207159,0.824295378740947,2.78731674696702,0.0215359929998119,0.0159448904418674,0.0276772015102902,0.0196815698733584,0.0242883854842495,0.0915024180141633,0.0262966654184146,0.0400525022476795,0.0612710512708917,0,0.38606008269253,0.0526407666129627,0.0287385315944252,0.196631602242504,0.430457166392265,0.103682021196646,0.89083893011005,0.69119879546072,0.310343976216726,0.264466341964699,0.485027244707655,0.199659049347726,0.281272329513376,418,"ATP11B-DT"
-9.66338753793598,-0.109078876667166,-0.00384212846084783,-0.301176740257945,0.119267388088152,-0.00537662917352091,-0.0119827674260911,-0.00575695562668854,-0.000956233380880003,0.000801043642285354,-0.0032181308181883,-0.00697589077632976,-0.00448338110466902,-0.0218937084537696,0.0144950204598257,0.0368099752846415,0.00156186644018931,0.060001842928092,0.246995548650324,0.00195132563957906,0.00160018135943082,0.00574365096229086,0.00219879934343558,0.00227173813602623,0.00781977356195685,0.00234546993479793,0.00340172605330105,0.00510965010934181,0,0.00304363083663729,0.0138952627322923,5.18174289729062e-07,0.629186182627376,0.00586253332887344,6.97284540774224e-14,0.316190798239369,0.663643087455867,0.724378840145217,0.680678378918964,0.00293755951816283,0.187512882025579,1.8292302578937e-05,419,"ATP11B"
-10.1590837232926,0.0569730560006242,-0.00608639414758039,-0.174293372771526,0.0281932860190006,-0.00164714649870418,-0.00541012647334946,-0.0030190952863307,-0.00114690554496223,-0.000613798839654394,0.00384993265817058,-0.00198589462599306,-0.0011261868354945,-0.00788504317677757,0.0233004255841592,0.0576430580047209,0.00236261075909153,0.067426237989568,0.28080988963404,0.00216364427948253,0.0017945152772484,0.00637533250363151,0.00244743547213955,0.00240680753308254,0.00771237926895226,0.00262981115716101,0.00392312814037775,0.00566102562744894,0,0.322968189593229,0.00999128667599113,0.00973934597353165,0.920026845816884,0.446487806440501,0.00257138455043701,0.635814507888668,0.639344686683701,0.798702908264193,0.617646447437786,0.450160643729922,0.77406371086207,0.163660686651506,420,"DCUN1D1"
-9.54265268714474,0.00878920535220648,-0.00391352894114828,-0.0717741332926398,0.95687757984,-0.00726488775707026,-0.0050466893970173,0.00537827238442968,0.00138341255168265,-0.000646250415985053,0.0107235362950868,0.00649752947644762,-0.014704389260221,0.00369987923703456,0.0179258639152718,0.0440611761344667,0.00185407674954821,0.0521392180540101,0.223931152999251,0.00173448082633115,0.00128733995173502,0.00328046571821539,0.00165247232045229,0.00159215617363811,0.00419294337138487,0.00200084116614999,0.00304215778503015,0.00417588318065167,0,0.841889382490415,0.0347921155681186,0.168640188785629,1.92784106936319e-05,2.80793743432018e-05,8.84585969612747e-05,0.101112416031737,0.402492834831423,0.684818743209242,0.0105421512705353,0.00116465017629429,1.34126774513332e-06,0.375611495930953,421,"MCCC1"
-13.1682689317364,0.447343467069845,0.0113266209084431,0.935370657224958,-0.0316883624288111,-0.00189883340917599,-0.0261620615218273,-0.0157360756246684,-0.0200399799085521,0.0282245232372711,0.0046538830141527,0.0440963231975401,0.0240244381770755,0.104869895931506,0.045655907650638,0.151410565384078,0.00580188701036058,0.305022079020794,1.40978152224407,0.0107074117885848,0.00839213128028341,0.0259987200242554,0.0110782678034286,0.0123014598668603,0.0426987045146866,0.0135792519761009,0.0200750252474107,0.0273402376142255,0,0.00313169774358117,0.050910841956235,0.00216532238034132,0.982067060847494,0.859242726780587,0.00182422012815502,0.545003946196092,0.0704595097301092,0.0217672825623259,0.913207613108983,0.00116492905643439,0.231410776434032,0.000125189530571617,422,"LAMP3"
-7.91081067287201,-0.00723527147846596,-0.0002213187814165,0.0391967016656497,1.80586554758982,-0.00351761147670503,-0.00762853556490836,-0.00444914605111011,-0.0148110338517196,0.00642633689826991,0.000962692555050785,0.00310773669802792,-0.0211384215847552,0.0229537108814943,0.0176607770579425,0.043183092811768,0.00178596068808494,0.0286702028957607,0.12545820336484,0.000978706278831083,0.000747595072022851,0.00217238048517294,0.00100484074462941,0.00102769124549721,0.00346255614580014,0.00112356719835307,0.00165717244574663,0.00209215660616732,0,0.86693832441512,0.901377494344091,0.171575738511519,5.63041916001537e-47,0.000325459583525135,1.90073328411487e-24,0.0405550012596671,3.5846438706049e-49,4.0218176862501e-10,0.780989757534556,0.00567563061112405,2.89699526873491e-37,5.25027104397335e-28,423,"MCF2L2"
-12.1384637163807,-0.0862438660906195,-0.00316486375739432,-0.687227580900779,-2.01876019616397,6.53950472841639e-05,-0.0176541654491817,0.00887410602684003,-0.03688696806649,0.0143074289349333,0.0275926574668105,-0.00413916919724622,-0.0051100478498379,-0.0359911917385274,0.107721560222895,0.26346198542993,0.0106185057935352,0.195809153571921,0.703350595538594,0.00535235399826653,0.00389862582528272,0.00377464195628356,0.00453355083279757,0.00433785077373945,0.00461404082747609,0.0062820312467774,0.0101255641352599,0.0150281836477152,0,0.743404369924957,0.765663700944113,0.000448645322332483,0.00410206128262291,0.990251691040891,5.94588153261196e-06,0.0187240631624227,4.07067679391518e-16,0.000972804757599233,2.22931877735109e-09,0.509966241291654,0.613792064649537,0.0166243112728272,424,"B3GNT5"
-10.966331864572,0.0182111103863712,-0.00928151988753492,-0.626007468078317,-5.92073696389385,-0.00851976481749737,-0.0147852858855765,-0.00883525760574433,-0.0206943074711228,0.0139937350249827,0.0179979493710508,0.00368022055710987,0.00968176982855251,-0.0156797592473362,0.0491820460042475,0.1184619372437,0.00498366098023581,0.101871214920631,0.385744115261397,0.00300860992421582,0.00239471580919309,0.00736570830893004,0.00313696331607089,0.002771625826255,0.00582640372017886,0.00360756286095943,0.00569510845956841,0.00818384285060302,0,0.877822917094734,0.0625481513910393,7.99197493851166e-10,3.60399739829161e-53,0.00462875969774589,6.6528931249074e-10,0.230328810701801,4.19776814225637e-11,4.44299670544491e-07,0.00200809595735886,0.307661887128359,0.0891281033984195,0.0553726185476869,425,"LINC00888"
-9.41657275000673,0.0533635213551385,0.00255697359234579,-0.0118380694570447,0.503024729901899,-0.00883431570189542,-0.00032959692206895,0.00361414175907666,-0.00160078956415346,0.00529993438609291,0.00670605886923898,0.00107769351343641,-0.0141521722429041,-0.00164675363546331,0.0204666747585425,0.0501291414706183,0.00206558853546941,0.0466553364330737,0.204066189476349,0.00158374302267282,0.00120601657800354,0.00348308625588111,0.00159527137338938,0.00160115136691949,0.00506828859977588,0.00184129083950693,0.00279200940078505,0.00397094086695491,0,0.287092768491548,0.215756455746069,0.799700662449396,0.0137010304309016,2.43125674665589e-08,0.78462733715563,0.2994440881811,0.315639405022539,0.000932702941574665,0.185788595675116,0.558351131919562,4.00305255243902e-07,0.678360710432052,426,"KLHL24"
-8.89747344086268,-0.0423944558219185,-0.0023343206547263,-0.101796778259069,0.348913173458804,-0.00397889056802124,-0.00760120556938184,-0.00127842424787331,-0.00709835699716058,0.0013063083370449,0.00972315637780919,-0.000423265713141065,-0.00931923667522756,0.00501247751494039,0.0155653029481618,0.0378219243649866,0.00158642703108927,0.0370896867932252,0.156550445194765,0.00122197845781295,0.0009517277036542,0.00298297838063827,0.00127821743255075,0.00117758071030275,0.00313860054791777,0.00142625148854047,0.00216062232665003,0.0029465355848658,0,0.262331997674834,0.14117412785203,0.00605825834006467,0.0258299613773394,0.00112951841480472,1.38549338038447e-15,0.668233935931355,2.80286037647395e-08,0.267294173058039,0.0019487921701699,0.766643685160917,1.60894799937369e-05,0.0889161935161353,427,"YEATS2"
-14.9486244123381,-0.242113931175782,-0.0345039801793759,-1.49922077611096,-2.60541479685343,-0.0603709524175165,-0.0165913278144927,0.011126972193271,-0.0406193577841139,0.0295019857882082,0.0241883048019344,0.00167687859843455,-0.0205203986000291,-0.00244064493958359,0.0922916215170579,0.270844734318081,0.0103240133083881,0.766150660904975,2.65669838533606,0.0205420958276329,0.0141704498011937,0.012832082051814,0.0166022098057218,0.0167229429667813,0.0206423900612285,0.0244060317682325,0.038285746467713,0.0534248475721998,0,0.371363893442972,0.000831443344023098,0.0503683523669046,0.326742432451617,0.00329390348180041,0.241663142453651,0.385875528829169,0.0144201357912225,0.0777046553372338,0.241286075772729,0.945222409994816,0.591972296989645,0.963562352320624,428,"YEATS2-AS1"
-11.7304761787804,-0.0673652094865395,0.00514904658300754,-0.416928989288941,-3.93680478004692,-0.00913413761790589,-0.0111273901309744,-0.0123033145934199,-0.00682340874158948,0.00136834634631706,0.0159113403198097,0.00922095981203165,-0.00382842790206114,-0.0271425189201503,0.0567543342405267,0.135576535862735,0.00579872009300955,0.136291134705632,0.547876628756543,0.00438770025184903,0.00374600670078723,0.0144495977266331,0.00525531377671566,0.0042818285311494,0.00923247190827621,0.00525373532848807,0.0079374659069254,0.0115649319798574,0,0.619273986282205,0.37456086832911,0.00221998795907519,6.69283460154337e-13,0.0373644232971237,0.0029734713175761,0.39451156406153,0.194155844507166,0.749293893801988,0.0848142921567205,0.0792380072780908,0.629576015811017,0.0189269081501128,429,"MAP6D1"
-10.3546023070607,-0.0687083565675859,0.000452521874600156,-0.136444295056712,0.496737316145288,-0.00106421371833497,-0.0023844111980717,-0.0145679219113877,0.00299339358370866,0.000752242541048779,0.00957588821161035,0.00252865339565999,-0.00855744695994294,-0.00269757192670837,0.0191265733169631,0.0472353284005735,0.00202406440621031,0.0717353527741963,0.294901994052793,0.00231228245618036,0.00202394561763692,0.0081259629757258,0.00286429075587423,0.00256330452680345,0.00742751950046502,0.00282556142085119,0.00410519484818166,0.0058652670410883,0,0.145780923131785,0.823091219083182,0.0571644955640612,0.0921015110354063,0.645341218638915,0.238756571512689,0.0730109038840909,0.295989126799598,0.76916603928919,0.197313120132528,0.370829482104064,0.0371109851578993,0.645571403280302,430,"PARL"
-8.31067104878368,-0.108986738463613,-0.00714954719629437,-0.0585391038031524,-0.24206548180911,-0.018347408528494,-0.00489442400331781,-0.00361090754094931,0.00707604121440079,0.00418415195404883,-0.00831329934105214,0.001018892796101,-0.00849005144188208,0.0131708497587571,0.053866705815052,0.134814486217929,0.00532589889699611,0.030619318637386,0.135212872738931,0.00104418443605155,0.000869733103700045,0.00307755345327107,0.00118934326344098,0.00122269984848494,0.00429087004563346,0.00124674706547135,0.00181068835437616,0.00220943773586311,0,0.418848793256926,0.179462652480519,0.0558972823851829,0.0734129740477581,4.10562150620969e-69,1.82838990822766e-08,0.240673689021843,2.68902794420444e-09,0.000621486515033251,0.0526916926360379,0.413790726591839,2.74740714000812e-06,2.50427285596697e-09,431,"ABCC5"
-15.3832275089184,0.346776216015301,-0.00907748981810661,-1.31904542078083,-3.33642650048846,-0.0122147115378309,0.00883965273830264,0.0211396960824604,-0.0155983465058935,-0.00803135424909723,0.0225809738441429,0.0080900604954727,-0.0327899456299379,0.0318368820809395,0.16154317549264,0.43865891768111,0.0173399067982717,0.976801853737406,3.24507055030704,0.0250315412188899,0.0185388313002665,0.012537123076617,0.0206327960106702,0.0200581233875616,0.0155459997865729,0.0299391671265479,0.0462617653644303,0.0208293759493023,0,0.429214074801286,0.600624400727523,0.176896836012701,0.303878228357394,0.625569099475708,0.633491562776986,0.0917634403095257,0.44965056954308,0.688858926706914,0.146355316567068,0.78699360853969,0.478453879151208,0.126398199440684,432,"ABCC5-AS1"
-14.3684940875609,0.357969800416444,-0.0102352417279895,-0.697337430346398,5.47170844655879,-0.00265696948793533,-0.0325171349476065,-0.000302125609533525,0.014152643981862,0.0318178774365427,-0.0683081218352964,0.00845941773675845,-0.0567710510252073,0.0343619752337704,0.111904545214187,0.293489838871635,0.0118397910530445,0.479328339897269,2.05809236889955,0.0154618242486531,0.0109333569009116,0.0232131022961564,0.013672537721292,0.0171660119333938,0.0655931695031972,0.0182197810940123,0.0279323659285772,0.017331858463913,0,0.222578306396702,0.387325229062674,0.145718536594396,0.00784588111271112,0.863562829193542,0.00293828431778299,0.989615582162376,0.300615375602951,0.0638051011996917,0.29769422070883,0.642433870824339,0.0421084324762217,0.0474132068309095,433,"HTR3E-AS1"
-13.9472719553611,0.344094455697118,-0.0105694474292934,-0.458440754723798,-7.11179822975374,-0.01405007751967,-0.023704529590142,-0.0482385348027816,0.0021670893997566,0.0121013278058743,-0.000664901049595749,0.00540387468522728,-0.00567584482607887,-0.0145072583038869,0.110049250477383,0.283830752415285,0.0109647856018444,0.368905337384058,1.47680620030363,0.0114792530339504,0.0102683068088522,0.0383743796413199,0.013729164815956,0.0142703718457281,0.0481725026716955,0.0145938240757075,0.0221019380936105,0.0313592572705283,0,0.225388889134163,0.33507363046937,0.213976313509916,1.46713312999065e-06,0.22096958583331,0.0209705674247513,0.208735333843203,0.874578399892347,0.396435922626997,0.98898754666325,0.711170121623607,0.797330825492602,0.643640457720412,434,"EIF2B5-DT"
-10.7551780454675,-0.0809074785911403,-7.42538852344297e-05,-0.517612985037791,-3.56296132946799,-0.00110816994652687,-0.00848118266142465,-0.00942020469165739,0.00037196936075794,0.00727862297208861,-0.000830322773422739,-0.00766375028227325,-0.00182741048950863,-0.00767478212464583,0.0150194218893108,0.0399799456241764,0.00170946933585365,0.0890719115033637,0.329695813818996,0.00260897548028378,0.00224299744892389,0.0085071521823275,0.00307867861423009,0.00321171886894913,0.0109403204035899,0.00328105671402544,0.00475447638049645,0.00695011707762764,0,0.0430008673123315,0.965353339676239,6.20337093871129e-09,3.19577149003112e-27,0.671016803435242,0.000156085206709562,0.268152301223198,0.90383273096672,0.0234348408395232,0.939502114390784,0.019503924256876,0.700714768657752,0.269477508717378,435,"EIF2B5"
-11.2682402052536,0.00904199425656257,0.00385124698611568,-0.0748425794534386,-1.6253156814606,-0.00481662489383596,-0.0111167268664037,0.00092101918935608,0.000316128261546111,0.00627112273938582,-0.0142543506305826,-0.000139134101302352,-0.00133089191785279,0.00765663823284585,0.0320970748580257,0.0789697610919499,0.00335429464489004,0.108997260136208,0.441166618165518,0.00345608402614489,0.00254621772792499,0.00658368952150118,0.00335897842915772,0.00390358220073837,0.0146371638593822,0.00413905017476246,0.00629556648828191,0.00837952222332124,0,0.90884188191795,0.250904973940767,0.492305562989314,0.000229484066112645,0.163418654609657,1.26556063269123e-05,0.888743678680495,0.925018276389124,0.108163086326292,0.330132766463561,0.973184174306439,0.832574021203564,0.360857645397142,436,"DVL3"
-10.3612727357704,0.0741079178438368,0.00157572015556704,-0.0629872708623621,-3.1111901852262,0.0150742283887352,-0.00856763455711156,0.00457834946925137,0.00581894079758891,-0.00258662399316757,-0.00945527331197524,-0.0169642538847586,-0.00916000672744977,-0.0320492089261424,0.0332919373118403,0.0823141716062776,0.00337826508868021,0.0667418312656262,0.274603057490232,0.0021242650996312,0.00162680956929343,0.00394877707637098,0.00209447448560048,0.00239099524893816,0.00892388829469482,0.00253953835357525,0.00388964636340234,0.00581537317873887,0,0.367957588836767,0.640908595631096,0.345299962324024,9.34470766869511e-30,1.28225839970746e-12,1.39029720873619e-07,0.246279007981176,0.00546551968294629,0.27933298017046,0.289351030029973,2.38853869489966e-11,0.0185241212917382,3.56561178821322e-08,437,"AP2M1"
-11.652430994317,-0.0845369953133774,0.0107257920946014,-0.534485647865008,-3.43798129731325,0.010113934664536,-0.00710282371539266,2.17232243778232e-05,-0.00753269702544488,0.00154921004241574,0.00488960088388807,-0.00750794467990021,-0.00344972481203824,-0.000301127875177927,0.0245791626431586,0.0628456366514503,0.00275144406486274,0.137267090029404,0.497456117792066,0.00397762016315793,0.00299934359690681,0.00812486412896326,0.00393017421328508,0.00413191908939457,0.0133825190493591,0.00474182975497464,0.0072099270340443,0.0103758785979052,0,0.178575837593324,9.68939556553691e-05,9.87006937810796e-05,4.80825909532923e-12,0.0109996472690808,0.017878443426721,0.997866720671708,0.055284720292963,0.707707195889616,0.714833564598582,0.113343223998706,0.632316607614855,0.976847111661728,438,"ABCF3"
-10.1626968920011,0.0142285378336815,0.0116094343628783,0.297648553588027,-1.75109536282243,-0.00551212803149762,0.00427504322393754,-0.00483471673785663,-0.00517134383542479,-0.0047353161281727,-0.00225530858036767,0.0132126515505606,0.0146920314678846,0.0330548865017821,0.0556842172632716,0.133435164401144,0.00553384558706526,0.0652152072005,0.28398875676349,0.00225048585258818,0.00183110297750141,0.00651781628725794,0.00256628923619308,0.00256261845804922,0.0088456503820883,0.0026965228609468,0.00395907169292437,0.00390909757344634,0,0.915080458994284,0.0359143040517422,5.01648014457966e-06,7.00068414988576e-10,0.0143131874405119,0.0195600374985758,0.458227057784723,0.0438935846174802,0.0646250838130358,0.79875211136471,9.58928338215691e-07,0.000206459324287496,2.76974252993401e-17,439,"VWA5B2"
-12.0787077496373,0.0140647266165996,0.00824690888793302,-0.156051633445125,-4.38437020064926,0.00289389868076395,0.00543616086066426,0.003496226126191,-0.00428562856132503,0.00724743151512902,0.010983097749499,0.00330139449882891,0.0116456219016833,0.0115271579191355,0.0330179786852895,0.0848416219438574,0.00365537299521935,0.162367327768554,0.627717910804932,0.0049451117060775,0.00368190205575126,0.00896827586961805,0.00470483007818845,0.0047242272340769,0.0133412615459699,0.00590051114525304,0.00914210820576745,0.0119578892765323,0,0.868333030867438,0.0240639944748999,0.336500667464209,2.85630848373473e-12,0.55841061953062,0.139821921116516,0.696652104355108,0.362348195256467,0.12500533890038,0.410369924086686,0.575813765313527,0.202718622111647,0.335056296288688,440,"ALG3"
-14.3097031229475,0.407358202400573,0.0153410943930517,0.193716059559451,-6.55197159114324,-0.0341270896390131,0.0272374838433566,-0.0376603865511967,0.0279102652900391,0.0171388755050973,-0.0587955704608227,0.0272012947850553,0.0382043110967893,0.034047155462126,0.0657357282835292,0.206549138431716,0.00812720288254494,0.469010155299671,2.01924931828126,0.0159333728840753,0.0140210608879715,0.0563840106266572,0.0194564771144613,0.0206302053598298,0.0711270835121614,0.0207893152503059,0.02857306017354,0.0221738314480741,0,0.0485856794079734,0.0590765915822406,0.679583392060135,0.0011755125083713,0.0322045696779361,0.0520630325451403,0.504180378528195,0.151430378491799,0.406105769879652,0.408448486683236,0.190728627343705,0.181198309018445,0.124669500113451,441,"EEF1AKMT4"
-14.0007756675897,-0.280785068551629,0.0169863351462369,0.682417579932473,-1.37060998154516,0.0416100760044282,-0.0599164226920714,0.00675470676415496,0.016434588927425,-0.0151194687416518,-0.00583893330300614,-0.0440131422269539,-0.0311360838588544,0.0198865748020165,0.0662559441910404,0.171465723646297,0.00751945530804542,0.332408619309922,1.46052573949463,0.0120538128694214,0.00849545475010292,0.0128481795467878,0.0104950383912337,0.0130126657494002,0.0481819770907207,0.0134153744415024,0.0195910537237915,0.0223593694440831,0,0.101513929219867,0.0238843312154343,0.0400776298425334,0.348020375439477,0.000556394010495146,1.75400386206314e-12,0.59907401392526,0.117362920691022,0.245274451024719,0.903544498087872,0.00103513615322281,0.111992423326087,0.373784501959352,442,"CAMK2N2"
-9.86829906081161,-0.0968167940271802,0.0086515416277703,0.15184455201269,0.894590830897396,0.00248282448055738,-0.00960898986152196,-0.00675655148495841,-0.0158383042319705,0.0130620945221872,-0.0159546689007622,0.0114547176990117,-0.0166003209038266,0.0355303075020383,0.0428462697004424,0.103612516582073,0.00429252449247908,0.0579590463764826,0.250399925305791,0.00196462434131518,0.00146098279180634,0.00407692604122558,0.00198530537957506,0.0022027887066276,0.00824199517661617,0.00229556984569845,0.00343661656183305,0.00363884492777957,0,0.350091334524587,0.0438532977282202,0.00879660283095235,0.00035338943197188,0.206314204340786,4.79800602585196e-11,0.0974656797148866,1.49004033132035e-15,3.03305520019879e-09,0.0528949565401245,6.04032388934803e-07,1.3624145960917e-06,1.60417097243197e-22,443,"ECE2"
-10.9282887340129,-0.0664510801246801,0.00888470552472327,-0.296527860927153,-3.85392332665981,0.0189566902355883,-0.00708950507905311,0.00556479302377174,-0.00579518939448332,0.00652573951801978,-0.00573744457750997,-0.0115428615334743,0.00613345242770317,-0.0331715171087499,0.02492580056763,0.060606399836196,0.00261515200296898,0.0934037965237206,0.347429774523354,0.00273874221975488,0.00196258036286774,0.00302307645869712,0.00248180588935549,0.00298451500185607,0.0112697954496409,0.00326032680687993,0.0050715529380593,0.00753787923616916,0,0.272887717175441,0.000680305773188232,0.00149997970719874,1.36164180696646e-28,4.46326617436914e-12,0.000303447811277564,0.0656550492146875,0.0195397870300362,0.0287766581282825,0.610682647146285,0.000399520772290382,0.226515545832648,1.0793046485304e-05,444,"PSMD2"
-11.2337683697618,0.0724283111279251,0.00272978523010039,0.433840242993101,-2.05655810026588,0.00910040443963142,-0.00332908572475577,-0.00127042492737557,-0.00803149665097516,0.00389611188549579,-0.0491124391824083,-0.0136996757221418,-0.0159604534321502,-0.0276435997732203,0.0239303464031007,0.0622757011925887,0.00261485077697828,0.0968377955893997,0.426066924517703,0.00336079612612138,0.00249522187717931,0.00589319880312478,0.00328994761243379,0.00382032980159788,0.0144448229697097,0.00400655675941245,0.00597660575618469,0.00899956225052628,0,0.244818618356707,0.29650644218269,7.46180575395781e-06,1.38714473382439e-06,0.00677283545429953,0.182143480480255,0.829319230511182,0.0146376021531233,0.307805995479667,0.000673851521788222,0.000627792300956882,0.0075741098465869,0.00212871696200382,445,"EIF4G1"
-10.7150774532093,0.0745078743698114,0.00991387045796023,-0.173625338861163,-0.944442408152968,0.0302752621771396,0.00565280650672228,0.00139598971950204,0.00222963880220248,-0.00859332858649861,-0.0139101506629902,-0.0165900077487397,-0.00211165383645632,-0.0282648712762764,0.0465297234619399,0.11353833977283,0.00476151066953126,0.0835432900146793,0.327558805314797,0.00254898170083819,0.00208987611446743,0.0067287891610687,0.00284440383511763,0.00303262485287032,0.0111169322482571,0.0031074876692854,0.00463481793092645,0.00687496824633792,0,0.511672694642787,0.0373346965185028,0.0376846902026278,0.00393562572204205,1.55126860953213e-32,0.00683347370866729,0.835646552644492,0.43311722637587,0.00460229726056891,0.210840355219613,9.36048786227745e-08,0.648672865628581,3.93483626310264e-05,446,"FAM131A"
-11.7789068154691,0.27229634359973,0.00296629626098191,0.247873604307615,0.881753390605172,-0.0191239843705013,0.00659048801541452,-0.00216978376569651,-0.0010248674417432,-0.0104962767993352,0.00115789190563524,0.012398189092873,-0.0213882976931072,0.0305142798058942,0.0651973146211467,0.160749033494202,0.00665565548090492,0.127977403956149,0.604509742743182,0.00472575840761644,0.00403390621987443,0.0153288397968027,0.00573919851775445,0.00541995776834338,0.0179277630768512,0.00570758114779562,0.00812861212103658,0.006768954693626,0,0.0902800830303959,0.655828009053049,0.0527631378262534,0.144668181630992,5.19326444119014e-05,0.102306474232021,0.887436159423271,0.858272785190115,0.052794560762013,0.948503214356336,0.0298381855670973,0.00850749095924828,6.54492277480597e-06,447,"CLCN2"
-11.6696823260703,0.0909624681887076,0.00544595490141929,-0.354208479440577,-1.23304198574862,-0.00338541223291166,0.00291107495290548,-0.00524914603497859,-0.00112092548735147,-0.00722723058327003,0.00574749825182026,-0.00130064429763969,-0.00528359547505529,0.0173193054349711,0.0380294167150384,0.0953368952444251,0.00398413592221592,0.136725748032806,0.544585311428965,0.00429894652271853,0.00369059919151496,0.0142986613143809,0.0052129824807733,0.00476374629312956,0.0142726996533873,0.00525797297363745,0.00765305234283399,0.0084923542499196,0,0.340024869311557,0.17165354329306,0.00957950258721374,0.0235627283343282,0.430990338283195,0.430239947831323,0.713538821284497,0.829747239556421,0.129233432383692,0.687175011483337,0.804624903047223,0.489948580178041,0.0414101438206261,448,"POLR2H"
-15.6014358064373,0.48101438399795,0.0194136910111206,-1.20086803104057,2.07479299812193,0.0183898936878731,-0.0908403271339558,-0.0235580118922369,-0.0630752419667183,0.0149315196099638,0.0320999168027847,0.0638000633633387,-0.0661978318557266,-0.201101470913627,0.167547181336303,0.432543514101108,0.0175499671818557,0.822262578620049,3.06985079032715,0.024447548136334,0.0193490589669604,0.044899149912677,0.0238839227016244,0.0219156825048119,0.0353093147283631,0.030220764008742,0.0467782127247959,0.0703939334593106,0,0.266112310163204,0.268642001676317,0.144168227323336,0.499128782502539,0.451919775790071,2.6684306328419e-06,0.599800615964541,0.0082684174547104,0.495671143694073,0.363294072223462,0.034760849899126,0.157026751010333,0.00427933822360443,449,"THPO"
-13.0739131933494,0.782153584245728,0.0195033236691209,-1.24455480673752,-4.52006753611751,-0.0225686905604474,-0.0673121955473383,-0.0166638976003871,-0.0339776294688656,0.00901347552537232,0.0370467304825246,0.0784008093283373,-0.0781923002290394,-0.175819411781503,0.112658426962512,0.294421223681051,0.0123310716271889,0.266061071727742,1.11058949347264,0.00890841595952844,0.00711577120682328,0.0214939973020255,0.00923781322277381,0.00795215064583113,0.0137307057235046,0.0106782976723521,0.0159046657968633,0.0244318266713669,0,0.00789376796021498,0.113731637393381,2.90105612840126e-06,4.70188985052523e-05,0.0112958002365317,3.09187324334258e-21,0.438173362495108,0.000234974981477657,0.257019501259354,0.00697378105438783,2.1031529054882e-13,8.8189781965924e-07,6.18562228462249e-13,450,"CHRD"
-13.6320153698827,0.716133799546683,0.0214032160304362,0.199384966952923,-0.0416644221804373,-0.0379615098053427,-0.0561163585321851,-0.011381992064441,-0.0306651842999526,-0.00788502769251152,0.112325631718819,0.103274153011448,-0.0850000544350078,-0.0604505433149115,0.058609006831452,0.176153760128358,0.00674445104458277,0.316897582648835,1.60126353368129,0.0123817019574737,0.0104098848236126,0.0356769861048874,0.0135844048041128,0.0148323966946107,0.0510318843276431,0.0156250044897575,0.0217902379288038,0.0327006398977887,0,4.79521317923418e-05,0.00150635932391461,0.529232572002318,0.97924161278339,0.00216989519470906,7.01915454266554e-08,0.74970454622519,0.0239842457440128,0.594997198196486,0.0277298452521676,3.85505907878559e-11,9.58627149863437e-05,0.0645149722849651,451,"LINC02054"
-11.7910787344005,0.208327972015904,-0.00316911075546385,-0.675208238476383,-5.39948575566924,0.00450694241027261,-0.00580181943100239,-0.0284741995227231,-0.00110640778619731,0.00084284041838048,0.0154256051118238,-0.0173474470919471,-0.0038415264000027,-0.0340370900423937,0.0543033578214576,0.132331708498784,0.00563199702914214,0.143764129302628,0.543680982901822,0.00431343808927629,0.00383855488888879,0.0149663319395238,0.00536171075014445,0.00451435268933163,0.0113126112648955,0.00528438392165796,0.00795737739976222,0.0117416145789144,0,0.11542131701461,0.573640873947678,2.64477079031479e-06,3.04112073268593e-23,0.296087305439842,0.130671474274857,0.0570992477618826,0.836514789704476,0.85189398523322,0.172701052847296,0.00102790419861458,0.629264112974088,0.00374543120474731,452,"MAGEF1"
-12.0055544852834,0.116214066560875,-0.0123734293068861,-0.496802374903717,-1.06609573065254,-0.018557313284848,-0.0121522391193033,-0.00282851713238071,-0.0218124712112623,0.0329337278684253,0.0142104327408441,0.00125054380117898,-0.0205656092073696,-0.0368272130700504,0.0220711169342695,0.0702837602391905,0.00269714320161945,0.165560271390238,0.658022938364244,0.00505308419371082,0.00383059512760567,0.00988300677123367,0.00485536276685615,0.00516319007136304,0.0158225807374846,0.00615844053817595,0.00942490875256517,0.0138688409923242,0,0.0982295251122422,4.4835860946914e-06,0.00269329515842411,0.105200102388007,0.000240214906980062,0.00151176578291665,0.774724897677453,7.04086736860282e-06,1.78758502674632e-10,0.36912641116099,0.839086756729154,0.0291059440585064,0.00792162331116364,453,"ENSG00000272970"
-15.1077091762957,0.0218866518906541,-0.0148010873242655,-0.611662251972819,0.714203754485042,0.0248164788274026,-0.0138366869501903,0.0200505606507381,-0.00103073683593798,0.0170766545580567,0.0264447247511793,-0.0720835416307584,-0.0936053956081164,0.0169601476995782,0.0959121878302902,0.30223376044918,0.0117693895523453,0.695099646597531,2.6103562756796,0.0207753959230885,0.0154443852468047,0.0165648095921385,0.0178470086440597,0.0170004737109297,0.0191826931117906,0.0223888724324583,0.0336396503199259,0.0308541171932109,0,0.942270610104472,0.208539434809052,0.37887913429874,0.784389007982869,0.232277390225814,0.37030402277058,0.22611351525044,0.953944548476356,0.315146775962842,0.168026736117047,0.00128363020820044,0.00539267034462626,0.582533172612749,454,"LINC02069"
-9.08413463199848,0.0412458478827609,-0.00184693397683171,-0.19931048843556,0.56081510092851,0.00906502619064505,-0.000465756393050741,-0.000657132182068098,-0.0039538487737948,0.000466266568537643,0.00477454635053734,-0.00461535070981706,0.00708842871450251,-0.034981561062716,0.0265596806610903,0.0648591386249567,0.00266294191383605,0.0457081801564072,0.190729850789332,0.00146753042355316,0.00117800630488073,0.00377350150000031,0.00158622611815444,0.00152931206967928,0.00472087011434502,0.00173709994569027,0.00262759420416947,0.00391681992605641,0,0.524822290679365,0.487952536317632,1.29765986057741e-05,0.0032782735667974,6.53054955758726e-10,0.692564809462365,0.861752390915903,0.0126806764108626,0.760452615831027,0.311839379917543,0.00788561175982539,0.00698228977823783,4.2174433145969e-19,455,"VPS8"
-9.61336573614485,0.085738153702787,-0.0017938095775005,-0.0452330021051216,0.0290844148476819,0.0169377877020067,0.0112148171123208,0.00729660251431438,0.00137446207781393,-0.0237736897996865,0.00093699017234142,-0.00717515579322219,0.0202825784157272,0.0011469188486601,0.0265246404010318,0.0650571927407856,0.00266982452279139,0.0603576965329826,0.255906211533408,0.00198380362828598,0.00149285732996111,0.00387166058644328,0.00195029342426521,0.00188308640343875,0.00539151272334164,0.00229116812833785,0.00349043196928758,0.00492379757836456,0,0.187540834181111,0.501658215273536,0.453606723924569,0.909513162190661,1.36521851673385e-17,5.80900293446028e-14,0.0594813855614521,0.48096813138645,1.54028010334775e-36,0.862030623738426,0.00173822022823529,6.21349724993637e-09,0.815812816635134,456,"C3orf70"
-12.5372243349557,-0.267629806880679,-0.0122009787904188,0.663697109694645,3.73078439673999,0.0128223292557065,0.00496364511655446,0.00705565695848121,-0.00071143191192487,0.00829874187268132,-0.0134263811905443,-0.00592342298113073,0.00965539938501646,0.016983395449363,0.0336368638276905,0.101916876827416,0.00418090119206929,0.233755763298979,1.02706492841106,0.00778678011889837,0.00565472981691494,0.0128447459798638,0.0073257323681431,0.00880762656594499,0.0325359381027601,0.00937819569703431,0.0140014049218224,0.0174998221187806,0,0.00864045595962566,0.00351984759012888,0.00452160402166503,0.0002807192541034,0.0996239911883334,0.380059628272294,0.582797557895911,0.922635782942176,0.34607885581441,0.679853460972448,0.527637513376778,0.490444394832789,0.331802504047171,457,"EHHADH"
-8.91983701100651,-0.0215298875841649,0.00163757392982005,0.0447610765637551,1.92089972818336,0.0156273648002742,0.00970521133245355,-0.00662764417468703,0.0124775265211304,-0.00805639863938766,0.00146727013833602,-0.0120503966743232,0.0100217471435717,-0.0196553889666277,0.0161693975267992,0.0400838567423148,0.00165727617460017,0.0463889139644168,0.197270384234232,0.00154374960609426,0.00133740667190569,0.00520548487528442,0.00188875394230513,0.00172544763417416,0.00523120270709382,0.00183476948497858,0.00263269623057709,0.00398966211973318,0,0.591183926186016,0.323097960623558,0.33459043659135,2.0883840545016e-22,4.36853493088022e-24,3.96533396635486e-13,0.202945660898405,3.94253418279827e-11,3.02427322057838e-06,0.779105982401905,5.10645009860193e-11,0.000140863160918137,8.36814282763745e-07,458,"MAP3K13"
-11.6609286000293,0.0202975204941665,-0.00416717381053714,-0.249341249271658,-4.00150971256274,-0.00512501589949669,-0.0164449492382687,-0.00492496191114338,-0.00124764779188404,-0.00300686893020795,-0.00791456860518702,-0.0142740193000569,-0.00133975277510177,-0.0186396151338549,0.0451369856036032,0.110361425471659,0.00476780267010638,0.136366015138957,0.549052055849355,0.00440093576320328,0.00354310026340282,0.0121643024497623,0.0048378966571902,0.00514415569888101,0.018269578334617,0.00530833619123308,0.00785621319768011,0.0116322605988866,0,0.854077301451964,0.382105200979544,0.0674789544020869,3.14512051045881e-13,0.244209829035579,3.46054749335932e-06,0.685573024159819,0.79649138429392,0.558869592824363,0.664862032768648,0.00716703309366467,0.864590066334103,0.109065650750063,459,"TMEM41A"
-12.8984316538561,-0.298446174622324,-0.0179247868517081,0.0807807416652921,-5.4916603159857,-0.0147545082696166,-0.0110481259880078,-0.00545003603982388,-0.0129081045400132,0.00528132850806937,0.0119971544945782,0.00817589509270712,0.0330115299555094,0.0251772743694095,0.0736484380882601,0.180130479427766,0.00780799909776441,0.254200617876209,1.00656112264244,0.00794744907010958,0.00597178787008725,0.0170469245951556,0.0077239883787079,0.00727408023863141,0.0179976127459555,0.00943994643478367,0.0147054443639833,0.0144664907112273,0,0.0975531848039412,0.0216933092256837,0.750649228356859,4.8735360093776e-08,0.0633810854059126,0.064305864667565,0.74918978938715,0.0946879281420707,0.467809589752397,0.505029591883805,0.386437794765859,0.0247777061520483,0.0817913050098949,460,"ENSG00000286086"
-14.7884742039346,-0.558403383954977,0.00760239456896442,-0.580879175751003,2.19546962909476,0.0244293770715512,-0.0176818844151278,0.0132503941398272,-0.00951431979272496,0.0385692908116541,0.0285355139273802,-0.0770275203406146,-0.0272044011821243,-0.0317160041314768,0.0946263895807144,0.237594452181657,0.0112278314210185,0.657447178185302,2.31580095980505,0.0185423298130077,0.0126183728036218,0.0176175003604383,0.0157853401625648,0.0150599211846742,0.0203457813832083,0.0199910131795523,0.031097721744904,0.0508890552514525,0,0.0187614373178001,0.498340818627411,0.376945980316805,0.343109599662366,0.18767365464375,0.161130099556067,0.451981635973613,0.546687405348857,0.0104354747136041,0.160757842698631,0.00011662821340451,0.381680738752954,0.533127990244957,461,"LIPH"
-9.89811621066912,0.0939883235173369,-0.0026372768249633,0.030080201815599,0.276875121731757,0.00601288257816504,0.00324977087260308,-0.00621296855634113,0.00388181157043799,-0.00472627651068108,0.00211333801977782,0.00122717191203832,-0.00536954103476872,-0.016314695569658,0.0274900554688758,0.0672616412286655,0.00276778979145899,0.0574322917373955,0.244458285701559,0.00187666133982413,0.00165002059267349,0.00631467384989437,0.00228859679213525,0.00220870434969175,0.00723863998121788,0.00231910238746955,0.0033856909467046,0.00495344431998825,0,0.162307144261027,0.340668214643784,0.60045196147175,0.257379403111221,0.00135517515746573,0.048891856812084,0.325167724168564,0.0898568047929969,0.0323676043923108,0.770323049632825,0.596695750474302,0.112750352203271,0.000989109224357917,462,"SENP2"
-11.8883549642906,0.0809775226299826,-0.028575649045677,-0.12666955629143,-0.131130023967621,-0.0361522878249414,0.0735790035256307,-0.0125379943732661,-0.0267554780957536,-0.0107666515412648,0.0567910776411032,0.0542348804192595,-0.0588623358802922,-0.0349118882911964,0.129553731584998,0.319852484490513,0.0136148151882127,0.189674705304279,0.840674629129617,0.00660585830117852,0.00604260165965726,0.0221718493201098,0.0082299644363116,0.00798415441807461,0.0276447642215965,0.00794950164803365,0.0110616792338385,0.0165160385306567,0,0.800135714660514,0.0358288679371534,0.504245150811362,0.876047290133238,4.43075926531728e-08,4.13636932792071e-34,0.571739441486431,0.0011500655616538,0.177496842872694,0.039945130498738,8.95162391837337e-12,1.03037443670827e-07,0.0345308731395931,463,"IGF2BP2"
-10.0455614509064,0.136731171014613,7.13829895068726e-05,-0.501376503923841,-1.8512378135473,0.00439092272785048,-0.00635074825919756,-0.00227474245809174,-0.00412406095063581,0.00320309475801272,-0.0100468179946135,-0.0151957446210122,0.00767317860549277,-0.0487993031350233,0.0156501254465884,0.0396719771936811,0.00165918886216792,0.0651812164830103,0.25215322540849,0.00196897462666106,0.00158542338641813,0.00524110741506849,0.00214422476388663,0.00233890852163112,0.0083921293831374,0.00242593579051192,0.00363179791107824,0.00532147537826385,0,0.000567808422196633,0.965683340203957,1.44807683746994e-14,2.1086971234835e-13,0.0257437574909377,6.18311510745685e-05,0.664274330878612,0.054438084543209,0.170848438822799,0.231239721787359,3.75540374312395e-10,0.0346198707036997,4.7188746939262e-20,464,"TRA2B"
-11.4720850600969,0.0738460654532929,0.0279186570934297,0.0855095497449737,3.54185899278363,0.111043562380059,0.092632934341005,0.0098590953981696,-0.00438228395107725,-0.0282344345147932,-0.067330679052206,-0.012750325502116,0.0995351913620033,-0.156494010112134,0.119660094601926,0.292685096290453,0.0125888919591485,0.164241631793586,0.601644668073483,0.00490951658416263,0.00383024514268297,0.0102832824392384,0.00501349357761793,0.00549842971104485,0.0209013435472302,0.00558072427879301,0.00817002250869782,0.0130672234599034,0,0.800804921688102,0.0265738233944399,0.602622726609787,3.9336031905434e-09,2.88099026425365e-113,3.23137118538197e-129,0.337684783623931,0.38206496892764,2.82144583806482e-07,0.00127585333150205,0.0223299542141345,3.83043268254545e-34,4.74266908828942e-33,465,"ETV5"
-10.3404618417453,0.118265112282466,0.000488402754958037,0.118197316521278,0.723481857644193,-0.0276267971419185,-0.0138483024669088,0.00256281020426801,0.0154526012083398,0.0333758145479936,-0.0134348394517496,-0.0158752424790485,-0.0149899773517705,0.0421373835412518,0.0616397906074949,0.150639770637451,0.00596686072037575,0.0872632418283985,0.399697369788809,0.00306612342985425,0.00231338774526499,0.00655720763705832,0.00306895874295927,0.00341626058840351,0.012448040554923,0.0035100415330993,0.00533267490111687,0.00742304699854727,0,0.432403391472783,0.934763968774698,0.175579633605445,0.0702842965315897,2.05429297698871e-19,2.1485685720698e-09,0.695916501497541,4.77528731990083e-07,1.51912833742816e-22,0.280465852925983,6.10247111777275e-06,0.00493927311641457,1.3742908107068e-08,466,"DGKG"
-12.6016935381858,0.101349099920311,-0.0178235781866415,-0.228649111789981,0.859280961651065,-0.00601054869469002,-0.00863838251037168,0.00383867828928083,-0.011992707826777,0.00645876317661095,0.016852639521759,-0.00723003875554518,-0.00347778604243659,-0.016202533600661,0.0371936104471463,0.105516512999004,0.00417027061912511,0.217374170224024,0.898520381440683,0.00681419095701661,0.00511619932937488,0.0130636478568446,0.00646018668908912,0.00605099810063123,0.012109389217347,0.0081877230799031,0.0126858463478854,0.0184430413084233,0,0.336801298818191,1.92029770923239e-05,0.292859739319293,0.338906119489257,0.377742503230314,0.0913272880880984,0.768876892069429,0.0633961842662091,0.285796633940917,0.164013198577906,0.377217842728449,0.783971697053927,0.3796629727388,467,"CRYGS"
-12.0450799644683,0.0444254680736141,-0.00997232888273771,-0.397444794937711,-3.54800418947207,-0.00397992302600394,-0.00999827814880622,-0.00355831940302515,-0.00585797638547486,0.0161033765536874,-0.00637604067162243,-0.00311138547137243,0.00607576200949767,-0.0224782922233039,0.0228894911536503,0.0708385295183438,0.00280171628517754,0.174917454500328,0.66697193847102,0.00514934961863485,0.00404980784712452,0.0116483012724691,0.00521213053343614,0.00603305534603323,0.021665620018531,0.00643046379264809,0.00964285936676111,0.0141057586012249,0,0.530569387420347,0.000371753580503178,0.023075346262557,1.04012553738941e-07,0.439582633019704,0.0135556437571104,0.760000840053487,0.261050332900218,0.00760342167124022,0.768534008459307,0.628491713045512,0.528642978393131,0.111035897977083,468,"TBCCD1"
-11.2852885477591,-0.0332461457982163,-0.00505359195081769,-0.563749176418619,-1.40205359101515,0.0212366283082549,0.00176960830729247,-0.0038604915489303,-0.0044310145824508,0.00861389020456702,0.001009401666697,-0.0104660403188924,0.0057719313284407,-0.0515098318906664,0.0160258387749961,0.0467426035647829,0.00195263897055628,0.122296370094025,0.445524491837981,0.00344241649174235,0.00288612214779866,0.00983941786897067,0.00384548933301431,0.00409242713013419,0.0138983896075405,0.0043292653039222,0.006350988947814,0.00954400005309139,0,0.476923112831485,0.00965116901152403,4.03256796883703e-06,0.00164970138478413,6.86776736694261e-10,0.539781168077958,0.694799928712628,0.249213068946602,0.0353055383273257,0.942102750197377,0.0156271229056171,0.363443023507182,6.77302343588282e-08,469,"DNAJB11"
-12.7425871237773,-0.0444356845000096,-0.00443934617585739,0.365644025679043,-2.00132687752857,-0.0219863093193651,-0.00865993841002297,-0.0559733216259487,0.00839105571738959,0.0295531216300344,0.0295952708168301,0.00747010373003322,0.0150801689334512,0.0447492995562393,0.045215051600413,0.126570356311675,0.00531431132200409,0.248479768607682,1.06772165031326,0.00837887833043656,0.00715550959774418,0.0285919258275187,0.0100895248002293,0.00852062581150887,0.0190902426651774,0.0102005031082254,0.0151404997563403,0.0177626985415824,0,0.725532102621297,0.403516837467827,0.141149371995045,0.060876678743657,0.00868997479194503,0.226183893008084,0.0502697078215913,0.405600799500757,0.00052352548186066,0.121073704495487,0.463969009910547,0.319242726511026,0.0117593439872579,470,"HRG-AS1"
-15.2670644439446,0.553885609363298,-0.00744276582065055,0.240238058572565,-8.84890853184871,-0.0513518351554339,-0.0293595529887206,-0.131253420482416,-0.0304281303933876,0.0879395089430409,-0.0975654967082259,0.0205340915233506,0.00674935293062857,0.0417869958406303,0.114525614722642,0.376053502352642,0.0121905658814357,0.649704751502041,2.82579014061381,0.0226174144397374,0.0198652665091835,0.0762344318012394,0.0278673686433859,0.0293994959243048,0.0978254497394458,0.0295735129208017,0.0424169479948204,0.035160184438573,0,0.140780579678741,0.541507537390333,0.711557617358508,0.00173926956695715,0.0231799546099416,0.139425442104754,0.0851224526702943,0.274880992307175,0.00277891578977406,0.318598201347376,0.487468618045011,0.873574922534837,0.234646372360627,471,"AHSG"
-13.5022550670658,0.20285179279019,-0.0092342357117945,-0.525031087180523,-7.1385564166977,-0.0125600533758318,-0.0236214972421545,-0.00565340107780657,-0.018015768811919,0.0229024634007752,0.0184633887156475,0.00839429795611311,0.0204223859028101,-0.022849858656673,0.0716064117396561,0.18804767157539,0.00778282375110285,0.333290137129982,1.29066831299763,0.01007981351513,0.00751812566988494,0.0174219771393616,0.00932158157977415,0.00927927197780731,0.0227863717926265,0.0121894685826225,0.0193794054851232,0.0278777086496839,0,0.280710175642337,0.235429195197659,0.115187813356885,3.18593264036152e-08,0.212742333933642,0.00167832617349826,0.745560847614295,0.0532738515863383,0.0135820417025685,0.417778072635108,0.491042493801466,0.291965788349227,0.412417813892224,472,"ENSG00000263826"
-9.79473211772182,-0.071431957888524,-0.00766311767817592,-0.123829580804616,-2.48402565192423,0.0250379370632926,-0.00785486177029273,0.00366239640863841,0.0112672188955084,0.00592734191001927,0.00312995511573364,-0.0171061187308363,-0.000697458614085351,-0.0514530396965049,0.0484143027319509,0.116953337931443,0.00494592268170012,0.0569372526664727,0.224345513493232,0.00172818124626895,0.0013495056087042,0.00345221935509234,0.00170862374603792,0.00184102429443078,0.00634682989363965,0.00203596714792774,0.00311799937013039,0.0047915294211611,0,0.541349775202726,0.121290204692525,0.0296418895977042,1.70914679638807e-28,1.44225712800887e-47,5.86550991189484e-09,0.288743657541865,4.2719731616688e-11,0.00128374420988914,0.621904827977439,4.39079714291714e-17,0.823000191053809,6.72474552150474e-27,473,"EIF4A2"
-11.9605013252058,0.301902234489083,0.000713983575253349,-0.177959735799644,-3.23495930642592,0.00948189327947622,0.0018139616881424,-0.010791471764037,0.0106201041689085,0.00117910053364628,0.00406808547171601,0.00659426445999208,0.0247388020223302,0.00545225745578354,0.0217183071862724,0.0677511291419591,0.0026800752946488,0.162101254592128,0.634342472575315,0.00491989816046068,0.00436929805413313,0.0167458565439734,0.00593949038907361,0.0060636122708364,0.0199319801530124,0.00634829289937698,0.009190455951054,0.0128914443190107,0,8.34846290906146e-06,0.789927856107492,0.27227841781531,3.40183742743154e-07,0.0539479865294428,0.678024123988764,0.51929898080893,0.0737679854012164,0.845819523399085,0.838276596259866,0.298922837208476,0.0071069109791504,0.672341867865488,474,"RFC4"
-15.0519629094459,0.266228628308995,-0.0160606053888018,0.255939592193628,1.75830629176509,-0.0642726229728033,-0.000526706469837805,0.0132845037948929,-0.0120337650421897,-0.0117020547305096,0.0213060728484851,0.00723324568672913,-0.0857448160140845,0.0337053015169115,0.195570189115753,0.500359061412892,0.0190529720071307,0.477429127944772,2.68242221085891,0.0209195607971283,0.0154244067992726,0.038496119116117,0.0194631298229921,0.0168581827057508,0.0202605199195274,0.0229204021014667,0.0335492187008342,0.0143347238506297,0,0.594673939865493,0.399259266212737,0.591904151715793,0.512151037391973,0.00212366585834367,0.972759451482474,0.730029092551881,0.536387358528842,0.487590108824848,0.292980613513959,0.752320485819026,0.0105946507387631,0.018707714619632,475,"ENSG00000231724"
-13.8654774563148,-0.063354672725063,-0.0189158243635362,-0.0543205878976499,2.0146622575479,-0.0148122560723511,-0.00673817637071926,0.00920547256917274,-0.0070007062218343,0.016068759811599,-0.0522266175755736,-0.0355918504790604,-0.0161986024410376,0.0325275151928693,0.0526358594707801,0.162920714399428,0.00628824808453976,0.384727629065248,1.62310331436214,0.012499106240117,0.00849007841432634,0.0128486240390402,0.0108417769904287,0.0136965096928652,0.05295629451761,0.0147139466856104,0.021922884283796,0.0166882196637101,0,0.697373702586196,0.00262866630749621,0.887718010212656,0.214516761023389,0.235991661554257,0.427397457366479,0.473709885419271,0.518463454979424,0.240715183517159,0.324024603762603,0.0155666907750209,0.459973726601255,0.0512798617656477,476,"LINC02043"
-12.495396296715,-0.0239667669000224,-0.00543074282077669,-0.493637388777547,-5.56165374140833,0.00406383203532195,-0.016516080213619,-0.003726314751101,-0.0188282320496108,0.031650278600529,-0.00198888099511799,0.00238474085940101,0.0122948128609301,0.0157554845971268,0.0275761509340254,0.0792236698209422,0.00321975989250281,0.206359718161657,0.738607821357274,0.00572406826324871,0.00417861460167037,0.00704127043745182,0.00520022051617606,0.00633175192398601,0.0230963106049648,0.00704974530333184,0.0108910628993382,0.0141241057950722,0,0.762255474871939,0.0916626169742367,0.0167513246991051,5.07735596289937e-14,0.477731917300318,7.73307282053006e-05,0.596659384126957,0.000293852106289915,5.77299260493989e-07,0.93137698875856,0.735157215609531,0.258944206274252,0.264634866561499,477,"ENSG00000289971"
-11.7053089176794,0.496585641582406,-0.0193560269070846,0.35931595994702,-0.366818750901825,0.00976371341764831,-0.0318273977841201,-0.0171190739110777,-0.0388555933009804,-0.015129235268187,-0.00458305119802669,0.0676339891860875,0.0600674903193444,0.038005431661091,0.110034522743421,0.27213883689373,0.0107899520856848,0.15341813266036,0.69826593302517,0.00531702761331488,0.00406120444104937,0.0107564075839115,0.00524737823196336,0.0057623093322021,0.020268345629627,0.00657454390019508,0.0101834430314187,0.0110777445302611,0,0.0680385983781421,0.0728301396144741,0.0191771331919011,0.599355091596783,0.0663117537748374,4.61674567877906e-15,0.111491843124772,1.31384687011229e-13,0.00865089258150643,0.821109130149718,8.04393905470214e-25,3.66722409843972e-09,0.000601823000101064,478,"ST6GAL1"
-12.6887015473492,0.0773211975414716,-0.0110824602676883,-0.0305809521270036,-1.41551337906278,0.00972283454796542,-0.0114269253389282,-0.0140719692231618,-0.00586654394704761,0.0330688964899769,-0.0204036597864164,0.00851501438706422,0.0119421011374716,0.0225814923805733,0.031328437090257,0.0969391579835546,0.0038321650555248,0.22733912407517,0.932178909412518,0.00709025510923171,0.00593703144033387,0.0205394231926652,0.0078813493783474,0.00880673915375622,0.0308977597679621,0.00909508061987496,0.0132147600883967,0.0154107343626874,0,0.425087530087238,0.00382849162039845,0.892993855549556,0.128888479191963,0.170282874503629,0.0542685677406834,0.493268212756975,0.45666003714502,0.000173373625165029,0.509022520352878,0.349158908525325,0.366157611917353,0.142836550354664,479,"RPL39L"
-15.5540419524863,1.19475418241689,0.00915624959590441,0.0456075982999409,1.63606849174119,0.143626632205236,-0.0181472143006198,-0.00325113507097531,-0.044607079439731,-0.0151061169112676,0.0112195000945354,-0.10166883735094,-0.0513018127037177,-0.188720470534229,0.327461737130379,0.881333955830664,0.0357123827452171,0.950490714804851,3.33532925795796,0.0258212134680323,0.0219592496082001,0.0553955647583097,0.0284863167114269,0.0247025562509891,0.0594075098662233,0.0275455855054779,0.040995084060003,0.0734021986883922,0,0.175220016453249,0.797650751119205,0.961729621384069,0.623761148211748,2.66165463817089e-08,0.408574888317462,0.953199464793836,0.11736910289428,0.54085512176161,0.850205212638887,0.000223435324832775,0.210783555900664,0.0101391694075445,480,"SST"
-12.6556943741754,0.152160541340082,0.00166357085280677,-0.45672081538402,1.80039429057076,0.0669375813556812,0.0149031041252673,-0.0394236030231532,-0.0388116055841744,0.0216236759613176,-0.00776085964813771,-0.0137077717509377,0.0333131467001943,-0.220738769122621,0.0431222134617687,0.108836080951171,0.00460410455841588,0.228600909664112,0.857002278923802,0.00660348804795839,0.00610710745382387,0.0237443052032923,0.00853366775588848,0.00878635346380266,0.0298666343265361,0.00867834816866385,0.0124808638800926,0.0188675876852392,0,0.162091822389934,0.71785768027863,0.0457279495090878,0.0356581265098531,3.79708124833361e-24,0.0146755363279978,0.0968462143274855,5.41435266520323e-06,0.0138530145829736,0.794979100715916,0.114212944112777,0.00760462228536005,1.28412860746806e-31,481,"BCL6"
-15.3633961040624,0.159472445347958,0.0107484765702195,-1.49120536265807,-6.26858527557897,0.0710949644437597,0.00277115052705373,-0.0418564970904966,-0.0327210443259917,0.0658520233731711,-0.122591328239917,-0.0056019107778434,0.114986955164208,-0.281130082584384,0.139716131881086,0.291456688305634,0.0125670316250399,0.727403852595885,2.34421197008717,0.017691085015937,0.0167243920084902,0.0632151558660637,0.0228023595677476,0.0242181360386142,0.0847205933562709,0.0243414984776506,0.0364560389914159,0.0537103357957599,0,0.584271162254284,0.392389737344672,0.0403607464400735,0.00749369630951858,5.85229160884967e-05,0.868396868468165,0.507889472670478,0.15129136728511,0.00654558133183718,0.147894842025887,0.817984314035546,0.00160979343763851,1.6571026198591e-07,482,"ENSG00000289331"
-9.89182776882735,0.0592349074070751,0.00380681146847954,-0.244611939152925,2.74388914957204,0.0244329221199302,-0.0215843419387413,-0.0156994100669912,-0.0324592295687992,0.0231092172704821,-0.0220877847701546,-0.0129053903513236,0.0168316915872524,-0.111115553539069,0.0467675255729526,0.112849264465226,0.00484137345732958,0.0907191103378633,0.380383990153003,0.00297746675470605,0.00231601608512945,0.00691262808736623,0.00317586572251919,0.00342061118579705,0.0124694929469295,0.00350011627852002,0.00521483376774347,0.00791644283083892,0,0.599650685772508,0.431686971462464,0.00701005621911957,5.45430621961468e-13,2.28788175284306e-16,1.16780466302028e-20,0.0231396956239281,1.6035760550168e-24,1.4197702344242e-11,0.0765032048599475,0.000226795825168114,0.00124808791735006,9.38024919235066e-45,483,"LPP"
-10.4829121835916,0.161406936498108,0.0107568300034586,-0.185422935871038,3.17690727153699,0.0403719767149448,0.000260845581273106,-0.0221426673090576,-0.0401882633973714,0.00981154293067463,0.0104665534497003,0.00496202565188612,-0.0189875925430862,-0.0739737179267619,0.09098746053834,0.228063021383293,0.00987590578681566,0.139194994811347,0.588351564182725,0.00461714654381689,0.00385802629595646,0.014552170998634,0.00562603950754237,0.00474048695770046,0.0124268054792798,0.00531752260871309,0.00742563757092231,0.0120764338433533,0,0.479113231312482,0.276065992672388,0.182824301274316,6.67617066909494e-08,2.25151694646126e-18,0.946095182045344,0.128107891757734,9.11429421611694e-13,0.0384773420375487,0.399644585195899,0.350744523390957,0.0105569519651225,9.04217284883132e-10,484,"TPRG1"
-12.0330002837788,0.404476564912732,-0.00354348503770378,0.515993001003696,-0.702599412016008,0.00447270207225423,0.0264142179356942,-0.0621995011714108,-0.0376870123438774,0.0193653390967792,0.0050872670632104,0.045932032931598,0.0264855328696059,-0.0284782297343235,0.0942810438983651,0.246542335515975,0.00975659064440922,0.235151855761088,1.05347605392158,0.00792694446605243,0.00683225573815331,0.0262329702984631,0.00987404631227943,0.00947664139648824,0.032437329638045,0.0100220269316339,0.0142513702032256,0.0203240897161738,0,0.100881141214011,0.716463808424236,0.0282140682407552,0.504814041404565,0.572590557570692,0.000110587350592631,0.0177379662571729,0.000135207405474098,0.0410048206743832,0.875375897234236,4.58115027960587e-06,0.0631044016001799,0.161152579465915,485,"TP63"
-10.7395142513156,0.0603702419788187,-0.00178873345344716,-0.227280904445161,-0.0565889755279721,-0.0171912616324426,-0.00601447023084012,-0.0300439126226883,-0.0177643928494229,0.0352074353025421,-0.0465242308607896,-0.0131042400024945,0.0133720099325387,0.0153560645003874,0.0214723287770367,0.0618944715582721,0.00253388736752318,0.123311170183235,0.523600365066256,0.00411379903162533,0.00355283015770131,0.0139871682833538,0.00502201606151393,0.00515539280237324,0.0177101250526919,0.00502109660572743,0.00705580183295065,0.00929583814519268,0,0.329374906547101,0.480235021747009,0.0653072061611928,0.913934887014081,2.92888990134024e-05,0.090480716295774,0.0317167364915333,0.000404235510946142,8.53632854919347e-12,0.00861451599722256,0.00905855688090024,0.0580686449316245,0.0985490278782418,486,"P3H2"
-11.2207149726197,0.0564883191281663,-0.00056446040209751,0.0550636627925866,-0.0545435726315971,-0.0159353073107979,-0.00219828053018825,-0.0209563758994939,-0.0142453393453956,0.0194948145927006,0.0184848597580277,-0.00671286523855872,0.00559990992331747,0.0332550172045383,0.0431486633570017,0.107014751035941,0.00447978525510981,0.123992855348353,0.541340354118068,0.00424591294147959,0.00362898852883802,0.0143339240884199,0.00520493258865304,0.00428337112224583,0.00985399950097308,0.00506116801864951,0.00744252011030828,0.00835655205428061,0,0.597599670334001,0.899730606405172,0.656979407192423,0.919743739597113,0.000174665825210986,0.54467698278704,0.143737790092741,0.00620226157247072,5.33209305679752e-06,0.0606726073231361,0.184724771100297,0.451797800591966,6.90562479704191e-05,487,"P3H2-AS1"
-15.1669428972836,0.130476556791571,-0.00957100118459655,-0.983576981205426,-1.57595836283341,-0.0182258687986889,-0.0276757409377284,-0.0260857824914182,-0.070242056000277,0.0139624602860272,0.0406975469076126,0.00987683215107932,-0.0463106631149805,-0.0498320030726757,0.11066453063072,0.350380868201424,0.0131997739780456,0.835633107758338,3.2063407456863,0.0254611394335272,0.0210083450056021,0.0767975259892641,0.02974729854284,0.0263879396557163,0.0657034312460373,0.0319454841977312,0.0462095722115238,0.0703117525880426,0,0.709606268920924,0.468397884421772,0.239177923032619,0.623063614814487,0.474095807745407,0.18771499094186,0.734105381608214,0.0182113882327994,0.596720272031457,0.535644445027131,0.75718633669733,0.316252965809764,0.478492444498811,488,"CLDN1"
-10.9851174895088,0.272089779628848,0.012021413046461,-0.0064856438048972,-0.425207880550325,-0.0199940324562509,0.00770263269602451,-0.00716935401278612,-0.0177309505872885,0.0253050247250401,-0.00179066279490608,0.007115634101037,0.0214620023783579,0.0199341737829616,0.0955863759606946,0.234449593891351,0.00987684061340123,0.150472593271783,0.645450291332235,0.00507705451334086,0.00396741100868922,0.0129339113362522,0.00547658248689879,0.00574890490034719,0.02002975938696,0.00587275131148863,0.00873464467683286,0.0111145760055767,0,0.245826157877313,0.22355421767114,0.965620362275669,0.510038905236852,8.21237007642841e-05,0.0522005848314736,0.579368949803079,0.00120542222055983,1.07399967487776e-05,0.928763931991041,0.225651930726817,0.0140058918696394,0.0728903987690241,489,"CLDN16"
-11.4497749190343,-0.155015856519976,0.000397081727753194,-0.528404334252427,0.830974272303089,-0.0178569458052907,0.00284859768277573,0.011038284692105,0.0102164270825604,0.0404058711127797,-0.00350613203671553,0.00668795260681844,-0.0296392414996743,-0.0913063309615204,0.0822990341617049,0.19892840760513,0.00872803412955987,0.163756566973087,0.669834868915294,0.0051568395464962,0.00378363101121261,0.00831196181480004,0.00485805191793872,0.00568427422210482,0.0214698752321887,0.0059116435099179,0.00898314986797347,0.0138866726003205,0,0.435829812377693,0.963712777087818,0.00125197235909487,0.214766169199147,0.000534646537960809,0.451525590650092,0.184178130680079,0.0354667789653393,1.17429392085593e-12,0.870278515074641,0.257920993709395,0.000968826413966058,4.86188342536093e-11,490,"IL1RAP"
-14.6711388555667,-0.104590169039926,-0.0164411570356745,1.93646760069783,1.52598338233868,0.0350749636534252,-0.0232041592354739,-0.0189295745621911,-0.0643169627101851,0.027555491564951,0.0265172466480019,0.051114262506457,0.0365397980252167,0.0181266297360121,0.0947658126430036,0.27633924914508,0.0109399025154349,0.574510611917485,2.63087525126992,0.0205023209851679,0.0145698712670992,0.0292936633987712,0.0199008777792925,0.0181474218937226,0.0361426039979737,0.0241880717325103,0.0380831838752724,0.0545205665702405,0,0.705070581147539,0.132874792750392,0.000749941912920186,0.561895204751951,0.0871217063154382,0.11124714556627,0.518149634542871,0.00122984877143678,0.128907397735156,0.463141413324501,0.0345835495986691,0.337320365184144,0.739531938490864,491,"OSTN"
-13.907740161748,-0.18176549348918,-0.0170177673619671,-1.87095571951247e-05,3.1809842276376,0.0154487545544376,-0.127819515861257,0.0224167172163542,0.0748204696954394,-0.0118853974674036,-0.0132809853050333,-0.110549170829667,0.120722664881361,-0.112241178705691,0.0840476004072501,0.193616346897675,0.00794500912439053,0.329836013754939,1.30132626283704,0.0103840861996935,0.00704265669963588,0.0112609007842899,0.00887685284291655,0.011277439186954,0.0420823118201849,0.0123849109402277,0.0195298950516104,0.0279298369939338,0,0.34783750480042,0.0321979608756368,0.999954740943393,0.0145086402247167,0.136821147352036,1.29971403973615e-73,0.0465173757885962,3.49479239159702e-17,0.291924467851812,0.752309606677368,4.41221648810101e-19,6.35238212268049e-10,5.85241892963253e-05,492,"CCDC50"
-9.52517740590214,0.0186058245845917,-0.00230892710063284,0.342919364787927,0.379548761137784,0.0387752045278474,-0.0476477182028317,0.0136118447751499,0.0361358807238809,-0.0850578347735906,0.0301283172407561,0.0493832039543404,0.033065077266254,0.0317187096585794,0.0918986547846951,0.227123765640722,0.00926624456453268,0.102999438246261,0.449440151544764,0.00349361183504583,0.00263767516039065,0.00450939387462457,0.00322639351827541,0.00349315795784766,0.013105172796705,0.00366490362884007,0.00555694940548294,0.00863913387053114,0,0.934710870419669,0.803224530982658,0.000870544469519041,0.398394347126879,1.27015100454069e-28,6.09049733095316e-73,0.00253984903368289,4.07343794842695e-29,5.82008650684321e-131,0.021506997646364,2.20601765222251e-41,2.67780605473456e-09,0.000241116916587748,493,"PYDC2-AS1"
-7.36170743894927,-0.0694363868826789,-0.00313209181032524,-0.0699776859773079,1.49040730466439,0.00166412354298121,-0.00908067845794418,-0.00354876311260952,-0.000676529072474952,0.00290947128898392,-0.0115286723347163,-0.00255762369667461,-0.0015984139829306,-0.0134436943907271,0.0226831295198051,0.0545338615549443,0.00228199459480844,0.0307785740128812,0.133305137492816,0.00104594954042721,0.000789967509521037,0.00208119993369136,0.00104428828644427,0.00113380934304674,0.00410804822018685,0.00117859514577122,0.00172514638369738,0.00260648702134496,0,0.202921877769093,0.169900446286803,0.0229909858057632,5.08492842792166e-29,0.111605740710696,1.3977705367917e-30,0.0881660003898158,0.517090083124155,0.0102848352824436,0.00501042963060253,0.0300022035575062,0.354166367316167,2.49891016019557e-07,494,"FGF12"
-13.4701529790519,-0.181520163022781,-0.0169038206480522,-0.925805428385941,-3.02525509417696,0.0189181426075626,-0.0266400962688172,0.00221152503613537,-0.0500546908252861,0.025048620136031,0.0314533066915616,-0.0139394755778323,0.0502940924403832,-0.121300026093468,0.123389712640817,0.294270994782647,0.0118848011203004,0.349114881034988,1.17384597704666,0.00875092420871254,0.00650893937707462,0.00568622681046151,0.00756536022499445,0.00725430368587327,0.00655671636576475,0.0106967454265285,0.0178557315209895,0.025601067691368,0,0.537335686626745,0.154937518270341,0.00800486123208787,0.00995995769292955,0.0306301179799456,4.26107972649131e-05,0.697330421443344,3.68301245678055e-11,0.000554527977094729,1.60969124146188e-06,0.192523180583408,0.00485210629566529,2.15747682955827e-06,495,"FGF12-AS1"
-14.6402613411546,0.105798074005453,-0.0109044837763543,-0.554218776769548,-1.17933674572573,0.00107020143740464,-0.00512755658879417,0.0187596469694485,-0.0150840640227553,-0.00270038480606926,0.0271806486938311,0.0126979845057846,0.0300342223086133,-0.0911449346896741,0.10469425407866,0.275697007943551,0.0110131855127336,0.598674393091623,2.22589491054089,0.0166403627265514,0.0120665635714928,0.00787046903306753,0.0136059464025307,0.0134064323790636,0.00828996882308314,0.0205268417255161,0.0328857171794893,0.0471274460675297,0,0.701165505100694,0.322110652414924,0.354579427018465,0.596232654954942,0.948720533963549,0.670880954147791,0.0171466112086449,0.267586542674881,0.840366608966327,0.00104271821083946,0.536177326881506,0.361089629949011,0.0531119434297215,496,"ENSG00000289165"
-10.6701305557301,-0.017963703243345,-0.0054055526851569,-0.285816944175596,1.59947119539967,-0.0148874534059012,-0.0203622521843042,-0.00144068097376785,-0.0122470739170195,0.00785236079581943,0.0129584556803146,0.00610432578788027,-0.042997203390673,0.0169426467986874,0.0149814699372999,0.0479515091575572,0.00190303438131743,0.10564498325987,0.452790721491491,0.00355498666505401,0.00264985763017174,0.00731903831152122,0.00347022209748638,0.00336997182166019,0.00872899096484562,0.0040586679435955,0.00598934325405181,0.00767907008158754,0,0.707941407685102,0.00450440955649137,0.00682124522572134,0.000411691586230102,2.81713360276961e-05,1.5385792490282e-14,0.843952590508867,0.000416833385097066,0.0198010317945929,0.137668166265602,0.132575707901195,7.02481741207027e-13,0.0273601360202357,497,"MB21D2"
-10.4612745203422,-0.059953734336552,-0.0165160305346259,0.230003452071529,-1.82429606709907,-0.0310353022236034,-0.0129057972544135,-0.0166569999987232,-0.0146364738738237,0.0184063703039699,-0.039771383657857,0.0354075588245706,-0.000869480114744144,0.0460855355375139,0.0120935412091797,0.0376622069190483,0.00146893647105824,0.0820769133497678,0.361719542733546,0.00279054598885544,0.00225456224086528,0.00782433292807543,0.00304576241395002,0.00337629583232281,0.0118845964994196,0.00349747526279724,0.00499658627462616,0.00667967539041451,0,0.111411548556682,2.49215085554376e-29,0.00507409734803019,4.57333639212221e-07,9.85031251165192e-29,1.0385928353898e-08,0.0332648867364385,1.54349381633599e-06,4.99056719264896e-08,0.000818490754069744,4.33490009531704e-24,0.861853806827115,5.22345691824847e-12,498,"PLAAT1"
-14.2920666411607,0.16545037753348,-0.0152055779434812,0.332144054248713,0.700438262310768,0.0186167746768665,-0.00646424650001791,0.10146505483104,-0.02891614307552,-0.0034029786321506,0.0309911020414687,0.0340700315634206,0.0371872367221986,0.0341305612440295,0.0717449489335689,0.221676021279062,0.00846650641899735,0.52447045846822,2.12479182590956,0.0159006991010224,0.013831804328571,0.0485051016379524,0.0179511049459489,0.0201272932864548,0.0667391262271569,0.0212875643715155,0.0300758008325031,0.0301259654766802,0,0.455449261029551,0.0724995436537982,0.526541596382329,0.741664211344775,0.24167320631951,0.640251932888648,0.036452566988903,0.107217209196489,0.865739348102517,0.642388540365284,0.10949515453429,0.216291182458633,0.257244331135475,499,"ATP13A5"
-14.1749157114045,-0.232908491100766,-0.00463784727103225,0.458450878142843,0.540792652967007,-0.00222069754199234,-0.0208074324551227,0.00598805605080619,-0.00522861176168255,0.00904196982160068,0.00523131182945553,0.00988883288044374,0.00957409599217005,0.0521032749071948,0.0632976781680856,0.190040532483597,0.00787209012431487,0.435928486761495,1.94708857431566,0.0149471660974823,0.0103522294346459,0.0163286579120665,0.0126433372357343,0.015061532055966,0.0513481455289928,0.0176225273823607,0.0270620643227574,0.0293225762894061,0,0.220359511308336,0.555760196863487,0.292953120503444,0.78120869096683,0.881893101200154,0.0444367990084243,0.713827401308175,0.67920603525984,0.548282777374508,0.918852500657532,0.574697155688747,0.723501578632853,0.0755847555796439,500,"ATP13A5-AS1"
-12.1013216646998,0.405048500269858,0.0040438054369342,0.0129198040687083,1.40870165029161,0.0241499431582445,0.00564841930358019,-0.00146263054445738,-0.00549475633730003,0.000352699616865912,-0.020949555230726,0.0284117938241423,0.042020996423815,-0.0663140771102379,0.100419449011832,0.236829491203114,0.0105952036782813,0.219959663502752,0.885999175254114,0.00693837894321932,0.00525421473142096,0.0135459855733449,0.00694990454927109,0.00788687107372848,0.029618745403324,0.00835838919540694,0.0127527078476083,0.0185385188217671,0,0.0872111754541242,0.70271077266974,0.953161467826807,0.111844228338873,0.000500232433175525,0.28236292967413,0.914015362192164,0.429163857143098,0.964330619044577,0.479375521826275,0.00067584539841883,0.00098399050046371,0.000347431485262102,501,"ATP13A4"
-8.86594251581425,0.00329906893055148,-0.00265170536300149,-0.196522447607094,-0.27402122860207,0.000619788590051924,-0.00287087878770557,-0.00269092594107202,-0.00909411214666088,-0.0022748596970889,-0.00385769739514314,0.00353608811042792,-0.00706215404012713,-0.0361527056224151,0.0272872070600877,0.0657921827735561,0.00275185254302763,0.0407639991599257,0.170222706992392,0.00132837612548669,0.00104949994155377,0.00323694909455963,0.00140772231362286,0.00147728538499197,0.00518780840037295,0.00156767227700464,0.00232831384454226,0.003515202921796,0,0.960007809880037,0.335242815647256,1.42854277748885e-06,0.107445739792893,0.640803169158418,0.00622906901153863,0.405795423021535,1.04591960050281e-10,0.123586722249498,0.45711347927762,0.024093833083107,0.00242005313911053,8.26237461620947e-25,502,"OPA1"
-14.6471164323638,0.482224078346522,-0.00677758207456007,-0.552455469599941,-4.23984812372244,-0.00370482537964035,0.00703518204704528,0.0153660669374492,-0.0227539215310393,0.000251474271738277,0.0258997423787647,0.00617462106175594,0.0529398637758377,-0.0791697821093135,0.184423657513557,0.449101795402131,0.0181876487076205,0.630082709962173,2.24752132897794,0.0168514451152954,0.0126498580053221,0.0101522154146533,0.0142071046275043,0.0137649497014983,0.0096883987775497,0.0209845552171531,0.0340794766494785,0.0481971163434111,0,0.282933721331545,0.709410804865581,0.380596184840133,0.0592336504910415,0.825986352237836,0.578110288100564,0.130135478406039,0.109246851351778,0.985424118334701,0.00751149203015751,0.768569946257762,0.120321965085459,0.100460571270364,503,"OPA1-AS1"
-15.1509409523418,-0.0773185932491103,-0.00376218013507849,1.45859252531847,-5.56502450112606,-0.0474924738550431,0.0150433666367409,-0.123777064876433,0.00932615711932515,-0.0234776891586984,0.0887399087648799,0.0174294088791599,0.139703663194335,-0.0279843183263243,0.112441477644054,0.313309194222144,0.0125892527055075,0.677004958045582,3.26322532912804,0.0263369199103771,0.021865912073797,0.089677016430529,0.0310337677013471,0.0319961153716211,0.108976760316578,0.0330608794664529,0.0480940619360502,0.0652589664767526,0,0.805078118274631,0.765061652941885,0.031202677978758,0.088124416166736,0.0713464398436821,0.491463750355159,0.167508438252994,0.763783264944218,0.463090840578659,0.415472411584083,0.598060731704655,0.00367487056033345,0.668054576181603,504,"LINC02028"
-15.3648066433791,0.0128657670406125,-0.0257857751774916,0.388418078111124,-1.03960229039048,-0.0180362391366904,0.0111097974532992,-0.0856969559241669,0.103869086150715,-0.0576170150242828,-0.0215514283257776,0.0104551344695378,0.0217895863743024,-0.0020600696840182,0.226370677678305,0.541868263620809,0.0221188300063482,0.611310617045734,2.82281107178212,0.0217722099793916,0.0205559812088996,0.0834046992042184,0.0283230763702326,0.0280471402690807,0.0983002101571064,0.0274211930858445,0.0383232607010083,0.0535738119731669,0,0.981057328613795,0.243701841587244,0.525176834860693,0.712659860501436,0.407440356022974,0.588876087771033,0.304192830299337,0.000245129603191139,0.0399474415141593,0.826462382690648,0.702995980371132,0.569645685397644,0.969326565444016,505,"LINC02036"
-14.8912400920234,-0.2045857000139,0.0120245419134441,0.366725159554386,-1.27514339944578,-0.0200921923350621,-0.00413300920507555,0.0201478564849029,0.0290556231638941,-0.0338945098168302,-0.0180294617810792,0.0205157019561822,0.0213990323265783,0.0420580151461579,0.0961536670229889,0.249739374621732,0.0109082258864886,0.567949212998629,2.54453537206372,0.0202490330376322,0.0131574014249019,0.0196521308916476,0.0164515386256276,0.021430305841091,0.0831797932215142,0.0231101785728041,0.0340899329913267,0.0176197161900524,0,0.412674132376672,0.270315152987613,0.51847325831086,0.616279527286192,0.321073436471127,0.753429538082676,0.305257020490552,0.0773733557980121,0.11373731019576,0.828400916075588,0.374683603463143,0.530185467090982,0.0169871400493594,506,"LINC00887"
-15.6024747984247,0.324198132007532,0.000258297400366117,1.34606313287674,1.13762216505948,-0.0542918645483285,0.0269174437794344,-0.0366615410878246,-0.00492329201421876,-0.0249127891027725,-0.0251524572257079,0.0305888345602933,0.014902229721694,0.0460293158790096,0.170889841271569,0.435505017611416,0.0161829929852011,0.597565530795913,3.67397953564725,0.0288095279968731,0.0241461207133616,0.0978162387393592,0.0352165108180263,0.0347309543415579,0.118433729758667,0.0349496792983908,0.0476026106298201,0.0158261982367884,0,0.456623135765154,0.987265473209832,0.0242857521649715,0.756832428211192,0.0594959252101929,0.264947703165955,0.707809101671017,0.888817479271927,0.473184112814183,0.831813869749879,0.381451469715873,0.754238965239084,0.0036325390980844,507,"CPN2"
-9.27845645234271,-0.0598878865511618,-0.00302103546706658,-0.491192593158873,0.482160464374853,0.0133606635877998,-0.00656333008181411,0.00458967955441489,-0.00685597183983429,-0.00672367853086925,0.00540407725775766,-0.0170807099434501,-0.0070046941879408,-0.0592717242240433,0.0385393555282396,0.0916527090576576,0.0039101892595933,0.0491721516042828,0.194730706348014,0.00152396821308586,0.00113887239504002,0.00281394981159413,0.00147339130209113,0.00141625434973779,0.00387321125405317,0.00174114648481464,0.00267176213750332,0.00411812635873474,0,0.513484329253502,0.439755625207921,1.69873277230399e-23,0.0132849751651582,1.83453163114767e-18,8.26281530536244e-09,0.102880765836846,3.26836493787637e-06,2.05938480236417e-06,0.162942078567048,1.01932046067791e-22,0.00874794023356476,5.73516390031717e-47,508,"ATP13A3"
-12.3007112140382,-0.103976134427902,-0.00352272568607242,0.0510723549015893,2.27757525480962,-0.00330537284621068,-0.0378864023639412,-0.0166744800007008,0.00954357739165616,0.0167738565793767,-0.0289102876528415,-0.00717637855675741,-0.0175328417374024,0.0425268217313252,0.0624315273999477,0.161496590575955,0.00660282039078924,0.203297281432932,0.876010544703624,0.00677232871086433,0.00584629777755533,0.0225223133217399,0.00829834253127358,0.00856393912729336,0.0298367861472123,0.00846050596382421,0.0119806612703531,0.0156411687627503,0,0.519686543065282,0.593674828208674,0.801643977426431,0.00932399374898415,0.625500011608739,9.14741426360875e-11,0.459085350960192,0.250119875428454,0.0501524595352516,0.332571245204016,0.39631492206263,0.143350151572523,0.00654987994160909,509,"ATP13A3-DT"
-12.0852329913977,0.0618344245489147,-0.000867767357945739,-0.761481078028192,-5.57675763083014,0.00416541984487871,-0.0137661767299046,0.000834809722540157,-0.0131249422125296,0.0155327744402847,0.0171954917535381,-0.00716176713689023,0.00453697912323021,-0.0176619797828327,0.0231510704063671,0.067870847347991,0.00273047976793644,0.174819769712127,0.619973555501912,0.00485917998856208,0.00363094134007862,0.00743895059669417,0.00447626715042307,0.0043966327145351,0.00995881559090892,0.0058498640420528,0.00910056968224299,0.0135246677639219,0,0.36226368031295,0.750630847604555,1.32577897193537e-05,2.35901177125741e-19,0.391319493391576,0.000149829420274531,0.910647832603308,0.00336659112820635,0.00041105948280069,0.0842286852114046,0.220853350003216,0.618104945492014,0.191583645731589,510,"TMEM44-AS1"
-14.879771794091,0.763729605229817,-0.00563901735337926,1.28828427705833,3.16256748303088,0.00874749793665138,-0.00265323856178609,-0.0505850304169868,-0.00600053369794639,-0.0355935838508221,0.0232268568387686,0.0568397153629412,0.0680079312283052,-0.0391218399766753,0.0906482139565815,0.27325206888647,0.00874306127873612,0.459890137524077,2.5267337722547,0.0187367937224857,0.0164273057057099,0.0661989829501448,0.0232652512240757,0.0182058959575936,0.0312432394827563,0.0239942209019701,0.0357023077681034,0.0488267608829837,0,0.00519055479090719,0.518946247542386,0.00508992250151753,0.210700145367548,0.640598577997519,0.87168864765236,0.444786161482483,0.796469972710548,0.0505762163289632,0.457227289401737,0.0178414676374448,0.0567981509154383,0.422994068891116,511,"ENSG00000288979"
-10.220587698897,0.0501758922868951,0.00198504236880214,0.382140829350329,1.54983563828703,0.00530018440548092,-0.00983123318367535,-0.0160536837126876,-0.000116189321879633,-0.0212442087191046,-0.0306085472354783,0.0160527237532549,-0.0168248652477102,0.0567378693096621,0.0356774010414084,0.087982215523137,0.00362004290116218,0.0670022180383193,0.305734661143349,0.00238222267826972,0.00209040303213416,0.00820807510471912,0.00297235672387288,0.00294366320924265,0.01031636585624,0.00291929372329352,0.00408986701946659,0.00573121591946301,0,0.568477055926466,0.58345314817991,1.17437049518271e-08,3.99453561640224e-07,0.0260885955729459,2.56325727557091e-06,0.0504839750513229,0.968818661202936,5.31746765738776e-13,0.0030073141282308,3.82301788885435e-08,3.89210916875574e-05,4.17124385273783e-23,512,"TMEM44"
-12.9591353591762,-0.201574055851821,0.0148043007315088,0.217280569564845,-1.28190326907656,-0.00579267629460778,-0.000679320179850191,0.0109491283966903,-0.00935452437203453,-0.0236735859610895,0.0102719793558307,0.021238869463376,-0.00751825554862969,0.0328970814809845,0.0915168297509227,0.234625512695345,0.00948442826805248,0.247136612322714,1.06325499826735,0.00838609683552183,0.00588801353912517,0.0102836753833326,0.00740445620844263,0.00710195879721385,0.0151627003139707,0.0095155508105019,0.0145873873540595,0.013390510626709,0,0.390268235407949,0.11854593786563,0.379297099948328,0.227956142877307,0.489724168010789,0.908149156678925,0.287007342750445,0.206458349071457,0.000857951308023964,0.498120147841773,0.0256138512624521,0.606277550475991,0.0140201831891951,513,"TMEM44-AS2"
-11.2923254044548,-0.0160007588272391,-0.00125230015996203,0.127581927655989,-0.679788693985008,0.00870217644429044,-0.000442374509969564,0.00468433452482395,-0.00239985849616434,0.00146279170450714,0.00240719947222096,-0.00386954242054667,-0.00850472136785366,0.0130884764218719,0.0506745009502566,0.120859135371459,0.00520904583798038,0.110526468822883,0.460914354027177,0.00359936594682318,0.00264272086183137,0.00599515484084808,0.00337439426685692,0.00367276511033582,0.0126038039697313,0.00418633813588769,0.00641216124966858,0.00774729780997867,0,0.894674397955068,0.810013401322597,0.248372655327873,0.140247531816213,0.0156190744705264,0.867060375144266,0.434594680071178,0.476962274461053,0.690423236148959,0.848533492933361,0.355316456052522,0.184726307124834,0.0911380673231175,514,"LSG1"
-14.9650997705388,0.0513091130084325,0.0230907496837194,-0.432414939326072,-3.31850931652309,0.039477385208008,0.000623252488834427,-0.0355263118825483,-0.0216898027543662,-0.00393170721448883,-0.018535728674604,-0.00889813660167565,0.000700722194062572,-0.0975447663306648,0.132186269479235,0.328167346757819,0.0142677980425515,0.625960745115852,2.36704929125494,0.0189920544521363,0.0173009742807999,0.0695489432082975,0.0249241198694268,0.0245959505077778,0.0840077220701435,0.0243852170261488,0.0347506001711663,0.0526349177011583,0,0.875756790313304,0.105580266241789,0.489689973849563,0.160927079154603,0.0376517052754952,0.971263121144419,0.609483943066639,0.38417284082522,0.87299781007663,0.825370297775079,0.715186944865155,0.983912291252524,0.0638489699340953,515,"FAM43A"
-14.6486240197323,-1.11917638663254,0.0444471084893774,0.472344849455591,-2.04225512761456,-0.0257513378082834,0.0138159334835424,0.0262111063912392,0.0032224901672294,0.00413144123335033,0.0309290621839902,0.0229714171867152,0.0494156992646492,0.135443073132784,0.224538223534509,0.645162686443232,0.0252238028223284,0.608231693158652,2.6841174914093,0.0212963483275274,0.0136918462783544,0.0296184481624219,0.0188901882833323,0.0179913344573966,0.0388619994425538,0.0225574564415369,0.0338128103948813,0.0492369757690903,0,0.0827904748904841,0.0780507589377205,0.437402450931418,0.446736799255029,0.226589743706208,0.312944491189463,0.376178851825153,0.864545622511211,0.818375358015309,0.426108158038655,0.308510993008161,0.143892251128342,0.00594425560170074,516,"LINC01968"
-9.99833344463651,0.0931325520222285,0.00474237197323412,0.300532121819893,0.991498229491721,-0.0042338249028612,-0.00979482792553895,-0.0015513251973236,-0.00705573639105125,0.00562369215140407,0.0108811606624477,0.0108122599070206,-0.00841486010042691,0.0320740525945565,0.0341950938378174,0.0821329757342864,0.00350705888697316,0.0672886787896742,0.300424428701555,0.00235119047589556,0.00177281216763022,0.00513170763587048,0.00236140398753615,0.00223052244565652,0.00615962814754903,0.00269747904972185,0.00407625926909081,0.0048679381950507,0,0.256826430717058,0.176299767549303,7.95801469919582e-06,0.000965729480520792,0.0717477487420421,3.29442530554972e-08,0.762421896091851,0.00280863534880925,0.011694060977538,0.0773071703448628,6.11617549858385e-05,0.0389837467802108,4.43284318857698e-11,517,"XXYLT1"
-15.5095356115701,0.0372845602316894,0.00290688916364481,-2.24220995643386,-1.78579495443769,0.000671613895388896,-0.034518733558714,0.00588947259258073,-0.0427753184868522,-0.00678691004212724,0.0156406517540514,-0.0207832143173296,-0.0740422261798322,0.0129563036890503,0.119379911727191,0.348925453796291,0.0142926220403077,1.04725371646451,3.20675767094163,0.0263184183017096,0.0182451142513455,0.0179268065889946,0.0223577489918396,0.0214701310637086,0.0299564358146804,0.0298261604707222,0.0449186074998942,0.0459361137393056,0,0.914903715967808,0.838834985404737,0.0322709773314294,0.577606065810888,0.979641170036412,0.0584984489060981,0.742511858148593,0.0557197455905419,0.75191947942781,0.601591488715495,0.48592071156203,0.0992779501719374,0.777904790766556,518,"ENSG00000287005"
-8.67548944029474,-0.0153704563062442,0.000120315125116462,-0.136849028923609,0.694167270135481,0.00693914203694046,0.00344065047268208,-0.00190000289383057,-0.00748262336474297,0.00273945467566788,0.00113550921446911,-0.000914389144982644,-0.00256547896316403,-0.0162927986613347,0.0151079832920332,0.0369890819954853,0.00153169282047497,0.0359428989436993,0.148912221860328,0.00115480312117643,0.000922315093606922,0.00296974190089387,0.00125083288534146,0.00126552667724698,0.00424912110060741,0.00137239918171128,0.00204772413346988,0.00304051125457252,0,0.677746378737244,0.937390219138559,0.000140434936696407,3.13780450030787e-06,1.8674084118357e-09,0.000191137965868842,0.522310946912248,2.20261697570132e-09,0.0304125395815035,0.789289074492129,0.505238191748333,0.210262472959434,8.38822789725659e-08,519,"ACAP2"
-13.2832124438453,-0.0205180237451503,-0.00209032332650876,-0.267820785307966,-0.872661687376999,0.00203494704919228,0.00594949074853051,0.0033096049908027,-0.0119146486987368,0.0158578260670378,-0.0133485804160616,0.00205136971245108,0.00434289987635601,0.00128268657560178,0.043792762507841,0.122963914490219,0.00519382155484545,0.306206013549124,1.17249717181204,0.00900820663543092,0.00646875967649817,0.0128134315522385,0.0082246359632011,0.0100575004353126,0.0380059466254903,0.0109850163742845,0.0167605421396344,0.0235017031700648,0,0.867478511625434,0.687342984261653,0.381768469490019,0.456709423623321,0.821279787516033,0.357715615816438,0.796181672649847,0.147434337613009,0.11486079078408,0.725420704583983,0.85186251116296,0.795546879890824,0.956474306073108,520,"ACAP2-IT1"
-10.2254298199597,0.161488262013288,-0.00439067617708109,-0.268624027322582,-1.01318396845894,0.00911823846029327,-0.00510486709839755,-0.0103800324228923,-0.00133934316404306,0.0114967336544959,-0.0103703491841519,-0.0224029466644961,0.000394044007495182,-0.0504041296406341,0.036177425798307,0.0875344712271496,0.00362065625468153,0.0720435686438842,0.296218872894814,0.00228741359517683,0.0020008790537206,0.00763232085068804,0.00278220405456777,0.00283531917147757,0.00991942322067857,0.00284098382762217,0.00417445178781287,0.00616147174290442,0,0.0650588750622664,0.225254434071606,0.000192521293831675,0.000625314981722273,6.71213322432688e-05,0.0107318150597015,0.173826770085859,0.630234756974371,5.01710477173419e-05,0.295810931490391,3.12953161109507e-15,0.924796028569116,2.82588527124243e-16,521,"PPP1R2"
-13.9835010330234,0.297719021941569,-0.000748963253800356,0.265555234135621,-1.69716839541789,0.0114417876297516,0.0133698436227674,-0.0193730714229607,0.00702136504910267,0.0389479762706591,0.0324811222726419,-0.049398492277179,0.0163016485208454,-0.0178807968584327,0.0577193323790834,0.177206841566937,0.00691011345303984,0.38231274525569,1.60093916555541,0.0124284092281925,0.0108814948232719,0.0430010116257382,0.0151994255146366,0.0120070587880373,0.0180154018385599,0.0153787348375699,0.0229073504992346,0.0340910125635871,0,0.0929446591130211,0.913689081704285,0.487304698426837,0.28909547480876,0.357251145763511,0.219192891309777,0.65233125035328,0.644117628223481,0.00117964500491836,0.0713938571938524,0.00131754838038869,0.47669147269803,0.599929580319914,522,"ENSG00000223711"
-15.5164710622642,0.851499748688469,-0.0227057765622482,0.876932866974438,-2.76096226525442,0.0388310202798124,-0.0371805081204948,-0.0137905806976422,0.0133006578135503,0.0313049616562391,-0.103900622993114,0.0428376320441244,0.074665398829633,0.00393708729332479,0.363206025220545,1.05195473064223,0.0416180546174565,0.569834007956688,2.65297315995958,0.0189097532004513,0.0155085985053031,0.0347230839982142,0.0191486457429755,0.0224163122580697,0.0822158794661116,0.0253098617603693,0.040331579499805,0.0534208907719291,0,0.418259089309268,0.585358007080987,0.123822150226343,0.298012511214432,0.040024918849453,0.0165113234034934,0.69125031242431,0.487305734633208,0.162556173317677,0.206318439272315,0.0905454789902301,0.0641280257064631,0.941249580751588,523,"APOD"
-13.2306261437148,0.957441863943431,0.0128296914467265,-0.0366886128864185,-1.57497079430702,-0.00230171005305198,-0.0133614457679131,0.00473662923770081,-0.0105308121140641,0.0185345219441748,0.0167665198069091,-0.0176807607847386,0.0141419985446965,0.0406372572149809,0.252838228688875,0.593255558531597,0.0288838815359785,0.293650323495846,1.2664786768219,0.0097948242398229,0.00686182622691318,0.0137478848348623,0.00870404912590209,0.00874258326209658,0.0207116966370782,0.0113182961344515,0.0179173741653205,0.0109368983296037,0,0.106553975709929,0.656911225775629,0.900571208840303,0.213653238333215,0.814214568815424,0.0515090547223045,0.730443884199572,0.226326831665745,0.0340036779268588,0.418216460361047,0.118255060217244,0.429942716195422,0.000202713434280325,524,"ENSG00000289929"
-11.9781737657787,-0.125569602803508,-0.00763307265624836,-0.619205205648035,-5.47186108481582,-0.00172292286621085,-0.0138713221718423,-0.00932331467469198,-0.00813737358855486,0.00902136165458206,-0.0231271944139177,0.00733765634466341,-0.000875651701436444,0.00119168444187319,0.0488240069132681,0.120034657617013,0.0049204008885172,0.168789089450919,0.612672827643678,0.00476996195366248,0.00384649467776211,0.0116796370240908,0.00500509059236898,0.00560230903115436,0.020225060245103,0.00587985052926097,0.00894606992822558,0.0124935220992729,0,0.29550968296493,0.120827141145337,0.000243963952977327,4.21676656114977e-19,0.717947966257239,0.000310684740904597,0.424723220558127,0.10398807141942,0.107333803945301,0.252834377972641,0.212055791607208,0.92202666033365,0.924009676156085,525,"ENSG00000229178"
-10.2373728738551,-0.0390677953109474,0.0129750110707093,0.448985855151794,1.04808200002262,-0.0232332122088398,-0.00411514002129663,-0.00382659042319828,-0.00795476258631643,0.0110752710067712,0.0134788827521757,0.0205024186522395,-0.0186715454709449,0.0378909683798703,0.0875905495367927,0.204622785149998,0.0089237576863524,0.0579688155810423,0.284219539271138,0.00228676180709648,0.00175387168829785,0.00605800843300231,0.0024614197485697,0.00217692742211394,0.00573086481443039,0.00257435612669427,0.00384930867657191,0.00384680211848036,0,0.848583625578526,0.145950426060994,9.53565934673319e-15,0.000226397830824436,2.99462691914505e-24,0.0189599434080044,0.527610277526565,0.00123022523152141,3.62680220070356e-07,0.0186737498228095,1.66436365092363e-15,1.23074239033786e-06,6.85497356087133e-23,526,"MUC20"
-14.3692729018348,-0.0308992867000363,-0.00430317365384043,-0.164668554201109,0.186330241031959,0.00039389642357207,-0.00789308838724294,0.0176207013590877,-0.021123020120314,0.00807116099136286,0.0255139832785072,-0.0268607385033498,-0.0478455516059727,0.0212246394507787,0.126536258828011,0.321388283955751,0.0133613397468366,0.500022818649351,2.03937699066361,0.0159633765174972,0.011375451104538,0.0106630422085368,0.0132461438633987,0.0126506573997505,0.01312701873241,0.017614413988536,0.0271889184794624,0.024013609107011,0,0.923406869639489,0.747406073924189,0.741912257381702,0.927201573062481,0.980314190721287,0.487763511181981,0.0984322045913228,0.110789565316576,0.523471541036581,0.0519408589367943,0.127276697291076,0.0784511254899154,0.376772446445424,527,"MUC4"
-15.3568712668891,0.294706633230332,-0.00404597457736506,1.01859892731913,0.944657241744672,-0.0912218197985399,0.00279419955940272,0.0436450460055158,0.0771962809434709,0.0875715064721773,0.0451422203278007,-0.0014959909189542,0.00448919892836992,0.0346709703298835,0.120451328261639,0.307612536885479,0.0113741059791932,0.571737898381906,3.2238761922154,0.022904050606055,0.0161353174475315,0.0185176642757041,0.0170647789239899,0.0193663350760172,0.0309140196520068,0.0280007072085247,0.0427703082958887,0.0350788703808137,0,0.338040099819861,0.722051740738195,0.0748171425121045,0.769507566345036,6.81134883583702e-05,0.862515532032206,0.0184261638742819,6.07621104847379e-06,6.13038256688698e-06,0.144221172635975,0.957391774564655,0.916407040941516,0.322970536364938,528,"LINC01983"
-9.93687699825178,0.0632697434028929,-4.39056302550627e-05,0.229467080272772,1.14314840747244,-0.0199858280187363,0.00765095334063942,-0.0160731811660962,0.0188500375380592,-0.00237589170084864,-0.0273210399684807,0.00618278642319807,-0.0108417650531687,0.0320959659753032,0.0519238259664212,0.12676652931578,0.00501612120004584,0.0527688770022854,0.248065490406537,0.00191153863150575,0.00169073435267236,0.00670128154668257,0.00240861310235268,0.00237030909726593,0.00827788668530282,0.00235084941951554,0.00330572878804994,0.0029188799888982,0,0.617705777711361,0.993016281743212,1.37052652047534e-05,4.06067426256827e-06,1.38469251635897e-25,6.03312883022705e-06,0.0164613208783886,5.03252821935703e-15,0.316172060654919,0.000965179090077044,0.00853792646583687,0.00103921274045334,3.99519098815249e-28,529,"TNK2"
-15.2883157153269,0.645518943775455,-0.00937146894539679,-0.500057869540186,1.02201224064535,-0.0115928876746464,-0.0625791219895783,0.413578891840739,-0.10421849622714,0.0428993302682478,-0.109544137572768,0.0395141461080999,-0.0602330099773655,0.0366865320834679,0.142821958495168,0.420338460113048,0.0148436318469303,0.699308532362123,3.03681303580688,0.0233107642391199,0.0194964175142751,0.0634865118221833,0.0252445509238273,0.0286624293662482,0.0954367355931889,0.0295506564233133,0.0410762105406683,0.0375540503326781,0,0.124608956788986,0.527814256198911,0.474562859241678,0.736462903224805,0.61896406347349,0.00132838709266188,7.29627177183127e-11,3.65365952241932e-05,0.134468863782715,0.251043122606181,0.181168313183298,0.142546937128109,0.328618921348774,530,"TNK2-AS1"
-10.7156319826538,0.0520416968178028,-0.00903255460557847,0.30480501116987,1.36269062883653,-0.00786799624175501,-0.00849900481497029,0.00430906005182957,-0.000946506628681707,0.00844739771144347,0.0155030604576355,-0.001132286329166,0.0155365392792195,0.0469697774621197,0.0410907032782445,0.102305325056594,0.00404597191491589,0.0854611350644129,0.38578682224887,0.00291557615372892,0.00218086778996415,0.00578593982363413,0.00280278529258993,0.00263263244341962,0.00617088762657813,0.00342017471159857,0.00533861580066201,0.0059448777755301,0,0.610969525948197,0.0255832030040104,0.00036165371088333,0.000412059306338643,0.00696302046216253,9.73615718946301e-05,0.456424813543317,0.73558765186533,0.00133324210258179,0.0119950407069741,0.740598438503225,0.0036117598303293,2.76936863451378e-15,531,"ENSG00000290762"
-9.59429170807235,-0.0266381756749983,0.00568723530961887,0.0869077484787702,-0.838540197778671,-0.0119947705582011,0.00503480669432693,-0.0131886201431985,0.00329487771691558,0.00547221082499588,0.00752484129885119,0.00513479224536461,-0.00191767727560631,0.0263122970987441,0.0561743599184891,0.133802313678689,0.00549061189614315,0.0484269112673015,0.207876639603015,0.00162249218321384,0.00142905066255205,0.00561642525397368,0.00201714217472174,0.00184613846127382,0.00570973337230508,0.0019776179668866,0.00285558381332027,0.00252805792572046,0,0.84219542415204,0.300290400317714,0.0727147747767046,5.48737066421092e-05,1.43761748901851e-13,0.000426397180174056,0.0188632132952928,0.102376802359431,0.00303531247505095,0.187538082232424,0.00941917713714174,0.50186799591988,2.2770466453134e-25,532,"SDHAP1"
-10.6396470463123,0.0222797415985533,0.000218794523559233,-0.252370543623023,0.851393613252093,0.00812699595312538,-0.000530599525154649,0.00351073443467241,0.0038801080802719,-0.00342498894251521,0.00503023953463265,-0.0157525158148716,-0.00521416145405685,-0.0299103840321108,0.0306833443373287,0.0738899154552469,0.00316314244782752,0.0845389669913347,0.339627246381319,0.00265181601791954,0.00210530747968426,0.00694267050899416,0.00285607084631366,0.00274987283270065,0.00838391139986847,0.00313199937338151,0.00470260000199637,0.00703574360169507,0,0.763013313862129,0.944854312381928,0.00283340152965496,0.0121813356065168,0.00217895193522033,0.801018286256744,0.61308486931357,0.1742900019207,0.212945032552817,0.548514765384998,4.91658186359655e-07,0.267523942060405,2.12624022908404e-05,533,"TFRC"
-12.6557674965442,-0.0317283225760067,0.000595875412080397,0.0297371741337895,-0.508878824080387,-0.0221206402757089,-0.0288584810791268,-0.0194168234743015,-0.010800645826004,0.014419099005317,0.00329617400019026,0.0194743439604542,-0.0252288587753975,0.0629308223788109,0.0595144503489899,0.149619086482243,0.00652094944724755,0.235246101727865,0.999802031239647,0.0079690936378492,0.00668747602288698,0.0261782358287402,0.00942092894315881,0.00953366475931806,0.0319920939938734,0.00977640431726945,0.0139707952636867,0.0192255828616465,0,0.832059708642723,0.927191743280197,0.899408347710336,0.610766533097581,0.00550654298442125,1.59384594606227e-05,0.45825925908425,0.251608045695411,0.130421883505533,0.91793845267137,0.0463739022953984,0.0709451487948333,0.00106305027195325,534,"ZDHHC19"
-14.4188798505474,0.454553749740076,0.00439858161112551,-1.27082790995961,-3.05808340056888,-0.00110816496887949,-0.0141276773337924,0.0231084327559597,-0.017373491112196,-0.00278213092401077,0.0224240701527444,0.0211253241381433,-0.0166988541976151,0.0292804185646197,0.129294392621033,0.343256122328031,0.0135237520313337,0.592916759035742,2.02336566353128,0.0154847874153042,0.0112939891685753,0.00587133946937216,0.0126074606695208,0.0125428094748623,0.0132681269055063,0.0186072787215583,0.0296209357787692,0.0219553723670372,0,0.185423096492201,0.744992917977057,0.0320850352745291,0.130690528849077,0.942948292067086,0.210970114740521,8.29191337357462e-05,0.168193240204425,0.824461151821139,0.0910144638087863,0.256238823972066,0.572923097213229,0.182324021273966,535,"SLC51A"
-10.2418250844024,-0.140382545440746,-0.00115788003573179,0.0905288478925819,0.997214622479115,-0.00812335989824584,-0.00236648222775693,-0.00802727772828665,-0.0106599553675412,0.0067713082801497,0.000490221317868426,0.00413305720115208,-0.0230854294028619,0.0212071320865888,0.0253555243179871,0.0615832700481673,0.00261053852027919,0.0684314642765648,0.294601973729711,0.00231412279371011,0.00193254962762777,0.00713717610160233,0.00270573716727726,0.00269591731321945,0.00913789326689706,0.00278657076372348,0.00400404205360667,0.00410588075807857,0,0.0226340035538536,0.657374700246464,0.185864437044549,0.000711897495860415,0.000447532530121325,0.220748994740142,0.260710493905264,8.15631255853661e-05,0.012015462066512,0.95721634374554,0.138019809111877,8.14010387087271e-09,2.40358171711388e-07,536,"PCYT1A"
-9.91494044036823,0.0561087859014305,-0.0004642363212061,-0.0210666657706937,-1.29989457494764,-0.00445924542750141,-0.00755698792270645,-0.0221493055122233,0.00198085039935385,0.00964452202052208,0.00132623928097625,-0.000568161623848564,-0.00888159374144473,0.0260676398231069,0.0248158500799969,0.0614768674765157,0.00249859543684078,0.058655511504157,0.246965315052373,0.00191559019640192,0.00169314765336586,0.00661552112072589,0.00236875403413213,0.00235579184856935,0.00798268928962693,0.00239027558705325,0.0034442897004011,0.00338400409333899,0,0.361410193922472,0.852602455417706,0.719476007149739,1.41361433533554e-07,0.0199189944511604,8.07153871178625e-06,0.000813730049628065,0.403019062545572,4.2406406470189e-05,0.868047241185826,0.812116017309734,0.00991892181486072,1.32706715159749e-14,537,"DYNLT2B"
-14.062241888641,-0.336334938921939,0.00124268972810068,-0.403645514726898,-2.39974938036742,0.0154478799239912,-0.016851225580326,-0.00590013410161957,0.00149792640670441,-0.0107071301201744,0.0146255806774787,0.00122676144734625,-0.0127639230328002,0.0245181389755418,0.0577420411878029,0.164076064443392,0.00719069556463933,0.448685674005814,1.65270985044781,0.0131859396795924,0.010895517170434,0.0389043191642478,0.0147097949289431,0.0123813207193546,0.0237916343503734,0.0156647974142526,0.0226686917431519,0.0201961155102718,0,0.0403769181210807,0.862793602293453,0.368323804886418,0.146499135900884,0.241381053592652,0.121954886081898,0.87945703243069,0.918890102534969,0.387159036629506,0.538728899512339,0.937578865099674,0.573391340829649,0.224746689028459,538,"TM4SF19-AS1"
-10.2660342073211,0.0463805372096454,-0.00137885141714574,0.06414891522186,0.673041044978825,-0.00186941160115551,-0.012138639575619,-0.00425450545589475,-0.00812543923935666,0.00614803396104851,-0.0190946461492862,-0.0054714708447161,-0.0133608029626183,0.0178872964564093,0.0137701353977932,0.0369859008858503,0.0015460623062404,0.0680683041293519,0.29038164957903,0.002271701234816,0.00175393339187966,0.00553756018624623,0.0023753956861932,0.00265769343920748,0.00969585118475886,0.00273745102852345,0.00402940564209174,0.00457428721701169,0,0.20983986800505,0.372474811444044,0.34597777159445,0.0204612309337275,0.410557689019397,4.49068787662944e-12,0.44230919296441,0.000624676144737879,0.0207063217038018,0.0489114738081769,0.0456357818053924,0.000913731084564683,9.2143092083096e-05,539,"UBXN7"
-15.2300654546184,0.382211417988247,-0.00246293281966709,-0.489935844245097,0.12272796401859,0.0505220120505916,-0.0389368029602144,0.0106980452983929,-0.00825353550114652,0.025569551026575,0.0270465056139985,-0.0381378841148121,-0.0199297634971844,0.0158393276874419,0.108982308338239,0.342622745861139,0.0125805283177316,0.774274108852457,2.84862292296163,0.0219769350367854,0.0162594268334203,0.0194697794662787,0.0192466165456773,0.0181193489596511,0.0284984006514046,0.0251886226280398,0.0394098576114084,0.0560880323665877,0,0.264616537327153,0.844787529832623,0.526885186095531,0.965635162937318,0.0215125927433919,0.0166329826623556,0.582683455349019,0.668046607350329,0.158193365332729,0.342593425265094,0.130002586910316,0.613063731812673,0.777635894393686,540,"UBXN7-AS1"
-10.5740551090541,-0.00986049533711604,-0.00235049826357326,0.0372080980852519,-0.089041029883685,-0.0109785887227368,-0.00971771087431955,0.00148944939158801,0.0021719356212978,-0.00142278497756401,0.000674745611723122,-0.00560052833934196,-0.00623355105853353,0.0133231546251038,0.0218051954184149,0.0554391559926038,0.00231566186680056,0.0828194669353534,0.355097042054377,0.00277694495906105,0.0021488526427379,0.006713089488104,0.00289367445521617,0.00303246267461243,0.0103500773703412,0.00329496750971485,0.00489520326961628,0.00597168400661779,0,0.858831692077503,0.310084940453176,0.653238671510155,0.802006428479933,7.70235900978635e-05,6.11773888176415e-06,0.824413203274922,0.452905159923733,0.6389376472918,0.948020871584497,0.0891832535038987,0.202876194263495,0.0256774953170605,541,"RNF168"
-15.1111473881758,0.0378736789695622,0.00315003945314758,-1.57736708148191,7.58612867815811,0.0295953293639928,-0.0350041646493642,-0.00276089481246743,-0.00179271901498648,0.021210428702381,-0.0953359475497301,-0.00321783242827513,-0.0630601433642048,-0.0476382672938881,0.099917888099942,0.273889252075475,0.0119166129365307,0.816996182652984,2.85400961921947,0.0214912182527975,0.0150779165648415,0.0264709341912841,0.0191374626713365,0.0243274871072963,0.094417193938353,0.0254986004565383,0.0387559451214115,0.0592436926193913,0,0.890018343058268,0.791517811897409,0.053521291025316,0.00785919104134178,0.168484602110564,0.0202570807180752,0.916931986114901,0.925366616106448,0.383278796451874,0.312624288076387,0.89957643471803,0.103713970433388,0.421335188542336,542,"SMCO1"
-11.5390584507585,0.158517212046231,-0.0106240901307128,-0.226489464643758,-1.9070496197722,-0.0104383005801445,-0.00667307195233535,-0.0179342341228413,-0.000415829744973537,0.00156003411497332,-0.00330047534792862,0.006434783074568,-0.0108150548640531,0.0078615539112145,0.0175647421512911,0.0563891231510674,0.00218257528502629,0.132048885831043,0.533270107413774,0.00413630934776643,0.00363643207884887,0.0141408784293156,0.00498423051120325,0.00523477252645354,0.017800180342828,0.00530027649863089,0.00750191873725684,0.00991875388291609,0,0.00493676816408688,1.12912813141316e-06,0.0863096535148927,0.000348702311885885,0.0116167181718113,0.0664967630875901,0.20470704412782,0.933510369974647,0.765692680291609,0.852901124752446,0.224729900065466,0.149404381846607,0.428013871109331,543,"WDR53"
-11.7746974327005,0.135864947914438,-0.00122783167814788,-0.392414441270654,-1.21973802693068,0.0131691686740893,-0.00912324942248012,-0.00173416883351127,0.0033537218370576,-0.00595281432513902,-0.00395053646577333,-0.0151331567565569,-0.0162161599786055,-0.0513809222709112,0.0300764584380907,0.0792645361303413,0.00327312409058221,0.145402727795609,0.570332779794665,0.00445074400167794,0.00375197288285199,0.0132122726822459,0.00505083993877328,0.00536678841532402,0.018636405802355,0.00552125735714158,0.00805621257952135,0.012198516485885,0,0.0865159066793677,0.707567277020123,0.00695877414553219,0.0324646178153139,0.00308770278831705,0.015032827219367,0.89557406855334,0.506694858015923,0.267346113412188,0.832123007346425,0.00612730953148538,0.0441276364629506,2.53048727269436e-05,544,"FBXO45"
-12.6039167356718,0.235309571984481,-0.002381921089512,-0.994936766925111,-6.62477401257725,-0.00505545890554203,-0.0124931897261911,-0.00981284329541853,-0.0180118100353771,0.00871610619938685,0.0026341984454535,0.00539343877790659,0.00446460644276081,-0.000725765940160726,0.0428094216435536,0.113393450254089,0.00463039436143662,0.229920383254254,0.799639861779514,0.00629387359646941,0.00519131547261567,0.0171053080445003,0.00694066824615992,0.00730598635214411,0.0245481640354389,0.0079296472762836,0.011994189807224,0.0169016777192299,0,0.0379716923105637,0.606965380365108,1.50941472256862e-05,1.18410100059679e-16,0.421838979272569,0.0161037490826534,0.566189501569817,0.00945601561110051,0.232865916537947,0.914545153257664,0.496402367335454,0.709721042327984,0.965748990209226,545,"LINC01063"
-15.2119533508629,0.149498692060081,0.0362499981283042,0.183616850800897,-6.16699441873807,0.0161529592911505,-0.00829383127738436,-0.0128144968620692,0.0445877440492683,0.0512424477373366,-0.209789692246333,0.01570556374879,0.0178518243171576,0.0912158072317746,0.108866153710459,0.30552593576903,0.0136001527149039,0.724583993388536,3.00106147459348,0.0234601327642836,0.0167622747274553,0.033738769489574,0.0213106914651476,0.0271778342374549,0.104534051151564,0.028897217870754,0.0420891619483714,0.0592106475233855,0,0.62461808033091,0.00768942572636934,0.799951378487079,0.0398850207544099,0.491120317260341,0.620747295660056,0.704082612069472,0.0364142706781143,0.0593691080571515,0.0447600011385341,0.586787357458526,0.671461511905999,0.123431099117923,546,"ENSG00000288990"
-11.0362382862156,0.0919810598969091,-0.00769867887122895,0.380467574716293,0.368125051683416,-0.00135041661915922,-0.00456938918973949,0.00383955977738829,-0.0070424458882219,-0.00107917354427531,-0.00196097128278713,-0.00576047008448501,-0.0195360360255284,0.0281578150178678,0.0498006137715682,0.121092225727481,0.00491751728729638,0.0906153658327425,0.413491032811962,0.00317412349440425,0.00237115813499892,0.00568350563974622,0.00303401639674636,0.00339090540529507,0.0122429398504273,0.00371304773430312,0.00564813888303647,0.00476509796495942,0,0.447496655966296,0.117451159967992,2.68440727074524e-05,0.373312629893191,0.670511928996847,0.0539708289508785,0.499318848470073,0.0202780609553937,0.750291304546904,0.872745899278185,0.120802770188256,0.00054249732673257,3.43817738558158e-09,547,"PIGX"
-11.6903382565229,0.0600353154857227,-0.00306075274315994,-0.0428448739747907,-3.60683531528312,-0.000481429954243879,-0.00967760154436316,-0.005926641178488,-0.00277511973802179,0.00130878416794608,0.00281855249267333,-0.0102155443006948,-0.00529087329408478,0.00449244090839958,0.0379180942196035,0.0955416678169566,0.00404817029764033,0.137549318022253,0.566143697502953,0.00447140626526852,0.00369474833749929,0.0130989334020378,0.00504061996663764,0.005057548125205,0.0166014289777418,0.00540696727949872,0.00804021741245063,0.0110968520686029,0,0.529762971927471,0.449599433791168,0.755430150358644,1.87942855668717e-10,0.914258595702044,0.00881141121935098,0.650943252260763,0.581941319715714,0.795806231315612,0.865184962088298,0.0588476535536249,0.510505345599373,0.685595699478852,548,"CEP19"
-10.0971412753651,0.00393053166384442,-0.00361724148164352,-0.127539580570178,-0.212166867530685,-0.00735340943569226,-0.0146605005131453,-0.00268575419926285,-0.010628013201659,0.0119361344103629,-0.0153136897294115,-0.00419389294637075,-0.0215193200724305,-0.00066243363291678,0.0177588948897916,0.0455678793343622,0.00189454560103155,0.0683951250625659,0.28667396692947,0.00222467921069133,0.00167744802228044,0.0044956471375104,0.00220743026925794,0.00252550860611023,0.00935053618278688,0.00264348751521755,0.00396766394509406,0.00561905347216931,0,0.93126241493793,0.0562243846170483,0.0622169240287545,0.459240451857738,0.000948478211862968,2.33597059142109e-18,0.550232247184957,1.47455077326233e-06,2.28726626358614e-06,0.101477223681249,0.112625931843217,5.8385971350776e-08,0.906154334701725,549,"PAK2"
-13.1719759685058,0.0642877917496592,-0.0112556398155212,-0.835119459437949,-5.61506406776226,-0.00548861249420623,-0.0168968889712191,-0.00257070639406648,-0.0245203847843805,-0.00703527699618351,0.00702289012390464,0.00709060469584524,0.014148836749991,-0.044838915941966,0.0819655509527362,0.201816307659519,0.00847323167414364,0.288471951745378,1.05996594486587,0.00828847169008278,0.0062040114643711,0.0135968376760761,0.0077196526188931,0.00787937505766549,0.0221409984233638,0.00999794445300778,0.0159335959033862,0.022962396594792,0,0.750070753995218,0.18405383753639,0.00379187177437548,1.17462909185462e-07,0.50784409474982,0.00645859027152831,0.850040703758133,0.00149136486820923,0.371925476505466,0.751099888488303,0.478196495392509,0.374547382127602,0.0508538932824104,550,"ENSG00000289446"
-9.47799916610266,0.0583902694119561,-0.00105960566201874,0.263994865762186,0.239716068479028,-0.00842802694978954,0.00365237976095105,-0.0133992433918469,0.00511898702037191,-0.00533033797573799,-0.00873019323577151,-0.00180500009492838,-0.0086168559627873,0.0173317862086989,0.0277441834666027,0.0676129566468201,0.00282756900620926,0.0473786012645158,0.210054350503349,0.00164217643020442,0.00145058515246962,0.00573791826844669,0.00206036481348458,0.00203533065193585,0.00704673655077337,0.00201820071007217,0.00284926767040834,0.00320219735940195,0,0.387809939466112,0.707853195571415,2.5179176660416e-08,0.253782656534614,2.8632947877759e-07,0.0118068062523551,0.0195324596173263,0.0129731626281448,0.00882124647868885,0.215382989757107,0.371128748269711,0.00249262461954356,6.21624572755079e-08,551,"SENP5"
-13.2169387597552,-0.164527253816633,-0.0147741647729135,0.278059429176201,6.17942431795487,-0.00375912960818616,0.00210746616691566,-0.00143218415773021,0.00656086854982177,0.00751121947133613,-0.0468770525606894,-0.0185410558967512,-0.024290699804284,0.0149589495124959,0.0532159839796132,0.135417760171512,0.00565645821152413,0.252998756498256,1.17315015598119,0.00890872777309269,0.0073126714540039,0.0275677225527834,0.0102119399431814,0.0110016284286857,0.0394626441467754,0.01081406064628,0.0152232190115207,0.0170770923302744,0,0.22438108889502,0.00900377204598354,0.271744281925938,1.38386714013399e-07,0.673053981665973,0.773198437100274,0.958567349578823,0.520567839873288,0.494773005987951,0.234879024475273,0.0864310165914619,0.110570327056271,0.381048605076003,552,"ENSG00000230732"
-11.1339926873064,0.00174496610830187,0.000217213327650963,-0.353564934273007,-3.70507328838136,0.00320877120464318,-0.00777366353054547,-0.00246794825106442,-0.00218470868528397,0.0044897905978996,-0.00393825330032846,-0.00930920123492652,-0.00621291172776583,-0.0330956725391183,0.0340978495531045,0.0831796147621734,0.00358223610096866,0.110173611680766,0.421586605080814,0.00333185172085434,0.00265849312879038,0.00827545727414999,0.00354832499869401,0.00383272607317203,0.0137481939126639,0.00404025458412299,0.00605849813614657,0.00904056146844441,0,0.983262973669201,0.951648911333634,0.00133122604868033,1.51699964515751e-18,0.335517702009728,0.00345468872316365,0.76553144169726,0.538091610183045,0.241423852196312,0.774528851904879,0.021216327233903,0.305133405731468,0.000251430584928253,553,"NCBP2"
-15.0095038530037,0.104006371264824,0.00113386568309954,0.274429524459044,-1.25555071179294,0.0182173075379994,0.0196776537413614,0.0161334329008019,0.00266057312462541,0.0134643990340383,0.0236406235767065,-0.0222288560832263,0.0266313573239628,0.0433329591898689,0.0893178370318963,0.265543172494639,0.0109036279901244,0.652177747867223,2.62664842203664,0.0200823702284449,0.0143252611183192,0.0210983776986406,0.0170391055329956,0.016293524933391,0.0181794924840279,0.0239146149240857,0.0368499541146709,0.0176696123755469,0,0.695299062235329,0.917177473007878,0.673908826456633,0.632646745805749,0.364338396699469,0.169555596007673,0.444464223226565,0.875918636368105,0.408597060901617,0.193463692292404,0.352625227207135,0.469865958445975,0.0141906776392085,554,"NCBP2-AS1"
-12.1609851052442,0.0384207128671832,0.00242943516734946,-0.613954754280028,-5.8735359410566,0.0147317919121502,0.00426384826319849,-0.0309293698702447,0.00999362554456583,-0.00230948712620377,0.0137826105488065,-0.00795313493508151,0.0249796673275787,-0.0667773699604061,0.0703125645423294,0.168482648048382,0.00722501587183942,0.171426664679927,0.630380496228634,0.00497839874079899,0.00449846759462062,0.0177994816984459,0.00632573812391799,0.00540626989297912,0.0145602483783788,0.00616736281846943,0.00929681693383875,0.0136020818655509,0,0.819615468023333,0.736679890157911,0.000341702257995542,1.19174881767719e-20,0.00308496288151165,0.343208566459585,0.0822715084469259,0.114144547336412,0.669243276183792,0.343846865024684,0.19720625754687,0.00721173812050814,9.13791279931948e-07,555,"NCBP2AS2"
-10.4502655790093,0.0360906619504435,-0.00474948445245082,-0.0890630965164368,-2.00661086661003,-0.00954739160025167,-0.00871373511781334,-0.00744338153336479,-0.00771303507500609,0.00119018153992735,-0.00393370863960886,-0.000669939396621642,-0.00142235743638214,0.0277285644865788,0.0597095020200491,0.14229478263426,0.00604758517530303,0.0750311255714225,0.312342071408239,0.00248195472803068,0.00202719954794798,0.00730800149294852,0.00284365005565834,0.00288117021137405,0.0101021913058798,0.00299403987786271,0.00440252787467076,0.00407935392015343,0,0.799779049015677,0.432247085556784,0.235221572481616,1.32389367592385e-10,0.000119708321833832,1.72027608565705e-05,0.308428570909026,0.00668036975640545,0.679540945939431,0.696986470024254,0.822945866747504,0.746636594952479,1.06603039232415e-11,556,"PIGZ"
-13.8413020776436,-0.0889405280774059,0.00227792048975688,0.452105753117705,0.000798792008803478,-0.00706872913943363,-0.00524272539563602,-0.00929688469326477,-0.011690807509214,-0.000747636407048238,-0.00167102588772349,0.00673038409898757,0.0244280422508858,0.03489685074417,0.0571856891090265,0.159040633374672,0.0066394749017562,0.353392405884913,1.55890792414077,0.0122859026980248,0.0100672924759533,0.0387538195069111,0.0141745357024318,0.0148552882922367,0.0504245487115024,0.015326309752154,0.0217585543914087,0.0154948170284462,0,0.576003754506337,0.731532674904566,0.20078062699406,0.999591160084982,0.565052684850296,0.602528284885963,0.810410913696946,0.409499149197748,0.959861040344448,0.973563635281908,0.660560643861159,0.261570527305829,0.0243119849140609,557,"ENSG00000286017"
-12.4481514555268,0.0922821807190277,-0.00047673918827213,0.596051692912697,-0.597187196646907,0.0218745472078905,0.0184709415056134,-0.0101764256676052,-0.0318645037648418,-0.0144673596703925,0.00151049958177361,0.00599298409877983,0.0101202326088734,0.0704335780947155,0.0714668680434864,0.174133733455515,0.00752632732588208,0.198064949415567,0.849603292221369,0.00673086545321899,0.00562856724396731,0.0204765725591033,0.00799065416063656,0.00718747154749094,0.0212754488430514,0.00805386621426844,0.0119363876163364,0.0168540398602572,0,0.596146563482565,0.949493477384609,0.00261785839189392,0.482117306389667,0.00115451170564653,0.0010320462041786,0.619203890799315,6.67108973064272e-05,0.0441295691603242,0.943399898461118,0.456808299337362,0.396523082585357,2.92752023034461e-05,558,"MELTF"
-12.1888875800729,0.0451075900680486,-0.00648481864128319,0.433125956402032,-3.99074134462358,-0.0108371195473813,0.0333081006759561,-0.0211278609187071,-0.00271460703183298,-0.0146730694104508,-0.00162126272833504,0.0311218024574571,0.041657265979961,0.049276467709745,0.0884966930137695,0.213547476968776,0.00826398307589118,0.161201588216038,0.692655385129187,0.00530449863683957,0.00486371096256607,0.0188036507363577,0.00672492961528948,0.00648793462584874,0.0215754320010717,0.00682569583974761,0.00980465681983936,0.00719501372422427,0,0.832707961146749,0.432624435695971,0.00721273682794444,8.33644260221223e-09,0.0410519000561755,7.47382082374204e-12,0.261180974099581,0.686460357897163,0.0237225430171669,0.940100196393245,5.12740447420122e-06,2.14993047513875e-05,7.45257420324497e-12,559,"MELTF-AS1"
-7.52352812304645,0.045727350050412,0.00205240389353776,-0.181913462321992,2.09481307015345,0.00992133629626011,-0.000251175603115389,0.00696685032371173,0.0102548930599968,-0.000248859407768577,-0.00133761528473696,-0.0171795560686128,-0.00526586043507792,-0.0441202996670193,0.0261952542810962,0.0647126095696601,0.00261005199963993,0.0290418686917512,0.125941667189394,0.000960693018748052,0.000740278901173578,0.00190909065063824,0.000967669591936046,0.00100031333950033,0.00337618610585348,0.00109860738110948,0.00164436542622666,0.00253596333497595,0,0.479801447596387,0.431664822773329,3.756238649154e-10,4.00607822197126e-62,5.3048847365537e-25,0.734384788718731,0.000262952757276842,3.06003031915843e-26,0.803529837175364,0.691963969569862,4.03811092920907e-55,0.00136303553435394,8.56640554791597e-68,560,"DLG1"
-11.3341038735818,-0.191000463417019,-0.00632888046345316,-0.504843415930948,0.456549545938529,0.0160701706569385,-0.0036023043822557,-0.0109036826921308,0.00575508963183938,0.0040668040574321,-0.00696415732187284,-0.0269280960529773,-0.00501860476996125,-0.0684510486479483,0.036149543673389,0.0885075554885012,0.00374344891411472,0.123347564864726,0.459401508945494,0.00357303139861388,0.0031983665430418,0.0126754598611302,0.00445581181768028,0.0045618718213702,0.0158108061045359,0.00447394628028553,0.006431480440858,0.00973719962892886,0,0.0309268139863269,0.090902721770054,4.26098386483729e-05,0.320324140038068,6.8715376376503e-06,0.260040655378116,0.38966784236808,0.196498574373469,0.372673295563184,0.659598038402458,1.75640063568983e-09,0.435203279798956,2.06756322833024e-12,561,"ENSG00000289396"
-14.124788817283,-0.163268838096493,-0.0126880935160521,0.31694803578477,-0.456361717781846,0.000491805743026112,-0.0129188148154959,0.0120328813505384,-0.03342070674969,0.0465192482631903,0.0386683231828676,-0.00668787375635357,0.0078058595290353,0.0200226567595221,0.101261023982719,0.265170599995084,0.0103218464695718,0.413602235498329,1.76454377304078,0.0131782997419575,0.00949572942530077,0.00949093003452661,0.0109826619489294,0.0107611479587377,0.0110736878773094,0.0155810564832924,0.0254781770638986,0.0321303652626546,0,0.538084323077407,0.218979404123846,0.443491140790535,0.795921712720695,0.970230367335025,0.17367591803474,0.204858834718532,0.00234199277272413,1.53999215973765e-05,0.000479579527642118,0.667755064392182,0.7593196478947,0.53317328325574,562,"ENSG00000289828"
