"logFC_(Intercept)","logFC_age","logFC_zone_2","logFC_zone_3","logFC_zone_4","logFC_zone_5","logFC_zone_6","logFC_age_x_zone_2","logFC_age_x_zone_3","logFC_age_x_zone_4","logFC_age_x_zone_5","logFC_age_x_zone_6","logFC_sex","logFC_PC1","logFC_PC2","logFC_PC3","logFC_PC4","logFC_PC5","se_(Intercept)","se_age","se_zone_2","se_zone_3","se_zone_4","se_zone_5","se_zone_6","se_age_x_zone_2","se_age_x_zone_3","se_age_x_zone_4","se_age_x_zone_5","se_age_x_zone_6","se_sex","se_PC1","se_PC2","se_PC3","se_PC4","se_PC5","p_(Intercept)","p_age","p_zone_2","p_zone_3","p_zone_4","p_zone_5","p_zone_6","p_age_x_zone_2","p_age_x_zone_3","p_age_x_zone_4","p_age_x_zone_5","p_age_x_zone_6","p_sex","p_PC1","p_PC2","p_PC3","p_PC4","p_PC5","gene_id","gene"
-16.0526306462138,0.00254603618687292,0.328479513053551,0.397738404783032,0.69981857257483,0.150712256607004,0.0623712747435183,-0.00414339056171971,-0.00785370977201696,-0.00541554714960462,-0.00209025804687843,-0.00259331856719491,0.0424502712461472,-11.5264912813392,5.08455150974637,14.049016521035,-4.76532315676127,32.7305004017253,0.0357104531197955,0.00393605317405632,0.306452639536056,0.323271180973469,0.268006729257682,0.335994466173055,0.416655081707764,0.00476817201131034,0.00496798623137734,0.00411647187887446,0.00510769817215105,0.00643143409761423,0.0770411688356229,5.97716561296407,4.28875990428583,9.03874098711602,8.31559744591961,23.7740862778319,0,0.51772899713293,0.283775315563075,0.218564091456801,0.00902257003155219,0.65375214613995,0.881005078393318,0.384864442823345,0.113909174654381,0.188315125421031,0.682365891836904,0.686782303534365,0.581628449529086,0.0538027903113907,0.235798933410075,0.120110198728996,0.566605137354902,0.16859570610769,1,"PTF1A"
-15.9472217417081,0.00726088943926904,0.25123869908625,0.749654335269269,0.494432246730296,0.685717711530198,0.0960662778756975,-0.00198607053199563,-0.00963459515163254,-0.00467372922151449,-0.00691135536283862,-0.00093216505415193,0.0789543354660707,-1.11054165938,-7.58602102003469,4.51220025321345,-4.14700803337704,18.409814862558,0.035323960834191,0.0038367950425791,0.299596166043439,0.299649784337112,0.266645291863451,0.310661212386031,0.39070801656975,0.00453038658514304,0.00453065963288729,0.00399886169778776,0.00466031188072308,0.00585653538645022,0.0756202760797019,5.97090997571775,4.86447922399748,8.97041438905639,8.44038175062978,23.0945051857678,0,0.0584329002387217,0.401698767990867,0.0123574764845236,0.0637006054550065,0.0272941821487425,0.805777125972437,0.661104497050913,0.0334589425219007,0.242498362766863,0.138067977598567,0.873537586904394,0.296443988098586,0.852451012462918,0.118884615496051,0.614957859737376,0.623193461286807,0.425363164935547,2,"PTGDR2"
-14.3083594252521,0.00522540896151876,0.128637944816236,-0.438708138846381,-0.895064690291104,-0.906279141997189,-0.57255024380367,-0.00530715493229185,7.90364390670714e-05,0.00125984326675412,0.00168850128606082,0.000566079503345555,0.352839034828447,-8.0120406969462,2.13286958155299,8.4546554245807,-0.505313713977632,41.0351936094173,0.0806513111958252,0.00477971244509102,0.106369898966502,0.1146646094991,0.107105005950525,0.141140820624357,0.158251131241148,0.00167293284882866,0.0017292643455358,0.00163561223918023,0.00211343220204376,0.00240748859987706,0.179321685789652,13.271084467846,11.0704449919114,19.6777270276277,19.0642918749444,47.6633859674339,0,0.274285120999969,0.226530187231075,0.000130236096336085,6.43936120410495e-17,1.35294253199327e-10,0.000296905420147725,0.00151202430096567,0.963545188582342,0.441146917706066,0.424326366266364,0.814105671881697,0.0491104287116461,0.546028733498456,0.847222588237561,0.667445822895163,0.978853932329529,0.389272498381579,3,"PTGDS"
-15.7167002565898,-0.00382601005300185,-0.0734692004987046,0.185975214763504,0.163180462895495,0.149320999297195,-0.479446303055583,0.00361917799390436,0.00124089654731191,0.00480869040731009,0.00243382405939122,0.00772372631920106,0.0453360937391078,11.9969620953288,-0.399042580043791,8.98645073601925,1.74580091331228,-12.4601915955997,0.0442760879367909,0.00392717810344632,0.269854776899293,0.270647925533376,0.237339653538223,0.282586251534888,0.367327269115533,0.00421509193652692,0.00415933551287456,0.00367596824321754,0.00433980163435709,0.00556039973291533,0.0942757501630518,7.20894661595856,5.82087814715209,10.7493176576654,10.1427462929312,28.5192014102252,0,0.329937886436386,0.785426272983556,0.491989389734109,0.491742616019751,0.597215785155322,0.191814790441524,0.390548137327372,0.765443606294977,0.190824969549099,0.574923941826951,0.164814644334082,0.630595975276889,0.0960770922575963,0.945344895246481,0.403153794895596,0.863340754243842,0.662179993821039,4,"PTGER1"
-13.9792155329602,0.00415356430142976,0.916060527509456,0.524926662953537,-0.891418533505613,-0.169715742861989,0.398845740246114,-0.00326142969720714,-0.000860743911753413,0.00164252590088074,0.000531522192559215,-0.00166929604182751,0.58876939906821,-1.45305403917092,-3.25219234231194,-10.1957590699577,15.0001788003619,-33.4130165387588,0.0695044239018378,0.00412866273407016,0.109126666127578,0.113818084984258,0.111329939081404,0.127672757484867,0.140343062453696,0.00169164692962683,0.0017422699133996,0.00170701418557738,0.00193164011328601,0.00219003392424675,0.153636108383377,11.061972762045,8.81294990116857,16.6901263171939,15.4367946282369,43.3794175291957,0,0.314400471428372,4.68000398219063e-17,3.98852536218186e-06,1.17542968382006e-15,0.1837481196693,0.00448407539894348,0.0538599485658229,0.621280814965078,0.335938307061673,0.783188504603409,0.445926426829798,0.000126985268521759,0.895493869463538,0.712109639878328,0.541275269417961,0.33119190399797,0.441151333590624,5,"PTGER2"
-14.199706083792,-0.00230802074035058,-0.466723495425591,-1.17676284244807,-0.792819752815352,-1.18238312715824,-0.385669081863448,-0.00429161843857986,0.00670040640468859,0.00289228001161182,0.00499721559628263,-0.00400661679093138,0.0329764100577229,11.1709237327055,-2.32921044954653,2.93269340604504,-5.30442392528689,-20.9204507905254,0.0383846522126436,0.00273021909934403,0.158101296111849,0.16906653384505,0.141294666757003,0.185028082375707,0.207484717178042,0.0025151827563408,0.00258115719055111,0.00218103385099423,0.00281435771614605,0.00324340311574057,0.083339125589931,5.90789373538923,5.08917819186211,8.99407744635443,8.57382811651471,23.6698168461132,0,0.397909313978581,0.00315668162360063,3.39419934729061e-12,2.01034275406659e-08,1.65571312604865e-10,0.0630578915705989,0.0879550421327285,0.0094345597767436,0.184804902491128,0.0757964064786932,0.216714179844879,0.69233416331822,0.0586447578259143,0.647183011900719,0.744371850704838,0.536129651421455,0.37677985600886,6,"PTGER3"
-15.6539847301805,0.00313671329992036,0.318072864965516,1.0823413522781,1.61021330980302,0.609896527122041,0.508666932122279,0.00193636310605466,-0.000529784185196578,-0.00649248242576994,0.00190591778881633,-0.00700955157356783,-0.22471533740863,6.93739785051527,-11.6280455320493,7.52915337498246,-10.361484739653,-18.9183507419474,0.0507238520169835,0.00511970408286446,0.346716431246278,0.336844808347731,0.309487394083816,0.364188954804552,0.468629014384619,0.00539467762687139,0.00513861920357923,0.00478327635456131,0.00552928768702887,0.00732078496025301,0.108738202311442,7.89753642841577,6.98200470228387,11.5503372307473,10.7339461931078,32.7419844177301,0,0.540091436805597,0.358940308150658,0.00131276227980646,1.96266122307729e-07,0.0939988833562222,0.277728472999299,0.719640319262279,0.917884756395282,0.174676516512631,0.730323681599891,0.338321839518,0.0387744900348721,0.379712819113721,0.095826842983705,0.514494253355101,0.334394269546742,0.56339849237057,7,"PTGER4"
-16.0387590484026,0.000571963016945501,0.153329535224205,-0.266988737321174,-0.123932662208338,-0.76086169326524,-0.205979835886491,-0.00217058750264346,0.0029326892793402,0.000349227934089631,0.00879228676108095,0.00357187606017267,0.0812031940708954,-2.3923457042376,-3.90323700642329,9.52195491225784,-5.56579215266025,20.8962718520028,0.0294760676141059,0.00347014121097673,0.279622453023374,0.298703628079176,0.252199264573389,0.330136218547931,0.369046647523201,0.00439216922828703,0.00452962778038001,0.00388986475251346,0.00491936688145051,0.0056370381091759,0.0629263570985675,5.04513798819506,4.02250706537481,7.7787161457597,7.28250479365379,19.291816193589,0,0.869082408338573,0.583455129215035,0.371415590098434,0.623138114624385,0.0211839325668804,0.57674852916834,0.621168562089284,0.517343348262448,0.928462884068316,0.0738922211808403,0.526313099667296,0.196895142163307,0.635365593749321,0.331872399876647,0.220913125140527,0.444706996261159,0.278734001152157,8,"PTGES"
-14.4045476858722,0.00132708001490936,0.216679243863686,0.288702938731803,0.515065850398319,0.598759987619082,0.302611784693757,-0.00353029948377938,-0.000859031235942612,-0.00286086884953865,-0.00493499823085589,-0.00323307771250538,-0.0247120886083967,-0.241983175595997,-2.523653692808,5.4854972545948,-5.39617096189913,3.24250503436639,0.0271134980390244,0.00217236897826802,0.142709282952844,0.142461430485049,0.126345708711886,0.149165048445461,0.181251639749988,0.00222155590856736,0.00215863716485873,0.00192776500900928,0.0022747290276478,0.00278049049231057,0.0584186408604974,4.27101390364261,3.577798490903,6.36128118008246,5.98082554929923,17.2406403413426,0,0.541271939293611,0.128932184956844,0.042710087770951,4.56913356659076e-05,5.96788679961208e-05,0.0950050331598288,0.112035278659824,0.690666504283032,0.13779989642177,0.0300456243513404,0.244921842013864,0.672282727885184,0.954818364414845,0.480583143570939,0.388508226983919,0.36692664502168,0.85081914967189,9,"PTGES2-AS1"
-14.0877795231567,-0.000940296223372369,0.300962319868702,0.82504558770612,1.64543505094162,0.956559819371314,0.238925692699167,-0.00188689315006666,-0.00546664000980931,-0.00362866978791234,-0.00826314198725456,-0.00278668586482308,0.242200523492297,-4.30271257990186,2.11292741040212,3.50786355615153,-8.32490798638812,25.694809919134,0.0387022850872652,0.0031031461319924,0.195132405528435,0.194005386552166,0.168384656137087,0.199948196884047,0.256811455803485,0.00305290711122328,0.00299418791209749,0.00259510142022708,0.00309170138773366,0.004003721140735,0.0835950854039334,6.35070650124264,5.02431093035593,9.59415967131163,9.12884914411457,24.1414066646538,0,0.761879314880847,0.122988746271313,2.1121388554512e-05,1.4866388949616e-22,1.71807978172437e-06,0.352187570171219,0.536532899247527,0.0678878559797456,0.162029999099165,0.00752470116018683,0.486413821432838,0.00376382714693552,0.498077891493563,0.67409047810866,0.714645001121783,0.361803457972276,0.287171981013914,10,"PTGFR"
-15.4459371081275,-0.00059861168432698,-0.247350550357548,-0.108318290871607,0.143951341593917,-0.484962351989108,-0.379918107393273,0.00121666515122662,0.00059641683899722,-0.00455800617249467,0.00354728508297668,0.00452146355936608,0.0567284402968462,-5.96805936666484,-0.894711712817007,11.5756363987876,-11.6837969093532,1.93760462236461,0.0290348102579437,0.00282210151952339,0.217683344524904,0.220638517730801,0.19114151861544,0.246531469458405,0.282650448686669,0.0033878222547112,0.00336351424264687,0.00295569962152164,0.00371685924720613,0.00429012403692122,0.0624408382101171,4.674059446573,3.74340849499331,7.15470085521362,6.68056611430432,18.6002159327611,0,0.832016869682294,0.25583686204945,0.62347524181112,0.451381450145301,0.049166868529978,0.178907313602547,0.719498602743018,0.859257393783093,0.123047504093593,0.339892829922429,0.291917834072684,0.363606174020375,0.201656224477215,0.811097901386105,0.10568276795682,0.0803042997678341,0.917033582175563,11,"PTGIR"
-15.5125816486104,-0.00834212525006202,-0.189527383401028,-0.340091650105862,-0.581090355147351,-0.801416559836436,-0.256708276816761,0.00522250644792891,0.00688201054533334,0.0097967237961762,0.0131850329403422,0.00330816798437096,-0.0399574540194641,-4.30451469996409,0.391119097596902,9.74451766224486,-3.15260301055184,-0.598887379828575,0.0232420376197398,0.0030440608185868,0.240373739923417,0.248826104741189,0.215064607780547,0.270720832630686,0.326697039605001,0.00385351739077013,0.00389893093524304,0.00340471893680962,0.00417507501446913,0.00518467744017527,0.0500718598760114,4.07333769579115,3.00148908814977,6.21836650247132,5.78328259776995,15.7677273371622,0,0.00613533513328972,0.430422081355977,0.171692878998275,0.0068937465192602,0.00307333413772519,0.432003062967216,0.175335687419268,0.0775466352316481,0.00400972376106745,0.0015883649735542,0.523430518427932,0.424869217136748,0.29062400790812,0.896322472216188,0.117102011387477,0.585668609749694,0.969702156966255,12,"PTGS1"
-15.4752139747534,0.0120719951127085,-0.238792324240819,-0.143396386264246,0.360026307302275,0.568028836737433,0.0954128535725164,0.00453051344938782,0.00822355146200146,-0.0039318315173219,-0.00209455762725173,0.00379974147484666,-0.139274848676184,-14.5276702665349,-13.0867303600368,42.3978677666734,-24.9266425758818,49.4144209703715,0.0715436916651864,0.00483417368871275,0.272745940676265,0.267188775320347,0.244996869795351,0.277501705388743,0.3307186511766,0.00425856017817381,0.0040499912000063,0.0038050186624704,0.00427318710634588,0.00504793236431987,0.156007520737797,11.6497659765723,9.2397670449565,17.0275683903695,16.0158709142218,48.0406704758215,0,0.0125171281019892,0.381295423219647,0.591484757782928,0.141693452606263,0.0406641544193087,0.772962820840957,0.287391953608929,0.0423046296951993,0.301450527398553,0.624018657368187,0.45161082756569,0.371994039277854,0.212384527468603,0.15667348908794,0.012775950845364,0.11961981474907,0.303669759174925,13,"PTGS2"
-16.2261254083827,0.000812625991134806,0.286318752933619,-0.162393047659351,-0.336812273650495,0.0201128685465759,-0.416290043648666,-0.00316542587846632,0.00223174639217109,-0.00152556488474439,-0.000747117370790024,0.00781000343279205,0.212550480296313,0.10393641290934,-4.7397921935449,23.7327275521424,-8.44078277698984,-6.83904927433858,0.0343710017545598,0.00383242548462896,0.298881182699582,0.315812834252452,0.285479509124471,0.333443462729623,0.392907667308621,0.00466341770306369,0.00478375681783281,0.00439946324078934,0.00507189533549086,0.00591014284105482,0.0717369017481039,5.78347096212075,4.5638304166754,8.87829772727265,8.3448996936973,22.0009976951573,0,0.832076135379851,0.338078651830307,0.607107545176463,0.238074824293639,0.951901826885358,0.289367066504076,0.497278462400951,0.640839122444062,0.728770432671352,0.882891001573387,0.186348816595509,0.00304738803011234,0.985661759863451,0.29901140752029,0.00751500611572064,0.311781954259551,0.755913304260957,15,"PTH1R"
-14.9577215113584,-0.000436635025508304,-0.448402654683053,-0.132947883037219,-0.381241856679799,-0.102419081761546,-0.0592115116019719,0.00364123301084051,-0.00225711214607269,0.000515804447168394,-0.0034447423365556,-0.000629074613467715,-0.0195396781414786,-1.1850000228566,-3.80621741237606,7.82234153870483,-7.74706474915063,12.8199296746322,0.0250851021939769,0.00226724050862685,0.173377219581485,0.179146831424628,0.155038562149607,0.191791774336066,0.222046168304978,0.00270413771271794,0.00275667251644456,0.00239880987434797,0.00296279236089911,0.00344349195770554,0.0539719508120582,4.12394090684872,3.38972306358424,6.24894161377495,5.8903421062874,16.0275299004749,0,0.847284507259308,0.00970170770617459,0.45801653883578,0.0139319530670673,0.593333330002825,0.789728594989572,0.178128022376967,0.412911152324394,0.829747712203734,0.244964439533785,0.855045120972505,0.717326665932079,0.773847014423612,0.261492826177317,0.21064762471001,0.188437743410974,0.423786506526226,16,"PTHLH"
-15.4400828818327,0.00489133550738024,0.54377826334767,0.377332719480416,-0.142782936154565,0.261496023037108,0.434738725724339,-0.00613708719782172,-0.00414417413213705,0.000363380415870339,-0.00240649378346643,-0.00445779741019787,0.0673292298643831,-7.08756805373436,-6.07690893751296,11.7112587352966,-7.85485881469053,4.70382850426033,0.0350798075876493,0.00313276304437956,0.215089258731715,0.225872207818238,0.204317342977489,0.238230784472853,0.273121463720384,0.00331112218203407,0.00340294992046709,0.00308329648006812,0.00355684433754919,0.00416744709419552,0.0755032790869408,5.77586880216754,4.69992742651175,8.52499691956198,8.08079111785205,22.9319359277007,0,0.118441498802242,0.0114664813266616,0.0948089304318375,0.484658744706415,0.27235367893264,0.111442834542254,0.0638140894510009,0.223293090493983,0.906182932578891,0.498671751011988,0.28476741238426,0.372532764308902,0.219785043882178,0.196018213860748,0.169517697710667,0.331030242092322,0.837477355411968,17,"PTK6"
-16.0694962392942,0.00156401266212231,0.452585537339627,-0.0121727496560704,0.161937229515299,-0.406088692000024,-0.31418796274928,-0.0075639709700248,-6.05220844900938e-05,-0.00340814080001419,0.00516969685803899,0.00373215561792365,-0.0232033917924089,-11.1065923962921,-3.56305043888697,12.9109161266802,-15.3899509076491,39.7374402779255,0.0298508310474846,0.00355240498373246,0.286296887171016,0.301091444648185,0.257584968795709,0.326417431827566,0.389857776342767,0.00451243870939641,0.00457754577014061,0.00396779259492046,0.00489329622168297,0.00592115142488945,0.0642130091651623,5.11696102738205,4.11160436170429,7.49406794464078,7.04993062548002,19.8907228852767,0,0.659742520168264,0.113917848415288,0.967751312672922,0.52956185017784,0.213470917680099,0.420298173084317,0.0936894257915155,0.989451065623806,0.390367358103802,0.290746429086268,0.528492371164157,0.717837576881369,0.0299656097629595,0.386169998639393,0.0849214190245105,0.0290363077376899,0.045739688200808,18,"PTOV1-AS2"
-14.6906122917178,0.00256077420178492,0.210554428553755,-0.146372125421446,-0.149763340470898,-0.383907762583395,0.322734782374017,-0.00510896703923967,-0.00214939986985376,-0.00254540335741792,0.000880744653862095,-0.00850822025536973,0.0451903350715951,13.7895544613303,-1.1083501652274,37.1070534853094,-16.8971232379531,55.4451788880598,0.0417332270910509,0.00274318397904909,0.152066332238024,0.169230442277027,0.141434621148405,0.178063310811299,0.205801462878737,0.00240861757587699,0.00255676272458957,0.00217589078714491,0.00270653016757589,0.00320841899668107,0.0894617719149182,6.35564139123018,5.40260807703878,9.76347451255889,9.05122936435009,24.7698751384813,0,0.350559620922475,0.166168001367996,0.38707838141618,0.289651056114437,0.031082233637378,0.116837946649459,0.0339117008547665,0.40053148358624,0.242072895973481,0.744867245048944,0.00800539929084365,0.613463526190154,0.0300329277741116,0.83745419259335,0.000144346612893891,0.0619250735439238,0.0251942182531006,19,"PTP4A1"
-13.3191613299881,0.00217253786417419,0.453603593808142,0.839861876501871,1.86607841923072,1.5126808311022,0.201177346131963,-0.0065568177375142,-0.00548559988489197,-0.00685497839750794,-0.00494814385922818,-0.00255113460720258,-0.0227904949417258,4.34997467076207,9.48224622739706,21.1183108157057,9.6286946196805,13.2445355516539,0.0347480332600686,0.00245581475503634,0.143153867533359,0.14057653887212,0.12277819341793,0.139213086952598,0.185393296392212,0.00223179430761366,0.00214356253213991,0.0018728645094355,0.00211435655832063,0.00284511897621352,0.0747411106338771,5.39722998293291,4.46365198816296,8.18275173900472,7.63124203602807,21.5486728300599,0,0.37634513595985,0.00153152042990859,2.30924405541655e-09,3.6028301792093e-52,1.67492240399928e-27,0.277860454939587,0.00330429626397963,0.0104942280090989,0.00025206062633123,0.0192703247224682,0.369894700398226,0.760422645104563,0.42026343549281,0.0336430006427757,0.00985624190437624,0.20703993909016,0.538796805615254,20,"PTPN3"
-14.6951977245114,0.00477850382896131,0.427820257806412,0.572307565087841,0.583792487068595,0.207203524275934,0.406658663759096,-0.00845343063509158,-0.0103777951349773,-0.007109513254128,-0.00558308107673969,-0.00775699144368464,0.0858449483484023,-4.82690330656615,-4.0994455343399,9.09110159988618,-16.0911735095629,-6.82585390281426,0.0313217123346787,0.00254043759105498,0.172271451507163,0.175523230111824,0.15142730622488,0.187977363512893,0.220425787501549,0.00268451018937583,0.00267438678357239,0.00230373662076552,0.00283086683730588,0.0033850786090677,0.0672687980162677,5.04880994493322,4.07994361372805,7.58189242759152,7.10367454419838,19.8001005596301,0,0.059975093128065,0.0130132035258155,0.00111184527183294,0.000115604042944427,0.270340340637097,0.0650553022990803,0.00163849398771666,0.000104268036577847,0.00202814914854212,0.0485849456086602,0.021933081576188,0.201903173343083,0.339048118888163,0.315002821133094,0.23050678712253,0.0235010141714419,0.730291087926487,21,"PTPN6"
-14.2348077112923,-0.0188979785315519,-1.26883230312482,-1.00699893512162,-1.54432404388806,-2.07548029857301,-1.93508815631483,0.0163625210215257,0.0127861782153269,0.0158749338509,0.0248750476801206,0.0243420890464582,0.0331654495938639,-3.34684105776593,3.0034076171101,1.13461647177516,5.77501417383028,21.8421183693955,0.0447169706716485,0.00388551514607087,0.273432947622292,0.284192058416087,0.245332800704082,0.297969608715411,0.373200109816145,0.00431087241594413,0.00434192801193478,0.0038058087472425,0.00453542213703534,0.00574169561767707,0.0958976857393534,6.88517399753645,5.68881660077194,10.734050077566,9.97257461980903,27.233681316491,0,1.15211718079669e-06,3.47772022765889e-06,0.000395041060586784,3.07771138075303e-10,3.27450214522254e-12,2.15873329702412e-07,0.000147262891646118,0.00323146981889203,3.02949317617299e-05,4.14369100483129e-08,2.23988568077202e-05,0.729461442157941,0.62690059402412,0.59753441898742,0.915818356582116,0.562528722059814,0.422537963629669,22,"PTPRC"
-14.8041662461713,0.000603849311232743,0.551345801554421,0.113354311977968,-0.195638200800303,0.0426871432637423,-0.0691540261147964,-0.00541984468850706,-0.000489364786387296,0.00255217690644242,0.000235665510799401,0.000663338484056109,-0.114168843030518,-3.64990653724457,0.602949025326503,17.4586115695873,-0.488918289692655,53.9452488290926,0.0407223021102554,0.00271979075171296,0.139195115593093,0.152940247913164,0.136927781677746,0.163923798864723,0.195197946458641,0.00218130582005729,0.00232017487439018,0.00208108062878366,0.00248174614513208,0.00297880984306866,0.0880439952002408,6.48924482542371,5.46340126289468,9.6572719137353,9.12136420832003,25.9938142500951,0,0.824297922395242,7.46501242490766e-05,0.458592002258708,0.153070573036525,0.794548721433918,0.723131751001397,0.0129668312397479,0.832951882920434,0.220059098587594,0.924346951736964,0.823780097969878,0.19472585025652,0.573806229457388,0.912122704445478,0.0706344835454539,0.957252706295083,0.0379577199715717,24,"PTPRN2-AS1"
-14.7238900254538,0.00846211630057869,0.305356606625253,0.548479866654778,1.68955118146501,0.612483827992937,-0.608432824112084,-0.00166354204268692,0.00113577346995422,-0.000795452096903699,-0.00141413796357243,0.0118884617526688,0.126297122374239,-5.03088184818597,1.03578446126191,27.36849726677,-18.0452459214368,20.7021074413494,0.0419908591293176,0.0036020368565625,0.240245036446175,0.235386012034695,0.202440098222638,0.242923709830662,0.319471323701623,0.00366537149823726,0.00352187455515167,0.00303586894136174,0.00364948033004202,0.00469619855166954,0.0907530747833317,6.87732321976479,5.38585061306648,10.0823436400472,9.52521853060656,27.0840900919764,0,0.0188108339016114,0.203720999940115,0.0197993130502355,7.06547863074274e-17,0.0116921740141449,0.0568452236886389,0.649934203305537,0.747080620892586,0.793307618544837,0.698393318247322,0.0113573395595874,0.164026387534606,0.464463158436941,0.847494800335138,0.00663763881765638,0.0581625807212455,0.444650267785855,27,"PTTG1"
-15.3642808918455,-0.00303682482204885,-0.254905770871153,-0.219515231780407,-0.374185905813232,-0.0513865886200192,0.296874164521071,0.00361625298950201,0.00265722330681432,0.00441050157740011,0.00245356952749076,-0.00177866136774032,0.0446133815684651,3.67193100846445,-0.177673108289147,-6.34178424184255,2.72867319815733,-23.9277027099612,0.0271041594145356,0.00277198684597922,0.213295031232155,0.218391056902506,0.189688416464026,0.220634929106979,0.256087411275881,0.00335319210807285,0.00336229830447655,0.00295390582061476,0.0033997912495485,0.00403795699194113,0.0578198815361007,4.52577597742236,3.43654858864002,7.04092561380995,6.56165087140194,17.3043900868412,0,0.273279759790128,0.232053678198009,0.314825815426185,0.0485372246651167,0.815836546782531,0.246346605637931,0.280832589966556,0.429352767977932,0.135408815523119,0.470489761814182,0.659585536457346,0.440355872815114,0.417171976658022,0.958766914984871,0.367746146028041,0.677518577349088,0.166740518951783,29,"PTTG2"
-15.3174632872397,0.00316260430380314,-0.303880282981589,0.156794010500266,0.421041543691217,0.145954648337762,0.225651809129538,0.0055988060967076,-0.000551136026801001,-0.00385694460584182,-0.000644989153689125,-0.00244723661714338,0.0921456329196559,-7.40550519073061,-3.1407342057573,13.1135168227071,-1.96013116124594,31.7960240336358,0.0251464884331941,0.00288639943051258,0.231257345461929,0.234273912961915,0.202869457846278,0.24671350132134,0.295837030464853,0.00353144081386327,0.00354359791588195,0.00309365035679694,0.00372817201193465,0.00454816695161495,0.0541418971989589,4.32816531434597,3.29707308207384,6.57299472054402,6.15726652826119,16.5525629679249,0,0.273213654775166,0.188834372307804,0.503319152728718,0.0379466158507796,0.554121349033817,0.445608242562925,0.112871634331449,0.876403451068394,0.21249676425287,0.86264818166924,0.590528051181264,0.0887687896258932,0.087080501298217,0.340801634102339,0.0460363698954812,0.750223727753912,0.0547427478240529,30,"PTX3"
-14.5999093000938,0.000598271901281158,0.404318516901311,0.40069650496852,0.277014193618311,0.278212659960433,0.197303665912908,-0.00492225322596272,-0.00539462318220337,-0.00171627334162432,-0.00357558453315664,-0.00278561805881573,-0.0986018510989856,4.58818605178745,-5.98128189543327,15.2632723550121,-2.93347425082943,-2.72249260165737,0.0369892967033713,0.00257614499852139,0.142003483228299,0.14658307779208,0.1306288448149,0.158520329798622,0.18841353071286,0.00222934709579365,0.00224911654594788,0.00200976535349195,0.0024336562530106,0.00290126094428495,0.0793553691810592,5.92032028300933,4.85585485873295,8.8484006119513,8.24940276672807,23.5558402509028,0,0.816355233140927,0.00440995946970271,0.00626499861162564,0.0339537596782059,0.0792490777725365,0.295014646942052,0.0272488125290958,0.016460035357606,0.393123259888827,0.141772225600538,0.336984520627145,0.214039107710994,0.4383458645081,0.218036124253143,0.0845319268805448,0.722141357840904,0.90798849013334,31,"PUSL1"
-16.30744423324,0.00523059118317062,0.552232084853817,0.391213483002418,0.403480386802946,0.513819015185657,0.318495360748858,-0.00559299635960079,-0.00423441475587709,-0.00131269257848069,-0.00420944637566639,-0.00387725705237295,-0.00517930171954209,23.2596429979444,-6.06221796577167,14.4010389739756,4.2303069945844,-28.0761774234908,0.0532449366614105,0.00447779076522267,0.312909637810703,0.332592804719558,0.285866749457327,0.338774419177551,0.413466736892259,0.00475390120442324,0.00491219201914637,0.00426295310265716,0.00500983400912164,0.00622908189539147,0.114794655784834,8.77660064273616,7.4448266837466,13.4507604177014,12.7918705690757,32.794313227929,0,0.242758883291029,0.077592465306709,0.239493552465702,0.158118397730702,0.129342553455886,0.441119183350341,0.239392478375491,0.388675728953558,0.758135342329239,0.400775687159895,0.533649702412628,0.964013278826335,0.00804469568722523,0.415481141532602,0.284327423347384,0.740869011900882,0.391926179237713,33,"PVRIG"
-14.6206046726091,0.00064117866735986,0.808113223831874,0.833165456134092,0.665557000364917,0.852318364567017,0.613554921288417,-0.00614268074093288,-0.00377385098331781,-4.73534508700407e-05,-0.00517810215828921,-0.00584257126944787,-0.140520003670579,0.941245890613643,-5.61049733126684,19.5888052272398,6.57290094533787,10.7306950540651,0.0601797514906349,0.00379527338841722,0.147581001378156,0.149882760123252,0.137446744637728,0.161214158749939,0.195436992359603,0.00232252391904109,0.0022979196622743,0.00210448651385287,0.00246758641396605,0.00302325978147748,0.130277735026778,9.60397101315506,8.24389588195631,13.6829801590623,12.9637050702946,39.4997140414218,0,0.86584276211958,4.3571983515566e-08,2.71665133841498e-08,1.28351239004848e-06,1.24426724606532e-07,0.00169294103725424,0.00817319879656739,0.100529873351078,0.98204816277018,0.0358655751749542,0.0532928568316609,0.280757733092299,0.921927602788883,0.496147522062477,0.152253080399407,0.612138447392692,0.785879513417948,34,"PWRN2"
-15.5462341812853,0.00767446877871684,0.0179376659556547,0.209809732650662,1.36188275241317,0.0478609653475449,0.0873972777372946,-0.00165597558435396,-0.00198074678693672,-0.0103391248213528,-0.00267739834914167,-0.00374723999966979,0.22756974563967,-10.0562812555835,-9.03709142795501,-1.34173979930469,-11.0055669673242,42.0207478295877,0.0501198382542298,0.00435851462880435,0.301471323094155,0.308937485645939,0.259218058202262,0.345787166016828,0.40979048995407,0.00463236116082377,0.00463213104085242,0.00393115275647618,0.00516271285790988,0.00625781217681986,0.109400643468955,8.02325508045485,6.66988139935228,11.7168985020791,11.1013528178632,30.8991476396922,0,0.0782724066870662,0.952553542548651,0.49705340774458,1.48983559085672e-07,0.88991510592262,0.831113973772859,0.720732638833918,0.668934890446214,0.0085372533577144,0.604037620268803,0.549299647408607,0.0375117791005028,0.210063193736392,0.175446117541153,0.908830965706657,0.32150411588542,0.173851359661703,35,"PWWP3B"
-14.0895850635611,0.00174749137839177,0.200023496962664,0.635496648546623,1.68132866583986,0.757915451093085,0.375672099123255,0.000686411219230666,0.000428242019610684,-0.00278219894097287,0.00161548542437144,-0.00242043259183592,-0.0609069981477946,-1.29302728155788,-5.59992118907871,3.74909059984817,-1.89649689640282,15.9140962083473,0.0282207080400447,0.00246852357719381,0.162717249632842,0.156520897673389,0.137146347090382,0.156790441444068,0.202771794364278,0.00251690216490714,0.00237882000093143,0.00210208206787874,0.00238955604061548,0.00314366120080307,0.0601905739379118,4.53965002151921,3.64109181223754,6.69658733587552,6.27140976008457,18.3044077882768,0,0.479001437909126,0.218970445018514,4.90434466090166e-05,1.49647395887734e-34,1.33857526933964e-06,0.0639276363104305,0.785067952230339,0.857134608621021,0.185654402449073,0.499001975613319,0.44133509107674,0.311584626930534,0.775774595398972,0.12405385394173,0.575581126219536,0.762344409780401,0.384621092269578,36,"PWWP4"
-14.9823987180494,-0.00886332128517109,0.205953668016384,-0.0727911397338569,0.652898415582839,-0.365112264956843,-0.132004106925559,-0.00421390507705562,0.000993579026168904,0.00984657752653636,0.0103223373034901,0.00314731147915643,0.134026239285002,1.33129660288958,-6.02535914585481,2.05445656993611,6.90138758998638,17.2956962235776,0.0596395483795178,0.00439229206913275,0.228803587810397,0.244276166031265,0.19193293889597,0.236034984668409,0.287354511725083,0.00371346798531516,0.00385327564402588,0.00303406790325383,0.00366762504805927,0.00457368033176825,0.127833035978332,9.79392361993364,7.86027886289431,14.653185620117,14.0628945954896,36.2984815543441,0,0.0435989469678785,0.368049457392886,0.765713029895814,0.000669679319384984,0.121897837431361,0.645963328448831,0.256474745022339,0.79652029063074,0.00117311064895582,0.00488611929353707,0.491367501303591,0.294432434310113,0.891875927640263,0.443344392744839,0.888497661319263,0.623602167852651,0.633728611804146,37,"PXDC1"
-14.6406817672721,0.000568269275858069,-0.0568329021895882,0.066914205774678,-0.519698893148719,-0.350958007164511,-0.297852273540894,-0.000895559136091831,-0.00383441921327596,0.00304093251240457,-0.000494914609320348,0.00355022913778712,0.0291762099717664,-7.34772849442854,5.03474328321544,2.58771213932529,6.97591513509358,20.527174714298,0.0341813833012104,0.00255108338720138,0.153405233699196,0.162947658169874,0.142679249138923,0.17912413920765,0.200475987420454,0.00239564664924224,0.00249723643924881,0.00218516481963265,0.00272274270745729,0.00307300373023828,0.0740456825216835,5.36803145546636,4.45623771341502,8.32359100246312,7.88533382537043,20.8265165332793,0,0.82372537027378,0.711028123560214,0.68133032034345,0.000270078524892827,0.0500776106971592,0.137351760150413,0.708532491190312,0.124669641682058,0.164035634901158,0.855762748194623,0.247969204084878,0.693558993282021,0.171063720847381,0.258552382598794,0.755885075072222,0.376334855332838,0.324316237791796,38,"PXDN"
-15.4671275489722,-0.00344860779295805,-0.0167249823742733,-0.0441852054623834,0.496451867459622,0.0963705083899297,-0.214267857355316,-6.15517091706163e-06,0.00480352555844952,-0.000383190815522509,0.00235596055478161,0.00513493719725728,0.0290547196510908,-6.42890434501514,-4.15869299943751,23.5229796268086,-16.2592434902053,22.4219900185658,0.0323142996043173,0.00339059833216365,0.252115535369949,0.249032461114462,0.216201800992201,0.260177796135456,0.318056792937497,0.00401307207551619,0.00384375108093635,0.00338759690327572,0.00402492202902194,0.00492850218011149,0.0692793654817808,5.18551200275628,4.20341247300229,7.90992153028237,7.36923953397447,20.7203459501496,0,0.309101619457955,0.947108281843151,0.859172612936521,0.0216619924125389,0.711082604877981,0.500516065184292,0.998776220853785,0.211410123975681,0.909938729672748,0.558317003681149,0.297464556832346,0.674934859053152,0.215056044607792,0.322486475175652,0.00294081592674304,0.0273583462552903,0.279197296078687,40,"PYCARD-AS1"
-16.5600235658139,-0.00615874076431074,0.225733620951054,0.859049920368371,2.51614335408085,0.530193354269858,-0.792144110688128,-0.0066096416054254,-0.00147293562290882,0.00224970872505404,0.00504519637702732,0.0205255177249603,-0.154438212146741,2.31570421428378,-11.9975524714786,19.9591365624089,-23.2857193460933,18.7733677873571,0.0624566729264778,0.00826220571187158,0.659036565613666,0.577423429366418,0.499224151053414,0.603325233865138,0.770737803963775,0.0108970949791396,0.00919563874678146,0.00798707377889022,0.00945568990164211,0.0116200913773193,0.123862324176784,10.0069942352525,8.05641966233002,13.6553709003947,13.0310415855601,40.0823196373435,0,0.456023168613286,0.731959119884629,0.136822221457108,4.65270587982883e-07,0.379517691291164,0.304056249972397,0.54414906411899,0.8727411503511,0.778197553337606,0.59364463695406,0.0773318192502952,0.212451101849832,0.816997408847209,0.136436922648223,0.14384189008574,0.0739468157640812,0.639519808406382,41,"PYDC1"
-16.1555206417923,0.00516505159828208,0.548945287325934,0.913107320253707,0.532421698421892,0.37259694238448,0.43040798680561,-0.00179205363954579,-0.00621760402853681,-0.000554011290490701,8.59095734727031e-05,-0.00462852900206107,0.143246268079152,15.7248095918324,10.3784073466969,6.21492460877017,9.2671122455527,-7.96616054128819,0.0578100272962578,0.00502811356147203,0.328597021716126,0.326296608456575,0.298347353935652,0.346075573316192,0.438987301886751,0.00505232671468154,0.00495840353779078,0.00455167001012376,0.00525957826603396,0.00679641564810309,0.124704186922931,9.49720355256179,7.41546888930243,14.5387090650646,13.9094722882301,36.0765357142988,0,0.304310067865077,0.0948060643055207,0.00513570095763452,0.0743311123525507,0.281643532640772,0.326860794620424,0.72281533653517,0.209859159771597,0.90312390239181,0.986967990402033,0.495855668401761,0.250684440711416,0.0977764076994973,0.161644565320936,0.669033893733563,0.505254703360954,0.825238203611114,42,"PYDC2"
-15.4471328654106,-0.00123363469951849,0.0948967111359522,-0.185625505719746,-0.164771831580997,-0.589081928671653,-0.159275887704672,-0.000514264636274898,0.00244144629611585,-0.00201613844876066,0.00637975554458577,0.00161715962373055,-0.0021116662722925,-4.19110425698133,-2.7072186886863,3.66170534655516,-6.95497113894962,11.7985741303072,0.0287815882991331,0.00273550402943466,0.200248217547445,0.211678814821465,0.18931739352979,0.236451396726968,0.271573327630857,0.00315448684832871,0.00324089031896741,0.00294150813593448,0.00356093938454804,0.00418390389343297,0.0616307207349323,4.72099462608036,3.81050470860191,7.05128639364795,6.64239139178043,18.4466419592653,0,0.652009999232894,0.63557449259366,0.380529785737646,0.384110783667638,0.01272605961738,0.557544184878478,0.870497648154031,0.451254158051567,0.493085373354231,0.0731981190832548,0.699112108299644,0.972667262507794,0.374670539621347,0.477417704974471,0.603554290178098,0.29507268334213,0.522429089083081,43,"PYGM"
-14.9609587052845,0.000932548475733606,0.283543472800227,0.286477048343064,0.62523734318139,0.517559423997958,-0.226804731513458,-0.00194027466552897,0.00246436227154738,0.000562784936024564,-0.00141285665092811,0.00640595787961438,0.334767101719472,-2.98287051222896,-4.66561439802374,11.5187642435508,-1.92490607733553,-9.86329618095641,0.0407296608202961,0.00321943188153475,0.203484151954198,0.200192203932156,0.177999510417568,0.210770311816551,0.266361053039287,0.00311781411393553,0.00300621182316076,0.0026918911132785,0.00314746218352444,0.00395099329240479,0.0868207073268266,6.71806962564793,5.30566179314885,9.8738300960499,9.43689124213621,25.604890436194,0,0.772074497867847,0.163486010441753,0.152427345452409,0.000443780043329972,0.0140664754073011,0.39449521791269,0.53373219256115,0.412354821995322,0.83439612798497,0.653512763299088,0.10494178887644,0.000115331030827105,0.657037461434154,0.379203288966168,0.243373823451388,0.838371694941583,0.700080783721567,44,"PYY2"
-16.1149869238194,-0.00435501632136479,-0.55579499260143,-0.333076397945738,-0.407408878370369,-0.859702865306954,-0.282081187925029,0.00894936727145768,0.00339426989584671,0.00555954153141263,0.011901879642753,0.00146182002024009,0.0844875064623575,-4.76717164527225,-8.11917301738462,15.7883340008972,-22.2472019762198,0.754196086093686,0.0322669424965796,0.00371688087733264,0.299169813672693,0.312334826011164,0.2640653524225,0.338867860692337,0.407580643225175,0.00466377460128075,0.00482332500568696,0.00411283427087223,0.00509447933144712,0.00635420486051998,0.0690298679737285,5.3815219629844,4.58565846371767,7.86192431090019,7.42198404198969,21.117748493781,0,0.241323250272844,0.0631986971881772,0.286239187842679,0.12287117313467,0.0111811569784091,0.488882813260787,0.0549956284698207,0.481607211377652,0.176453918660817,0.0194792146629849,0.818048613485885,0.220979836847411,0.375703328210648,0.0766342771812873,0.0446218052342752,0.00272227345581376,0.97151052749699,45,"QKILA"
-15.4657361409581,-0.00544016617733019,-0.193832395080049,-0.234180961454466,-0.132729823823682,-0.292689558922317,-0.304654348154127,0.00406972780897785,0.00365907118706836,0.00308187359240025,0.00321473425597601,0.00519416866121758,0.0844473110288956,-5.46994263737112,-1.99666022003231,1.74706438230441,-8.26527221608774,7.97045442608874,0.0272063322002442,0.00301555856950007,0.230531189526778,0.24067339160109,0.205963467763402,0.260173110178336,0.304811151241238,0.00365186244103638,0.00374656781070857,0.00323664004517017,0.00403737238823244,0.00474518776792759,0.0582930253939554,4.50413888618653,3.52158344652219,6.83529984318196,6.38858288790841,17.5209335009965,0,0.0712261855670851,0.400455682892533,0.330541425203528,0.519294161148864,0.260597487554038,0.317559524446278,0.265096784796242,0.328744342192086,0.341004186638814,0.425890124657654,0.273683960161205,0.147429983080031,0.22458515409106,0.570729151667235,0.798264040693401,0.195749457152591,0.649173718692364,46,"QPCT"
-14.09726496232,0.0069808733951186,0.669129157770893,0.535564865845671,0.218196872455644,0.112831908050785,-0.0836797454054674,-0.00673770796045739,-0.000684767931394105,-0.00063818454569755,-0.00180993903331708,-0.00555006210248509,-0.0795803875891851,-4.46271483517696,15.8361663729305,-7.98310587005507,21.8896475372786,47.3162867212694,0.0563675244100679,0.00381111517536688,0.183467880925551,0.190033883699094,0.172905795959673,0.210684464967281,0.26167401252688,0.00285306649194959,0.00288691616624291,0.0026351478233214,0.00319557530552102,0.00404686794591444,0.122001930204523,8.96062675909071,7.21418223134233,13.2639213454139,12.2864974083507,36.6667692283676,0,0.0669940271721204,0.000265197329164851,0.00482847147855416,0.206970101860958,0.592270108386634,0.74913038839798,0.0181978783658089,0.812503942741089,0.808639384295373,0.571129300268948,0.170235870240015,0.514215439258602,0.618458658441222,0.028153294339843,0.547263208140196,0.0748141689356188,0.196897732373314,48,"QRFPR"
-16.0012492375644,0.00696563014367308,0.403001494961389,0.859308700566286,0.385990057232797,0.533649645632151,-0.0356269754185057,-0.00688136396635001,-0.0124550673328506,-0.00252389579369383,-0.00620933591738355,-0.000519791668857606,0.0229075087600933,4.01887478548126,-6.0703108488721,5.68718922164066,-8.41522082613537,0.381123173352138,0.0373818035964751,0.00393796551474091,0.311057391413601,0.314185881567534,0.273691760199826,0.328268410540292,0.417657365532961,0.00480337344128409,0.00477761002778456,0.00411226879337086,0.00493017514477209,0.00626239098575464,0.0799928372472579,6.11737953300463,5.1660508437981,9.27674653203387,8.66851279111647,24.7538665190291,0,0.0769206123447638,0.195118273053789,0.00623740549062882,0.158448349388936,0.104024064752531,0.932021364709275,0.151969135393664,0.00913484063506306,0.539382017411465,0.207865874668593,0.933849861436784,0.774595132853191,0.511206518152301,0.239979141782094,0.539837594618317,0.331657730375611,0.987715847071142,49,"R3HDM2-DT"
-15.3181843991761,-0.00174757338184653,0.174830692596259,0.0225722659337486,-0.133854525895511,-0.00943381691399813,0.312421124805693,-0.00343255577595404,-0.000599485839867792,0.00135302565122479,0.00047865449684945,-0.00507910943975733,0.102426802577968,-0.102709521811319,-2.10629083845498,-2.66136238048786,5.65051460390165,1.09869781465605,0.0309092918038514,0.0028992259999264,0.211029986314651,0.217914476771027,0.189161172980977,0.230375772966138,0.272107527680073,0.00335009294171115,0.00337945252903542,0.00293976186268647,0.00354542449123605,0.00430655361393639,0.0659852416151533,5.14944699900155,3.93629380020089,7.92627613248547,7.39424497605908,20.2242844593321,0,0.546660117379119,0.407407919398072,0.917500167362148,0.479180295213318,0.967336002272854,0.250905331184513,0.305544842221294,0.859200956304896,0.645336723683238,0.892606925736889,0.238242621987643,0.120598025996823,0.984086658569426,0.592584218616631,0.737048439793702,0.444761556473469,0.956675697606835,50,"R3HDML"
-16.7120980839385,-0.00510559582742485,0.64464421818572,0.0661124232797684,-0.165360803804741,-0.693390151480546,-0.602728898141388,-0.00781999828940689,0.00258544239827719,0.00611290773593883,0.0117337669743275,0.00705340193097056,0.0899264608735444,-8.88317807740617,-11.7645091786955,35.269432926651,-16.8135692865267,57.0370614601363,0.0627640072395306,0.00568279669282564,0.382956213549932,0.39960921739736,0.35500368072242,0.45390381780239,0.565702519632538,0.00615418809029101,0.00617678363571487,0.00553033648780558,0.00679490061605949,0.00856700992604687,0.1343710997026,10.9941285583492,8.88978197141249,15.9394179970514,15.3756664344772,40.9787451315165,0,0.368956274074368,0.0923099450888188,0.868595556017783,0.641358484975316,0.126608225976757,0.286671422215118,0.203842827711242,0.67552733300023,0.269011852896313,0.0841947952352503,0.410325292025466,0.503342649762332,0.419094655755975,0.185710927116772,0.0269171117421308,0.274166393802578,0.163961949127191,52,"RAB13"
-14.5130837930545,0.000391110913350256,-0.0319439073217437,0.346742991103176,0.430733899775546,0.209452609517671,-0.0162229785635161,0.000295757335426675,-0.00369372179644461,-0.00219021524968316,-0.00136659133800421,-0.000611207689054517,-0.100439363014524,-6.75056416189193,3.67731949835974,1.22364182449307,0.862845105563761,15.4937953408056,0.0204929601118706,0.00209583634767972,0.160412279823117,0.162008435870425,0.139482860797017,0.170637865467959,0.211084736928307,0.00249059282460121,0.00248145958781415,0.00213847356745381,0.00260785965743638,0.00325125464954755,0.0443367609301896,3.35704825655904,2.5816996574148,5.14050173013481,4.77990216289409,13.2931484497699,0,0.85196384693196,0.84215612924767,0.0323323566822103,0.00201455849820167,0.219646543711454,0.938738666110826,0.905473601433505,0.136611733436445,0.305742889708835,0.600259103153178,0.850883446870094,0.0234897141713185,0.0443399284003737,0.154336708965143,0.811850554118094,0.856748104358014,0.243797463070634,53,"RAB17"
-16.5377438890427,0.00599796113783338,1.08220043775845,1.08842926991861,1.19424246984017,0.914970975038433,0.251151341935291,-0.0164390541938244,-0.010474752857594,-0.0102300666941639,-0.0112723408283606,-0.00500086771716414,0.0414104897976515,1.61424412228013,-15.0144173185507,19.2277160511668,-19.3699700789319,-21.0245038942892,0.0494757608129865,0.00560175103295925,0.431142129816915,0.419297438174551,0.376971548483653,0.459776105981741,0.587604858888373,0.00671381754200352,0.00635760583258426,0.00569523746904388,0.00694917667078446,0.00885641800218335,0.10567442741725,8.33430960732769,7.29770809885852,12.0518606048419,11.5301267669242,32.8583388879295,0,0.284290989694367,0.0120704446717119,0.00943598576891566,0.00153496276418648,0.0465869766228382,0.669076822162409,0.0143436301455124,0.0994360243322098,0.0724548667015981,0.104779432051718,0.572304836636512,0.695155305694967,0.846421281884872,0.0396462812140966,0.110619522038253,0.0929681646417835,0.522268227951329,54,"RAB17-DT"
-14.8448988475302,0.00106202731439035,0.0311693615088406,-0.0454718500363794,0.0248079841253982,0.0130567170707835,-0.287977199899723,-9.98661515837162e-05,-0.000388360321289652,0.000311048480163999,-0.00121553991614685,0.00285446223748467,0.0273650131229024,-3.62916954996545,-3.28453519854524,15.3248198002141,-11.311953582954,14.0026927420727,0.0231897359300079,0.00242468739288678,0.186788635140506,0.195711710310885,0.166101616291329,0.206400473082475,0.254616875376532,0.00291449360300092,0.00298310407439773,0.00255178631805332,0.00315450298930893,0.00388917190413093,0.049919147228917,3.74800738451236,3.07395284605624,5.77563380438197,5.41826160332442,14.5170267828882,0,0.661382027222645,0.867472583155324,0.816273187833725,0.881274101402484,0.949560149620267,0.258045976862803,0.972665553084441,0.896418757707467,0.90298264512341,0.699989349404441,0.462978503920365,0.583563706094698,0.332898028349268,0.285292598309777,0.00796954733739016,0.036820759760791,0.334760086014631,55,"RAB20"
-16.1452575219565,0.00170949776453175,0.15242908170382,-0.0143957836129422,0.142446698362716,-0.381314072081801,-0.212803204650825,-0.00312520242557782,-0.000401830674661305,0.000593467109189242,0.00417536051276051,0.00438090041634237,0.0421987543694064,-3.89038359782267,-3.00404942567179,4.81959951070816,-0.961640622533527,12.6556696831223,0.031569647729071,0.00395999841794795,0.322708184225429,0.335203752701987,0.279020078376047,0.365132479922254,0.415082621494721,0.00506161976969375,0.00511638902303816,0.00429492345078613,0.0054967568908419,0.00631062337800031,0.0680202797570161,5.52610498196992,4.20052386517948,8.47809668879095,7.93163374434963,21.2565490191061,0,0.665965626306238,0.636681695429424,0.965744286757086,0.609683772727574,0.296338729843549,0.608177463848421,0.536950288503104,0.93740014846103,0.890099157229793,0.447491110812318,0.487550267786909,0.535004412193482,0.481432132324353,0.474509773837968,0.569711395939961,0.903500008948007,0.551591203849768,56,"RAB25"
-13.8941555774992,-0.000621878493811126,0.0624727806406028,-0.107316963131162,-0.406617759000333,-0.145864633768185,0.150982352587931,-0.000486775537505568,-0.000265111741492993,-0.0027397233185723,4.73499644076214e-05,-0.00156231099323978,0.0847455502691319,-2.76455197897911,1.75603683997925,9.45188033627538,-0.766216834085617,0.347012187511509,0.0197651553735419,0.00160510310284155,0.107978644141058,0.11489422035562,0.10324224850799,0.120199327655109,0.139626889551936,0.00169241429173182,0.0017579015272567,0.0015982335608774,0.0018389435600404,0.00216580358431079,0.0422401748936381,3.18675798139587,2.49957565611794,4.85501083301929,4.53954331830776,12.5038710952234,0,0.698431719035028,0.562881999211117,0.350278027312385,8.19986728425278e-05,0.224929973727413,0.279551595253066,0.773636123388524,0.880124425418135,0.0864883998815282,0.979457971289199,0.47069176511491,0.0448265538312796,0.385661335346625,0.482346216873192,0.0515551290072854,0.865964021918448,0.977859646227547,57,"RAB32"
-16.2422357657864,0.00501880139027884,1.05123196921846,0.228400733675129,2.55326857398883,-0.883024846268805,-0.12901516605537,-0.0224392212666735,-0.00322774143367643,-0.00780055727223603,0.011752995845211,-0.00873790600179395,0.088812072368287,-3.59750897551647,-18.4005654750256,20.4348235699633,-19.2109251356658,26.1304707224069,0.0680517478444514,0.00615781108400049,0.451118277162937,0.460490362854164,0.353722306068793,0.545156179229953,0.723489070329548,0.00726304821428604,0.00693250708363725,0.00531584423547305,0.00785404606634165,0.0110878142356847,0.141005579017105,11.3524550720646,9.11195359802038,15.9107987950696,15.5145288114395,44.3735842273814,0,0.415055080200364,0.0197913488806922,0.619898220305411,5.26471178663308e-13,0.105282788021785,0.858468856063345,0.00200490564779235,0.641505340175184,0.142262802486527,0.134542774306624,0.430659336520412,0.528794081801163,0.751325099143149,0.0434469565565537,0.199024154395373,0.215621947520326,0.555945487566468,58,"RAB34"
-15.1638046557262,0.00840236411645742,-0.0648748692285094,-0.197124209463678,-0.315126699393832,-0.345074113610998,-0.251643409950296,-0.00671743191229443,-0.0084275955995499,-0.00455260234307037,-0.00501958823182472,-0.00426791998944926,0.0129639592867155,5.46801460658534,-1.69667021297656,4.27781405673391,1.73569239317548,12.824432492498,0.0430565535199504,0.00327262130695163,0.222004995796194,0.241732498091261,0.202639844068529,0.257087725716951,0.307909360314016,0.00345920414353434,0.00367118669035082,0.00309609729504195,0.00388993830933152,0.00469591327141693,0.0935417086483288,6.6604432008619,5.59676885169793,10.7264359278409,10.0745027369307,25.3172768606724,0,0.0102443013352304,0.770116460153609,0.414806621980915,0.119920518299472,0.179517327553967,0.413777251311782,0.0521490888985406,0.0216984598369609,0.141444632100583,0.196910756100852,0.363424901210386,0.889774028587302,0.411664164602245,0.761774225705381,0.690032923431509,0.863212954330445,0.612471543884435,59,"RAB38"
-16.2214549382944,0.0049673677037253,0.391804403703926,0.32657818058746,0.00724982458106537,0.0538028583579724,-0.383814036568371,-0.00601934116869843,-0.00489360960995771,-0.00359580485413342,-0.00158989683234243,0.00363730680989348,-0.0134396736570234,-5.16408128600771,-0.294201849977995,5.13701565918912,0.675098888164929,33.0104366643973,0.0314446987974562,0.003765227038344,0.308936698436971,0.31838237680083,0.281637853359621,0.340666058064277,0.430529674479476,0.00477407683680447,0.00481753765348039,0.00427640446765104,0.00513107116701025,0.0064532092684202,0.067405699240182,5.48237663686434,4.08305714690813,8.49277449548001,7.91723571632546,20.9691300499398,0,0.187077387564875,0.204713960692394,0.305013204626953,0.979463398614767,0.874508562937965,0.372664937697688,0.207366942128218,0.309729098761581,0.400433261747655,0.756669923784107,0.572997055512354,0.841961728791806,0.346222291379979,0.942558690008752,0.545266070325538,0.932047122882241,0.115432048110513,60,"RAB3IL1"
-14.8579414488432,-0.000437251506287322,-0.173472367917413,-0.129716614493451,0.0728651375882788,0.0152590230249061,0.0876661103231322,0.00271481415165666,0.0024050687860295,0.000862245664405458,0.00156366725551905,-0.000620586459764604,0.0365091635736772,-4.96538939442917,-1.86160734201057,0.935633276784833,-0.853264285310678,20.6189166343171,0.0199658098938087,0.00218789128662051,0.169844988484271,0.17520880108706,0.148967467357107,0.178755059367021,0.215817788751812,0.00265666973630946,0.00268534849670579,0.00230585393605156,0.00274276380756022,0.0033687853249644,0.0429464105840178,3.39875261513634,2.54363465921389,5.26356911793865,4.88415689781859,13.1164417815671,0,0.841597383555484,0.307085329980028,0.45908495358081,0.624746430686481,0.931973008091473,0.684592506731618,0.306834762866138,0.370452374900069,0.708450684314807,0.568605520992539,0.853843471968069,0.395264055763037,0.144030636321473,0.464248531979637,0.858914262958533,0.861315033890474,0.115952847080791,61,"RAB40AL"
-16.105707311793,-0.00367544425695043,-0.0953558955554335,-0.0977562100383021,-0.0363575836675185,-0.168130139463636,0.100015702214562,0.00250615371647807,0.00383173633131279,0.001390455800006,0.00294384607388959,0.00104512861666195,0.0899972436280853,11.1466721232018,-6.03165857880784,5.92494585387223,2.28091399513883,-8.52054930599224,0.032337873108697,0.0038750751646292,0.304994802684352,0.308156473894738,0.271592463243809,0.336111358470293,0.384147887210103,0.00482195862813721,0.00475719473479682,0.0042502380480858,0.00517384764234425,0.00600048066929091,0.0687342347025782,5.60595291052663,4.55510375744569,8.94102796524168,8.35117872601367,21.0193872242351,0,0.342883447290593,0.754548403944115,0.751069748190978,0.893506827260125,0.616919096929571,0.794588186103566,0.603246402454154,0.420553520859963,0.743556140298568,0.56936574590206,0.861728600775726,0.190415458344696,0.0467715030567228,0.185451925050658,0.507542296292215,0.784757285802419,0.685208345814593,63,"RAB42"
-14.7226969039633,0.00646399473056265,0.217374242696156,0.529991816131277,0.580613867748759,0.304541388574811,0.308243676207757,-0.0023387848830954,-0.00702881442320607,-0.0074146396077549,-0.00238288368101046,-0.00487299811636203,0.056060917497166,2.31340135782123,0.953585917228674,3.15151722858539,11.4515145768909,7.0039891611383,0.0363184644644462,0.00267872896238423,0.159512219354694,0.166160592818276,0.145992755183432,0.173947169380815,0.209455609217824,0.00243727401732208,0.00250859364924291,0.00220104661263673,0.00259347291485698,0.00318048348737535,0.0782176630469675,5.8672862725541,4.75430504657436,8.78329101805454,8.25131006703018,23.7104295589184,0,0.0158182265008967,0.172963358062365,0.00142452072018137,6.97887977885032e-05,0.0799856324031878,0.141117571682154,0.337261374846084,0.00508035048131542,0.000755268330422478,0.358200037795452,0.12548384581564,0.473540933198519,0.693368322676185,0.841032358219309,0.71973854481816,0.165185165682725,0.767690644070432,64,"RAB44"
-16.3203770565249,-0.00201080558589493,0.166051177642104,-0.0523102400333052,-0.300575000142553,0.0384144822016617,-0.733268198196818,-0.000601109481463547,0.00239116324296626,0.00649181502046914,-0.000721287109647445,0.00963348953225169,-0.115373294970745,-9.61415307652765,-1.38305167913992,10.9720427770403,-18.5095840346016,23.0436682398415,0.0436575733457835,0.00437557892270746,0.323203320184487,0.339433143824838,0.299580767066205,0.366342130841321,0.459111761646113,0.00502486429303643,0.00512897600436971,0.00457194031794526,0.00557523338281199,0.00686613539424398,0.0937713583789763,7.09031804022091,5.67992447523445,10.4146757605685,9.71443373253049,28.0288161433006,0,0.645837894669784,0.60741495127613,0.877522543130534,0.315707093221092,0.916487232088052,0.110233319571353,0.904778623989339,0.641067516959262,0.155629347148787,0.897062164537671,0.160603741884787,0.21855926568756,0.175113446866936,0.807619439352939,0.292103895355138,0.0567320798470833,0.410996058157034,65,"RAB5C-AS1"
-14.2663176726833,0.00335090191096524,0.0436808998425666,0.0625833031181108,0.328974427231254,0.276132483768886,0.118982435185585,0.000554789455947906,0.00132993096100453,0.00049123795805015,-0.000907501831063553,-0.00115475768448893,0.00890124835418572,-2.50214990603703,0.613571534512421,-3.20292098157809,3.02199855344967,13.2695345921034,0.0222759404820577,0.00198421428522141,0.138790995501519,0.142213661345164,0.122953148608443,0.146011207607961,0.178391895261872,0.0021357880322646,0.00213588102842746,0.00186914469326881,0.00221387486037065,0.00273729054375667,0.0482805574148891,3.58891788839789,2.90449642123902,5.51794351206077,5.22010712617052,13.954049043274,0,0.0912615486377451,0.752970987304778,0.659889784797622,0.0074593836811597,0.0586012266676568,0.50478988972847,0.795049934350597,0.533506964308521,0.792693711478587,0.681867864889464,0.673126062403111,0.853727070071457,0.485685248658206,0.832693092421912,0.561607448193102,0.562646497831333,0.34163224471415,66,"RAB6C"
-14.3728463881265,0.00237434203892089,0.466725414438087,0.415191452234106,0.766534027709329,0.63275914239699,0.233575195708069,-0.00468562641736803,-0.0019490076187091,-0.00408112015134624,-0.00432603560165363,-0.00299590561552307,0.0743351680137629,-2.50219911675999,0.325489703912767,5.81779850219521,-8.17516808225131,-1.81100291639172,0.0185236549114828,0.00201112946806772,0.151639594218816,0.152035496948714,0.133144456824017,0.154952097061528,0.197468974682248,0.00235066244549482,0.00230164174722037,0.00203340755480746,0.00236568421560427,0.00304430759776297,0.0397788802753149,3.02281664008821,2.33868004343491,4.61247634263716,4.31590374204509,11.7769405437349,0,0.23776115200977,0.00208492964059529,0.00631645155680654,8.55404965359059e-09,4.43473275296764e-05,0.236870569744827,0.046226233776414,0.39711208533341,0.0447459353543108,0.0674503362171629,0.325065941819495,0.0616632536891925,0.407800357805255,0.889310542601379,0.207194371443502,0.0581989841798029,0.877786886393633,67,"RAB6D"
-16.5937170856556,0.00365536068689026,0.960144502084009,0.291446269325326,0.818844664293257,-0.616643699118019,0.342990443237923,-0.0119361710112308,-0.0011910405328414,-0.00539457941109342,0.0124730367243631,-0.00652904620872813,-0.173518266034154,-20.9880354806057,-12.8514680211519,4.78395246279711,10.8901480055789,44.4753292076724,0.0689557388124026,0.0064529469197284,0.414050642463705,0.434209871660568,0.379085674245275,0.487713793914618,0.569282961619961,0.00666528604833216,0.00679109375354531,0.00597246168027391,0.00735528367790173,0.00907359100130077,0.151427737315793,11.3581458698351,9.43295732192012,16.8786414153179,16.1839714392566,43.8448208580036,0,0.57107855009996,0.0204001359648658,0.502086375673803,0.0307686656250568,0.206102397619097,0.546844333586885,0.0733259551011378,0.860778913125674,0.366397366872784,0.0899251362583761,0.471792345442807,0.251844123363901,0.0646255024349618,0.173071450830052,0.776845457380508,0.501012735359835,0.310401248195556,68,"RAB7B"
-15.2755141664805,0.00201140194886998,0.22812575380587,0.0463812988207561,0.31050416822477,-0.0305098071367468,0.0979511236155114,-0.00221670958064547,-0.000917836897027266,-0.0038311541441096,0.00055640312811578,-0.00151778501904077,0.0571493956567742,2.12325568946933,-2.22187358202417,10.4656844992037,0.583984596209062,0.0140323058105964,0.0281330301688686,0.00280453518906068,0.206857761420585,0.21858717673827,0.188292061546197,0.232675218938516,0.273674652494655,0.00321858760784554,0.00332954770004851,0.00289117987195918,0.00351963364350929,0.00421174517423475,0.0604452446982471,4.62501890288028,3.68503996566669,7.16359336458364,6.67433867673549,18.225035192598,0,0.473253050600687,0.270107698260664,0.831961356934546,0.0991361470179468,0.895675510030636,0.720410041375334,0.490998720495535,0.782806042350971,0.185132056510231,0.87438940750634,0.718570740319167,0.344417036691503,0.64617640598201,0.54654579116684,0.144027907924378,0.930276471725923,0.999385671471456,69,"RAC2"
-14.905621812813,0.00516851077964797,0.174342186689295,-0.0586935008751666,0.00754710727761221,-0.043982672713973,-0.0747192361641537,-0.00576518646211729,-0.00568556469992989,-0.0072589596697612,-0.00512448612827705,-0.00104863603650367,0.0154923786846261,3.3618191200332,-4.98990010562738,4.90274308169518,-4.50491165197035,0.738151771603655,0.028003397350672,0.00216460010108075,0.149075347647915,0.164958702291898,0.13975327575141,0.17514130982803,0.198397077095482,0.00230397511707544,0.00248260522585269,0.00213039374323769,0.00263644488800589,0.00298934697094635,0.0599486837896203,4.47182711215743,3.74012085168655,6.79136810076491,6.36592850248162,17.3863675129865,0,0.0169521482065854,0.242206110232468,0.721984925364267,0.956932710641831,0.801716093803755,0.706460034912794,0.012339695511182,0.0220120078730908,0.000656011780218082,0.0519303480633367,0.725745143820102,0.796077121378736,0.452184859783997,0.182153136492784,0.470351031654353,0.479156551095477,0.966135363422978,70,"RAC3"
-16.1294935564775,0.00236426287327337,0.452660107647897,0.169842413527296,0.692609419175681,0.310273911528663,0.48670449245184,-0.00671899852551631,-0.00194887208193368,-0.00352503568909104,-0.00300805747203322,-0.00681106921774855,0.0254963556805925,2.13308078179879,-9.21631046438787,19.6586997479012,-15.568555449859,-4.63480190189594,0.0415388386556219,0.00456658650955044,0.35439627167786,0.368012847489524,0.30945619305678,0.382846849407553,0.458624590746212,0.00550692378165929,0.00553041165772487,0.00470465136860636,0.00576274962098262,0.0070523501755979,0.088796468847295,6.94843068081645,5.86295102178431,10.1536632504409,9.53536350880625,27.0398027686958,0,0.604646046606004,0.201506561035528,0.644431180968163,0.025211266412706,0.417688070174431,0.288587055099622,0.222426912169539,0.724544401514856,0.453696847910724,0.601682150535552,0.33415069689796,0.774010837082164,0.758852950435075,0.115960382880239,0.0528531351161521,0.102528412333195,0.863904029339874,71,"RAD21-AS1"
-15.3937647203449,0.00927184824678311,-0.076547076590269,1.98918168767559,4.35931708203481,2.09994281355419,0.862903711828864,-0.00250203955961809,-0.00166923644672989,-0.00836487226373444,-0.000987586366197207,-0.00610082748455888,0.090576558856492,-2.39839155141274,-14.497155014877,-2.21944920861938,-16.0240808162416,-4.52263633798149,0.0522231815628527,0.00757582527712678,0.651375386605789,0.513904581313331,0.484651645786443,0.515913054695686,0.706673994065834,0.00989601113155554,0.00765676156431,0.00723700786280136,0.00767755860921699,0.0107406807873089,0.0999073291561065,7.47666967204585,6.0869663678702,11.1733077517791,10.5395219038828,29.5309055850589,0,0.221000128640814,0.906451108967057,0.000108513555305806,2.36785175083728e-19,4.69440774655575e-05,0.222056678982719,0.800397158123218,0.827422759018376,0.247743832957435,0.897648159199099,0.570027331207929,0.364615321163073,0.748374536637719,0.0172342583765835,0.842545526859924,0.128415438415591,0.878280570161382,72,"RAD51AP2"
-15.4296061259237,-0.00136676918984037,0.0550943077419115,0.398546172972528,0.179605142993425,-0.285196939459029,0.110885378073106,0.00271394660888905,-0.00144948493529777,0.0021072101071679,0.00617156042719785,-0.00318019416221005,-0.0457242389619804,-5.33459678670069,-0.706445323434621,10.3214502565458,-5.41321375942566,19.3847187573981,0.0322978389369484,0.00316439674153811,0.225212415212512,0.229610971832326,0.205643618917393,0.257581996170194,0.311988421129229,0.00350947622670336,0.00353533529428638,0.00317207401336491,0.00387743783178511,0.00486560472240121,0.069390994657894,5.23675593574419,4.28536209901441,7.93830402453498,7.46632677639951,20.7086445881464,0,0.665798880800483,0.806740888570629,0.0826088738398121,0.382455672961933,0.268203854059315,0.72227868098273,0.439333283022515,0.681806473618403,0.50649805070709,0.111461252351985,0.513364919800677,0.509936732942045,0.308353255517745,0.86906142697597,0.193529522975716,0.468441607947405,0.34923769941238,73,"RAET1E"
-14.3495274641102,0.00233391928083631,0.146777783355687,-0.220721036355046,-0.221918984322849,-0.198795355702893,-0.147300724350184,-0.00333546858556927,0.00257203604029601,-0.000210097979131551,0.00131702704096606,0.00122904049806709,0.162591703775189,6.31970758085397,-3.90224226996591,9.77832737957015,-1.69595579951188,-11.6246013517563,0.026806598430969,0.00215480422696259,0.143061298209572,0.149727749601459,0.131427942396008,0.158365571255266,0.189128521268173,0.00223262396532116,0.00226707485052334,0.00201055295285338,0.00239391566481022,0.00289660527443767,0.0576093459258284,4.33456565591968,3.50411094870379,6.66635767334864,6.27662267817524,16.5380589239161,0,0.278753571391995,0.304901826493608,0.140441434736582,0.0913110517041077,0.209372042616355,0.436074386454513,0.135184003838593,0.256577546805673,0.916774464533055,0.582212386996585,0.671344300235123,0.00476783660582958,0.144846211886131,0.265442948694874,0.142425818719399,0.787004878808947,0.482118081182068,76,"RAG1"
-16.0968976873428,-0.000966980205922764,0.411701733615404,0.663821441184193,0.39397449570966,0.277668850268865,0.144913197143999,-0.000648482715883977,-0.00247103787962928,0.00341103633839625,0.00199459626520819,-0.00146110355890091,-0.0334413796074442,9.43461428585026,-12.654702707619,9.41223295350746,-11.5616365344884,-8.71578198940025,0.0595925181316753,0.00483771440569729,0.29976729298259,0.304219519793898,0.277272752530085,0.329706585567787,0.417585863633425,0.00460384441847811,0.00459968339317279,0.00419569371985452,0.00490429077800638,0.00631090639781339,0.129388910855029,10.0541170877307,8.35549140790726,14.8675799862436,14.1566098307857,39.1147164297986,0,0.841571546636834,0.169626647692755,0.0291060276068075,0.155348306071497,0.399693049515729,0.728571704577947,0.887983083552176,0.591116263365233,0.41622662012084,0.684225164352589,0.816910540801718,0.796054768287238,0.348047530726119,0.129889641864922,0.526687313147179,0.414102585121105,0.823670808524145,77,"RAG2"
-14.5282259573019,-0.00484379093489273,0.368633051020009,0.157660010211561,0.158034232090331,-0.0760754324615979,-0.161020431719909,-0.000975020459427912,0.00331429911864118,0.00615524222361147,0.00629357851766735,0.00466175232067111,-0.057778908666014,-3.51394627463409,-11.4500699084755,20.9647831258918,-9.92907168000233,18.2669012630209,0.0498728591116365,0.00322289928263813,0.138876623596437,0.145923247975357,0.13004711926149,0.157349588046528,0.18806531483022,0.00220163178893555,0.00224212249622468,0.00201637159025955,0.00239090299865755,0.00288551336649501,0.107845455326718,7.96254918337373,6.87967795907414,11.4843232136822,10.9457775699798,32.1594740407701,0,0.132857182651482,0.00794513796286452,0.279950268618781,0.224286968234391,0.628754715218126,0.391890370392695,0.657865094018215,0.139355012379302,0.00226843269266422,0.00848084637033821,0.106187052709368,0.592126817649432,0.658989160802933,0.0960460506422443,0.0679236275627126,0.364346341223579,0.570028211253268,78,"RAI1-AS1"
-12.4830763073024,-0.00593840824459807,-0.0641455769043096,0.895782187580362,2.41438722876251,1.77863291426106,0.486768395052783,0.000457864554036406,0.00704985017788484,0.00451429896841145,0.00494652387827059,0.00196244806672986,0.0130249029920306,-6.65794317028015,3.42126491037264e-05,3.57889921316724,-6.91036681430791,23.9098509868648,0.0288394296410181,0.00208972395570651,0.119319990630987,0.103654901749702,0.0939028552630073,0.101100537351029,0.131213553622968,0.00190295477584059,0.0016132752262506,0.00147349800516688,0.00157676076227168,0.00206366805929109,0.0615622200162782,4.54800530000332,3.75881464899596,6.80722345636263,6.45862196243869,17.4389821095103,0,0.00448710235026695,0.590858149701519,5.52536363095158e-18,8.6840088005734e-146,2.80130066009206e-69,0.000207470786339448,0.809859596320661,1.24303882650404e-05,0.00218646223164677,0.00170602937144025,0.341629038511333,0.832440182740149,0.143214170697424,0.999992737672098,0.599061767540674,0.284644307274956,0.170356964716576,79,"RAI2"
-16.6175319447365,0.0151503284431233,1.51813453539158,1.40908600492241,1.53416839550843,1.39293516501183,1.19910164627236,-0.019945935638713,-0.0157678415078976,-0.0145201302304786,-0.0144275652542894,-0.0142976058789631,-0.0357277560966358,6.26175516681493,-7.79501806587283,-1.14008769219445,-4.47483433480565,-23.8892295743532,0.0440784254664437,0.00573344654315018,0.457441685742872,0.460780854486599,0.411934448683949,0.476366764768903,0.569632989009781,0.00688625415370377,0.00674001963607701,0.0060119034912607,0.00698096612555415,0.00847269576255096,0.0940841958672073,7.49888772045892,6.33929959874384,11.1057642504726,10.56493196984,28.6147996492299,0,0.00823093536926675,0.000904213842622495,0.00222790286111278,0.00019585616130045,0.0034547446490916,0.0352876094814009,0.00377368022812416,0.0193129037563171,0.015725272308782,0.0387623965702701,0.0915087968674822,0.704136660694382,0.403703899205685,0.21883420721303,0.91823496992374,0.671890063574019,0.403798940668951,80,"RALGPS2-AS1"
-14.9818008044086,0.000549262929094637,-0.144160716718851,-0.262138453746462,0.263724132032886,-0.273788369653919,-0.306332369409902,0.000837886189776595,0.00415392530611138,0.0026631489394625,0.00392944799883396,0.00305394597053547,0.0401896881112454,2.42631863641318,2.8722941258982,1.56783349165823,4.19076830904087,-0.239650598704095,0.0339393615154397,0.00292349528819236,0.202506366305827,0.209912232707477,0.173690346886854,0.221216729930297,0.272307818068606,0.00316531562168294,0.00318668607151125,0.00266877096108369,0.00336468634397754,0.0042033240306762,0.0733867057827843,5.38069400630374,4.24548672649333,8.33547721331059,7.71584221767248,21.5112045462951,0,0.850971623714206,0.476537605726168,0.211738133679968,0.128924167284372,0.215846731741975,0.260610705788901,0.79123397066207,0.192395550129055,0.318331050676774,0.242867389215994,0.467498620934206,0.583937316052318,0.652039694320489,0.498690004994299,0.850804822687338,0.587034683753101,0.991111164560109,81,"RALY-AS1"
-14.9430651738273,0.00529578815133909,0.486238334869793,0.422410500025467,0.406017214575562,0.204959480519176,0.466120759812734,-0.00538330628032494,-0.00511491763590544,-0.00553058607311678,-0.00239192115295592,-0.007799621186611,-0.0753979227688553,-1.75672007395792,0.369259464771497,9.44079444844741,-1.28710797941105,14.0136864710056,0.0303825843888185,0.00249294553828297,0.16705469669257,0.174545221735844,0.155835575634654,0.18798363208411,0.226504899241801,0.00257478078160156,0.00263057396665335,0.00236820579661469,0.00282857696227307,0.00348966339215081,0.06543632048927,4.94099775138476,3.97374880736684,7.35016095328594,6.89669913433656,19.4995990961178,0,0.0336442631028525,0.0036067377300593,0.015517801976516,0.00917615465118565,0.275578844959799,0.0396012904487731,0.0365475766563626,0.0518458773331538,0.0195252176378938,0.397760838303698,0.0254131442514806,0.249225121416011,0.722185427685463,0.925963373091838,0.198990246847343,0.851953356078317,0.472347129366446,82,"RAMAC"
-14.8751257097704,0.00260235393218354,0.197387627743626,0.46191264268368,0.666950097927748,0.484415474835279,0.380359703953004,-0.00284174428553816,-0.00523112000837378,-0.00592727279889593,-0.00489313195983103,-0.00485232048914977,0.0265202712672752,1.83229369211721,-1.02032290915346,-1.03868539314482,-0.985718763363264,10.1000405019527,0.0261250940794816,0.00251037354696919,0.185283097704187,0.184492153371371,0.162408327881655,0.195028439398129,0.234729956722153,0.00287152144877363,0.00282493161624094,0.00248627837805188,0.00297339343607079,0.00361200262773314,0.0559595660756996,4.25118880540033,3.38661306248195,6.53521010689907,6.06804779583225,16.8033377095804,0,0.29990360878276,0.286726657460246,0.0122902876807017,4.01482253346872e-05,0.012998161026994,0.105143378281935,0.322354913448266,0.0640590409061161,0.0171258804066106,0.0998381213956525,0.179146415018743,0.635558056167243,0.66646301410433,0.763200061634891,0.873718665606081,0.870956119204112,0.547791052859557,84,"RAMP2-AS1"
-16.6045438805236,0.00546791019284976,-0.277532908947918,0.206866094916236,0.0207457864446421,-0.406622940151831,-0.210598135293981,0.000609538360939535,-0.0117401299992752,-0.0101449265220378,-0.00231104532472092,-0.00375673931257627,0.072225812526255,-4.22788909353941,0.289797341634911,11.8260052995739,-1.68042634115354,3.57840603408562,0.0307042926580965,0.00368946023990559,0.338024155236466,0.359830193257478,0.297907142018211,0.400467988158264,0.479658868040258,0.00516257183604695,0.00557015211595026,0.00459357101199627,0.00602143352275633,0.0073648951632073,0.06407462469728,5.50830567855309,3.89069125795009,8.62405617852994,8.06631151493145,20.5727103194668,0,0.138330911239414,0.411620861558118,0.565359462219042,0.944481446349879,0.309929774701001,0.660619401972461,0.906013190639012,0.0350581844654852,0.0272090597268335,0.701124332117349,0.609990318936524,0.259652022425275,0.442755756505416,0.940624639209808,0.170287343046372,0.834974051658447,0.861913044117928,85,"RAMP3"
-15.0304133275562,-0.00121903432476306,0.710118316892193,-0.417675309580881,-0.926631517530736,-1.34658769628531,-1.97054039252881,-0.0109844688295937,0.00363685905136831,0.00645135427867376,0.00699664177781791,0.0171740961688455,-0.0307801129063012,-3.75522302373192,4.66956033212539,9.60118715319943,20.1069105128826,71.6902877164802,0.0860556248270031,0.00516305603491924,0.13675647935716,0.152938839982002,0.139264881588558,0.191275171990261,0.246801115340646,0.00220559932426059,0.0023401846347574,0.00214781561179946,0.00290001728800976,0.00371290645371507,0.192693697574315,13.8080157196385,11.893225069821,21.283588006507,20.6694153509889,48.4631906400481,0,0.813349544043403,2.07404940648882e-07,0.00631433014737175,2.85748361676438e-11,1.92164214978287e-12,1.41292953230009e-15,6.34973078818922e-07,0.120162796067858,0.00266734291373479,0.0158382917736944,3.73672804087169e-06,0.873089072047183,0.785653050460942,0.694597537936475,0.651912039409505,0.330659849393112,0.139067375317975,86,"RANBP3L"
-14.1457164125447,0.00156354068940181,0.250174944733964,0.485114704072308,0.54546702191588,0.648857513837043,-0.149425690014908,-0.00145410755110703,0.00252964864145316,0.00215013474671195,0.00344534477217259,0.00538052603882811,0.247684206929207,-5.13739433567561,-3.24719461184811,5.99780765294508,7.58657905648485,7.64061638326668,0.0365400373433016,0.00266836456930865,0.148483038622935,0.145123189306103,0.131552069091801,0.14664162473849,0.189819029958381,0.00230939817681886,0.00220408532548285,0.0020091961783864,0.00222174384884763,0.00289002025392563,0.0792689966591494,5.76706919481255,4.89220111804819,8.62419138248435,8.19546509943177,21.9880558471946,0,0.557905975033634,0.0920132301792978,0.000829440221803488,3.3774893667007e-05,9.65388298041928e-06,0.431164335858814,0.528925022497674,0.251088700193569,0.284553261875786,0.120964250981337,0.0626368328167537,0.00178044701433936,0.373028185576745,0.506850839731492,0.486765071701533,0.354599560127076,0.728223678854492,87,"RAPGEF3"
-15.5413440322567,0.00408804810266836,0.255332764832245,0.362065012895467,0.239234245485083,0.458913561893727,0.300803613084707,-0.00366565270302953,-0.00607508612416309,-0.00384044011823542,-0.00636677485933728,-0.00551991217698023,-0.0254630612284363,0.888308770895063,-3.30174530966849,10.3449418593152,-4.9924566431618,-5.1237476800204,0.0240947811428461,0.00295582521711832,0.240217776554195,0.246955664699979,0.21450189017457,0.256603817515063,0.312660851113914,0.00370091308561783,0.00374397245609926,0.00326203697886892,0.00389634309660043,0.00480664102570819,0.0517624035386095,4.11606564197803,3.29049903616063,6.32111378984826,5.93796325047848,15.7422806412383,0,0.166650153886822,0.287817315158176,0.142617391683123,0.264721311511015,0.0737094263571228,0.336011248768435,0.321943215333501,0.104668289312716,0.239070407214393,0.102250754424605,0.250806424833688,0.622774537669678,0.829131943337149,0.315659318454206,0.101720458636677,0.400477241980537,0.74482021196912,88,"RAPSN"
-16.8599920182973,-0.0129190729933951,0.352392760501729,-0.392074964914546,1.04879559957724,-0.880050531286591,-0.0826945508036873,-0.00372766886388546,0.0113372125250433,0.00634000559415337,0.0195088381626592,0.00334629880005009,0.016301366302979,-10.9338845271685,-12.4451058333732,30.2818890061246,-7.38517484502555,65.425772366011,0.0732599118551556,0.00819688009970083,0.573629265995587,0.59298038005651,0.483202965260504,0.637231507009875,0.745578539417631,0.00946885867558505,0.00933065644833867,0.00780558899320757,0.00982300523951692,0.0120730253180589,0.155677114938239,12.1944124738105,9.74412336865189,17.5639037913598,16.2557654977249,47.7264817877434,0,0.115003594854794,0.539002933129034,0.508488021586767,0.0299684305656637,0.16726264265154,0.911685125830904,0.6938197592276,0.224347087000706,0.416654373094313,0.0470293704694372,0.781648405604178,0.916603808336215,0.369916013550694,0.201534853907574,0.0846901776787584,0.649604921721776,0.170422211857816,90,"RARRES2"
-14.9396649244118,0.00291654922959883,0.0482489450146795,0.429723495745416,0.4492269515182,0.320679209622038,0.105091704708799,0.000367345136247499,-0.0045416056578956,-0.00263306924273253,-0.00183529471019884,-0.000752291144913224,0.0658699266092302,-4.70706464381999,0.324223977896133,-3.89267837993105,2.61079814907953,3.74564983968239,0.0191579456263795,0.00235024634071174,0.187374204053025,0.18755125198238,0.163040567246847,0.195754889779814,0.240298731119868,0.00289695375974376,0.00287649204288389,0.0024992574088354,0.00298634848245168,0.00370494516001189,0.0411975714022943,3.2784530080819,2.37355196904099,5.08255402507037,4.70733951095967,12.8176502760692,0,0.214622485945994,0.796792454977457,0.0219499789062518,0.00586369387008067,0.101386851841967,0.661866427084265,0.899095581202757,0.114365984803488,0.292093279853709,0.538844367027425,0.839095523481682,0.109847518830807,0.15107125736557,0.89134804923121,0.44374163037393,0.579152642762444,0.770113883184362,91,"RASA2-IT1"
-14.2706981763797,-0.00252069796445242,0.111752556548198,0.0381801953619061,0.646367975952461,-0.103972023380998,-0.648118938807599,-0.00366329557033722,0.00255777783013894,0.000933696526954198,0.00762177541480756,0.00910806999981585,0.0884632155127187,-5.8190743688188,1.47413354335512,10.2963232699183,23.7533213284187,18.0541106767488,0.0434122909559816,0.00306007699960183,0.162701596773118,0.165055453467718,0.141563596404471,0.169612234448946,0.2160340134297,0.00260358901666029,0.00255844993572689,0.00221060198200857,0.0025975134045187,0.00334859939103227,0.0944573937871852,6.77938555001616,5.76129975189729,10.5425273895055,9.97550462337544,25.485126213457,0,0.410089137962696,0.492173520645428,0.81706824404314,4.97309754079581e-06,0.539877416989432,0.00269910281237266,0.159422169875622,0.317437656129728,0.67275346365932,0.00334345779023216,0.00652890117628357,0.348994748688518,0.390700141371205,0.798052590549119,0.328744152589195,0.0172579852232052,0.478685996964973,92,"RASA3"
-16.3684648553384,-0.00576723296320957,-0.60603492942726,-0.749907467989356,-0.458779397820729,-0.993754156754853,-1.24890264486845,0.0104147586657726,0.00954136478423115,0.00425143385857892,0.0133425145686078,0.0154552900562991,-0.0591157185507069,-5.20886873248224,-1.08619449807291,-0.394424831212418,-2.26082188180749,16.7058136388311,0.0325372097792353,0.00415747438330248,0.339056065931206,0.362983213875792,0.301689452801402,0.388463899221276,0.501538441885102,0.0053383894129183,0.0055946761277808,0.00475419382224494,0.00591738751474508,0.00760445277879828,0.0700966475025504,5.68029227817933,4.32721188967324,8.68465703422784,8.11691939143379,21.8642324279964,0,0.165381922091426,0.0738699477572294,0.0388326033346991,0.128334933217819,0.0105226613786662,0.0127691560452142,0.0510668307141895,0.088113048807261,0.371188591861993,0.0241459998977269,0.0421131750595729,0.399035032894152,0.359138884269778,0.801802618275551,0.963775503377515,0.780603995561592,0.44482526816105,93,"RASAL3"
-14.5249754626788,0.00583150199811706,0.5412275658425,0.641956884377275,0.278965099169,0.208394088957657,0.137845710916626,-0.00674013915676587,-0.00900787584708532,-0.0039618938974219,-0.00306669533333755,-0.00219058657891755,0.0270212186253971,-5.13223579963325,-2.90712616092708,7.50428508069978,-7.81753695941589,8.04907843748962,0.0295685060079337,0.00226402020236077,0.139557607257869,0.147359280802794,0.131041474808042,0.15939093312088,0.187376488667999,0.00214428555854256,0.00222300744877844,0.00197253189641934,0.00237269642165526,0.00282309339561212,0.0636901509471266,4.66904897278165,3.98047229668693,6.97003162372509,6.64058434155245,18.6589687662826,0,0.0100029074096125,0.000105246900747512,1.32215314322489e-05,0.033268279683139,0.191063304174811,0.461936588125415,0.00167052838576117,5.07572880725721e-05,0.0445867642197776,0.196186203474956,0.437776990493953,0.671375804653786,0.271679235198621,0.4651780814111,0.281636623529039,0.239101202632628,0.666193161564335,94,"RASGRP4"
-14.6876888414352,0.0017257253359928,0.419452602444878,0.209116901048904,0.180834016207763,-0.167766591171876,-0.0851627151995671,-0.00390712654332133,-0.00111586345614471,-0.000597671107096365,0.00291753812011345,0.000173050035734391,0.107850320178275,-7.11012488631971,-6.33538863988552,10.25534743475,-8.24245618988005,21.3055437848608,0.0222269696735279,0.00221023157573728,0.160994324474087,0.166880748026532,0.147405832183479,0.182856708140944,0.221220743331362,0.00250549648962935,0.00254107802045453,0.00225426233335656,0.0027501407531089,0.00338108927390153,0.047761559695238,3.71063814880229,2.93884047920634,5.56791278328193,5.23170908118306,14.3174300951376,0,0.434926382736488,0.00917704021511715,0.21017229093322,0.219906592119225,0.358893406825503,0.700261766902923,0.118896514066223,0.66056738104304,0.790909818131777,0.288749596273319,0.959180701292718,0.0239395010399899,0.0553464994535493,0.0311036362033467,0.0654948006251092,0.115145551752281,0.136728647798842,95,"RASIP1"
-15.8120915477696,0.000521877562693478,0.218513962848122,0.708396892107475,0.19909385146539,0.0697005021174241,0.0505200637386683,-0.000724488697727765,-0.00768296870369521,-0.00148766144613015,-0.00277407565193811,-0.00314494474625561,-0.163787452612104,0.521610279130992,-0.0937402712851792,7.06571959706019,-9.08762543298693,-20.0719525569549,0.0324580649303646,0.00338431571314595,0.254898717235763,0.257851099011812,0.234642094531222,0.29797302220878,0.360138192654162,0.00397431830874004,0.00397207278333342,0.00361491541849951,0.00455688806820322,0.00556579011838698,0.0702026162726973,5.27791419851394,4.32621040687685,7.88344763078378,7.37847411349594,21.0125100425708,0,0.87744829604673,0.391302318280862,0.00600863194100518,0.396159491192788,0.815050596305267,0.888439033235832,0.855353129428365,0.0530828021314295,0.680680844418119,0.54267997041723,0.572040362010238,0.0196445952831022,0.921274148320448,0.982712800368524,0.370107088247244,0.218083512136616,0.339457245088642,96,"RASL11B"
-16.7546249077884,-0.00379993189537311,0.298116231085938,-0.511293250730906,-1.34235834008178,-1.87413197248906,-1.71490688567506,-0.00470697505063099,0.00377400329745904,0.0102941704339648,0.0197009833112297,0.0209390462568122,0.181836044565136,-12.2593050083987,5.19338989364715,26.0126306646844,-5.96146607103291,44.5131996979563,0.0644304144839796,0.00532739372359289,0.34567245601521,0.380422404988208,0.355075233788219,0.45815582857806,0.529563689852775,0.00558349834365504,0.00588389444518983,0.0054910493245419,0.00681542830234291,0.00791254787286404,0.140781741722001,10.2924349501921,8.2986366866189,15.8316055290327,14.9940760455919,37.5384140120571,0,0.475671523763135,0.388454224195366,0.178943679132598,0.000156520060364479,4.30259696020905e-05,0.00120227749526974,0.399219834932151,0.521254730120286,0.0608314934931144,0.00384452208972449,0.00813754572291265,0.19648992785156,0.233614873751456,0.531437985536055,0.100365908575819,0.690933840410869,0.235699730350742,97,"RASL12"
-15.466526233013,-0.00336003556931155,0.194935995329319,0.436304756576558,0.665497383060542,0.280591695371121,0.109936268402477,0.000925388608784398,0.00111556199253414,0.00121808682667676,0.00181494826088302,3.19241394289672e-05,-0.130928772944671,-5.03082062434018,-6.2790207887365,12.2426319407397,-19.7859027965076,-6.88956320400342,0.0413470923364837,0.00373882036569338,0.250762749286336,0.248696376585131,0.222330818386733,0.266499541876202,0.328917551820134,0.00393314922869348,0.00382487655011424,0.00344371412824585,0.00408836490513752,0.00508813475867563,0.0889483752309745,6.56707430849331,5.68708894501976,9.40803946207401,8.95230338930785,26.3200638687891,0,0.368818503979085,0.436939196839077,0.0793676142095697,0.00276000515597479,0.292396582216984,0.738201063941319,0.813991958161359,0.770546895728791,0.723553898269363,0.657093118238601,0.994993919765087,0.141030700252638,0.443636282297638,0.269556939301833,0.193157598818905,0.0270949904124864,0.793505797285299,98,"RASSF1-AS1"
-15.0683379982355,-0.00141324841291795,0.331822752644386,-0.0697903355829635,-0.789649740542064,-0.865007034563692,-1.28936340923353,-0.00586754219008754,-0.00243769202179397,0.00595603531605085,0.00620532265459355,0.0117749626610318,0.10873391811131,-6.7465911951597,4.7135424950065,19.1414639626578,10.5794185991686,41.1071121926997,0.0480797046887279,0.00331800334146478,0.170214853968143,0.184228998938782,0.164655767636092,0.20978913263857,0.266339420574178,0.00271134954159586,0.00285268331045171,0.00253876654198387,0.00318657234644261,0.00405112460996549,0.104969307941244,7.47677226001038,6.38476881423337,11.4495082397742,10.854679852981,28.2162722878787,0,0.670156383284368,0.0512435270501606,0.704818687754655,1.62058253777004e-06,3.73610326990989e-05,1.29152531300173e-06,0.03045920427607,0.39281361682246,0.0189743225680101,0.0514946305591338,0.00365390507079587,0.300265635065368,0.366876246705308,0.46036378900489,0.094560733166873,0.329738250967546,0.14515548209475,100,"RASSF2"
-15.7105414779454,0.0050376258729387,0.301223893602651,0.125298732417283,0.213435197304456,-0.114892147455266,0.401954643686945,-0.00469168889451719,-0.00343909715880246,-0.00312396088786521,-0.000572058113152132,-0.00656164740768649,0.125340417471596,-1.81981444907791,-5.12067248289815,6.70558701781037,-12.2204908944195,2.09161583240427,0.0288694664140198,0.00312333378981283,0.247705783588215,0.261392880474736,0.222022019869854,0.284413817131714,0.322166351746711,0.00379959949358544,0.00393380747675384,0.0033539522248752,0.0042266247825866,0.00493293962064326,0.0616873660686688,4.82064685238298,3.88674808830056,7.23095746868057,6.790319972716,18.7704432192888,0,0.106766179317874,0.223963914328818,0.631689507293658,0.336389055385119,0.686241249720784,0.212154943715487,0.216910488863224,0.381986831796907,0.351632848586578,0.892338063390082,0.183462325393772,0.042167296060244,0.705798941337728,0.187681261659778,0.353747812928739,0.0719091369821378,0.911274300968087,101,"RASSF3-DT"
-14.7947822788828,0.00120032158796951,0.305629539620626,-0.295739353320336,-0.935413466583404,-1.44634582659081,-1.07153544444673,-0.00585030110307883,-0.00156673545658988,0.00356139196949131,0.00904091092672945,0.00671802680638254,0.0480100385535836,-2.83782690095207,4.6010039443158,-1.58036441986799,15.4843799606858,34.0200258668633,0.0493655460612846,0.0031451626841291,0.132198778738394,0.149754041126476,0.133391638345829,0.186112630931639,0.210455150183479,0.00208974314133879,0.00229169978678202,0.00204779928291831,0.00277126678623265,0.00322761632814596,0.107621970348619,7.73989355110641,6.62623151078521,11.7461067099051,11.1557819133088,29.1696262463222,0,0.702728008972307,0.0207835353631801,0.0482870034461323,2.34039114737449e-12,7.76558706821728e-15,3.55214740369716e-07,0.00511768722095744,0.494192097712449,0.0820116581108606,0.00110482963760492,0.0373954334678339,0.655525834442384,0.713880595680794,0.487455163298658,0.892972673581048,0.165132823443855,0.243500229013628,102,"RASSF4"
-15.4806804825725,0.000299772140544015,-0.001636621721488,-0.129953915649469,0.0457166649913185,-0.0538544897712744,0.122744608786467,0.000670301722360921,0.00178050857325787,-0.000921281575956757,0.000216169555706006,-0.00213984933825214,0.0997758800536196,6.63982995861544,-5.97452768297218,6.24144977359194,3.05041627442654,-17.0358198611201,0.0259540766531562,0.00280526764028547,0.219111546507687,0.228311992158826,0.196965960542665,0.243687567450738,0.284993886585007,0.00340165522398239,0.00347025943196309,0.00302805425324416,0.00369213190203977,0.00439975418201327,0.0553626527059456,4.45489029042184,3.57504254770237,6.91552381206783,6.4821926293069,17.2361041623031,0,0.914899695984208,0.994040373125007,0.56922419604796,0.816456931827382,0.825093911201023,0.666692280904394,0.843787131236838,0.60789780728492,0.760938423565019,0.953311564970017,0.626714379437007,0.0715102308439719,0.136103669911147,0.0946867879174554,0.366776769286554,0.637937820442522,0.322966600609537,103,"RASSF6"
-16.0965450628834,-0.00203537107002321,-0.0030667653452212,-0.00426928159045693,0.178321860488073,-0.463392255858161,-0.0706521742652882,0.0011074358837311,0.0014026939943124,-0.000365545160746446,0.00645521154888452,0.00165673857989249,-0.00162129279785694,-3.41685419080341,-2.5175152298825,16.2504085323889,0.579071766372313,24.6677087294718,0.0322760155249192,0.00412078955469292,0.32994099014017,0.339745513594038,0.290024023814811,0.37239736590827,0.436301751235482,0.00519853360074512,0.00523391479031202,0.00451862021109357,0.00567286196182175,0.00680674999898721,0.0696264298794475,5.72591376739472,4.40660173218204,8.97138841045581,8.39715647538198,21.4725186844777,0,0.62135741879472,0.992583857233675,0.989973953787432,0.538652443231486,0.213371177898346,0.871357671941912,0.831304722784749,0.78869860832211,0.935523453691102,0.255157682823806,0.807698317057221,0.981422462692732,0.55068419988112,0.5677926627224,0.0700852397287017,0.945021093538282,0.250636936885428,104,"RASSF9"
-14.9192230461764,0.00176524639637147,-0.259337418923715,-0.120779682871869,0.319069318762622,0.124998493853072,0.391126927951727,0.0047918261460727,0.00432035946814498,0.000239771100740893,0.000392315733735868,-0.00481111182770853,0.0715225528229949,1.6303176416705,2.17410252980557,4.28078930122115,9.84792825029513,12.707837525355,0.0331893927410114,0.00286108101641863,0.195928375544894,0.200003792817191,0.171466565872357,0.209260591360515,0.244667915028633,0.003022102284274,0.00302632653871569,0.00262221828258685,0.00317679681470922,0.00381364758947336,0.0718358506296713,5.41240343482063,4.24739211135001,8.29927811971485,7.75816551054186,21.9809907473745,0,0.537244083514177,0.185624696309074,0.54591879750636,0.06276885567078,0.55028432018777,0.109908783674611,0.112831521055073,0.15340933596396,0.9271443548221,0.901715828545953,0.207110312741008,0.319425724953318,0.763247658529384,0.608743654894233,0.605992280652244,0.204311626078321,0.563177357096983,106,"RB1-DT"
-16.5196350744896,0.00510553779397353,0.0875366874649914,0.216230947299889,0.705846257237583,-0.22463395179017,-0.702348447432875,-0.00377992605236215,-0.00132766645120382,-0.00283989423146737,0.00405344640829373,0.0077082680550591,0.173047036874895,-0.0353657986368342,-1.81257725846792,25.8430957120725,-2.41080463083325,14.621244094134,0.0598949825268879,0.00562308327736849,0.420154303276035,0.411791933453583,0.350589435570382,0.449593317622893,0.585230423674873,0.00653631019537724,0.00623964063692599,0.0053576596611656,0.00673357692746754,0.00873123286766527,0.129387013499355,10.0143608112287,7.8086901797744,14.8650550242676,14.1184924271062,40.5653220852517,0,0.363899064049706,0.834960268104802,0.599515359034339,0.0440817149114406,0.617329924132866,0.230091603606051,0.563063880227704,0.83149909970302,0.596068629446427,0.547190636641569,0.377323565009713,0.181079888260274,0.997182269883074,0.816442414851912,0.0821204104524513,0.864416332979855,0.718520341177137,107,"RBAKDN"
-15.7345495728918,0.00702142379641158,0.586641889342913,0.714708241290613,0.891807264603052,0.531582239121199,0.370712703645145,-0.0101238741179931,-0.0106587846091766,-0.0105497454670396,-0.00721642454362938,-0.00475693618916292,-0.0182200661596993,-3.85354366215242,-1.12491387469286,13.5506211000797,-10.0584447441668,9.98587600588574,0.0346253512371731,0.00366723078285625,0.28704782445691,0.290720995410539,0.249908566431422,0.305916054710556,0.36283016376902,0.00446970903449063,0.00441797314349761,0.00380112553383469,0.0046274917421809,0.0055236971595371,0.0746165447169352,5.73187808608187,4.56024025914952,8.5839680856694,8.01959643642118,22.8859007202129,0,0.0555385328767466,0.0409824182255665,0.0139557976274359,0.000358984008692077,0.0822683505202663,0.306911004020401,0.0235129107875515,0.0158393628733245,0.00551293173022084,0.118885690987693,0.389135058452894,0.807089358148322,0.501392504913986,0.805156937001533,0.114428661405701,0.209757226711432,0.662595069869784,108,"RBM12B-DT"
-14.6676368529058,-0.00203136405095466,0.175411786059824,0.458303354427556,0.784497062568448,0.250889964102625,0.117695125135327,0.00085691955420288,0.000297860244903838,-0.000763828711668215,0.00323008450691936,0.00196543609806867,-0.00101675218763666,-4.86940677331778,-2.34691800585386,6.23334634126945,-4.01403908207902,17.7004411786441,0.0254492983099757,0.00251645475289082,0.177507540972023,0.175696285287797,0.155996980355733,0.185245039638112,0.223727067393162,0.00279309357635821,0.00271128534140096,0.00242364869697131,0.00283931319092516,0.0034711576101349,0.0547217797009123,4.18348652503927,3.37905672133041,6.28379115962136,5.93172953069658,16.3953778223438,0,0.419532547047574,0.323057924387589,0.00909406253556254,4.9323810868266e-07,0.175618983825895,0.598842594041067,0.758996032051609,0.912520862950041,0.752642809481604,0.2552755083011,0.5712447769529,0.985175844035622,0.244440629443118,0.487338439424857,0.321211071250409,0.498592282243658,0.280320578349372,109,"RBM25-AS1"
-15.1641036979267,0.00795162853070897,0.686252916056258,0.888012261680697,1.04940497141504,0.656179045293764,0.66592815867381,-0.00780063195990054,-0.0105660694136546,-0.00945761308782427,-0.00709356514320013,-0.0109750092847667,-0.0512664295589157,-2.87532215748427,-6.85650287898436,15.6694815160126,-14.7445331771877,19.4097373581446,0.041506426939186,0.00331830500622447,0.210796742427915,0.220558504157078,0.191585369703225,0.233321380738037,0.286815492783882,0.00322675691780889,0.00331440446629735,0.00288148535854694,0.00348802130467005,0.00438453255148874,0.0894976100265712,6.55646025942684,5.47944778559903,9.58308009523055,8.92622267102191,26.859464707602,0,0.0165618797113657,0.00113185103798344,5.66859034456552e-05,4.31426507277261e-08,0.00491824896788904,0.020243717119361,0.0156282378310241,0.00143298214571158,0.00103000287588938,0.04198254009902,0.0123103942564972,0.566763484461229,0.660989124259833,0.2108203954075,0.102023990740486,0.0985707923989449,0.46990077132078,110,"RBM38-AS1"
-15.4851574893557,0.00178833248760007,0.114556976524458,0.359162029437763,0.328800878948218,0.166347608518083,0.125296046056998,-0.00283605030966787,-0.00256434984962396,-0.0021259704503054,-0.00293043539574983,-0.0036160589607456,0.157497090728123,2.12044828824919,-4.32269175542793,11.88190936557,-9.96458609215429,-26.7918866733404,0.0311915177192135,0.00332053965532299,0.256679310535428,0.254784442089236,0.224364317535889,0.27906654985835,0.341905029588672,0.00400218043726418,0.00388567315697918,0.00343458120263645,0.00423681915918519,0.00528018763264866,0.0671890838731969,5.11906482140125,4.10074808719018,7.69365838748453,7.23227446924391,20.1996515513778,0,0.590185786190338,0.655377741786471,0.158637094863798,0.142790662604051,0.551117907764353,0.714018518902268,0.478556411950952,0.509285941079706,0.535923132395872,0.489151308802981,0.493447847794236,0.0190736967789198,0.678708810603052,0.291826732326092,0.122497018972203,0.168266825500098,0.184722500096025,111,"RBM46"
-14.2632838487552,0.000468130504583444,0.539008370018834,0.751330303306715,0.818711293925786,0.560463721559393,0.0958518039774918,-0.00106652997746299,-0.000931271926636276,0.00246041256732668,0.00159121732714636,0.00174594527088815,-0.237490994799974,-3.91118716652004,-7.84476543668006,7.02545948601154,-10.5022870424873,23.6359691713752,0.0577586325233225,0.00352377877566583,0.130726422821391,0.133241285673124,0.120641454789792,0.142211657160826,0.178334962205319,0.00202558290931775,0.00201644314351495,0.00183536106159402,0.00214118851486255,0.00270022596419437,0.126519415126194,9.12458148513776,8.00345378285908,12.7986601127353,12.203442071177,38.4509306040438,0,0.894312797332019,3.73679968152391e-05,1.7116958536825e-08,1.15031337776346e-11,8.11245939706064e-05,0.590934824280974,0.598520079384016,0.644196837225153,0.180063184725807,0.457392826735148,0.517895853769522,0.0605028723854999,0.668183112664248,0.327000968333707,0.583059334620353,0.389458169415896,0.538749731150568,112,"RBM5-AS1"
-15.7704428117011,-0.0042318510906404,-0.144946969766349,0.084918374056437,0.073171716322511,0.0227265182703201,0.401260212519289,0.00221696740935801,0.000604277329962483,0.00205660329300512,0.000411329500957407,-0.00331970455024741,0.0197352798170512,2.48043970874873,1.86745680464334,-9.53805107470616,6.46560852632429,-27.3293373395873,0.0325523867928572,0.00358738123794489,0.276686976584704,0.27385734631129,0.239856206328116,0.294150459046229,0.331473633309195,0.00439850764370788,0.00428537309492992,0.00376145447706728,0.00459253044540603,0.00529965455579894,0.0699609159645198,5.43358667722814,4.02894248772752,8.55521156111585,7.92182036393802,21.5076791700112,0,0.238139801290462,0.60037156811562,0.756498210177573,0.760316702136333,0.938415483852599,0.226073925997171,0.614242276356611,0.887862619454927,0.584545372850959,0.928632983049067,0.531052493689158,0.777874445682297,0.648029492965712,0.642998551227538,0.264901006198927,0.414398841085556,0.203843182497353,114,"RBMXL2"
-15.3030440898906,0.00321201390016422,0.849714412204729,0.479223466464476,0.75901221014945,0.0867017780240763,-0.488875297846863,-0.008271117190167,-0.00199911203181164,-0.00284471374029715,0.00212988222231744,0.00722489277980423,0.0598727413010732,-12.4477576418444,-2.22278808848633,36.6291970667339,-0.318510566603402,79.6467796654235,0.0594042147898842,0.0041351299070209,0.207985999220069,0.22083542529246,0.194569084187151,0.240169674048325,0.296794709023861,0.00324547112939492,0.00332745224016692,0.00296023140283164,0.00359871250900247,0.00443794471181702,0.12922378055387,9.53013657717576,8.06624077269649,14.1615822739465,13.5286562539531,38.3269853135386,0,0.437298897063171,4.39932848510677e-05,0.0300032120989691,9.57997863685547e-05,0.718097810800306,0.0995203686752652,0.0108184035895431,0.547977463038151,0.336563826337428,0.553953973843571,0.103528765988158,0.643130690097356,0.191502631510429,0.782880818989094,0.00969509155873684,0.981216819817724,0.0377014195084295,116,"RBP1"
-14.7341398717727,0.000117281619145428,0.0568599646801212,-0.029523106661086,-0.0498552322861844,0.107459212495732,0.0611870969438731,-0.00116234253609454,9.94943494280244e-05,0.000902790420595663,-0.00170410494680278,0.00095039228324816,0.0509959479550268,0.208487583478151,-3.71287192846424,19.905967146482,-5.2166353410026,14.9068412755326,0.0301039905183641,0.00234029193942986,0.153778652666845,0.160640025167379,0.139179549013306,0.168864885722447,0.194764448321368,0.00238670882666523,0.00243400517556836,0.00212030113280459,0.00256315914861874,0.00296378806442776,0.0645724265792077,4.9254433843025,3.99663400442394,7.33369128969672,6.90265578005613,19.4428601641084,0,0.960031465430578,0.711567281391482,0.85418271178836,0.720187637190004,0.524540440666872,0.753399919425946,0.626253776935374,0.96739411071952,0.670265204455178,0.506149286973767,0.748461925204258,0.429674923852614,0.966236671655641,0.352889223994534,0.00664124668699931,0.449803162584062,0.443259891793592,118,"RBP5"
-14.4109102560282,0.00214661739250147,0.174175683546631,-0.122572355466409,0.0440603377355179,-0.287874703560412,-0.0413406073221167,-0.00328220986074233,0.000289431254347092,-0.0023408389355257,0.00151930187543937,-0.00200456872893932,0.0976287636666074,-3.50762970649556,-0.724581466114439,3.47319200284244,-2.09252987865825,4.305636317899,0.0231758401382871,0.0019151368651003,0.130280863841553,0.137532165077895,0.119106651155633,0.1502586860412,0.177697664624852,0.00202796065309279,0.00208542500524231,0.0018207984429979,0.00225670080205819,0.00273217387199284,0.049911470474116,3.70036101073969,3.01274603689892,5.67250101898985,5.32903237300571,14.2935015971229,0,0.262343661527348,0.181247270638683,0.372807493637785,0.711439563249136,0.0553828356452458,0.81603649473967,0.105559607402065,0.889617946349199,0.198578773666102,0.500794440462529,0.463137676531613,0.050460605186657,0.343172452998153,0.809938535291186,0.540348662193114,0.694566178430294,0.763238857157233,119,"RBP7"
-16.4203458777816,0.00456849819931404,0.515276887524949,0.011078725465197,-0.045120323063025,0.113759107276952,-0.309095336103919,-0.00873136468513179,-0.00369558155878915,-0.00476101901923515,-0.00697302271726784,0.00248758652405706,-0.0288881166019324,-12.1908482556959,0.107137904973841,-0.175169787234987,-6.65865863111685,18.6090990493771,0.0364327353728167,0.00434982244697572,0.354875163932346,0.377513017512072,0.323863804323392,0.407603090660158,0.485885067587656,0.00554565459322682,0.00573996846875673,0.00496668512976629,0.00623033912503097,0.00737216602434023,0.0784042573602245,6.23145455115027,4.64363106642207,9.28728763356533,8.68760826973885,24.3705157332075,0,0.293592918519182,0.146503055160239,0.976588157354818,0.889198218690217,0.780173571901361,0.524679261939734,0.115383085184662,0.519683682487539,0.337764893818531,0.263052965542934,0.735793126129365,0.712537074578443,0.0504250308735621,0.981592832083481,0.98495179778246,0.443405765976924,0.445111196008241,120,"RBPJL"
-14.8672844703364,0.000597452429621744,-0.159264964322262,-0.135916730838678,-0.109395915341545,-0.115892776955954,-0.0373651498158832,-0.000718457542781254,-0.000811486108892082,-0.000636808883266843,-0.0001840790580183,-0.00174655120842578,-0.00382430821149874,-4.89556108737812,-1.25711824642102,6.61677957305637,-11.1655087351463,-2.05341182535882,0.0208653522950343,0.00203339269115015,0.161844951979754,0.166648357203065,0.141244437179966,0.174160830082721,0.209159088365819,0.00251349162208264,0.00253231772475812,0.00216483233112154,0.00264161210584651,0.00322867410919891,0.0448907536796301,3.40504755679828,2.65284043961255,5.19938861554101,4.81912642851275,13.4376287615952,0,0.768895079789847,0.325086556883995,0.414734680423625,0.438626384640515,0.50577206636641,0.858216741475183,0.775000335658593,0.748625762823287,0.768635007467118,0.944444887701613,0.588542057221697,0.93210919107789,0.150508838347106,0.635588111407709,0.203157449728309,0.0205083350654826,0.878547655242588,122,"RBPMS2"
-16.8083520491432,-0.00174997017614696,0.549591056794402,0.228377283827462,0.888141942200212,-0.253959954584021,0.00345613589103993,-0.003975926835482,0.00277253879810223,0.00275210519326902,0.0112356098333464,-0.00138742502035819,0.104626191893155,-15.2379757165922,-17.7474533363879,18.7221598917195,-35.2781646758953,19.422829275344,0.0655041053552567,0.00728074345221166,0.520478696704162,0.534306769725432,0.460633305409874,0.554942167270019,0.722717160219234,0.00816734263836909,0.00814242239336974,0.00706471370724298,0.00828655429589912,0.0110994258589628,0.139118257835771,11.2093258605613,9.47163111540645,15.2980905783565,14.6290248303786,43.9549046120459,0,0.810054306349769,0.290998452930295,0.669068148604647,0.0538440750545848,0.647215993902939,0.996184417488898,0.626394478577906,0.73347595650262,0.696864518714337,0.175135946619598,0.9005237794391,0.45201102264487,0.174019358543557,0.060965116022794,0.221018887825622,0.0158862439150299,0.658575450860232,123,"RC3H1-DT"
-15.6832931292897,-0.00113440238343754,0.334883638759822,0.247212643663913,0.200021269282035,0.0202421228825334,-0.304651979042743,-0.00195170795246054,0.00193193577245781,0.00204346777025485,0.00193686590221787,0.00458029972279816,0.0419757846240179,6.81747887085327,-11.176525724782,16.7442873073319,-9.0384503734868,-24.7490359066609,0.0337084168258396,0.00353701804947326,0.25877208339707,0.264750953559718,0.235834624718436,0.291462983740542,0.360380171415653,0.00405908216353139,0.00404237277962506,0.00363163080819274,0.0044242277108821,0.00548728971727737,0.0725305210361565,5.63127689376663,4.91390753143275,8.3817707798873,7.97815810663385,21.8880362697002,0,0.748420456514866,0.195621958733448,0.350430058843444,0.396358848746746,0.944631379755115,0.397908325885567,0.630640920632509,0.632706270108198,0.573648727120469,0.66154126496947,0.403880586729636,0.562769544738364,0.226031377121345,0.0229378594474433,0.0457488859343229,0.257256510356196,0.258176893697546,125,"RCCD1-AS1"
-14.4936114025709,-0.000773747427014278,0.0501518820094089,0.0912936502339187,0.27198360853749,0.0280121800288352,-0.01275035516197,0.000832981913390265,0.000587266894701023,0.00167602285890695,0.0019005833500221,0.00160086972049011,0.0771041450579617,-2.28133817424958,-2.10772306373414,13.2136615459049,2.0692202895663,9.20411697163753,0.0269802973639189,0.00226959652664321,0.149220414070147,0.154975633011459,0.133252879431413,0.164398033635656,0.195611467177166,0.00233763519835972,0.0023734532448312,0.00205505782591247,0.00249884669998227,0.00301313183341974,0.05824127484793,4.36268897356106,3.5178835189224,6.62983201497856,6.24327738119367,17.0915470156187,0,0.733164942710889,0.736801012903409,0.55580499333944,0.0412400260397167,0.864701527035481,0.948029057935395,0.721589484823545,0.804574364242064,0.414751863233775,0.44690545228436,0.595212566216655,0.185544691659839,0.601029789469596,0.549076054893272,0.0462547361765693,0.740318392872358,0.590219027149146,126,"RCN3"
-16.3912229094463,0.00412216008478866,0.666900661303367,0.116091280870588,2.66787868817789,1.00152052007213,0.693805002407817,-0.012790356897971,0.0050482146906382,-0.0145523335015517,-0.00843801317781921,-0.00993381672503237,-0.0770997781234345,-5.79374145832757,-19.9221542583244,18.0075363721932,-20.3747504166949,41.3605832544951,0.0698731943586155,0.0069085060912649,0.503499292081993,0.50927306972894,0.406072903514375,0.517092952314043,0.657274115683144,0.00798296110789919,0.00757369507965541,0.00618017422147847,0.00785919779563705,0.01022599738571,0.147235933123069,10.828057925086,9.43615642583569,16.4591966802245,15.3802473596149,42.2435748937859,0,0.550721756509212,0.185326596080509,0.819681318540101,5.03321471596846e-11,0.0527662747115675,0.291160426407282,0.109109822441131,0.505062295655477,0.0185386556505568,0.282980408135545,0.3313353595247,0.600523501811951,0.592603209596907,0.0347502010034292,0.273923664243114,0.185259094108135,0.327531751998659,127,"RD3"
-14.3064171020737,0.00250675519686319,0.100068976242362,-0.117502843686736,-0.218635655678714,-0.189820027760014,-0.114639434623809,-0.00182852048837618,-0.000684326517566343,-0.000995042954172617,0.00019623206613036,-0.000592394138200144,-0.00677650066768138,-2.47138610459476,-4.89256953816238,26.9006046827788,-16.3700924239252,-4.25300602259284,0.0299914296379416,0.00214346578191564,0.125462798776568,0.135681587602018,0.118446543838123,0.144303264273807,0.170695056077118,0.00195462336705615,0.00205118557133375,0.00180857724513427,0.00217864124284583,0.00260852304458575,0.0650616398650262,4.85682542011268,3.9490066466961,7.19459772088113,6.78091686746116,19.2573029579757,0,0.242207507837412,0.42510335460107,0.386479698526288,0.0649126361491334,0.188367326054051,0.501836009513955,0.349538502870194,0.738662649703163,0.582195948172302,0.928230914268556,0.820346414854573,0.917046276561521,0.610858741905454,0.215368915290263,0.00018475333851795,0.0157723382776763,0.825207990385241,128,"RDH12"
-14.7433689734245,-0.00144819301174627,-0.142064266610998,-0.269856067485948,0.110084131900242,-0.0310700830914198,-0.1492828401597,0.0035420902019226,0.00576854751055342,0.00314328502085374,0.00287313635110472,0.00361743730605872,0.0174595968218104,-3.33974746019925,7.41371286485194,4.30111132378522,12.0543495646707,11.2027014703978,0.0198268739586625,0.00219624141219518,0.167882189242534,0.174215711832348,0.147943278567765,0.180081200709474,0.216127747633838,0.00261329761853582,0.00265091575194388,0.00228261134844135,0.00275537947803977,0.00333118165774462,0.0429296289766898,3.33907531721902,2.39097455399964,5.27160685079997,4.86996578782332,12.8396824378692,0,0.509641448819455,0.397433347631081,0.121387336331517,0.456817867128851,0.863017938247848,0.489744187106473,0.17528690725238,0.0295508934213423,0.168494749594652,0.29707007946762,0.277509005570504,0.684226343402064,0.317213102120808,0.00193058858083286,0.414556540703781,0.0133145485599679,0.382932332445425,129,"RDH16"
-16.3730342065647,0.000709596224870142,-0.123317437691096,-0.195679409234362,-0.178786499465469,-0.522423309198633,0.188938320236744,0.000504484738518904,0.00108117304923889,0.000570317623814802,0.00730650277245294,-0.00155986278146146,0.124298544574143,1.99243681897148,2.72694215174979,12.7945381932982,10.2966519817135,3.79837636647575,0.03070018202179,0.00394392997910083,0.336567739641377,0.346865712389239,0.292606301253734,0.36751648365555,0.412516830115832,0.0052469512200022,0.00529927713613642,0.00452128397848745,0.0055221525322346,0.00640740022101327,0.0650878888388731,5.65305650299964,3.82619703955155,9.25121331365155,8.62636364340717,20.5158378587453,0,0.857214509168981,0.714068796832306,0.572661631115848,0.541190418542506,0.155172538344264,0.646942667356229,0.923402897292969,0.838335727528179,0.899620603711725,0.185793528946129,0.807659087228054,0.0561714486756867,0.724498547747122,0.476029552732131,0.16666121408852,0.232624296502156,0.853116393830115,130,"RDH8"
-16.4636018818351,0.00303999016865249,-0.641457233906197,0.322945043236981,0.482595301212563,0.756220773720635,-0.0531212656245088,0.00673275029203979,-0.00206217626938695,-0.000900192526250501,-0.00596191225423683,0.00100047591650691,0.167311842831493,-6.94294064898613,11.1035260274516,-7.20035444770901,-0.086948949456008,1.9059137277745,0.0405556367967189,0.00531389673674987,0.46631690815714,0.434180089751109,0.373593911143554,0.437688220852366,0.574377637285696,0.00711824888008005,0.00661007157957409,0.00570543193578909,0.00669362939304213,0.0087623431510601,0.0857295928261479,6.55119660594202,4.59884255131534,10.39694995915,9.60916669184684,25.637626523081,0,0.567265722426631,0.168951023656118,0.456994842827695,0.196438759744446,0.0840310265806312,0.926312777787553,0.34422835328736,0.755059616222802,0.874631612543749,0.373098428011916,0.909095868035756,0.0509829837002667,0.289236813321332,0.0157603908073844,0.488595212542249,0.992780406471267,0.940739459487954,131,"RDUR"
-15.985174992269,0.00190838826009816,0.0903015558326696,-0.138680895442902,0.123826490206285,-0.222738780587612,-0.539878247495286,-0.00273584296714473,-0.000678764810792794,-0.00416073258375235,-0.00018376385852828,0.00656102671195942,0.054548095465046,-2.27003128583449,-5.60911051932384,0.190314706478035,-13.0324113519318,17.9178727491432,0.0335661402098253,0.00338245582071092,0.267169127447025,0.284500393676587,0.240230143183365,0.309363389369594,0.369029012263865,0.00416230807146221,0.00431520789123684,0.00369527464735621,0.0046834191382516,0.00552561189935682,0.0717251239537694,5.51183395847326,4.59641136130519,8.31276557356026,7.83676003511848,21.2461017950642,0,0.57261668272732,0.73536772686397,0.625936532768544,0.606238999287773,0.471530687138163,0.143475681909265,0.510994543236705,0.875011596237484,0.260182319975294,0.968701342371829,0.235075934713637,0.446946283209868,0.680451701984554,0.22234212291627,0.98173461040594,0.0963155156444083,0.399033442573827,132,"REEP4"
-14.7509802588329,0.000818165567300047,-0.0509065283206422,0.0227098865461103,0.334103401274283,0.0278445616856412,-0.203191931288864,0.00142473221206422,-0.000236962022315337,-0.00259427464215644,-0.000818176587535514,0.00235299071338561,0.0598261291268491,-2.87119778856303,-1.99930676834125,11.2387216249172,-6.08992948554481,12.4046998550948,0.0273161668512646,0.00230414855644224,0.160150198092036,0.16373874965185,0.141480019969458,0.174104664736779,0.21266867044902,0.00248290249663091,0.00249337187283274,0.00217905715500724,0.00266864943319763,0.00325186880597039,0.0589931040976813,4.48925172328136,3.46551681828475,6.73565360374304,6.27543075671369,17.7226227172654,0,0.722526896476101,0.750585516186042,0.889690490456341,0.0182017499275354,0.872936204087039,0.339355764506289,0.56609149365838,0.924285616670716,0.23383062437916,0.759156790375045,0.469322965868568,0.310525152866347,0.522451168132803,0.563997241014509,0.0952081613433057,0.331827181915446,0.483967337245538,133,"REEP6"
-14.1809081926701,0.00163660375908126,0.320643003150528,-0.00939831640803237,-0.0360400851824684,-0.128860654910187,-0.357499761757863,-0.00476406727871744,0.000342119454566695,0.000197305906703201,0.00146652012290527,0.00502531738790388,0.11833345058172,-2.05811841850662,1.59406415897518,13.4231562456686,5.72042726987351,15.9779736977704,0.0269323557150876,0.0021183355383226,0.132719132423198,0.139852482430777,0.121592362898879,0.147115363462039,0.176401084064589,0.00208175240999041,0.00212857095460715,0.00186458679083757,0.00223769359852036,0.00269656941290958,0.05813627942029,4.30832023336174,3.49635838437223,6.54195367776319,6.16331684247882,16.976409899451,0,0.439765370402966,0.0156941464107449,0.946421178234136,0.766923941946899,0.381075869927274,0.0427002471193751,0.0221090659080068,0.872308189578232,0.91572715432245,0.512228736495112,0.0623783859957911,0.0418056827584099,0.632858152566496,0.648446592897577,0.0401835202652026,0.353334416449901,0.346609116179798,135,"RELL1"
-13.9486088799903,-0.00154281498262274,0.163563194998636,0.336859969525936,1.24749035061148,0.810760819637413,0.141793798884152,-0.00107113885339517,0.00142718705840495,-0.000858027241137968,-0.00108263701862814,0.00135401180976427,-0.214533689256157,-1.32861026880861,-0.27250180515164,26.5307810845457,-13.1713027943867,-4.54574697041326,0.0378176138463586,0.00251475724076432,0.134113756631553,0.127639821146598,0.110497907605643,0.127478751239273,0.165012267986722,0.00212101685956632,0.00196757310561369,0.00172307600836126,0.00198785669702555,0.00255923961631011,0.0823409712588597,6.17316836551078,4.85570602806466,8.83153146308774,8.24505087751346,25.4674169182506,0,0.53954278219561,0.222622040079286,0.00831154729617809,1.47507137488465e-29,2.01795361421605e-10,0.390179179028789,0.613550445020398,0.468234874351146,0.618510471927515,0.586011261400413,0.596758272325639,0.00917588503556069,0.829593149800945,0.955246279785963,0.00266369998052954,0.110158781569632,0.858336085686139,137,"REM2"
-14.357332825022,-0.000860138228084979,0.453045446364957,0.657580667070299,1.17381658257284,0.514537534627634,-0.0929898430980882,0.000419628492177668,0.00220492487458121,0.000816579459022038,0.00247421594455416,0.00235336449027465,-0.0179087976892768,-7.66228408047791,-6.37794863291435,6.87926915189091,-13.9535543985636,19.0208932529646,0.0250149356430685,0.00252022761795912,0.169857190961796,0.168550991992424,0.151883800836215,0.17922104732807,0.239422958548677,0.00264004485347559,0.00257548450585046,0.0023378817966728,0.00273051085572743,0.00365385291006853,0.0534342873337381,3.95716253614353,3.2948273990075,5.83295632485499,5.46981089064932,15.8439211174975,0,0.732882364882742,0.00764829963223127,9.56477524269947e-05,1.08918982734816e-14,0.00409219528071407,0.697726330143707,0.873710247871377,0.391931175260232,0.726877793692613,0.364863531672002,0.519525172260212,0.737507754546779,0.0528300327409378,0.052898829649472,0.238247091805691,0.0107410561054441,0.229938697517205,138,"RENO1"
-15.5676443392486,-0.00170411984824442,-0.216249487357248,-0.270869129659707,-0.732567216387279,-0.388419386577597,-0.413877295107605,0.00170038992104724,0.00102897056128285,0.00317533525974708,0.00158271943171503,0.00489359041006719,0.0778844919922791,0.969795296982317,-3.90631248057771,-10.3065958900343,-4.77839064838647,13.7931811575041,0.036719786445358,0.00305677394704335,0.216638156971319,0.229866278530924,0.204352452525204,0.244558357255333,0.287628214039012,0.00338680078224165,0.00350386503363084,0.00314777708655997,0.00373571837620971,0.00441366219099975,0.0780855566740975,5.9947581447772,4.77494145900137,9.16371282125542,8.61160674267356,22.8558658680673,0,0.577192926298084,0.318179524048738,0.238646353292687,0.000337307867643635,0.112230211064431,0.150169933968255,0.615622674208287,0.769012148837037,0.313092241056268,0.671805007682507,0.267543671621841,0.318558226548347,0.871483921203223,0.413308115602154,0.26070840672754,0.578978148678943,0.546185831019961,139,"REP15"
-15.9775092371487,0.00338879155191403,0.803789396395443,0.442830723404164,0.443961029337633,0.66656654334573,-0.41314601912081,-0.00291903565481988,0.000632833320845945,-0.00201537621601025,-0.00453012428946063,0.00530234007503134,-0.124475243478446,-9.39107159634788,-4.53691392284461,18.0874676638737,-17.0780233004417,37.2089916584196,0.0550054665359416,0.00442148606034072,0.270133020992316,0.289009739883149,0.267934399987292,0.311438122479679,0.418043911267526,0.00413393999425508,0.00430988769813041,0.00403366200962851,0.00466561068786929,0.00615699821572277,0.119418202397203,8.69981303487557,7.65596506229032,12.6360936203337,12.1544984538336,34.67098519458,0,0.443416184384833,0.00292481016670739,0.125464553007889,0.0975242074478253,0.0323316892384418,0.323013684181989,0.480116832457647,0.883263913579767,0.617329053549691,0.331567884461296,0.389133873498918,0.297250679929821,0.280384179940974,0.553449838538821,0.152311907764841,0.15999796487701,0.283180221771989,140,"RERG-AS1"
-15.1176452278995,-0.00120280854082487,-0.011032221827727,-0.119302483990239,-0.626316033971663,-0.352532929836746,-0.203281429254966,-2.8230495971898e-05,0.000682774490892972,0.00237029983365906,0.00210494361413869,0.00285879981927948,0.0429219753889561,5.83965960562098,1.64316363211374,-11.3023044945366,11.7559873023456,6.25809122652628,0.0278641435993468,0.00233556116605204,0.162229636812699,0.172487920649602,0.157443443193689,0.189139702214883,0.215684911909169,0.00256737512433995,0.00265016918088147,0.00244271298326536,0.00290384158160365,0.00333901079392356,0.0593239771161558,4.55329069844236,3.60623181954044,7.14433592724884,6.73610180810452,17.2566027800564,0,0.606554653523836,0.945782658141247,0.489152733989055,6.94862053201219e-05,0.0623391359544594,0.345940507843704,0.991226750322252,0.796689152860487,0.331869351310191,0.468524187630976,0.391897302892573,0.469361594781123,0.199662355530416,0.648644852487564,0.113650687023521,0.080946382122118,0.716867037472915,141,"RERG-IT1"
-14.63987543428,0.000494901515621403,0.316653997231602,0.802420702698232,1.59415361273045,0.788563939576913,-0.291869642381776,-0.00108218940311874,-0.00175246053564961,-0.00242323409613856,-0.00125651191042691,0.00666107318804469,0.177238358972834,-3.07628587423248,-9.46656957568885,-4.70992356063944,-6.1989657046943,5.35703650971462,0.0356958486413891,0.00320231486954507,0.214924309458597,0.206231972903495,0.184101853086123,0.213527642623978,0.283347631000853,0.00334023164432972,0.00315248255778325,0.00281902725942059,0.00324516601980366,0.00429345279678495,0.0760784501387828,5.76270836044187,4.65607486748393,8.473096231475,7.99397234353704,22.4128490325236,0,0.877180090595219,0.140662621429515,9.98876232308998e-05,4.75565702017647e-18,0.000221598075647503,0.302974250913394,0.745948381043516,0.578280198074521,0.390009914613194,0.698611884891691,0.120794112499716,0.0198231292942599,0.593461644895709,0.0420358315706753,0.578301054638905,0.438070855040172,0.811092934389894,142,"RET"
-16.6086835091312,-0.00875649984672471,-0.688686875025934,-0.386614508265926,-0.90337842520049,-0.391016044285884,-0.55090017678286,0.0116708768396529,0.0059046365397728,0.012659894448171,0.00545169447084015,0.0102376900150112,-0.0388723449335752,4.90803375628822,7.4189629225963,30.3758271557077,-0.668296462867746,12.5866326781052,0.0386951261209859,0.00446919506929096,0.356373297428699,0.369661227210883,0.322663177674897,0.394514657585535,0.460693659799304,0.00564225324750819,0.0057758812356078,0.00508510325504622,0.00617955201653516,0.00713403041403912,0.0820528382000326,6.68687826375573,4.87728562044618,11.1002345697739,10.2921755216978,24.421133363242,0,0.0500775080081625,0.0532993868093856,0.295624903569844,0.00511411207731387,0.321621200237316,0.231772329680669,0.0385950951474929,0.30664277092499,0.0127885422999537,0.377660465334047,0.151272863278479,0.63567982033836,0.46296103250245,0.128228377570179,0.00620959955319954,0.948227761272455,0.606274089116575,144,"RETNLB"
-15.0634611054695,0.00123980735592443,-0.0559775667098626,0.0888509131192602,0.488682216834553,0.237337341064035,0.0195490761349936,0.00091388630699678,0.000584485774123155,-0.00177412475795616,-0.000416318202989572,0.000347042015565295,0.105865251422507,8.14089794794257,-7.69526999295577,0.333700930459846,6.07398827749869,-26.8278681721956,0.0347037280128628,0.00291261413588353,0.19587995734895,0.196636154114628,0.170360982546776,0.204758762372729,0.2517474630362,0.00306301931492311,0.00300811890312218,0.0026333256776655,0.00313380419683745,0.00388906349067709,0.07513141518402,5.60383325560317,4.65432634869994,8.51222141503485,8.03781767423617,21.8487674822447,0,0.670349602119027,0.775050566951222,0.651373870521032,0.00412409895164726,0.246412520608483,0.938103669714858,0.765427452117796,0.845938832763135,0.500489203494881,0.894313949844633,0.928894857109431,0.158815146580054,0.14629668886924,0.0982579252545489,0.968728887030315,0.44984330017957,0.219488520513074,145,"REV3L-IT1"
-14.4890253287463,0.000889628138732082,0.483775117933293,0.370531283762002,0.539540349034378,0.250825371620331,0.284620465888633,-0.00593174103056169,-0.00245199914980621,-0.0024453439125103,-0.00135883901806639,-0.00387311045620359,-0.140136419659145,-8.13766674085169,-6.90594772293051,18.7297021721225,-4.29939479537085,42.9504012953748,0.0487999379120928,0.00309990724933988,0.135199705986494,0.14155324515359,0.124205874685653,0.150789501286966,0.179533516204752,0.00212274950338489,0.0021595180177017,0.00190401193644608,0.00228848259175014,0.00277979025959088,0.105918428506647,7.60141793939038,6.75734197687375,10.9832723487507,10.375293699186,30.7292159588831,0,0.774123495200186,0.000345934124832329,0.00885477716549839,1.39962677284478e-05,0.0962295871336361,0.112890621647328,0.00520014362099897,0.256191781414726,0.199033078962696,0.552663995615735,0.16352597123773,0.185815476803875,0.28437366408196,0.306784807178378,0.0881397123798439,0.678590145852189,0.162201452177757,146,"RFPL1"
-15.6598021268355,-0.000925488415904801,0.154694510423522,0.39870007731288,-0.0270367353727904,-0.0353094998635194,0.498192966127807,-0.000886094363509075,-0.00488845575093645,-4.03633574981836e-05,0.000914642840666383,-0.00586208287128011,0.0692151130878876,21.3739221463184,-7.09639318865978,23.8724276196345,13.9552108879827,-65.6483415454986,0.0630791766524724,0.00432294210113616,0.222851347342564,0.235090322480605,0.206913727646752,0.253531561654128,0.282455807090379,0.00348522498415449,0.00364832003543234,0.00319993284020344,0.00384943314583481,0.00444945167244125,0.13523587983706,10.1403811713498,8.53848717140641,14.7901008298243,13.7789463304395,38.9499530818973,0,0.830478724375759,0.487581820597036,0.0898964411822684,0.896038970648216,0.889236298948561,0.0777671997459006,0.799307764280074,0.180271464835492,0.989935899477647,0.812187819108235,0.187676329023487,0.608783797260489,0.0350480648994995,0.405913401904267,0.106509757099215,0.311159374450407,0.0919010754193556,147,"RFPL3"
-14.1225709211062,0.00108393481696985,0.340585440611875,-0.313367836796408,-0.938713916990779,-1.02085478343704,-1.14974888503046,-0.00670043451193742,0.00169246665744952,0.00700238727641788,0.0069454199454854,0.0097804452812078,-0.0161508368164082,-2.90309381178971,8.77882011077262,5.43824957064065,21.7466939466823,43.1366458043353,0.054204973422555,0.00327787427834777,0.104634080980557,0.114107127690639,0.102815911185742,0.132251203326238,0.161055935980363,0.00166215804996942,0.00174086638172012,0.00157329388014044,0.00199318596934036,0.00244810488083617,0.120019418232783,8.66020604953256,7.39169463640348,13.2166884331587,12.6718415870299,31.2336655919645,0,0.740884516834708,0.0011338661548668,0.00602789774724343,6.847069759997e-20,1.1719205356638e-14,9.41374277659543e-13,5.55008975155944e-05,0.330952100258795,8.55583652636908e-06,0.000492906408747535,6.46645580081359e-05,0.892953023780325,0.737457434276652,0.234967385708986,0.68072911173808,0.0861358480204258,0.167249886384168,149,"RFTN2"
-16.4441438380347,0.000826675167924656,0.678369610089,-0.0536961898247776,0.0944419619564654,0.164082343705725,0.332470973632449,-0.0120595719965338,0.00268744830374995,0.00122187622648564,0.00806242973897399,-0.00123078569285918,0.107408840119197,12.5923067824341,-6.18784810579776,-6.45140241739983,7.20000975916939,-55.1935427527339,0.0443007303811168,0.00538658872092612,0.428252859747952,0.436235522222518,0.375123371692131,0.426270935443423,0.5329086251298,0.00684092711985771,0.00667636442415811,0.00578691110674136,0.00645880036841941,0.0082773539284563,0.0949920166304763,7.37007812950239,5.82764338680052,11.8599822781339,11.1166505602317,28.4258234722177,0,0.878028320399095,0.113184643281924,0.902035903613695,0.801224718466723,0.700292976297437,0.532706469075406,0.0779247160870244,0.687292765548013,0.832774277665238,0.211926358444534,0.88179577966313,0.25817532276112,0.0875303179534797,0.288322098628999,0.586466303230437,0.51719325046254,0.0521771731336697,150,"RFX6"
-14.6674712134825,-1.5053934538602e-05,0.49738096528706,0.389311393451605,0.104311341274472,-0.0401796690086438,-0.224537414225169,-0.00440693241089339,-0.00367677717374169,0.000932345281276501,0.00156536538099292,0.00316448024928479,-0.13398278600033,-3.57096898947832,-4.13732063881702,21.1175399244104,-5.6019265038257,37.3911522471907,0.0461191538068898,0.00298678592316538,0.135497969038208,0.146467100908152,0.131122453043894,0.161308630682977,0.192520362737446,0.0021316335427661,0.00223342311044136,0.00200840210259844,0.00243032835658338,0.00291441295709639,0.0996789922418364,7.34209147604189,6.24032041911296,10.7326495132511,10.2041801342459,29.6943673583091,0,0.995978536325597,0.000241827258226658,0.00786029642138561,0.426307501211486,0.803294510717635,0.243491251945739,0.0386967775173646,0.0997118955382623,0.642488400971315,0.519513021860664,0.277565867747676,0.178902258697948,0.626705247033561,0.507331765036317,0.0491143078214536,0.58301677465087,0.207958042355029,151,"RGL4"
-16.1816699199185,-0.000727974065516114,0.00357870493573262,0.554747624195777,0.496648624080542,-0.16641234120009,0.331660408568853,0.00310459107770781,-0.00269734537108897,-0.000905092125457423,0.00615619225030173,-0.00651709563034518,-0.0300524340075392,-10.206445481863,0.0156816450019238,16.0559228153818,-15.7037228190218,36.7139025861867,0.0330674680050206,0.00448247817961121,0.353525343568837,0.34685516693992,0.309134583053354,0.383169439742868,0.475569042817123,0.00552351080484907,0.00537245970902878,0.00480493403553147,0.00582864024640585,0.00754284943865264,0.0711468410888444,5.54559034666773,4.2420836843577,8.15546026738493,7.6085039323433,21.9084603001089,0,0.870987426122496,0.991923225020054,0.109739774046897,0.108147110998741,0.664067091575637,0.485554398458845,0.574069392930035,0.615618998890734,0.85058878474393,0.290878228312933,0.387582521951639,0.67273299243507,0.0657005128072398,0.997050479229388,0.0489837729800065,0.0390205738819745,0.0937800141909551,152,"RGMB-AS1"
-16.4953563391319,0.00778359650834901,0.116551715708946,-0.391495142088484,-0.134743872972442,0.214981196974346,-0.237245779723576,-0.00346439423543208,0.000646461872105466,-0.00191897162487507,-0.00869584062282597,0.00364637640472161,0.0547156819188867,1.85932023887213,-1.97787890653219,-5.03699827333883,2.19694879649707,-31.2094127356623,0.0430183651394948,0.0044336722041156,0.354375168337173,0.391396624620109,0.320156248943402,0.404077141434386,0.447124971423786,0.00538016547168573,0.00576297869844629,0.0047891254699124,0.00609365465819724,0.00663936928548398,0.0920840813621887,7.05284720913912,5.48554098322814,11.1935975950975,10.3919926993263,27.6398788589439,0,0.0791628375137616,0.742236131449783,0.317188711498019,0.673850668646141,0.594705156979781,0.595694027162177,0.519627542735045,0.910684687389312,0.688645769547017,0.153570650830032,0.582864608499724,0.552383285677108,0.792067429150771,0.718426726315448,0.652718212104881,0.832569034556519,0.258836949750333,153,"RGPD4-AS1"
-15.6431950693911,0.00250524350766842,0.28991717533194,0.256598057995593,0.130691434691242,0.216865051182568,-0.35408375393473,-0.00398303193649452,-0.00236629697968158,-0.00139061826155679,-0.00459575645494654,0.00363930936367673,0.0253279268060676,-13.3285748842483,-0.931740845909597,9.87106026558933,-4.89522607360766,31.2097442734646,0.0304849953887663,0.00331530687629894,0.252904745266341,0.259380850518175,0.228138050834153,0.282505418636666,0.347108130789516,0.00393367681291302,0.00394355744997517,0.00348141909931986,0.00430651582882097,0.00525153744347155,0.0662513094043724,5.15587955463208,3.89108343468,7.81522088346308,7.33514601158142,20.0986146599829,0,0.449853304990077,0.25165065562935,0.322530371438399,0.566738685892342,0.442695639765603,0.307682744901514,0.311276673673446,0.548478772195613,0.689568979695316,0.28589801671144,0.488310278623358,0.702238281290803,0.00973446985141999,0.810752494998135,0.206569117819863,0.504538463271655,0.120463605278676,154,"RGR"
-15.6688789819848,-0.0123702403868874,-1.03617816371808,-0.92571207294616,-1.74669024807848,-1.25859029368954,-2.13934329831419,0.0191359908699078,0.0111999783025782,0.0164583995524425,0.0130931011258122,0.025837894908217,0.079167252307731,4.68122397412419,6.25738450891645,27.0194424786459,52.4709427029358,22.7528255357341,0.0720479754158396,0.00690653853746086,0.487982100356054,0.521210524790371,0.440630038549621,0.563634295025118,0.681126326497614,0.00782388943085024,0.00815537930159961,0.00696528712148276,0.00868393714838917,0.0105953116630064,0.15573960730666,12.1047657286457,9.05315035660803,19.4037897273848,17.9001198424425,47.3406902635383,0,0.0732786613243829,0.033720866778497,0.0757195791342517,7.36812774636596e-05,0.0255495395634643,0.00168434918531008,0.0144514648772294,0.169651637938731,0.0181317004022306,0.131621622406003,0.0147436322046326,0.61122131442503,0.698959289442755,0.489450484275685,0.163776261704686,0.00337527125368542,0.630787454494886,155,"RGS1"
-14.3465221805571,-0.00484295427849015,-0.107530969802873,0.00273099852410899,-0.414181875422321,-0.46159499472304,-0.269928306043519,0.00159821190502471,-0.00135688207105865,0.00396052318970008,0.00526425546206415,0.00323913213589978,0.0616584361281985,-5.99249075237701,-0.816361906646036,11.1578879913393,-4.88231402812432,4.65878720484631,0.021480582449172,0.00202753860649435,0.146885613346751,0.153660397615809,0.134326127525828,0.165662418531532,0.197976084015188,0.00232802058782077,0.00238949619825217,0.00209142668879965,0.00254318890187907,0.00309186559915225,0.0461599827701825,3.50372246521504,2.78216106055203,5.34901771939348,5.02086641267412,13.7408463368665,0,0.016913259702714,0.46412410320278,0.985819984330359,0.0020464632434156,0.00533037783027169,0.172744209582068,0.492390885959613,0.570134934142281,0.0582655735714019,0.0384577047587922,0.294808964157747,0.181629306732704,0.0872064967118611,0.769195588828188,0.0369813829874539,0.330849261562799,0.734574626729595,156,"RGS10"
-16.0857028715935,0.00580994818819463,0.26958668534876,0.0516058152081437,0.0375289593912773,0.0895356313440871,0.733210715910963,-0.0034505188672699,-0.00145255535441019,-0.00401802086336359,-0.00443709314624562,-0.00937917498624594,-0.272998683101576,-2.56257388383279,-2.1941921966695,25.645690738631,-9.21182501657149,14.2196036911766,0.059327075104981,0.00476180240870858,0.323950095689703,0.338998605168141,0.300879426337448,0.378036117428726,0.394435971143693,0.00502974419881629,0.00512278573817454,0.00458720014259929,0.00572437514571418,0.00608192205573482,0.129152887651776,9.23491387805144,8.05660721110517,14.2074529036604,13.4593627668345,37.1297224965075,0,0.222421152303123,0.405304050252914,0.879005399247785,0.900736599676663,0.812777722785596,0.0630435824280255,0.492698772454319,0.776756836302852,0.381073465035234,0.438267156431494,0.123039588266172,0.0345354564975671,0.781405742894714,0.785355278674051,0.071061044808133,0.49371149349362,0.701741331659616,157,"RGS13"
-15.8422468761536,0.00322758044517508,-0.319029766370368,-0.441813267946542,0.227656455362489,0.28534715689864,0.157998064328647,-0.00261291417447885,1.23700414886326e-05,-0.0059538478220228,-0.0101161791101573,-0.00665641009593305,0.0822180180710523,-13.1457047526954,-4.32053623012113,48.7790343213744,-21.8301199575587,51.4662708216102,0.0454238873182817,0.00391682306379792,0.29247460698562,0.305897003689686,0.248975270000998,0.311755135317538,0.369899920875405,0.00458558351779482,0.00462321420655417,0.00384204614651814,0.00481455183380034,0.00575156022055965,0.0985062299816522,7.42514216974785,6.03571174602336,11.2566259693673,10.6474198991276,28.5508125627578,0,0.409922405375934,0.2753632062545,0.148648883578086,0.360520481573421,0.360038062193251,0.669279305023363,0.568806153651652,0.997865153353733,0.121224231796074,0.0356262785557898,0.247140621221612,0.403915983599759,0.0766553049068095,0.474097073603518,1.46849398801679e-05,0.0403377756676579,0.0714478858769521,158,"RGS16"
-16.83763432011,-0.00483090011221825,-0.0955524712445062,-0.417184230910608,-0.581706938704803,-0.347768189844074,-1.54929471452862,0.00138692050667326,0.00451786208614608,0.00579467398545591,0.00228251091161919,0.0211061756421144,0.0285152475649792,-7.4012970869813,4.93087945365719,11.0783931987256,3.67644293815663,28.8746431577819,0.0463313043496925,0.00588209139189285,0.486282659317802,0.510437129987375,0.431104745054724,0.541489352873459,0.713573117192775,0.00773439042844559,0.00789952903940135,0.00673999032211881,0.00840753739025112,0.010765479638156,0.0995605024002063,8.32910282746052,5.8535496989576,12.7971909105284,12.0089713595011,31.3538333273852,0,0.411481366398222,0.844222166257277,0.413752569236765,0.17722773701246,0.520714885873525,0.0299176708698922,0.85768749787851,0.567379309614838,0.389929540930345,0.786018892591042,0.0499324667800704,0.774563162110894,0.374214456124283,0.399578509781785,0.386660485446341,0.759497010767094,0.357087683505389,159,"RGS18"
