"logFC_(Intercept)","logFC_conditionXDP","logFC_age_of_death","logFC_sexM","logFC_pct_counts_mt","logFC_frac_intronic","logFC_cohortCohort_2","logFC_cohortCohort_3","logFC_PC_1","logFC_PC_2","logFC_PC_3","logFC_PC_4","logFC_PC_5","logFC_PC_6","logFC_PC_7","se_(Intercept)","se_conditionXDP","se_age_of_death","se_sexM","se_pct_counts_mt","se_frac_intronic","se_cohortCohort_2","se_cohortCohort_3","se_PC_1","se_PC_2","se_PC_3","se_PC_4","se_PC_5","se_PC_6","se_PC_7","p_(Intercept)","p_conditionXDP","p_age_of_death","p_sexM","p_pct_counts_mt","p_frac_intronic","p_cohortCohort_2","p_cohortCohort_3","p_PC_1","p_PC_2","p_PC_3","p_PC_4","p_PC_5","p_PC_6","p_PC_7","gene_id","gene"
-9.72460224090048,0.205493508686864,-0.00181666388001215,-0.00760294198243832,-0.0665037456355177,0.172747284391278,-0.0212249618264951,-0.0293377824800536,0.00636004345064922,0.0047148393363182,0.00625272602033757,0.000904480663061745,-0.00899893009203063,0.00780999664157806,0.00444580613920857,0.0297294942535933,0.0695523556818538,0.00206439878634866,0.0817506543943173,0.0391560473006137,0.728907898879944,0.0793072384071766,0.071653667388932,0.00363037066276425,0.0053034365910171,0.00460449521229497,0.00452738876481896,0.0051200186252442,0.00489905471842375,0.00541486623678209,0,0.00313160483858023,0.37886116009582,0.925902286981078,0.0894269218912703,0.812660927939909,0.788984470200211,0.682217763925441,0.0797911425850528,0.373994546616625,0.174475983981654,0.841652827564824,0.0788160803456045,0.110894737923674,0.411625129109358,1,"ST3GAL5"
-10.095078570722,-0.0849492758123629,-0.000129507810746418,0.107635205413436,-0.111313481788397,-1.05323514984811,-0.189606790623452,-0.203076253703604,-0.00959918668080853,0.00692217335958202,0.00291764135570139,-0.00287942936121173,-0.00426665464880615,-0.0128182010248427,-0.0180338607165938,0.0258045354164955,0.0566089905629682,0.00161801963887302,0.0610666072406116,0.0434099204108778,0.798104734749793,0.0690997787366335,0.0610062255672693,0.00382691545161751,0.00572198335223087,0.00488799849396187,0.00466005565508455,0.00532130585598795,0.00501124231935001,0.00503184926728955,0,0.133450710059367,0.936204696019703,0.0779701785343416,0.0103401828864609,0.186945105533154,0.00607035716122921,0.000872275323938388,0.0121301541196539,0.22637456920357,0.550574822809541,0.536643950767083,0.422665221555244,0.010530973598398,0.000338446036923579,2,"POLR1A"
-9.62397481349668,0.0617483699622726,0.000420696134086139,-0.00515820112916728,-0.0923088865417881,0.517224899018195,0.0838145837234386,0.113475819900352,0.00292199184743661,0.0103846546382331,0.00266045385094345,-0.00399520305539886,-0.00780809361787999,0.00373658541738302,-0.0168551116773082,0.0211005084664941,0.0449143065928035,0.00127135764725612,0.0480696972192165,0.0343373311081868,0.610114905521712,0.0544848018340562,0.0479283452940869,0.00293818683679986,0.0042314638432149,0.00375807820144386,0.00356066662105902,0.00407042718235749,0.00385085767360614,0.00388329454881053,0,0.169192206643334,0.740717711554392,0.914545660318174,0.00718178492263583,0.396577225224444,0.123972529861131,0.0179032049597497,0.319985295580303,0.0141217351312063,0.478989133495844,0.261846306990225,0.0550794225546809,0.331884267975325,1.42213578444219e-05,3,"PTCD3"
-10.3095294130063,0.0457321913993085,0.0015299415678268,0.115534361693211,-0.128048850914326,-0.955735995211352,0.100885069998407,0.0873745531069965,0.0265560190069231,-0.0141579934505521,0.00913024154465316,-0.00927695066295705,-0.00353841295372899,0.0067108380995477,-0.0194896502046688,0.0313029134163535,0.0562543685040882,0.00157849606175107,0.0586749349459555,0.0593584755465935,0.815269487806364,0.0687304165868773,0.0589485668651971,0.00420888034107862,0.00570046290477086,0.00516952270917548,0.00478918361830675,0.00550434936732194,0.00517944155386373,0.00502749247100567,0,0.416244661574379,0.332425443591906,0.0489464083428701,0.0309891037583119,0.241078810149799,0.14214841936662,0.138282631505305,2.79900341209301e-10,0.0130041070131217,0.077367798974713,0.0527376357326179,0.520328278083515,0.195089796054929,0.000105919976901468,4,"IMMT"
-11.4232933912491,0.0923486520405732,0.00350623015349403,0.183420901186632,-0.144642505144383,-3.8020740095626,0.0660399571161149,-0.10723659954694,0.0187716650988381,-0.0284933976626622,-0.0146297960171081,0.00250736130048465,-0.0139651083804773,0.0228122025471937,0.00852523349715364,0.0494145584008015,0.0897446876713065,0.00256920215804495,0.0972780941598513,0.0933254461845944,1.35956714638259,0.111338381258507,0.0969010254086538,0.00725755270647342,0.0100618791501614,0.0085622950235147,0.00799543003741576,0.00905468666517558,0.00834946797302658,0.00853967357658469,0,0.303472509717911,0.172342468203922,0.0593581290810457,0.121172217650912,0.00516541803971671,0.553083197582319,0.268440461170247,0.00969559756624136,0.00462843694559962,0.0875194674694472,0.753825387691535,0.122998961673841,0.00629178287426015,0.318129515893349,5,"MRPL35"
-8.84449386155848,0.021239066380714,0.00171108522384029,0.00991591537267622,-0.0577828400823658,-0.774981909837368,0.075012780281527,0.00709480993462326,-0.00727800301762831,0.00541734093380327,-0.00178040624878712,0.00640002519097377,-0.0115443116251261,-0.0209757872554393,0.00197058741184406,0.0198630603403711,0.0492096290591688,0.00145375345311487,0.0578800957788925,0.0227067197822497,0.518010286245161,0.0560422917495065,0.0509572866681659,0.00246427373515232,0.003836206983165,0.00315299730815069,0.00322582275214895,0.00344242840680732,0.00348068820952052,0.00376586558470144,0,0.666029344694885,0.239190726419287,0.863973549459803,0.0109357173486201,0.134634277441465,0.180732496036279,0.889267985483585,0.00314287407942102,0.157902634281068,0.572297540016447,0.0472560869994738,0.000797856960931958,1.6772113227248e-09,0.60078213860045,6,"REEP1"
-10.3325109875233,-0.00794613803771605,0.00104075812426779,0.0951825820095081,-0.0698345518883893,1.5758195395398,0.0515185785395769,-0.017408716760044,0.0278125514301873,0.00209161321705665,0.0263450669951278,-0.00263901535253691,0.00124893075019738,0.0148901036739865,0.0141246926867857,0.0416689643823574,0.0923765804489032,0.00280356894066261,0.105393251142445,0.0657704443708993,1.10515546295988,0.108578509859639,0.0955181996311952,0.0055106274710351,0.00783229086231161,0.00694629628479166,0.00673126440919778,0.0076459550943874,0.00718331654488796,0.0078329642699033,0,0.931451339515704,0.710469092234868,0.366463071233167,0.288329982813509,0.153902861142325,0.635156033690473,0.855382223459947,4.48624727053224e-07,0.789430669758529,0.000149031188093043,0.695018730217568,0.870246576672866,0.0381840905730825,0.0713509679752257,7,"KDM3A"
-10.1066960733367,-0.0522042766826133,0.00159150086358236,0.0197064604005148,-0.0365328059958289,-0.855613863207915,-0.0990736103591845,-0.0743425362363773,0.00174742560303562,0.0160497794642694,0.0118981695500853,-0.00516773219102876,-0.011730525579026,0.00634904564804547,-0.0127836626853664,0.025882600178207,0.0585176795361706,0.00168265014565025,0.0614394600064554,0.0417097561665265,0.867441708763795,0.0722666829127169,0.0632812941134031,0.00405854301742036,0.00604839624217923,0.00529538126511401,0.00503063731343718,0.00565944736688989,0.00540841725963307,0.00533187044707349,0,0.372333338050551,0.344235338949158,0.74840289243392,0.381094429052924,0.323954190809133,0.170392262615866,0.240076814872151,0.666792036422677,0.00796477209830553,0.024646691716406,0.304301822858164,0.0381970976464263,0.2404273330225,0.0165031282752818,8,"CHMP3"
-10.615634835549,-0.0088696409492469,-0.00192125126124926,0.128853531349709,-0.344602863949876,-1.2272063283555,-0.213400703404359,-0.281147691454234,0.012726935508374,-0.0136300991184934,0.0181165301427697,-0.00751748979307545,-0.00502743238572618,0.0135981065049072,-0.00412624224546608,0.0415691794895503,0.0662328484784799,0.00189506329319709,0.0714699522427111,0.0859758819955607,0.930366343127739,0.0806403358683019,0.0692457398064078,0.00488351509225712,0.00671226053073317,0.00604516085723358,0.00553591293222832,0.00648274703938247,0.00587536034978788,0.00595764022004552,0,0.893468964501178,0.310669105130041,0.0714031420035698,6.12003693060373e-05,0.187150024577327,0.00813710990490163,4.90424103131017e-05,0.00915793464078405,0.0422928216480499,0.00272771604674726,0.174479732136699,0.438038611211062,0.0206441818390288,0.488562651374845,9,"RNF103"
-10.2649197420718,-0.00125581961070135,0.000795819811479301,-0.0985070738175634,-0.161261037357123,-1.90079344300437,-0.0512991360331572,0.0163823712930533,0.0240058041435161,-0.0175469823239512,-0.000356686119672195,0.00341400392685902,-0.0179100795181205,0.0200559944948499,0.003471646416555,0.0305295243291556,0.0549500541280882,0.00155793679452237,0.0566191004292272,0.0597188440863463,0.819541019500213,0.0677302897902723,0.0579654855176828,0.00430575541287403,0.00587007525621035,0.00509397295114534,0.00474344887173403,0.00535646796259522,0.00505933820371845,0.00504657900147195,0,0.981766863061461,0.609479558403908,0.0818905348468472,0.00692691555846579,0.0203766627256233,0.448808358946229,0.777465954798102,2.47128053980668e-08,0.00279685057410228,0.944176782629971,0.471691060500033,0.000826881306160962,7.36567717797062e-05,0.491502688254557,10,"RMND5A"
-11.3319955176769,0.26977974439973,-0.00181374454754977,0.0817118616162152,0.00883227617446784,-0.319495842954352,0.0530377294258932,-0.305183045145807,-0.00473025105235478,-0.00276612121440603,0.0209261869219965,0.0132617746159745,0.00901286186894981,0.00873517606539639,0.059650517116093,0.0465996728618041,0.100522836320932,0.00284130526591429,0.107728114636728,0.0693885913684904,1.5297331400404,0.124285742257882,0.109400069445646,0.00730967054891121,0.0108442389833927,0.00977746611096311,0.00869246155101955,0.010587335715624,0.00933339134659339,0.00973066522768972,0,0.00727980949340358,0.523246482289376,0.448151231605277,0.898713128834378,0.834559684776278,0.669568526327438,0.00527722855282495,0.517552772964831,0.798663252913871,0.0323348568636421,0.127093594347786,0.394609912604986,0.349321637138369,8.77917392697536e-10,11,"CD8A"
-11.7141547043315,-0.130491345757259,-0.000271379044382575,0.249224844168542,-0.248653234069279,1.92261602321944,0.0572714266905943,0.266140868681748,0.00287693646473504,-0.00698450412162338,0.0133239397135377,-0.000731589228154355,-0.0236963434451681,0.00122019055200284,0.0135931297630171,0.0628960118954908,0.0994054825535189,0.00275816868382954,0.101942506963987,0.124747280028361,1.5858795915594,0.128236405098212,0.111919452191448,0.00775037411232026,0.0107358343142136,0.0095917982363983,0.00872994517848932,0.0100916745302967,0.00956190783815799,0.00911738529066322,0,0.189278059411345,0.921621800981734,0.0144949031669701,0.0462334484264701,0.225384487739465,0.655157992907999,0.017408339609968,0.710488804290584,0.515318544461558,0.164803206493849,0.933213642696294,0.0188690404414357,0.898457990034727,0.135987174427551,12,"PLGLB1"
-10.6612654336787,-0.109094349217395,0.00153165988904445,0.174057761994514,0.1167066717018,1.92479423699337,-0.225607358860522,-0.115188962023488,-0.000821736967430438,0.0171002201540418,0.00684350065658175,-0.0803548428816108,-0.0303024151202005,0.00651106990403584,0.0082366807354984,0.04112825225325,0.101478782059551,0.00299437572132537,0.113668700547712,0.0517404157508515,1.30923719187371,0.12067638797272,0.106500182385832,0.00611240761706064,0.00915270853857243,0.00777147961284542,0.00807897215621335,0.00827570922089623,0.00841774426497052,0.00857608302219693,0,0.282354176063247,0.608992406667324,0.125702044494449,0.0240944939442188,0.141517166411525,0.061549999266087,0.279437130182213,0.8930566082698,0.0617169974844851,0.378538837760143,2.62071981625808e-23,0.000250635738529638,0.439230414119555,0.336841583856228,13,"CYTOR"
-11.5703143880318,-0.0289504963295514,-0.00132307745301561,0.166291040607672,-0.159440218319122,0.495678504721761,0.0383031698646037,0.0979393402634207,0.0232422100702906,-0.0284064803689328,0.0295970731927676,0.000875061332601119,0.0124658278936847,0.0453412278938199,0.0248850683429212,0.0636747075673701,0.09992271421642,0.00283840940417333,0.104398734530593,0.122153477732861,1.61848030801984,0.125843239944942,0.109015278208732,0.00828026128319854,0.0114449633068945,0.0102878807653942,0.00899992142504276,0.0110053180718072,0.0095783188766832,0.00973225302076898,0,0.77202365851699,0.641120010450078,0.111194884898292,0.191809429254,0.759405410101494,0.760844429203765,0.368972266475545,0.00500143039818293,0.0130644666381158,0.00401619045282558,0.922543835019936,0.257336283557568,2.20424961232132e-06,0.0105588655846807,14,"KRCC1"
-10.0800053596568,-0.00150818550554351,0.000653977027347724,0.0295056904602212,-0.131678826002736,0.697245493547209,0.0395056612161992,0.0988440242431897,0.00861361639362773,-0.00883355978902522,-0.00378603640055649,-0.0246763694160748,0.000352283062414865,0.0222591014275816,-0.0223731181750398,0.0302695071602727,0.0649818882625211,0.00189513357395015,0.0707803797884772,0.0537888584073506,0.917341338678536,0.078555958709502,0.0683202672851017,0.00445216243291779,0.00662400345022116,0.00549436558364839,0.00533644788260247,0.00587075774446428,0.00559852600007678,0.0057278903759492,0,0.981483303507889,0.730032509619531,0.676778938648002,0.0143624228060273,0.44721153045916,0.615035748436537,0.147960075731884,0.0530266312888024,0.182345438677091,0.490775334395971,3.7619407505297e-06,0.952150534037257,7.01176958351418e-05,9.38379772408876e-05,15,"EIF2AK3"
-10.3889684794059,-0.0211334528883014,0.00193074726869658,0.191561230854621,-0.0360586243523509,-2.96196850513176,0.0697614385714146,0.0439387836592468,0.00137205926045846,-0.0270225041547273,-0.0062213515846677,0.00386906712632791,0.0431119484646356,-0.00860871624081115,0.00985779782146998,0.0341089829093892,0.0748360475242766,0.00220859293690359,0.084552004310573,0.0487993051095573,0.97209471010697,0.090223878758269,0.0808082150666805,0.00479994283204055,0.00724381194655628,0.00618354573809483,0.00586793015380297,0.00692416608875229,0.00618424330228992,0.00671076512368688,0,0.777639344818629,0.38201049901481,0.0234757329668845,0.459957545390906,0.00231140934468904,0.439401825707045,0.586619339641235,0.774993712479863,0.000191156311822569,0.314360762279397,0.509665858035342,4.77573406016921e-10,0.163910178133066,0.141845567562331,16,"RPIA"
-8.68694157606181,0.185676476143674,-0.00249763105973572,-0.0688773752906768,-0.0307827966673106,-1.69776788079293,0.00938269239799426,0.0294054943229057,-0.00127777695598206,-0.0203194333512235,0.00557486268753834,0.0218472308645855,0.0294367775284053,-0.0171464815896982,-0.0205992371085865,0.02210791830683,0.0548091350096631,0.00168242725872601,0.0661526415173198,0.0236756896937826,0.540286471990151,0.0617697111740277,0.0566655668116199,0.0026012258079651,0.00409674573196264,0.00332379199730532,0.00342555041688604,0.00373204833630645,0.00368278253687158,0.00413526461566291,0,0.000704833283088417,0.137665641295843,0.297788031953609,0.193537280050751,0.00167598955507578,0.879267426490941,0.603809165856079,0.623270089644564,7.05308779382372e-07,0.0934916906404639,1.79733654214208e-10,3.08137224187314e-15,3.22647414608951e-06,6.31393208931236e-07,17,"ANKRD36BP2"
-10.4768528009534,-0.0356955423581558,0.00365051199110351,0.134419410603696,-0.106351607000003,-2.08863173676575,0.0412801562801157,0.0678584769218949,-0.020757469443243,0.00850702324075209,0.012462568267008,0.00192142794552225,-0.00330521420117439,-0.00477587278462928,-0.00572278934440733,0.0342642763606962,0.0763937985043147,0.00223539774702375,0.0861891727188506,0.0471679162210535,0.94112494043278,0.0919888605420928,0.0836366472544805,0.00440432972793399,0.00676819324756005,0.00596781763344553,0.00564943246756669,0.006568404044663,0.00608421464030698,0.00653089688431791,0,0.640315967873217,0.102458885714074,0.118857792351112,0.0241493609715855,0.0264668160016146,0.653610794764572,0.417165505969389,2.44133356974392e-06,0.208785506519086,0.0367711636007031,0.733773762084597,0.614824383410082,0.432476283186306,0.380886571238949,18,"LOC107985911"
-9.67857308467175,0.048053505969048,-3.00695380267595e-05,0.100228470852871,-0.0834375823247685,0.685128616882655,0.0833515495026083,0.213937382251508,-0.033735811639733,0.0388473613305287,0.0120332256684246,0.0055164697222229,-0.00530530028631594,-0.00689166014565085,-0.00966500368091094,0.0354794054439701,0.0868899821250602,0.00270618453015915,0.106265256949981,0.0297977912216291,0.751007272788235,0.0962933217855284,0.0914954224844279,0.0034013944752233,0.00545974937874959,0.0047585673156928,0.00491699881107017,0.00525248127918677,0.0052267782861557,0.00598524612755922,0,0.580237042779398,0.991134556349033,0.345583038508793,0.0051082597426557,0.361621548661734,0.386709269818455,0.0193752970723099,3.46853400042089e-23,1.11728029809897e-12,0.0114469629130886,0.261897284962664,0.31246845602662,0.187326534187879,0.106352991279241,19,"LSP1P4"
-11.0461132355815,0.0169788231972006,-0.00178545500313236,0.0222011555214065,-0.0315537175014189,-0.668175285884121,-0.0197798234403664,-0.128560321558507,0.00702631242129688,-0.01369248074596,0.00094523315328603,0.0188050728278021,-0.0283727769426332,0.0136043074502563,0.0447776109563982,0.0388768842593538,0.0768833464503154,0.00216901457494705,0.0804438139017951,0.0664607434574702,1.21719180158745,0.0969412354865656,0.0852542140713755,0.00616183412675901,0.00867976582618822,0.00750029661260285,0.00680214424953558,0.00788046095474861,0.00734714785740383,0.00744941887769224,0,0.825217979389221,0.410414662014931,0.782560832852687,0.634949305724308,0.583040977785723,0.838322774919468,0.131563633253139,0.254163164995499,0.11467654475129,0.899711262115713,0.00569961066769431,0.000317733388847883,0.064076858597429,1.84511618214621e-09,20,"ENSG00000291142"
-10.2615716880319,-0.0481470493949833,-0.000878085243509044,0.0468961417144484,0.0399955725729786,1.86338569385207,-0.250312530568976,-0.395760953865528,-0.0261011339405015,0.00925357086836686,0.0204107755773095,0.000910295864746508,-0.00218903161204923,0.00373991933953928,0.0180976878588838,0.0625696784618539,0.152847077804311,0.00523626642252345,0.194739452413005,0.04181100627634,1.0694579501642,0.162470636770687,0.158188656080405,0.00505790989092004,0.00810005408553264,0.00681079656547281,0.00716601317642237,0.00744447112506836,0.00744674979161469,0.00926601374757394,0,0.752760561582027,0.866824800645631,0.809698660666089,0.338779285273149,0.0814446628379884,0.12339877847092,0.0123553614850624,2.46345807029871e-07,0.253284247919626,0.00272805935817062,0.898916962363949,0.768721249047519,0.615511580258287,0.0508047244599421,21,"FAM95A"
-10.1739120821719,-0.0671287709817485,-0.00509564559735366,-0.0372162087420846,-0.169548202821744,-0.979945254956856,0.0317067419042373,0.0525945574980713,0.0159116618677352,-0.00479786405398533,-0.000242208355758157,0.00183209189596641,0.0173275056180158,0.0208256243781461,0.0272709868585848,0.0338617601375184,0.0682786814791322,0.00199165726728687,0.0770310958900466,0.0556668512770254,0.765344791575492,0.0802385808766765,0.0710207845235033,0.00402440908641362,0.00550750996107332,0.00512670321206804,0.00479767191276944,0.00565319479201522,0.00502196304509283,0.00570764870806599,0,0.325529400724191,0.0105126265515213,0.62900181757632,0.0023208838519053,0.200405511844198,0.692727898399864,0.458965347482571,7.69234516171973e-05,0.383672578462068,0.962318388299009,0.702557032431914,0.00217610322924888,3.36993738074312e-05,1.77071854038954e-06,22,"MRPS5"
-9.78197505454565,0.0390235404426215,-0.00281315391626128,0.0668757246413423,0.0127582151763934,-1.82149973817932,-0.19581756951981,-0.102916239133996,-0.032387017855254,0.0185103171253828,0.0113289550575893,-0.0109135535108889,-0.00650475999253384,-0.00162748835094863,0.00263965644555398,0.0271759289066629,0.0669598214101779,0.00195158186642454,0.0770126818090753,0.0281471062236431,0.739554714468226,0.0774229095297801,0.0706815678826304,0.00338846511417891,0.00544154459715057,0.00464480668033243,0.00462461841790619,0.00514181208060075,0.00490501348903046,0.0053576841338031,0,0.560034414959282,0.149450904748237,0.385190234011553,0.650354937626295,0.0137792139325978,0.011432476827145,0.145377459745275,1.2003085617367e-21,0.000669764438610256,0.0147255855769828,0.0182807515181884,0.205845693307772,0.740039533706839,0.622234407928769,23,"ZNF514"
-12.1613820533812,0.153010379899841,-0.00155137659254077,0.050002331756129,-0.506320724380117,-3.16797063825807,-0.0564746253294349,-0.049212240949841,-0.0108286480506716,0.00248884411120591,-0.0134334111272911,0.00122658739446229,-0.00993380239888162,-0.00953722225131011,-0.0021335335359818,0.0801899687920952,0.143041410548424,0.00405446243190844,0.150052171448594,0.175046120385447,2.07610897925055,0.176252578790882,0.149107434880649,0.0101875686458954,0.0152192581705942,0.0130771611352648,0.0124701977709953,0.0139385733173308,0.0133518827849739,0.0128832790121997,0,0.284757567547579,0.701990898278016,0.738958427430565,0.00382190425116151,0.127030458042642,0.748650938066104,0.741365567054853,0.28781477835525,0.870099146204088,0.304306454863117,0.92164524261845,0.476041132368981,0.475042971196431,0.86846792734084,24,"ZNF2"
-9.98842621835072,-0.0454752338858831,0.00212345247418402,-0.12146136012495,-0.0415493686986744,-2.99458639352159,-0.0284657129617551,-0.00995948716142448,-0.0362589900933943,0.0040232901670725,0.0081636345124959,0.002590453470627,0.0124774303358497,-0.000110384516929485,-0.00628858397521472,0.028535729782446,0.0693345787195617,0.00202057848363604,0.0773837966994363,0.0333045407798896,0.894668748205574,0.0844308181478926,0.0766760115777623,0.00405012347638301,0.00668824393060881,0.00552437863051537,0.00532204101101901,0.00605468011819581,0.00573659312950049,0.00602867827263206,0,0.511900684208227,0.293298485917045,0.116508942092185,0.212192720888954,0.00081648369853875,0.736005053547943,0.896653043183689,3.47319045360348e-19,0.54747600649239,0.139475481827946,0.626442164861919,0.0393229828379898,0.98464791470255,0.296896629075921,25,"ZNF892"
-9.89848163591487,-0.0642633040419936,-0.00207161109444953,0.104458021784838,-0.00498911976793169,-0.392970914527874,-0.116418145925178,-0.111723347879827,-0.0260654380316393,0.024298896592111,0.00176103257545605,0.0126117075421804,-0.0270830087094827,0.00100292937802081,0.0102941649601167,0.0280721900079737,0.0692937551849581,0.00203016777544874,0.0800721905065988,0.0307828596752047,0.813151267821595,0.0813479690461043,0.0741960781073911,0.00375047814275248,0.0059186726676826,0.00496383436008572,0.00492764185413667,0.00543818108560648,0.0053081901528881,0.00573622132295984,0,0.353716827279305,0.30753227976371,0.192046780076047,0.871247105446491,0.628904648280867,0.152397797212482,0.132122353017709,3.65552151823832e-12,4.03504409912909e-05,0.722759933717733,0.0104859079333023,6.35319196825237e-07,0.850139852940496,0.0727190604663872,26,"KCNIP3"
-10.2082118531337,0.115549284324891,-0.00195850305429808,-0.132799062018892,-0.037698644344298,-1.83270959286098,-0.0315190117220078,-0.0920127600863573,-0.0083484651435657,0.00862785329790796,0.0141184766866398,0.00329828800719448,-0.00162712361333703,0.0100660229397413,-0.0128807797781775,0.025818525884897,0.0563941245016221,0.00155215983471621,0.0579807424586383,0.039347281189402,0.803001636533719,0.069631094215062,0.0613614198887617,0.00386100339389431,0.00573083477590464,0.00508572226131388,0.00465749755610435,0.00547332436318772,0.00504410564226654,0.00501046856720025,0,0.0404660628942333,0.207023597053313,0.0219981700121372,0.338012153049557,0.022470241706217,0.650795649090787,0.1337384304591,0.0305987008316971,0.132191921478952,0.0055015180674958,0.478841298502819,0.766250832184448,0.0459773560015278,0.0101471670198767,27,"FAHD2A"
-10.9987884432773,-0.0252312829616766,-0.00112150609089357,0.0454430102534297,0.0613906223373083,-2.29306969060421,-0.292717495894836,-0.295569282194927,-0.00253171798433414,-0.0160500857192412,0.0173599194143605,0.00741078597749939,-0.0131499028312546,0.0192600534333882,0.0202448610531756,0.0374936025795006,0.0773856911494601,0.0022206510438026,0.0817750487968997,0.0580647143935607,1.22143176563552,0.0977769141169726,0.0857601412137906,0.00609117379493091,0.00893985248360612,0.00755463031265106,0.00678979520727376,0.00800145105771329,0.00725904940401709,0.00748092198124654,0,0.744389670344,0.61353438282729,0.578410809191814,0.290384123837105,0.0604684838229889,0.00275591415990372,0.000567973183192653,0.677675553794517,0.0725993504449708,0.0215664683993831,0.275070776103489,0.100291978778259,0.00797214323182178,0.00680583182115657,28,"ENSG00000291126"
-8.13989083985167,0.0548437962307279,0.0012932975714831,0.0662146904407313,-0.0733695772690867,-1.06497759266286,0.150928789718472,0.235285288502027,-0.0780857910399444,0.0375584985593624,-0.00789924210852308,0.000511118848427761,0.00581885152320651,-0.0141306434078318,0.000223841724694084,0.0204875899390794,0.0503904012428028,0.00155742693716028,0.0628003697430331,0.011303919458265,0.395520414622712,0.0556001829343905,0.0539389524701867,0.00181238280552369,0.00317455431125585,0.00248326090388709,0.0027175720855054,0.00269094210953539,0.00289679367138955,0.00323205223959415,0,0.276428338336782,0.406308948416184,0.291714538472082,8.54772415005691e-11,0.00708976340765804,0.00663683565601091,1.28839792738729e-05,0,2.6955614718652e-32,0.00146769838424821,0.850814547466086,0.03058855087141,1.07151197805326e-06,0.944785179929885,29,"LINC00342"
-7.64995941122146,0.0922194608438796,0.00144670435114121,-0.00364545899945883,0.0121294753284942,-1.31300024732627,0.147647257650141,0.232397926834356,-0.02318684950743,0.0106528776467068,0.00915469380067431,-0.00870876693723303,-0.00236878043163148,-0.00571475074686903,-0.0153889650144284,0.0148973623488351,0.0374138125385284,0.00113668077104512,0.0456969225165111,0.011411962541874,0.315077714523126,0.0412922419618011,0.0388202790984066,0.00144731394525656,0.00237124350737327,0.00199108311177729,0.0021156867969235,0.00217174654693433,0.00222833427303872,0.00254640895009584,0,0.0137070364698086,0.203108673841108,0.936416434212794,0.287839212353008,3.08327905504594e-05,0.000349337683517363,2.14393524154781e-09,9.17486159369015e-58,7.03826897584093e-06,4.2688104357516e-06,3.85030438427936e-05,0.27539346496646,0.010329952870004,1.50900960037704e-09,30,"ANKRD36C"
-11.4774770713974,0.040916108669964,-0.00184463612191468,0.196331892231539,-0.139722729854927,0.0931993907404756,-0.139636534348376,-0.0513044371155962,0.0152277835081025,0.00384047618389599,0.045052706434025,-0.0233409981174682,0.0279835119599493,0.0125600060468426,-0.00833358405777605,0.0613291113183514,0.11005741451353,0.00315126431031989,0.120481424147393,0.108661732878989,1.45145519543089,0.131918270190975,0.115184197279628,0.00728571022034965,0.00987388737259905,0.00970821143856791,0.00877221923199284,0.0106983456777511,0.00929225404805686,0.00984298558682967,0,0.710063670980411,0.558303109137996,0.103194203463962,0.198495285886627,0.948802218087156,0.289823940009181,0.656021957472959,0.0366097967496043,0.697311059342056,3.47263879707529e-06,0.00779584879926118,0.00890484316986745,0.176482799910151,0.39718908525287,31,"ENSG00000291176"
-10.8892988001094,0.162637147043777,-0.000554188253261273,-0.0581520379858106,-0.322575622705481,-0.166677195180949,0.0872411512129632,0.103604300418125,0.0322074640051992,-0.00735949619638108,0.0043546917011883,0.0105741688724373,0.00134716832118182,0.0366425955666364,-0.00308493219933801,0.0478083785380272,0.0765260415709553,0.00220131834392628,0.0821742911992694,0.0952541201225649,1.04106937039166,0.0931381629805416,0.0793242088346359,0.00554838835001581,0.00740210104173271,0.00677138158513588,0.00620814889116327,0.00731591563599842,0.00666899697724283,0.00680447817062127,0,0.0335655648388174,0.801232073528725,0.479152045884849,0.000707969264041854,0.872800796214665,0.348920442929098,0.19152304845372,6.44304513911805e-09,0.320103983280311,0.520157661869537,0.088517096808628,0.853901953036548,3.91888282741528e-08,0.65028382360049,32,"STARD7"
-11.3078545946941,-0.0905980725347739,-0.00260092639041294,0.169317288753538,-0.00875667488425652,0.106038853676918,-0.429947023807142,-0.483743886048815,-0.0192717598391831,0.0247242458095366,0.0294596012793568,0.00165542257821008,0.00170238080952705,-0.00376964664243922,-0.022621814663376,0.0467537317789633,0.106659607571413,0.00312109421806651,0.118507334714304,0.0709551225969737,1.6215636410999,0.133218266106153,0.117995358190203,0.00735526550965202,0.0114466653821283,0.0100436727558132,0.00918843556338523,0.010728327780113,0.009837114830863,0.00991129523852007,0,0.395651442180591,0.404654134924661,0.153076260639089,0.901781287028816,0.947861125577989,0.00124925967786443,4.13711547038719e-05,0.00878959721151696,0.0307763989832111,0.00335541464621513,0.857024052730083,0.87392027960699,0.701566636456684,0.0224641022867631,33,"STARD7-AS1"
-10.9362778449538,0.0238824589858934,0.000201494134734515,0.222536735225636,0.0824581821046202,-3.20510794023547,0.0601549065497984,-0.142156841315293,0.00268382509404197,-0.00697257860127037,-0.0197708945482129,0.0307013519358266,0.00403779173426004,0.0123248752271749,-0.0120492425877979,0.0341060405505313,0.0771851912053646,0.00226024281614226,0.0856715353972256,0.045764884949402,1.15986599084729,0.0967255514308445,0.0866214024468637,0.00570943460385063,0.00866581729367224,0.0070382596926466,0.00663530469716962,0.00773130596806289,0.0070009941972644,0.0073537938221355,0,0.757003860641265,0.928964991086796,0.00938894122189733,0.0715802742455237,0.00572125525255609,0.533998881473413,0.100770770036712,0.638306111773038,0.42104641174966,0.00496863685586764,3.71055273092751e-06,0.601485724563202,0.0783321432196897,0.101315976898027,34,"TMEM127"
-9.89540896795912,-0.0620494416675161,0.00035018474757983,0.0618426628475248,-0.10170017265615,-2.42905154067253,-0.218254415602575,-0.132289931596462,-0.0101932340756261,0.0180392475135957,0.00616021006695794,-0.0128495942040977,-0.00508222972371408,-0.0100855129285143,-0.0200745352512949,0.0223809019167472,0.0494350381772277,0.00140566664565454,0.0526704070690861,0.0364646369505997,0.687405251983534,0.060968987075433,0.0537921095469708,0.00324870253583941,0.00483856779092769,0.00433528822111301,0.00412063650075405,0.00470697865087125,0.00440687663426744,0.00442972270683058,0,0.209416577814793,0.803265167844271,0.240337196847484,0.00528697210539825,0.000409858994492674,0.000343908313565118,0.0139215470944409,0.0017031837888967,0.000192836639549587,0.155332484790467,0.00181865585867033,0.28026586911096,0.0221034608580325,5.84883403672746e-06,35,"CIAO1"
-10.6981906607429,-0.0373557264605975,0.0040444279366816,-0.0131524339985058,-0.239927901458038,-2.50499042871808,0.189254736353393,-0.0184437056581821,0.00543712238218517,0.00447735738958955,0.00151791293585867,0.00634488904760971,-0.00753947917582117,0.0111555093540401,-0.0180449408005046,0.0360157850434041,0.0703657027233827,0.00195825510949883,0.0729868078902366,0.0667005564269756,0.974450940627368,0.0864317669369389,0.0765680439632822,0.00485017926193996,0.00681701575207149,0.00624012943294458,0.00582368835685297,0.00662218750289993,0.00624942229448905,0.00617688070528756,0,0.595502113259241,0.0388925154322109,0.856993286619156,0.000321797220453898,0.0101502407965662,0.0285501186869633,0.809648171787665,0.262281593668082,0.511315048142708,0.807811555233634,0.275934924362062,0.254904278278099,0.0742537757656567,0.00348498068545366,36,"SNRNP200"
-9.87517359152681,0.0924868489990412,-0.000204009220277245,0.0145409443375816,-0.157974784209799,-1.14332622746828,-0.18779967866056,-0.155119298103667,0.00449451080628176,-0.00616906385573045,0.0229918643710735,-0.00412919931223713,0.00441989479303851,-0.00544077227133715,-0.0228721481792703,0.0244343359766568,0.0458344027146147,0.00128531072857929,0.0472044147860086,0.0467868943358278,0.686851561664394,0.0562757628216386,0.0482273901131684,0.00339475859257096,0.00485569720234648,0.00434504226072042,0.00397051665033661,0.00467435743895745,0.00429885372546772,0.00416584563309398,0,0.0436071141903644,0.873886598217402,0.758050341579253,0.000734210146272182,0.0959945857314503,0.000846475748796999,0.0012980300558139,0.185517677776543,0.203913873096275,1.21306006243914e-07,0.298356048949105,0.344372031118913,0.205644411232003,4.01030315529544e-08,37,"KANSL3"
-11.0812794292709,0.0268719866032049,0.00140574855277904,0.030984198144695,0.0178324443831219,-2.15269417517307,-0.237243534823576,-0.434683459332672,-0.0260380410419808,-0.0166594584370925,0.0319475746662418,-0.0129433626763208,0.0156844972453456,-0.00323851873109537,0.0100961973348453,0.0421079119912463,0.0934362292784317,0.00261624248337361,0.0977988855865657,0.060725322275353,1.41001452813153,0.114812505275898,0.102132363065473,0.00656656304801538,0.0103685586497941,0.00865667774140094,0.00797265220979043,0.00943300883181111,0.00857896264499337,0.00857198497168995,0,0.773655181161275,0.591049459111024,0.751383638718013,0.769019657612642,0.126831217455896,0.0387948562194056,2.08042733488193e-05,7.3320142241708e-05,0.108113944122847,0.000223802969384129,0.104488944794431,0.0963675457151334,0.70580549991922,0.238871071822538,38,"FER1L5"
-10.5962580266532,-0.00778806616495454,-0.00395646459248714,0.0229596249066907,0.03446752632791,-0.293075377303168,0.0251211578131342,0.0546571495549835,-0.00311403557105913,0.0180548475796182,0.00978741624646657,0.0126231455005693,0.00333835011922044,0.0148183389554261,0.0142759663062257,0.0314568503316616,0.0691008972853155,0.00195711443636882,0.0725573105276556,0.0448921324449759,1.04806248000267,0.087928749774611,0.0776891927263127,0.0049325739549534,0.00724998086831179,0.00661493373115581,0.00605547221370586,0.00709124326027397,0.00647771296645011,0.00651587243277102,0,0.910263868725127,0.043219697076698,0.751672852962859,0.442614657220165,0.779757240123292,0.775108653849919,0.48172173451739,0.527830917236157,0.0127624399615902,0.138981629196113,0.0371070028994458,0.637804433242467,0.0221615208268104,0.0284552376341231,39,"LMAN2L"
-10.7235080388149,0.0566525482386629,-0.00409430343269137,0.12495615918666,-0.103342315210437,-0.184370504637401,0.0375271244062992,-0.012781076784412,-0.0292214156830543,0.0327334786771267,0.00148382902984585,0.00308864614161244,-0.0282097397498187,0.00723244384430121,-0.0149055226564855,0.0313886848592012,0.073965835914626,0.00205341566584178,0.0780500611295626,0.0471652272959029,1.10552287092311,0.0940219727951258,0.0834739730788521,0.00497038689470183,0.00793941932525911,0.00666685669985756,0.0064172184196669,0.00705485583529393,0.00691803865640701,0.00651509424705855,0,0.443718794719487,0.0461630938014519,0.109382562650736,0.0284467263056226,0.867549276912955,0.689796365001589,0.878307970655389,4.12496061061856e-09,3.74122581437026e-05,0.823871736118628,0.630298987622593,6.37108883668928e-05,0.295816351475614,0.0221465772807307,40,"CNNM4"
-11.3953486248547,-0.0903292025609207,0.00214914843328611,0.183949967340919,-0.31110370907804,-1.75852369063753,-0.188842766911325,-0.319673627485993,-0.0120299262979224,0.00399103193954832,-0.000110092625837896,0.00308541180027218,-0.000823629985139887,0.0191424205986407,-0.0087953432537769,0.0529275466739134,0.101607857351623,0.00288726641613673,0.109732408012615,0.102045586626045,1.4309099846479,0.124762685028301,0.1104013431399,0.00710648413356299,0.0105093571913899,0.00900003036383354,0.00837775202834608,0.00973328878564882,0.00880094383280364,0.00913986973569083,0,0.374004045758386,0.45666231359576,0.0936695759387478,0.00229853893224239,0.219088754276549,0.130123320393943,0.00378483603784021,0.0904916683115713,0.70412368644745,0.990240142282902,0.712659721978835,0.932563572881375,0.0296269851470092,0.33589636823747,41,"CNNM3"
-11.9673453903273,-0.141340342116018,-0.00314513626414795,0.201670978653069,-0.122880620688317,2.55246114217056,-0.285055853372269,-0.204161244569624,-0.0625604067154405,0.0370235558990037,0.0096784568233987,0.0203539341748436,0.0306864368886871,0.00499985829450827,0.0269174652652627,0.0599382924181999,0.124253792790638,0.00348306409056927,0.127398488314008,0.0796931231010373,2.12510154344828,0.1683196819463,0.153388076877375,0.00924241774827672,0.0154761278796781,0.0125114055007884,0.0114600895890677,0.0136151925052185,0.0122786724990671,0.0121399913463761,0,0.255323767039313,0.366536654204217,0.113422946375049,0.123092424301829,0.22971210672416,0.0903530224066246,0.183185333634038,1.29822914257374e-11,0.0167431058052964,0.43918469921914,0.0757211952983272,0.0242063675360976,0.683862127193303,0.0266056218377514,42,"ANKRD23"
-11.6831034051554,-0.0809860613208434,-0.00296404564698951,0.0599892126872646,-0.184037829332451,-0.556035884710883,0.00494552236471163,0.0474108320384639,-0.0108882044513209,0.0560743677910643,0.00402949126130387,0.0105962887595743,0.00620709596766721,-0.00332282241537404,0.0412437182468627,0.0506229455705192,0.102115458837192,0.00283172164689334,0.10482326167224,0.0827395601529899,1.50501882940767,0.132582144212122,0.119116404922872,0.00681713163476112,0.00942937661755033,0.010166507849808,0.00916226979209512,0.0109025297695693,0.00976522575902727,0.00987266434160714,0,0.42772931335322,0.295224506496875,0.567126116130027,0.0261280833199467,0.71178902835959,0.970244552293578,0.690614697240217,0.11022499633881,2.73479272910515e-09,0.691847145573887,0.247471178433288,0.569134782063246,0.733652509623688,2.94643690790967e-05,43,"ANKRD39"
-12.2271998949289,-0.160202510131132,-0.00850466896638021,0.186518779606771,-0.473207294207193,-1.42296401246318,-0.18843093182529,-0.102752429919261,0.0232661478546238,0.00348147032431849,0.0231291158572731,-0.000558468581049082,0.0102110204415686,0.0134160969387413,0.00121523124049978,0.101992327995945,0.147957197233831,0.00434765977631043,0.167044613232534,0.206239378450582,1.73528014291472,0.178561912561542,0.153210582355003,0.00958458310160239,0.0121182857473143,0.012151883182134,0.0110935468285417,0.0133452876135453,0.0117366299521182,0.0127961398796663,0,0.278913838338897,0.050447641095221,0.264173677149322,0.0217642877020746,0.412204840609751,0.291302107551862,0.502436232095714,0.0152051569141482,0.773889772732114,0.056996725584768,0.959850052803867,0.4441878675132,0.252998657520932,0.924339783207833,44,"SEMA4C"
-11.9360291119807,0.285543979405544,-0.00108577827954402,0.12589727913364,-0.162554210265787,-2.18480821764727,0.0592265283483146,-0.416510723987613,-0.0405158145279162,0.00420475545894661,0.0228861467835031,-0.0166694940520365,0.0284211889976237,0.0298717274819146,0.036947562649224,0.0666899608233458,0.149124057741856,0.00423203704705178,0.158000869807001,0.0970103857549431,2.13125160558487,0.183462162129949,0.164228401468832,0.00972017001875482,0.0161197891802023,0.0137929777284075,0.0126060091453041,0.0152018773222609,0.0132531460452049,0.0136561361477964,0,0.0555169590919376,0.797517206424114,0.425559158411632,0.0938092794151569,0.305302237196362,0.746826309539336,0.0112073134648446,3.06986533184763e-05,0.794212564230208,0.0970632576399321,0.186053271008788,0.0615415870356159,0.0242002681074694,0.00681883223782237,45,"FAM178B"
-11.237773508291,0.0823608637539021,-0.000186647701108739,0.208081586247718,-0.0453730709478432,-2.05702213181501,-0.0809695503746679,-0.0499883226324908,0.00262917122254989,0.0125077408960665,0.0316232536554735,-0.0209475197766423,-0.00736234310310396,0.0023399748639915,-0.0382575873549662,0.044183659028712,0.0889406844019407,0.00249118146617166,0.0949368223317911,0.0718209650355161,1.22793011784562,0.109477684177998,0.0950490104575973,0.00597477193304764,0.00840252710547505,0.00797274196954107,0.00738752530675033,0.00864034021978551,0.00796402327953966,0.00783380960403695,0,0.354435521266389,0.940275685315245,0.028394667102454,0.527548646184379,0.0938960201051448,0.459543544705389,0.598942717259744,0.659904187331882,0.136600914757626,7.29598479259837e-05,0.00457502969194529,0.394164424063961,0.768896838615595,1.04139651559018e-06,46,"FAHD2B"
-7.60672913384855,0.0109990918718195,-0.00198741110088991,0.180160954793328,0.0147027978109239,-1.27223839528332,0.0692275809054454,0.228663401666759,-0.0136707530020566,-0.00187673274768324,0.0110659228094843,-0.0138401055092533,-0.00342849135654505,-0.00394125919632727,-0.0113478276004619,0.0242603756265376,0.0590425394125798,0.00188416578621734,0.0752653563067655,0.0119349882158717,0.285494565394732,0.0626147087249611,0.0614732652981383,0.0013824917639165,0.00215930906922475,0.00194081355555864,0.0021336315294029,0.0020389591795761,0.00218730207327229,0.00273458886721299,0,0.852216589297889,0.291518496937548,0.0166804293857643,0.217983754803541,8.34013515893662e-06,0.268894441297671,0.000199442894319657,4.67028911141351e-23,0.384772874541299,1.18623417224021e-08,8.77701148762325e-11,0.0926675977217519,0.0715640474648017,3.32855901150083e-05,47,"ANKRD36"
-10.8275875834335,-0.126952063062556,-0.0025684924609187,0.046453712787027,-0.0583850288860589,-3.4693098039761,-0.030658336593327,0.136725451903529,-0.0780533040885594,0.0351776560445864,-0.00151473545397658,-0.00639173333521217,0.0198342795185392,-0.00826934580953344,0.0123126142078121,0.0385925655614124,0.0851396274014019,0.00238676055925466,0.0952364064787828,0.0306914320035795,1.05958601724923,0.110812833951391,0.10404482931345,0.00483047312234552,0.00834894956367758,0.00668527116719119,0.00656820552765677,0.00734608049724024,0.00708357712827126,0.00726811551713061,0,0.135934118057759,0.281863908192339,0.625710897639241,0.0571288900170753,0.00105956890530218,0.78203524319563,0.188812095896477,9.89053360668049e-59,2.51529371798496e-05,0.820751891159166,0.330487523619692,0.00693433864219828,0.243050132198414,0.0902541322886803,48,"LOC100506076"
-9.17966918441836,0.121323535136422,-0.000906550681957217,0.0127334441575012,-0.0879722854780891,-1.13159897825511,0.150770527698788,0.292097360337161,-0.0934806251788739,0.0312550598852909,-0.00938184674919028,0.00374791517580397,0.0144036850132142,-0.00249369020894848,0.0111458887718644,0.0297066070290755,0.0714957978732563,0.00216041951269306,0.088953197372595,0.0164500471368147,0.598996489387385,0.0798682066671748,0.0780251518436421,0.00284163836367128,0.00504168469172539,0.00375701123541639,0.00404016718583221,0.00405783677323523,0.00433345418540945,0.00476071690636878,0,0.0897094436103032,0.674764615599005,0.886173546578293,8.90081421694641e-08,0.0588706677114656,0.0590606630696461,0.00018138012444764,2.44729261572714e-237,5.67045475091594e-10,0.0125193529314025,0.353582206109236,0.00038582137558815,0.564986373125282,0.0192208033734397,49,"APPAT"
-8.37101313528758,0.0395164989186349,0.00836661634599935,-0.0392114095134434,-0.0386723825944681,-1.79672119470466,0.267981372443287,0.196790121501684,-0.0249561783462825,0.0124140960959372,0.00471417176459163,-0.0115812303444046,-0.0128260417522016,-0.000284948129948303,-0.0117981007180741,0.0407456952565513,0.100172615858972,0.00297967675222556,0.125609759586274,0.0149551945699861,0.3856802944846,0.104354716249851,0.101547903534409,0.00180655980774504,0.00280779892271424,0.00271866251409997,0.00302225969440893,0.00276288268490357,0.00306661524788202,0.00386107167914401,0,0.693223702850258,0.00498666444507407,0.754912474462644,0.00971299098914674,3.18403328117509e-06,0.0102291507557493,0.0526348961610312,2.09266350666065e-43,9.8112936857868e-06,0.0829173675379578,0.000127117504730457,3.44605551912663e-06,0.925967572447241,0.00224569933199909,50,"ANKRD36B"
-11.3364582665562,0.0841183241220051,0.00242375519405189,0.158498501566401,-0.135962394589333,3.92754132216375,-0.0159800966951186,-0.35346969184212,0.084729940668171,0.0292181990590288,-0.0106374784065017,0.0070095072035275,-0.0109936932649892,0.0201463507120261,-0.0168673493629809,0.0583917374020713,0.096463435578241,0.00285810870443681,0.109551053928204,0.103152133026634,1.11248648733517,0.113245779636401,0.0967362429581173,0.00648231557034478,0.00749129850524312,0.00752342552985844,0.00723523125629368,0.0081054318733824,0.00744963294395198,0.00798601574958652,0,0.383195888905123,0.396422574954685,0.147952852823444,0.187478065931613,0.000414905009658058,0.887783150360275,0.000258233488883345,4.82670800329816e-39,9.60795242904949e-05,0.157387087613059,0.332643940808649,0.174992120643279,0.0068439934414459,0.0346769549380293,51,"COX5B"
-10.5358555644679,-0.124039616302456,0.00122603599050628,0.0717383532379677,0.0427190694044997,-4.18802041932472,-0.0535308484784506,-0.00414557732235943,0.00537059372212174,-0.00241881943618622,0.0066248101909153,-0.0167721080677294,-0.00564371081137241,0.0158375758859998,0.0057397352161232,0.0297978062373506,0.0627525211981954,0.0017760739447368,0.0651753673844487,0.0437961551118795,0.904725750646195,0.0783351674816656,0.0695725811689155,0.00447458610199401,0.00638749238969107,0.00583118932234633,0.00543104520972924,0.00618677375143025,0.00565797404749608,0.00581337609129567,0,0.0480814851069648,0.490001248027197,0.271028406186053,0.329358490495254,3.67347692983488e-06,0.494381579279323,0.952485077002667,0.23004471293654,0.704925062966035,0.255915001972921,0.00201378605636849,0.361651891707546,0.00512357075951076,0.323479657491513,52,"ACTR1B"
-11.0508310855074,0.0699146520010312,0.00437136272079383,0.0704586088255051,-0.109123123445008,-1.8491558865676,-0.152034071703187,-0.206541928738276,-0.0415542841372471,0.0284707814308273,0.0053817445414842,-0.0503727925125905,0.00940954975730409,0.0169372052803543,0.0123150433740317,0.0431816913000277,0.105065500827101,0.00299693544458994,0.112941280986781,0.0572931804750387,1.42977106114366,0.128102333276814,0.114335732798891,0.00631491059558978,0.0103496763542495,0.00898050867407103,0.00878773253128725,0.00973532157684178,0.00924807385158362,0.00931856143362339,0,0.505769928677946,0.144672230479434,0.5327249905872,0.0568263379537351,0.195899347659394,0.235299673692086,0.070847880640698,4.69361014804224e-11,0.00594342941331027,0.548993213107606,9.91527711393931e-09,0.333775477773074,0.0670363000811086,0.186314520094954,53,"C2orf92"
-8.67057404495284,0.0263529370846224,-0.000265903585027639,0.0146097581706309,-0.0431745740720977,-0.123949236788313,0.13974501796239,0.0198213941757706,-0.00200276691555972,0.000401418561460607,0.00155637714245314,-0.00129797831402749,-0.00651961366384475,0.00412645918878491,-0.00428409929187273,0.0147136750151117,0.0344564044471082,0.00100835675303875,0.0387543794875032,0.0209797979267476,0.442579270799092,0.0411269703883454,0.0367012526256108,0.00210981069027299,0.00320891856290254,0.00268548211657014,0.00262435076103076,0.00292293434683539,0.00282502993987784,0.00292973646153474,0,0.444378912336236,0.792011164886194,0.706185933081292,0.0395985991738882,0.77943062969066,0.000679071362198137,0.589145965339287,0.342486459395328,0.900448614525881,0.562216616843181,0.620889381904587,0.0257140722722322,0.144103818986245,0.143664098653061,54,"TMEM131"
-8.27998421052112,-0.0373052862671977,0.000437714756420371,-0.00572460187993192,-0.0168324430077531,0.551233016099488,0.0163814728510858,0.00340678977186536,-0.0124797490340746,0.0221057961137435,-0.00501558417744344,-0.00256893743848635,-0.0149192373194862,0.00584134035867499,-0.00652945675411809,0.013956293097264,0.0344923260058481,0.00102463338328607,0.0402495541772282,0.0155749155889722,0.388499370020271,0.040127574811817,0.0367333539094605,0.0017946351701301,0.00280378528297054,0.00235495588743707,0.00240434910921424,0.00256477144256286,0.00255646179669756,0.00275876440540497,0,0.279451100385708,0.669239791863141,0.886900145630371,0.279812535153065,0.155934732128542,0.683101294712038,0.926107122422122,3.5527364466147e-12,3.16383237288821e-15,0.0331881592667092,0.285315579246639,5.99184730959992e-09,0.0223168384374672,0.0179423947134613,55,"INPP4A"
-10.8769657725463,0.0680888023236545,0.000821894335125038,-0.0722453148671479,-0.0651265093242783,-3.4173185507948,-0.104150125688353,-0.250387452845675,0.0192440830039178,-0.0286737214592906,0.0164918358029056,-0.00893591695868764,-0.00500929339810416,0.0173359221489569,0.000674605957361439,0.038465715983439,0.0675723241005342,0.00186765803621626,0.0681481592906324,0.070012691851142,1.0026551876421,0.0830173156396883,0.072158029238091,0.00539674730274648,0.00726859518246468,0.00652802435621477,0.00585990188641557,0.00686966064036017,0.00625595090999691,0.00616973015087361,0,0.313625714951142,0.659888711442857,0.28908942109656,0.352262341341567,0.000653764220728696,0.209638872312445,0.000520482765113265,0.000362655294337796,7.98406063129088e-05,0.0115266583703378,0.127277546886043,0.46588495272443,0.00558657145598493,0.912931836304838,56,"COA5"
-10.6585051501013,0.0873981542707267,-0.00111041617133422,-0.022169222818965,-0.112994588091684,-2.83099045905118,-0.201154387260943,-0.257142847591825,0.017726057696814,-0.0143306744406084,0.0299718355238177,-0.0263123482559129,0.015240574164306,0.00380234020325691,-0.00916598488894064,0.0364834958523183,0.0627200142153531,0.00172746184298682,0.0636230487877063,0.0683948707128936,0.912370710926526,0.0762135584168751,0.0655537802912077,0.004752284720811,0.00640869240992996,0.00609797731211101,0.00550910027543243,0.00650520271382045,0.00583352252662046,0.00570976289463254,0,0.163479175240082,0.520352493660149,0.727504954999464,0.0985158889100739,0.00191637660465571,0.00830647496114202,8.7589700831405e-05,0.000191474063533688,0.0253432049068735,8.87618738597599e-07,1.78673621952163e-06,0.0191381791614903,0.51452464729092,0.108423849942456,57,"UNC50"
-8.68649140808099,0.0390547002783654,-0.0022635549785242,-0.0497688267171504,0.00133523927844152,-0.342727080473035,-0.0603295500177605,-0.00867150766091489,0.0132256774445528,-0.0119354447734405,-0.00226271458213184,0.00790636424876022,-0.0138328765074792,0.0195159113800296,-0.00633917970327387,0.01431803570455,0.0333442203439545,0.000991239892202691,0.0366199464674348,0.0230950668907577,0.483002309398933,0.0408063688108246,0.0351316780189855,0.00235354807319776,0.00355262684558765,0.00284264801992937,0.00274305706778521,0.00303558968891277,0.00291106207295563,0.0029944753749068,0,0.241494901935754,0.0223974497247344,0.174126518726374,0.953896059350664,0.477966806637827,0.13929147387542,0.805040770705742,1.91551362572233e-08,0.000780522458557828,0.42603883236359,0.00394760433615603,5.19142992577326e-06,2.02718133300548e-11,0.0342633812356397,58,"MGAT4A"
-7.79072336290275,0.00108209773774589,-1.38633015484732e-05,-0.0428209029126495,-0.0295228879635679,1.6799424637217,0.0383772447340377,0.0124236979295193,-0.00125724654560749,0.0106007100463464,-0.0120418410336009,0.00947780270913814,0.00138241465548901,0.000725544577343241,-0.00487151643359947,0.0172867302343651,0.043519875134645,0.00134749995557198,0.0533796353811432,0.0152802320112606,0.378695844979168,0.0479521357357368,0.0449038225840572,0.00179880443241372,0.00278990825832662,0.00232896411095819,0.00248760748952042,0.00250831126244078,0.00261930052810459,0.00295339165913826,0,0.980163083646887,0.99179137699309,0.422439883163295,0.0533475544616663,9.15922726946264e-06,0.42352310555619,0.782030818824613,0.484592941675718,0.000144893224221713,2.33504904035933e-07,0.00013896268524692,0.581542082975242,0.78178059539936,0.0990523897820529,59,"CRACDL"
-8.70357578569143,0.166531536775278,-0.000367850018202673,-0.203024468211118,-0.102828704418397,-2.49017516948379,-0.0909192505907351,-0.0640416127967939,-0.0387712363841991,0.00304010435032903,0.00264049110810252,0.00732292447114067,0.0149211816699429,-0.00803778156444636,0.00779804182547314,0.0213992307787422,0.0536570370446469,0.00162939308118882,0.0646723693155363,0.0205598637059072,0.53897012662162,0.0612855127875707,0.0571240862015615,0.00247471833367693,0.00423148807078903,0.00335528104655594,0.00344148808622751,0.00373152738767782,0.00371224665575077,0.00407560469290763,0,0.00191162871123203,0.821388931241534,0.00169365386394055,5.6906840533916e-07,3.83283267686273e-06,0.137932119305121,0.262246790645244,2.54586741210143e-55,0.472481069160048,0.431301943480609,0.0333506297261496,6.3696893045929e-05,0.0303718546704875,0.0557037759953575,60,"TSGA10"
-12.4649262896915,0.261652750108517,0.00720742869232622,-0.219700334809992,-0.270404849767227,0.677929469189278,0.276743412318255,0.133539370941995,0.0321375296500643,-0.00975421748757706,0.0197068934423262,0.0169175998328133,0.0124974513505562,0.0314616404215005,0.0181490189948506,0.0977055981997998,0.151963104193466,0.00410845417656692,0.147633763395957,0.189878471175011,2.23938168445371,0.187906421565612,0.15996055813361,0.0115882756151506,0.0154366640146789,0.0150705007973104,0.0130148319836568,0.0159838423023138,0.0140757095827806,0.0139114448845694,0,0.0851025620402056,0.079380469282522,0.136712858263235,0.154419174276424,0.762095139113227,0.140812386913635,0.403815198588167,0.00554943984377666,0.527461134666644,0.190993106175298,0.193645260582917,0.434284925890523,0.0254060194131713,0.192025463839912,61,"LIPT1"
-11.4153603423934,-0.00855773732745459,0.00020752515415871,-0.0325430839541029,-0.061764113808411,0.998559183005283,-0.282738436627435,-0.211995260690866,0.025146758140263,0.000679543909359657,0.0088441498259829,0.00199623797592792,0.0172641051849743,0.016479895792699,0.0220865597836799,0.0541315207768232,0.100910789164703,0.00291564954686447,0.106159879541462,0.0969222806487475,1.48089725196964,0.123325737931742,0.106003145845806,0.00755401936790504,0.0101465814946392,0.00945345567342823,0.00852769300878335,0.0103101278475986,0.00905163926846833,0.00947470440820622,0,0.932416435358314,0.943257441430864,0.759187545095706,0.523959390088323,0.500124825033779,0.0218701800465842,0.0455115019849558,0.000871821175358479,0.946603440487675,0.349506597242172,0.814915990389322,0.0940362578884812,0.0686595939041029,0.0197476625603015,62,"MITD1"
-10.7112101904559,-0.0751552405644541,-0.0020853599923999,-0.0438332407311564,-0.182795966200814,-2.18663747555783,-0.012950741558113,0.038650295617097,0.00316039814317656,-0.00298991294751578,0.00946649645077985,-0.00425696724053658,-0.00943588961755936,0.0133826125556265,-0.0039261751333652,0.040318821167655,0.0823778463081175,0.00237412982725669,0.0899156753826076,0.0702154249289109,1.04310807445187,0.0992737862513278,0.0874901172432518,0.00527565079613222,0.00755030810079763,0.00669352328732215,0.00629212998721717,0.00722874559592654,0.00666884043685105,0.00709429069253348,0,0.36159847583918,0.379743970219976,0.625909172535273,0.00923152015493508,0.0360581348806635,0.896206615810277,0.658657415424717,0.549137073611577,0.692105913482083,0.157280569070177,0.49868881912665,0.191780920603148,0.0447776149478349,0.579970753892859,63,"MRPL30"
-11.6236179406281,0.0390215640016214,-0.000902823498633436,-0.0035683624653676,-0.121360751219733,-3.01602205542932,-0.214867239327392,-0.191024893381462,0.0158210160878806,-0.0184930191335296,0.00621080341703463,-0.00843670777818993,0.00598368146101306,0.00103443484218041,-0.000784444235421727,0.0569230127843424,0.102163507471888,0.00289045499704887,0.10643673460199,0.108400571519322,1.5128940785142,0.125014598042964,0.107487729357038,0.00797853362356963,0.0109543374943564,0.00984788851506221,0.00893934809420228,0.0105283017066802,0.00954102296660055,0.00952319176995181,0,0.702496910540191,0.75477720536847,0.973255398442728,0.26290206676838,0.0462018278713923,0.0856622364139296,0.0755388577059808,0.0473732551110576,0.091374479837397,0.528253956590653,0.345286094772587,0.569802416338043,0.913662775367497,0.934350910902915,64,"TXNDC9"
-10.1062286169944,0.053406071600196,-0.00100596411455436,-0.0281895115486566,0.011520040676204,-1.86069697442546,0.0961499212255146,0.0706228132658632,-0.0139852918268774,0.0175870085941865,0.00457534331780835,0.000108433556409697,0.00489238998992206,-0.0102666712650366,-0.0161954435943415,0.028767882345887,0.0701707675717091,0.00202142522914503,0.0784719455659974,0.0335992279827506,0.85067573095487,0.0839117548556082,0.0751949131011826,0.00390881433799587,0.00610607634902721,0.00533501133475034,0.005205188464505,0.00590977080211394,0.00561961237883117,0.00587472541370406,0,0.446604997278975,0.618730110565954,0.719422706377191,0.731699097013003,0.0287194345794418,0.251859013261174,0.347629769682146,0.000346384549768401,0.00397363624593869,0.391109482358917,0.983379813441722,0.407756773839955,0.0677094166528555,0.00583700237949529,65,"EIF5B"
-9.21578050432876,0.0283967199366661,-0.000402079229748825,0.0364853042901975,-0.062298377158131,-0.0612335167742644,-0.039802550085298,-0.00913998959786357,0.00320594785371427,-0.00622742742400574,0.00159678934590918,-0.00615893272882972,-0.000643305285075538,0.0127155376556648,0.00246924168317975,0.0198065696225963,0.0449305055203849,0.00132063349134475,0.0504956264934055,0.030316836377503,0.577190525957489,0.0535174085842397,0.0472158907570265,0.00280557623799654,0.00420568029675432,0.00354227661803516,0.00341018081892211,0.0038606367430698,0.00361571966146496,0.0038608348712058,0,0.527377562999169,0.760777948746497,0.469960176895058,0.0398876763660042,0.91551180588462,0.457039295751431,0.846505796781969,0.253160817994307,0.138681677906909,0.652147732264729,0.0709116446006867,0.867659681970071,0.000436885278453901,0.52245766143358,66,"REV1"
-8.29730604171157,-0.0616826940642893,-0.000436850651272374,0.0382845759136879,-0.00153264653564889,2.26889581254201,0.05511820730428,0.00235478073879699,-0.00862967776232134,0.0157088287259157,-0.0187687223129049,0.0185315213501582,0.00206279606288852,0.00205824224473643,-0.00816780400250315,0.0208798558913208,0.0547758856396096,0.0016660089856201,0.0657078625758591,0.0202049835736447,0.56954369629565,0.0621104331265482,0.0567539326327326,0.00261625139516697,0.00427261279892749,0.00336627607644844,0.00358163419899137,0.00361967751555073,0.0038606900058927,0.0040907173577954,0,0.260126522308422,0.793156566390944,0.560130068239195,0.939534556633376,6.78482158326423e-05,0.374851374864863,0.966904421003214,0.000972065146941057,0.000236332768999202,2.46798826779069e-08,2.29084809457038e-07,0.568756422205089,0.593944923413064,0.0458612723031532,67,"AFF3"
-8.16328191738543,-0.0376545668406872,-0.00049397447771195,0.0346991888728626,-0.0272885131000486,-0.291175530240905,-0.00260777505166058,0.0536210997215076,0.00943318531360274,0.00565548513431723,-0.0219947845824508,-0.0154728272654582,-0.00644064751349155,0.00608596755675874,0.0121147520784883,0.0179038438751889,0.0443011314067978,0.00135394130165349,0.0540328558824072,0.0176636133190275,0.390155374847562,0.0493545331537544,0.045713772552888,0.00191710061187775,0.00291424479006021,0.00243502903445576,0.00258801760528855,0.00263442507080589,0.0026869093039732,0.0030484479639178,0,0.395342591614206,0.715229447738372,0.520751877863886,0.122370496153692,0.455482227023717,0.957861303334738,0.240805942095503,8.63022924404376e-07,0.0523025782911901,1.67551601643961e-19,2.25007288101857e-09,0.0144931710053752,0.0235099850563048,7.06541521265778e-05,68,"LONRF2"
-10.5950444618212,-0.0805822133255106,-0.00179561046517506,0.0948030285971806,-0.00823067038770767,-3.5231734045307,-0.153803549394339,-0.191460517822407,-0.00349651901475373,-0.0103891841288686,-0.00672532033856171,0.00243294023160944,0.0162785662493501,-0.0227052501269586,0.0309997013319782,0.033340447960572,0.0756337024593221,0.00223685292930676,0.0845567880610433,0.0485559244947228,1.04396317125033,0.0929197140168913,0.0825739991422094,0.00511289527860613,0.00763243414382798,0.00662599936423128,0.00621735354648218,0.00727553239857622,0.00662910064732159,0.00703455326942899,0,0.286682596676727,0.422125249131402,0.262213017945677,0.865396226074627,0.000738676840666092,0.0978777403572142,0.0204138148476917,0.49406178980834,0.173454022089118,0.310110792640036,0.695564825359539,0.0252576053007209,0.00061460132161235,1.04920536051187e-05,69,"CHST10"
-12.114192503609,-0.0811333691537898,0.00259440361705849,-0.137136036574333,-0.147201640463192,-5.14907029023834,-0.256620422066757,-0.34658815042929,-0.0163149640003176,-0.0256606134595164,-0.00559185860227927,0.015663419841111,0.018772968700995,0.0343072436091613,0.0530836672821218,0.0722306511585696,0.151811309623856,0.00446592124281943,0.161631598994356,0.1202840390671,2.19813664424828,0.191924943516808,0.169718592338824,0.0108904624800034,0.0167245210708091,0.0140445150340943,0.0126337805490589,0.0151790210574431,0.0130005921068974,0.0144622416611734,0,0.593040190534637,0.561285219180475,0.3961884181872,0.221033853445513,0.0191565472433961,0.181194112366179,0.04113821621331,0.134108173745445,0.124953207758725,0.690517786010428,0.215047658795173,0.216172217690648,0.00831758685547879,0.00024207586310244,70,"LINC01849"
-7.68769690395636,0.066003122313862,0.00212270768561104,-0.0621873399139669,0.00576511999705748,0.944256672295198,0.0231929637904692,0.00806206408830997,-0.00419757790804189,-0.00179756258537584,-0.0038644576659361,0.0323208706506816,0.0188611654486234,-0.0225781991074369,-0.00158756053196576,0.0244135340211254,0.0612293842517888,0.0019280201389672,0.0763889135310356,0.0151079683684582,0.411663227089166,0.0654144953743755,0.0631139717760546,0.0019536742368385,0.00311608189826166,0.00259333072822513,0.0028453819039161,0.00276773943735596,0.00297335900890505,0.00350949638242357,0,0.281049455153582,0.270906248245667,0.415594224333301,0.702762048482381,0.021804284222526,0.722923825148471,0.898356171789651,0.0316696369386721,0.56402978832525,0.136184203646088,6.68583114208288e-30,9.44959348087058e-12,3.11380232236454e-14,0.651008683606963,71,"NPAS2"
-9.78173539723027,0.295405374038623,0.00164977942912572,0.074084022921151,-0.0199091540764173,4.08196247067337,-0.103736679181052,0.212183230153295,0.0217015894944737,0.0791694021169259,0.0148102975837363,0.0097311061962475,-0.00351147347228021,-0.0333174075580738,-0.000641544393522565,0.0494301130961692,0.120584244276951,0.00376221305769803,0.153415099746635,0.0370528840469111,0.81968415056939,0.129320365061216,0.124113419045328,0.00387801143945842,0.00585422940807757,0.00541672238697806,0.00568857918013692,0.00605787623201142,0.00590614403944562,0.00733104554379102,0,0.0142941863132826,0.661014430252565,0.629167337698336,0.591048486079547,6.36101712952034e-07,0.422455692193762,0.0873414625257812,2.19276277472546e-08,1.13709041220162e-41,0.00625357227091468,0.0871477489666908,0.562147826888017,1.68924249101265e-08,0.930265638560406,72,"RPL31"
-9.37659959469534,-0.114156155266134,-0.0026695077280485,0.0307336104817213,-0.0208490381282913,-2.11424833004315,-0.12941664853683,-0.0007561590361293,-0.0162150104604858,0.00595819591059677,-0.00232077729877508,-0.0212512284683254,-0.0035660462898037,-0.0404348975257365,0.0394637148215946,0.0272000615073306,0.0680175406068603,0.00206640140756098,0.0817856394916255,0.0281091109258613,0.708460294755854,0.0778994944046797,0.0717379279684138,0.00328629322317851,0.00516779720414783,0.00435260025324495,0.0045061856501916,0.00476702156125887,0.00481135204251076,0.00525316795243477,0,0.0932819018964534,0.19640455853733,0.707078613326306,0.458258112654366,0.0028424070240832,0.0966474933679218,0.991589993386768,8.05072399414795e-07,0.2489321687224,0.593899778006344,2.40511504121749e-06,0.454420407177766,4.31297363876973e-17,5.80686331799624e-14,73,"TBC1D8"
-11.3513107730314,0.206140369460444,0.00342067038768729,0.0962310290014953,-0.047343515732398,-4.47217089725651,0.18868093910515,0.0751511044942741,0.0053024745393624,-0.0235244902324255,0.0235632589633147,-0.0268850784266821,0.0058937896050956,-0.0102414266096672,0.00330220909482797,0.0468010944232995,0.0928189291732461,0.00252435945997215,0.0943728067682142,0.0777139476218511,1.35014762353038,0.114250265224554,0.0994974489363572,0.00667956449254436,0.00959126926370795,0.00885819723507436,0.00814632513210501,0.00948285696284976,0.00868223038048011,0.00838729207837435,0,0.0263586040500788,0.17539694503972,0.30787539687446,0.542390355150331,0.000925134166265403,0.098642545914297,0.45006489101618,0.427291279631295,0.0141789187104232,0.00781287533855929,0.000965915983852357,0.534257238058781,0.238165408589407,0.693790902721454,74,"CNOT11"
-10.2515869532184,0.00657212109230578,-0.00182435900301608,0.0111844829724582,-0.100250387020755,-0.438140690946901,0.0247695460808102,0.0156231329990183,0.0125728969327437,-0.0133645727455031,0.0169210820755832,-0.0270330840423262,-0.00778886362357894,0.0117431949557502,0.0296201843382838,0.039636586029876,0.0876105356987964,0.00260002900619446,0.101440860125804,0.0585094023165764,0.891381566551705,0.0987647173866904,0.0891941297654414,0.00454955758360808,0.00627881811729702,0.00577821054242212,0.00567612131888997,0.00637140260201068,0.00598266612673955,0.00675954415587796,0,0.940202625067077,0.482885789794141,0.912206198925745,0.086637791434357,0.623051710897246,0.801973791285406,0.860954889554853,0.00571775996443266,0.0332942203157146,0.00340679107481496,1.91116330795233e-06,0.221529047210578,0.0496612990281563,1.17605843866172e-05,75,"RNF149"
-12.1924104120353,-0.0801227167203272,0.00266117220281818,-0.347897062211997,-0.091169905746228,-2.53615944566227,0.557540307720745,0.113398090986865,0.0228109649104359,0.0073681171812109,-0.0250851752614973,-0.0489580023079469,-0.147188007799056,0.101301035229243,0.0812150164721217,0.0761190361342549,0.166915468541403,0.00478751178264924,0.178650887385923,0.102100211740328,2.01623654480264,0.189391775090852,0.175931693904981,0.0102100330752813,0.0143779523261353,0.0118303401056208,0.0130373647838394,0.0114245927557634,0.0133048132187683,0.0134237612697712,0,0.631213369841903,0.578308577740238,0.0514919453706031,0.371886458263436,0.208439495467235,0.00324160767395792,0.519213990699432,0.0254717909077829,0.608329510503069,0.0339714570596174,0.000173198335756892,5.57952484784176e-38,2.66021202876976e-14,1.4476141255155e-09,76,"CREG2"
-9.92086121873496,-0.0324477032986055,-0.00107439998686598,-0.0289085427608154,-0.00875659286518276,0.775921812597765,0.200054403458572,0.0930367301699163,0.0301958634588047,-0.0327206402559019,0.0400573437628367,-0.00621981646478885,0.0112198964962554,-0.0047181291100979,0.00747891047958586,0.0325925081362928,0.0668219456873238,0.00195724528102184,0.0758261823764123,0.0506341913428507,0.77772219835678,0.077525303805936,0.0686693761288542,0.00406093365550647,0.00559974777878972,0.00495509249058721,0.00462353888695902,0.00542950294889255,0.00508174260005815,0.00542059314203604,0,0.627261764757481,0.583050216132261,0.703019603030959,0.862699896770351,0.31843210343913,0.0098656040567079,0.17546523231078,1.0401971469845e-13,5.11968210753816e-09,6.26373178936958e-16,0.178544460102676,0.0387842692902175,0.353175703367722,0.167672320794378,77,"MAP4K4"
-11.7200875977111,-0.0356619128679251,0.00138734189545534,0.17865300276722,0.0593985775645787,-3.11263951599493,0.288115322192847,-0.0900184703795647,-0.0129343838672359,-0.0139127798708809,0.0365293453984125,-0.00864895834898266,-0.026927153073236,-0.028546275047558,0.00244292822844602,0.071325951181421,0.179409008015152,0.00515439917223055,0.203691188397697,0.0867978847347966,2.14542991053622,0.211996105957806,0.18797271361036,0.0102335120741559,0.0154117180544561,0.0129658825955537,0.0132461079186326,0.0139675862032822,0.0148473525194424,0.0145493464039368,0,0.842439244260325,0.787808976455573,0.380444426205005,0.493765489992567,0.146829094100143,0.174127734463019,0.632016061964628,0.206257224113564,0.366663711819799,0.00484227028772911,0.513792787362571,0.0538760845837588,0.054523912416163,0.866656923176509,78,"IL1RL2"
-10.2662105448386,0.312500257833849,0.00163917080328748,-0.202433425384772,-0.0411430415053426,-2.85210918426837,0.138557382309339,0.167590114784497,-0.0147408333665028,0.00163315045038684,0.0231941490619913,0.00687393734181933,-0.0330358593933727,-0.0309330386522335,0.0378346936069405,0.0319952074556822,0.0828306581689195,0.00241449856809917,0.0902290791320713,0.0449451375698135,1.12164091924,0.100464127330839,0.0877768493489915,0.00500528013519984,0.008159369009204,0.00690395728457741,0.00673761727968963,0.00741248924028618,0.0074092851456125,0.0073799804954261,0,0.000161451077886068,0.497209695880641,0.0248613873011634,0.359978612563958,0.0109967970217826,0.167841511362254,0.0562266685600583,0.00322895574319279,0.841358214729707,0.000780711856966167,0.307618121570119,8.31985693180099e-06,2.98114485910539e-05,2.94918344859016e-07,79,"SLC9A2"
-10.6729708717426,0.071330854661681,-0.00809461070396022,-0.158593719088744,-0.0040159193369602,-0.670239170128604,-0.10408281422511,-0.0656823773026115,0.00459677630950164,-0.0237831656663255,0.041121019420182,6.90894857059561e-05,-0.012235602130704,0.0346328422918661,0.0991395053745973,0.0589669433898415,0.139421945213396,0.00431904773688716,0.169015329423437,0.0757179221355122,1.6045774823617,0.160190346031473,0.147216258057088,0.0079608361358018,0.0120942221457544,0.0099239955374574,0.00967869530972135,0.0108705253648367,0.0105546347042855,0.0120223123107431,0,0.608917994235725,0.0609076035537678,0.348070089982465,0.95770171294561,0.676163211334904,0.515857201846205,0.655479851256282,0.56365319556759,0.0492420481789995,3.41903169636264e-05,0.99430450447693,0.260345044208972,0.00103332572918685,1.63384287257189e-16,80,"PANTR1"
-11.3120242300382,0.0600917404867079,-0.0127807940897241,-0.310037650629968,0.0631929301819602,-2.52526592273368,-0.58982987700418,-0.206496046759788,-0.015081265994385,0.00530285984045592,0.0611872779151605,-0.0378387161206961,-0.0152582685079856,-0.0138936455377039,0.0527723454089405,0.0718781058600264,0.178481636624688,0.00542569707410701,0.208283689598987,0.0850413421993789,2.03246378855403,0.209070615357063,0.185799093115522,0.0093427461596671,0.0144666654097493,0.0129920973155501,0.0128359118466979,0.0142932756714567,0.013895878360275,0.0153134018010018,0,0.73635584777225,0.0184926164253455,0.136609746760035,0.457430331437213,0.214064900821961,0.00478444661543778,0.266398679280296,0.10647929090506,0.713949365660963,2.48231872161991e-06,0.00319962183081237,0.285739901789585,0.317388274965906,0.000568625589870211,81,"ENSG00000269707"
-11.5546428102806,-0.0308638013984312,0.000329376018762585,-0.379056122766579,-0.16108214467462,-9.50694998048433,-0.371832692410503,-0.295988826584924,-0.0479133219070791,-0.045880479167235,0.0308403084704419,0.0136023931545704,0.0559307468467101,0.014981688435198,0.0660839040418186,0.0732047221627565,0.179170775316952,0.00554390484286067,0.198625521398386,0.103120221608356,2.45436471350049,0.214082357589985,0.192801102482975,0.0108090923340882,0.0193292957887654,0.01461346840148,0.0140233495667405,0.0167929325151013,0.0149580039267534,0.0161330157003108,0,0.863233815640206,0.952623733469718,0.0563400715134823,0.118268895038028,0.00010728910181115,0.0824105585507181,0.124733977206438,9.30659701854559e-06,0.0176144804659457,0.0348236528998486,0.332055588982707,0.000866552157361495,0.316544841468121,4.20004536426138e-05,82,"MRPS9-AS2"
-10.5233705798497,-0.00960504596708682,-0.00368417275306871,-0.175982104084059,-0.216364109662597,0.659070875463963,-0.0535275324332364,0.073701267541405,0.0168333482301714,-0.00960932969440334,0.00742328528556487,0.00529284208613111,-0.0213832369618245,0.0179797567228123,-0.00983682330528436,0.0387161589483807,0.0730358337840664,0.00211045809562115,0.0778183538104237,0.076536383551587,1.05101679672213,0.0896558055403017,0.076846874521869,0.00534767646536504,0.00763242443159625,0.00637137956717673,0.00604302950085527,0.00671893583148023,0.00656991465873578,0.0064806261212083,0,0.895370755832821,0.0808675390675148,0.0237315741961085,0.00469944697971538,0.530607256310288,0.550484917435648,0.337525215553336,0.00164511334475573,0.208025252392729,0.24397909165975,0.381106662942528,0.00145992731370162,0.00620625546118097,0.129044243071144,83,"MRPS9"
-10.9592421479678,0.0934011028982649,-0.00177108710559013,0.0304016444853601,-0.0593079449749976,-1.14178285418629,0.00634515629475645,-0.0702216483809658,0.00324450607176028,-0.000181764043508901,0.00672808261203367,-0.00751826397112608,0.0091793158736966,0.0125864699364689,0.0118787868734119,0.0383311497544485,0.0782410690549576,0.00217158696828673,0.0803205175887775,0.0644628890235507,1.17798613319234,0.0969271117287929,0.0848148855113206,0.00578234979672666,0.00827982214847743,0.00751837174807032,0.00689823610265404,0.00803820364139271,0.00730221304286453,0.00727245438923413,0,0.232571641089951,0.41474455329384,0.705056155384503,0.357555840485021,0.332412087642952,0.947805227010933,0.407704399765428,0.574725878575853,0.982485725689858,0.370848245281078,0.275765087560134,0.253470189376774,0.0847707885118121,0.102386056726686,84,"TGFBRAP1"
-11.4498271397416,-0.166520195456092,-0.00188583868322321,0.0901954023818065,-0.0442754010665287,-1.2997420430703,-0.0617357561914314,-0.147026148288552,0.00640960405038508,0.00328963170770774,0.0139419018381495,0.0059300078887364,0.00093103225532355,0.0124390709406018,-0.00497492538458546,0.0484129561423828,0.0931880974287123,0.00259708678083089,0.0956138058965427,0.0820548438477358,1.42802170371446,0.117259797518144,0.104848271216692,0.007116694320035,0.0098411372666934,0.00914808524282732,0.00819302953302721,0.00970120134326807,0.00881082634512075,0.00868087418024923,0,0.0739495167996499,0.467755289109485,0.345511970497753,0.589484624029977,0.362733036699837,0.598549898813726,0.160833032468237,0.36777793031564,0.738173161648768,0.127502705796214,0.469196539912815,0.923543747221852,0.158010653350717,0.566583508112528,85,"C2orf49"
-11.0368522868587,0.0370249215861206,0.00414985402936297,-0.0803781312625975,0.153429335207365,-0.385113383188161,-0.19074146411472,-0.133651648795166,0.00278585764456474,-0.0106005308250328,0.0110018737358884,0.00295462934609518,-0.00430224041639388,-0.000593604121601407,0.0128263758490381,0.0468319746593009,0.114288839692654,0.00343810548123739,0.126768459426559,0.0595937284525797,1.56353801471134,0.13686104577214,0.120828627670328,0.00739852852876144,0.011233297869718,0.00935805836321245,0.00882020064019446,0.0102823839732046,0.00978033204425626,0.0104145378564245,0,0.74596892013439,0.227425343315894,0.526045156910149,0.010035937261287,0.805443093869794,0.163412135178987,0.268672121988635,0.706513905551616,0.345338098553348,0.239731672739651,0.737636877418112,0.675648219730345,0.951603183093025,0.218104604811746,86,"NCK2"
-9.72959909705254,0.0894434909914387,-0.000175226093913021,-0.0905536572517689,-0.0393493435203528,1.39969233526167,0.0619340179739779,-0.0730552890902473,0.00496109396914385,0.0084081330267524,0.000701527054484913,0.0309500510653104,-0.0113509625651027,-0.02037180458266,-0.0170037125606678,0.0247088132281097,0.0591445570634621,0.00173214944960561,0.0662729441580468,0.0358739740845801,0.752968802377491,0.0699445858376784,0.0618904677721506,0.00362794820830659,0.00537754475100041,0.00452603547380861,0.0043931829914656,0.00494936466027809,0.00487706521948379,0.0049893224104083,0,0.130461097948222,0.919422598770782,0.171821465758158,0.272695085678632,0.0630415723376618,0.375901762753487,0.237842569092093,0.17147944751849,0.117920097636369,0.876822788097104,1.85438196501612e-12,0.0218239447505564,2.95298346866496e-05,0.000654360022916464,87,"UXS1"
-10.3764689236177,0.130230273824352,0.000174168310577948,-0.121011515613253,0.0118943520771782,-0.0640675521222012,0.00771812130750927,0.246377266064991,0.00969664134732156,-0.0114524604813441,0.0237895716673558,-0.00212782048878235,-0.0216259893186409,-0.00114629777094681,0.00863739180891269,0.0407226331907862,0.0984254945607948,0.00295153372911478,0.112159761547592,0.0583796978934801,1.19786380125537,0.11345358834026,0.100238945721301,0.00578987602735977,0.00871527017838178,0.00714231472066878,0.00710018681983546,0.00781404734872843,0.00776143336700948,0.00805303995679165,0,0.185790294358496,0.952944600495326,0.280622972142764,0.838555712706708,0.957345610371354,0.945762639278386,0.013975223223801,0.0939817173512629,0.188823212490556,0.000865989823782075,0.764417333674179,0.00564744456275016,0.882586236544836,0.283467282600897,88,"ST6GAL2"
-9.38061972344839,0.0425332497914266,0.00113772645358207,0.0462117797959623,0.0491459545315227,-3.7310937879737,-0.00715670061144921,0.125111688574558,-0.0267515142148963,0.015033658606364,0.00385131209531072,0.000470847043230409,0.00535558826936158,0.00162101858803689,-0.00030444985135359,0.0221655240457089,0.0545739956883928,0.00162374497901927,0.0638138492469721,0.0214042608060143,0.624516053440741,0.0652743101736222,0.0596669341829071,0.00282238534674556,0.0046232818025877,0.00393133809632064,0.00388780753778684,0.00438910350083294,0.00411748824050044,0.00455147944032771,0,0.435762710295746,0.483502424307232,0.46896421562078,0.0216711490243814,2.30972384730367e-09,0.912694579735192,0.0360082247308515,2.58372283504523e-21,0.00114705410782861,0.327261837815141,0.903604994022553,0.222388706147447,0.693809092659473,0.946669030649544,89,"GCC2"
-10.5745766030887,0.111345547565842,0.00282689976147405,-0.108939854603526,-0.146997433444126,1.12086279189239,-0.0381557269971883,-0.0619075137122558,0.00557461331138167,0.00282863837441288,0.0236632624646621,0.00530388050151273,-0.00910007949833227,0.0303748279863862,-0.00173728149424116,0.0462833486999102,0.109985816223458,0.00328016852205927,0.121899173321427,0.0785563457004579,1.45374635954069,0.128932803517945,0.111983371689235,0.00687125047371654,0.0104265409612322,0.00851612182329648,0.00855474666895612,0.00919478171163616,0.00951641910664933,0.00941800111785534,0,0.31136462377521,0.388789106650067,0.37148873264229,0.0613124275046838,0.440697004024057,0.767279734526388,0.580381375007747,0.417196100390792,0.786166368632843,0.00545864773330148,0.535262591771713,0.322320560272326,0.00141372662566155,0.853649521649897,90,"LIMS1"
-9.30595925832182,0.0427103668627248,0.00163622807907371,-0.0224048884326772,0.0140563183616836,-2.09198439092721,-0.0304397115846642,-0.0386960706499092,-0.00479265461384321,0.00384681393168451,0.00523648768619752,-0.00343861080880887,0.0151790475015128,0.00603921792497224,-0.00279793935908373,0.0182953520714477,0.0413555816791463,0.00119476599250031,0.0458163004785354,0.0240805659764641,0.534509579248602,0.050290947255393,0.0448780676967652,0.0025579686225231,0.00382856574513896,0.00340408493405758,0.00319659772528831,0.00376101753794176,0.00338576487743727,0.00363612903128809,0,0.301716495031712,0.170844066924917,0.624830609829423,0.559408418811227,9.08402488889356e-05,0.544998159042316,0.388550490498788,0.060983172967657,0.315009382932247,0.123976440515159,0.28205715988866,5.43960421406132e-05,0.0744710281919172,0.441606651679599,91,"RANBP2"
-10.1316520541943,-0.000665252306082509,-0.00271363752921396,0.023485839077153,-0.08531569034111,-2.07768500155811,-0.00181396859477747,0.0620425857617108,-0.0287359237541452,0.00896681008906116,0.00240004845943192,0.00713786811412629,-0.0174255655078062,0.00746608725150087,0.0104932181194788,0.0279953526687942,0.0718335713584562,0.00211264052525837,0.0796014367403411,0.0418644434509753,1.07024368688327,0.0908174697558621,0.0796128300823811,0.00485145024142732,0.00802535808642598,0.00629801255648997,0.00618501413103788,0.00676446557518579,0.00656061027691043,0.00662277174490809,0,0.992610878914689,0.198975211204578,0.767961104892927,0.0415595976380522,0.0522195286433023,0.984064285111475,0.435800741611467,3.158102321187e-09,0.263861947950472,0.703143671291755,0.24847618705315,0.00999377336564953,0.255113305756437,0.11309933726039,92,"CCDC138"
-9.11269752144101,-0.0400472748750103,-0.00025956349881769,0.0583498947680129,0.0198420797900773,-0.312647289852903,0.0258215353082736,0.0556781300666807,-0.00803015360565168,0.0109782504605811,0.00467041565535411,-0.00392291691346819,0.02582830021001,-0.0641119839306564,-0.0100406639440049,0.0378631966740333,0.0969560970090154,0.00295751795045103,0.118452654384177,0.0280048209983474,0.79656524968062,0.106333053260963,0.0988844722436163,0.00372887822083838,0.0058782407288509,0.00497858116184353,0.00537832718232904,0.00548497810508679,0.00576959581171853,0.00644971955562439,0,0.679573313554052,0.930064279799527,0.622294548692496,0.478620090971491,0.694693050160247,0.808132140255226,0.573392381396867,0.031279101826402,0.0618167056117909,0.348192127238878,0.465760989774122,2.49037879520865e-06,1.09625078547915e-28,0.119527531539785,93,"SH3RF3"
-9.68696931336257,0.0393734835459002,0.00134516095741905,-0.151108273122974,-0.0015503311938601,0.0742930340477895,0.219872106587875,0.217380184817749,-0.00266896500783188,-0.00222892759841062,0.010101850680175,-0.00637560906031387,-0.00925825712519377,-0.0048786116055416,-0.0131420311811232,0.0307573190657347,0.0738330080902473,0.00218732497113877,0.0866672419287564,0.033933006142212,0.725179419396447,0.0832863346127121,0.0764969414514568,0.00347364037811801,0.0051709338165487,0.00456538707856197,0.00459368207139933,0.0049689911257183,0.00491266860443819,0.00549734505231588,0,0.593841485712218,0.538567974877405,0.081238386888955,0.963558928218315,0.918401246589142,0.00829172386608698,0.00448758552702944,0.442280401476266,0.66643249651891,0.0269180529522899,0.165164997578565,0.0624332028487223,0.320677053311964,0.0168202169193181,94,"NPHP1"
-12.1158163605885,0.109681503354777,0.00127502205091569,-0.24664834350761,-0.465933072366465,-2.75757051575022,-0.227392637791959,-0.80714611101218,0.0313496345891747,0.00267530256691224,0.00904861920567763,0.0074537166538431,-0.00542916802586861,-0.0117617556430013,0.00907004922809316,0.0941331602332507,0.153144842026795,0.00438814768891004,0.164658029956622,0.193265598795598,1.72253478873669,0.176045132530466,0.154416652889181,0.00981487561626737,0.0117102744646556,0.0121494751396188,0.0111859299458483,0.0130437240227502,0.0119412255093775,0.0128505151276282,0,0.473871219233833,0.771387532145934,0.13414806020617,0.0159156852658291,0.10940362575464,0.196470621555983,1.72220585864041e-07,0.00140270471290948,0.819290424069893,0.456408056186107,0.505188999713427,0.677242899824573,0.324638529389538,0.480304988577722,95,"MTLN"
-11.6492606945677,0.0980821668552415,-0.000244813809519461,-0.0501340189638568,-0.10831476568136,3.59458575074469,-0.112702718173815,0.084987971388137,-0.0199697545653129,0.0360672347658843,-0.00786122412789105,0.0136341047911455,-0.01173859544514,0.00630767832461931,0.00356998607141065,0.0547239099030614,0.12102730899281,0.00338694509433503,0.129073843257378,0.0832641649801227,1.75523630142127,0.150411069030683,0.132881667869168,0.00788514640742945,0.0121570293787843,0.0102938605611136,0.00972556145953343,0.0112177220933803,0.0104929755231595,0.0106963810100352,0,0.417702553022682,0.942377807700394,0.697710079772491,0.19330743241873,0.0405677146276699,0.453677593078206,0.522448065546303,0.011322691942505,0.00300935953294129,0.445057458655195,0.160950018373964,0.2953611279882,0.547751121628176,0.738563354435719,96,"LINC01106"
-11.1958434927379,0.0830670025349205,0.0013790841926928,-0.249382912869778,-0.110395443923989,-0.869566161730577,0.0500588866389533,0.00802656778600104,0.0277361389094494,-0.0210513468145776,-0.0106736732473843,0.0230425780234686,0.00602040168276351,0.012614610993832,0.013311404021554,0.0523112331240847,0.103884051170451,0.00297027137050712,0.113581163076064,0.0870303132379402,1.23833726755904,0.122698427420122,0.106545204160876,0.00675987656659367,0.00914640019325952,0.00802718384482241,0.00745044901599118,0.00883820968064989,0.00803938141430583,0.00880449940841873,0,0.423935249925454,0.642435912151285,0.0281179932992701,0.204629737217652,0.482551559138689,0.68328607121089,0.939948287897958,4.07731952238754e-05,0.0213577887165474,0.183620136943441,0.00198293019495762,0.495758316447467,0.116624129282699,0.13056273240767,97,"RGPD6"
-10.2225815123148,0.111795077214577,0.00299071878337033,0.199368295694453,0.0430598362636265,3.98873245257911,-0.0722031685827214,0.145677303940562,-0.0225033960088447,0.0495232415813965,-0.0322982661002428,-0.096135382991857,-0.0414160254501097,0.0659424437735317,-0.0201632848994501,0.0406984357414531,0.110814293656881,0.00326941483574561,0.126664207504847,0.0437756116864967,1.36344563942811,0.130707907990976,0.115572824374581,0.00594662197903292,0.0102467484008931,0.00775722794058097,0.00880337016031477,0.00810639243740938,0.00875284848909303,0.00889622474228371,0,0.313046243995691,0.360319425902931,0.115489579306267,0.325288128187295,0.00343925685038305,0.580673700661382,0.207496039071461,0.000154184071755018,1.34444193268867e-06,3.13220627650303e-05,9.21977291582186e-28,3.23769739952883e-07,4.9274508577502e-14,0.0234208454447325,98,"MIR4435-2HG"
-9.8993251672742,-0.0429283918350429,-0.00221765657609833,0.0225571636991181,-0.11567624742064,-1.17723465275296,0.0239903146257892,0.113235430808466,0.00502197782837742,-0.00844253698011732,0.00707445805945656,-0.0122577646283236,0.0080247932808898,0.0101985799301836,-0.0083613163498822,0.0241243324308794,0.046254398660643,0.00129489305125234,0.0474111803620965,0.0438335668265678,0.709844920527512,0.0577930466902046,0.0507197618666204,0.0035063908097814,0.00503385560727052,0.00445082926315852,0.00412931377388696,0.00472101196110978,0.00439926126328182,0.00429939730650322,0,0.35335923820647,0.0867829208579891,0.634233038804022,0.00831539770542182,0.0972288469080096,0.678063367666701,0.0255772985978001,0.152076399816413,0.0935129186267963,0.111954399366942,0.00299281464534249,0.0891678680343422,0.0204358305933783,0.0518032978488949,99,"ANAPC1"
-10.0894998160999,-0.0985195936604464,-0.00389446053015621,-0.0136279094197016,-0.164150086724645,0.460240192522401,0.10192069020603,0.0480579462528209,0.011067677801949,-0.00311615772889902,-0.0263519237272837,-0.0315402224994163,0.0704154397738024,-0.00812926447421119,0.0373951960325332,0.0400914656147105,0.0914966876885605,0.00278199787414009,0.108608805319911,0.052561495807354,0.892745214248717,0.103075760422027,0.0945872004045051,0.00445650437097115,0.0065742260827511,0.00577496932680475,0.00579360148279758,0.00651572716841236,0.00598614809872569,0.00689486739460319,0,0.281589354387147,0.161549541791975,0.900145915296562,0.0017901155334291,0.606180166474495,0.322763955845375,0.611396636540445,0.0130102498605098,0.635502666076295,5.03970884610583e-06,5.21044921746693e-08,3.18942605093593e-27,0.174459689748665,5.84013514018942e-08,100,"MERTK"
-10.5091296914141,-0.135549223804665,-0.00281666263195171,0.0390500488660023,-0.0926907332619011,-0.885020001193812,-0.026974381180603,0.0998567253517859,0.0169113761863162,-0.0189421556925834,0.0131995510624511,-0.00480013168985057,0.017116625638293,0.00173948095110991,-0.00838299728286825,0.0397586813212785,0.0817287335793344,0.00239899124134638,0.0909081332471285,0.0683979610746691,1.09483215617549,0.0981126143596802,0.0857784227085311,0.00548338272668356,0.00783589901862391,0.00684610735997449,0.00642472113390332,0.00739985942807248,0.00683211554054099,0.00727650334858502,0,0.0972113583864463,0.24035380229139,0.667519331725915,0.175364013540936,0.418882593970537,0.783367824773458,0.244373741158678,0.00204159504479498,0.0156337284261172,0.0538504738805441,0.454982294373369,0.0207170615334797,0.799029307927866,0.249294790364577,101,"TMEM87B"
-10.3300588144115,0.170588158101626,0.000749827795823319,-0.0350889168212375,-0.108920467949772,-1.75675406860478,-0.0638215852921718,-0.104697222971457,-0.0133065221567297,0.00986377648585844,0.0201472751912618,0.00683983545750042,0.0107976337484211,0.00609510768271162,0.0095877666286599,0.0286804564723238,0.0630095278580776,0.00176554378199412,0.0659428720874235,0.0467674509229423,0.939959887686093,0.0785177867968886,0.068371628612858,0.00435138552401708,0.00660735443177085,0.00601256029151251,0.00546508493267179,0.00644946761863962,0.00585228736209747,0.00588673076556964,0,0.00678249404379467,0.671054825657395,0.594649232529058,0.0198601138108945,0.0616273972291862,0.416315732490139,0.125696175794132,0.00222822100945926,0.135476954142956,0.00080559693472084,0.210733322504956,0.0940932777123269,0.297647485047962,0.10337480749472,102,"ZC3H8"
-9.53906251200782,-0.0520167411104404,0.000858505706966718,-0.0664264900604944,-0.103248661906416,-1.12353939184633,0.128618526797454,0.0538206520798052,0.0037929719538735,-0.00977305991701361,0.0105596950243488,0.000510214225103011,-0.00251148038318105,0.00900958460670116,-0.0018557369584927,0.0237369203282726,0.0532935202172223,0.00155695144419115,0.0591584996454674,0.037994235628652,0.702156757265611,0.0640677374174516,0.0567776586377422,0.0034037671714748,0.00506725763054141,0.00430803309110683,0.00412624292972816,0.00464397684278401,0.00442711168369716,0.00464265881454869,0,0.329043399979161,0.581358320696497,0.261498558235453,0.00657806784968324,0.109570599902801,0.0446922271261801,0.343170416421981,0.265131079598761,0.0537720354607918,0.0142395114116353,0.901591579325193,0.588642814527733,0.0418415023637016,0.689366983698306,103,"ZC3H6"
-11.2460266172963,0.0828247784342086,0.00128420125127347,0.070024681193572,-0.0438802541192117,-0.565455632945894,0.165206052793168,0.228833247943863,0.00402884221338074,-0.00801506740470174,0.00432406523384397,-0.0107670830077713,0.00820927692164044,-0.0022978101162286,-0.011453466857727,0.04588725078441,0.0922397083274542,0.00258410954711749,0.0980326045382086,0.0723310288613766,1.28791256656196,0.113747990250688,0.100565183163195,0.00632708968219706,0.00903360423981358,0.00804794950696718,0.00744756932211448,0.00875373416287086,0.00802953237658376,0.00812612313451205,0,0.369223001771109,0.619216666595889,0.475041744118941,0.544077379121197,0.660626645957187,0.146394149929709,0.022877636766892,0.524280712258141,0.374944196687403,0.591068818513061,0.148256389590347,0.34834573176378,0.774748030879148,0.158698417019946,104,"RGPD8"
-10.199907841345,-0.0871043793293324,-0.00239502706670661,0.113027838850191,-0.168632222740081,-0.887161420061556,0.0665632193400447,0.0528068811381931,-0.00252902774763754,0.00639706378741998,0.0147383677854839,0.000267151231742447,0.0095383179480297,0.0121178050167454,0.000615167533103703,0.029556710933554,0.0596087208981906,0.00170018777084304,0.0640091536101429,0.0511173272692822,0.837807860979445,0.0737152793999556,0.0650332962224474,0.00408491345453709,0.00589643004047248,0.00537510897834716,0.00494690211737011,0.00584249813768578,0.00528904884719001,0.00540095213014141,0,0.143941618310589,0.158928670375311,0.0774281620485913,0.00097055879822122,0.289641694889566,0.366537975975781,0.416793002581625,0.535841158014485,0.277963931992848,0.00610726033562909,0.956932181927542,0.102558356861765,0.0219569178220111,0.909317199796594,105,"TTL"
-11.6860555010792,0.178508370056751,-0.00205446741017951,0.0525623627239939,-0.299413642385924,-2.22079446110918,0.185990905898446,0.0304241645649557,0.00224820123709092,-0.0169748885365319,0.0207634280710746,0.00533144913026286,-0.00153216505782393,-0.00123619332083032,-0.000566967126353828,0.063105108993865,0.110459163669025,0.00305351282562599,0.114062877850262,0.125447065194137,1.65165053692682,0.137692524826529,0.118071811405816,0.00826257124271303,0.0117787455752912,0.010681753465493,0.00964582464828422,0.0113017919365604,0.0105864456285791,0.00995595600779863,0,0.106081861979061,0.501061205766201,0.644928334275078,0.0169969920526483,0.178757348622284,0.176769181087799,0.796657672782858,0.785549261083476,0.149543525030306,0.0519169120740194,0.580454522004549,0.892162543332025,0.907041264773519,0.954586990419724,106,"POLR1B"
-11.1587506832879,0.0883165672071546,0.00331705561878079,-0.0975560240759737,-0.0715552414749076,0.312912795173707,-0.0195298865467896,-0.0781045556732082,0.0325335576747821,-0.0160855270337455,0.0204100856107372,-0.00600781905453825,0.00850431230286606,0.0147782788444624,-0.0102410649056761,0.0512286818325954,0.0937823471399569,0.0026492592548119,0.100756344236458,0.0893492651296057,1.22251043323038,0.111345574381834,0.0966486321816605,0.00643068930903018,0.0084899101256347,0.00789735291683808,0.00723153935897038,0.00861262469820054,0.00774842855090076,0.00813142007527954,0,0.346336803078782,0.2105446904345,0.332926002357256,0.423219250424994,0.797982340037342,0.86076623816541,0.419016365296711,4.21220212670281e-07,0.058136930698142,0.00975426159456669,0.406097861626552,0.323434825126052,0.0564867433811308,0.207870152613388,107,"SLC20A1"
-12.094777808125,-0.301328261221666,-0.000332213997838656,0.407531137130277,-0.174540383663226,-4.03433542887347,-0.648031208095619,-0.456136213320756,-0.037458253790938,-0.00721585423154045,0.0421646243217416,-0.027202912666961,0.0115795096020203,0.00662401598029082,-0.0362316476825823,0.0700931626141735,0.133312788784889,0.00380343522370845,0.14323721677252,0.128563854833812,2.15831045602354,0.172444157574379,0.151521108036623,0.0101607356768154,0.015769140965336,0.0134521673244218,0.0123419153612518,0.0145738202116086,0.0128944224889176,0.0127277463377908,0,0.023802003074929,0.930396669723614,0.00443907375226865,0.174585471143517,0.0615936073308663,0.000171332193700912,0.00260920459393942,0.000227297778134712,0.647244613330342,0.00172199346749215,0.0275167594501604,0.426880074410418,0.607453555321894,0.0044179634776749,108,"LINC02966"
-11.5831029850082,0.0754570182599882,0.00195566717598723,-0.105314592013501,-0.0796723065586231,2.80393738807305,0.241132578548957,0.363183342391686,0.00500627600255334,0.00302090355693087,-0.00139653173664752,0.0153068222716359,-0.00726960809331581,0.0184473691621653,-0.0157912251089007,0.0558577798530307,0.111407343533875,0.00304642146001659,0.115694243993356,0.0903981270629156,1.58456452085309,0.137708517246806,0.121467970861315,0.00766170597299646,0.0109584065260033,0.00942369279385226,0.00869204916121555,0.0101865730275013,0.00947744674061869,0.00960819685559946,0,0.498210936347816,0.520902041846423,0.362672878220347,0.378128906467219,0.0768051604485219,0.0799396999243551,0.0027902174087155,0.513488569737154,0.782801565559137,0.882189917506851,0.0782359943265168,0.475446044857487,0.0516007977084544,0.10027622102043,109,"ENSG00000272563"
-10.4994139531286,0.0127242923886158,0.0017662067959572,-0.020354730825844,-0.0792955632810111,-4.905810181944,-0.125474116501011,-0.074019951945565,-0.00437684879177232,-0.0249616707351475,0.0270724462340295,-0.0225022188054291,0.00959174111661082,-0.002954688305479,0.00671634145533665,0.0338196576263321,0.0693443413078229,0.00195879470260624,0.0732217087177108,0.0555730874235726,0.920386741124272,0.0835433225806415,0.0733403368775565,0.00461683592390683,0.0067228416255136,0.0060170968734053,0.0055286329746856,0.00654434215565183,0.00589557056460885,0.00612980257325061,0,0.854410179233509,0.367226666331729,0.781021838185177,0.15361741087888,9.81253443615927e-08,0.133121698953798,0.31284679698413,0.343119713776374,0.000204845817475533,6.81923908384391e-06,4.69882287448606e-05,0.142742577826241,0.61625086433703,0.273216026293931,110,"ZNG1B"
-11.424735870892,-0.0378473740207473,-0.00252338845333618,-0.0378581502533504,-0.119700045999615,-1.57909951801481,-0.448456842147311,0.0138635011127937,-0.011734067637929,0.00191881336294006,0.00769872222664735,0.00645407002711365,0.0110075343736207,-0.00214318190230273,0.0117573055297042,0.0521981950001232,0.107992195648209,0.00315474708286942,0.116666475932638,0.0883416575568847,1.48072242592093,0.133531998442018,0.115070843574585,0.00717667980133165,0.0106024519660097,0.00923652630096965,0.00840175756820706,0.0101790866202015,0.00899558109203956,0.00967720542271341,0,0.72599052259119,0.423785954816614,0.745560308549554,0.17542801609509,0.286225430517856,0.000783887538786578,0.904104533543281,0.102043317816725,0.856384636209091,0.40455806433793,0.442379695399878,0.279524895764085,0.811688517484579,0.224385761063026,111,"ENSG00000291134"
-10.4584493099079,-0.0221061977669639,-0.00100572873332407,-0.128974489832689,0.0256387525109092,0.554867902298391,-0.167736227329157,0.0820374809762199,-0.0207007181126249,0.0228215667775337,0.0102415380824103,0.0107049414733352,0.00341348616548975,-0.00497537588324162,-0.00217853129419604,0.027783888794496,0.0614070318874434,0.00169837887676102,0.0611556580303548,0.0386000786093207,0.963556772451464,0.0793266862238906,0.0697948776000165,0.00432980110806527,0.00669354855541788,0.00583002652208266,0.00535935305312752,0.00625802176937294,0.00586129315214499,0.00566507611754239,0,0.718851197553662,0.553736869073514,0.0349485238716799,0.506552692828922,0.564713953906515,0.0344726392871125,0.239831389859581,1.74437585201409e-06,0.000650851799904352,0.0789709908380261,0.0457783112581373,0.585438765005954,0.395963131695374,0.700567408004614,112,"RABL2A"
-9.73645811365179,0.104122666372823,-0.00146769929504579,-0.0759215423632365,-0.11027548083639,0.685250601517073,-0.0623834792114572,-0.0765673432077466,0.0322644121232878,-0.0268161446569606,0.0198879553034578,-0.00609974118136113,-0.00134065322257718,-0.00306497488013242,-0.0127575149548779,0.0314519266351862,0.0651719325747016,0.00192870070278312,0.0756434428543235,0.0519764593752518,0.674196548531319,0.0742218297559515,0.0655767164181129,0.00356913992356445,0.00482140061433723,0.00429053176685679,0.0041514951916188,0.00472566577248524,0.00445667818380688,0.00494676947803769,0,0.110118403781603,0.446670055490222,0.315534590754937,0.0338677453133593,0.309440901644221,0.400627865226211,0.242968340253843,1.56918082110241e-19,2.66854284727057e-08,3.56398740130162e-06,0.141754748081277,0.776643239463744,0.491625143170253,0.00990985890423699,113,"SLC35F5"
-11.3048181888633,0.15471642937864,0.00454515269907566,-0.148320954633633,0.112026778823344,1.92236303287997,-0.215346834401203,-0.056425399500747,-0.00468833173697628,-0.000637830337250926,0.0408419662855454,0.0145777199151999,-0.0027258698519308,0.00901933212752288,-0.0472142984874694,0.0537911665302969,0.12429729271484,0.00366458901917932,0.136317181117555,0.0718355607161352,1.7848104356278,0.149968251707859,0.133387292788046,0.00823269610228635,0.0128237595816958,0.0103271177612854,0.00976909014954551,0.011563043724245,0.0109526978564466,0.0111029518363759,0,0.213231428070347,0.214868191735851,0.276569648682496,0.118880646320696,0.281449680908499,0.151016714799362,0.672281178280401,0.569032420700875,0.960331038631731,7.65899859726612e-05,0.13563911454726,0.813634568278352,0.410234852604792,2.11482637921877e-05,114,"ACTR3-AS1"
-10.1320962240694,0.069587304425324,9.43952917960018e-05,0.00635515158649772,-0.0377695374238449,1.25153348975622,-0.0487183812965025,-0.0815934512511976,0.038295224469037,-0.0264611367839238,0.0103260405007738,0.0176614977775447,0.00019859871283726,-0.00310781831253319,0.00430598916881331,0.0316877019880751,0.0617110608440134,0.00180942403660328,0.0677375770272516,0.0566023370723087,0.836516460489105,0.0741478530349586,0.0636114709933305,0.00442963444136691,0.00599198857195294,0.00523638127434992,0.00482675643862646,0.00572195151778196,0.00527603543194765,0.00548498721953366,0,0.259475794645174,0.958394276238224,0.925252002041492,0.504594089450588,0.134620990688629,0.511152804115453,0.199602613756977,5.36953374103639e-18,1.00504116553555e-05,0.048611860147838,0.000253120309072826,0.97231241173867,0.555831592861432,0.432424258707424,115,"ACTR3"
-7.36422971105078,0.0141163272385918,0.00158821419548029,-0.203065341967226,0.0371494830575089,-0.894988674759702,0.26110920991337,0.226977328699328,0.0233983771818483,-0.0423009424380223,0.0264489004216973,0.0400397340164323,-0.00861216291114325,-0.0451071623346888,0.0274533637115157,0.0390855125217779,0.0968833121565137,0.00310308057393802,0.123379389753029,0.0220762942669584,0.593440987742554,0.103225287942526,0.100990652977079,0.00283007312330504,0.00463235377047164,0.00375377854480209,0.00429964649496687,0.00370701024198117,0.0045558014834098,0.00516895923755992,0,0.884154728425957,0.608778007530288,0.0997923529778093,0.0924182443619635,0.131520172746038,0.0114222512452702,0.0246075620570137,1.36494546711217e-16,6.74753406157927e-20,1.84212912759368e-12,1.25056368382573e-20,0.0201678789463827,4.11977796201794e-23,1.08907187274522e-07,116,"DPP10"
-11.0865732936285,-0.00748027291335963,0.00332850838345731,-0.154626519632196,-0.0147658777385445,-5.47843452059145,-0.220798920025859,-0.0179052071750382,-0.0287654105182038,-0.0314102609375891,0.0414846070923216,0.0129622524589478,-0.0169317410409282,-0.0618266147600683,0.0247173613451334,0.0466218625696281,0.111152139838018,0.00324330086604861,0.123023092917411,0.0658609176115834,1.57471734818532,0.136659783012865,0.121305735526184,0.00718303890672367,0.0118531770977921,0.00956443834862149,0.009118665132352,0.0101768470207454,0.0101639510541169,0.0100713246090125,0,0.946344782701936,0.304763461717802,0.208793398337542,0.822603337315128,0.000503297094872632,0.106162817966189,0.882655328143552,6.21147195771633e-05,0.00805050048759734,1.44190972071357e-05,0.155169224329838,0.0961621677195078,1.18005009692531e-09,0.0141186086283353,117,"DPP10-AS1"
-10.6723717285212,-0.0184039275665418,-0.00194255996802282,0.0868916103218015,-0.174188975694116,-2.66124088912254,0.0706145987131578,0.0404274738228029,0.0110148337416319,-0.00710699683496921,0.0217776400851122,-0.00113810100600283,0.00663316978967145,-0.0124820272499256,-0.0206222136364573,0.0397374852324315,0.0775764247962578,0.00226571981494033,0.0868759582556907,0.0700037140626327,0.96527499938578,0.0934989646348892,0.082119695817926,0.00492328469515905,0.00680090795539042,0.00636336572591869,0.00589100871156552,0.0069892987674733,0.0064020423450385,0.00670729439267708,0,0.812473640851828,0.391240489584911,0.317223326076869,0.0128361936393524,0.00583384701537693,0.450102164777164,0.622507731401612,0.0252671519037105,0.296019706066086,0.000620832250799944,0.846807905741939,0.342596943965521,0.0512125329225853,0.00210788595363541,118,"DDX18"
-9.50909434787578,0.0928262008001465,-0.00235224028352576,-0.140502286517442,-0.0259173388114405,-0.528962630165742,0.180123946252006,0.0842278050887724,-0.00270588560769092,-0.0066272765859703,0.0179195353837404,0.0195404525541216,-0.00231829728284194,-0.0196265126974454,-0.0128478594969968,0.0205243858706262,0.046894855335888,0.00134321785019596,0.0499691893065453,0.0307597526957717,0.651201821677211,0.0566777095991846,0.0499144137868955,0.00310414834190892,0.0046963784328657,0.00397656253512404,0.00371859552969386,0.00432613732777646,0.00417259460462477,0.00414032116968984,0,0.047764933453013,0.0799118264402283,0.00492684355446061,0.399467265769648,0.41662709508777,0.0014827503283835,0.0915179052682353,0.383372148507652,0.158201509396941,6.59715836998543e-06,1.48190445162707e-07,0.592040399457977,2.55524751561207e-06,0.00191500406105212,119,"CCDC93"
-10.695413973601,0.0635671032939268,-0.000550832444855262,-0.0557472530177764,-0.120634151089051,-1.2890700669039,0.156281808496491,0.0299474709751023,0.0335434066574454,-0.0232442011924415,0.00842203046595369,0.000679753108375097,-0.000513951499411938,0.0137964352170405,0.00978379975105863,0.0383402458818484,0.0658691351709145,0.00183420312326362,0.0671112995170338,0.0729781008239737,0.977405407803526,0.0807511220337014,0.0696900989254684,0.00522908938453819,0.00687686675788756,0.00633041008720087,0.0057116758514875,0.00667760766244394,0.00616192017768746,0.00604459174867144,0,0.334519050999263,0.763939498246819,0.406160837464332,0.0983270975979304,0.18721278351992,0.052947171519674,0.667396810260258,1.41035457177501e-10,0.00072470815031969,0.183383763502227,0.905266522578706,0.938650265391771,0.025157014996438,0.105532516418583,120,"INSIG2"
-11.8650634682479,0.301282140214273,-0.00094592721309227,-0.188947972662221,-0.356627833651293,0.147643734163804,-0.0573812496497144,-0.204661199855392,0.00770252447578275,-0.00515781900060182,0.0246399935806615,-0.00516965264206516,0.0214164629075346,0.036245558504751,0.0312901949421783,0.076481290789737,0.12960485401992,0.00362500558379322,0.131851424671773,0.153505513311573,1.91766143415318,0.160618912575228,0.133438663585563,0.00968517073932164,0.0135342410190112,0.0127099822580287,0.0113636666915422,0.0135752849803741,0.0120894972184799,0.0121635487849797,0,0.0200922452654551,0.794134893805381,0.151847258127931,0.0201670728035718,0.93863026383082,0.720903990544418,0.125091814217996,0.426444526629793,0.70313344711648,0.0525460178778183,0.649160881138505,0.114655952110337,0.00271665796112604,0.0100979769438268,121,"C2orf76"
-10.2562492872899,-0.0255201483706232,0.00107908043034348,0.0339281735416808,-0.0724388297689781,-1.8229548035471,0.0816355937334098,0.0920391466746738,-0.0190795676601097,0.00395114049064892,0.0259321220978448,-0.02725644278217,-0.0157527900302622,0.0248525451770866,-0.00843454152933852,0.0402703967700262,0.100216509141729,0.00296523466646937,0.113164177151141,0.0528089942969162,1.20122123370453,0.115656687932885,0.10505826628615,0.00548765712560183,0.00892259898702417,0.00734691366106908,0.00746783235741819,0.00781849242606297,0.00779885724089997,0.0082753667770061,0,0.798993327113758,0.715924742824145,0.764319245261848,0.170152529885424,0.129119160324426,0.480285078001845,0.380988093002187,0.000507408125236907,0.657893081594854,0.000416090848376031,0.000262396930096824,0.0439243824800801,0.00143910624221869,0.308091524743454,122,"CFAP221"
-11.9280425000357,0.328961773272916,0.00257346816752484,-0.151848184716919,-0.0558444766503506,-4.30407706165797,-0.372177914115854,-0.759028824128395,0.0153792577630087,-0.0352000811293749,0.00759278928765568,0.0146540095013129,0.0260602027763804,0.00781150821516556,0.0459837053525538,0.0640111716993075,0.118498198468845,0.0034777623210407,0.128331553213169,0.111936366723441,1.78772058929465,0.146377251363493,0.128213322402016,0.00959819397345637,0.0133701455371523,0.0118077471144864,0.0103526556627921,0.0128914410216603,0.0108429716982194,0.011987897085687,0,0.00550168202318765,0.459313245733157,0.236710470156633,0.617853463806887,0.0160587240000211,0.011003301491177,3.21850703386648e-09,0.109087637840426,0.00846998264951534,0.520201685067326,0.156926889537492,0.0432267909703562,0.471265613974056,0.000125133725595788,123,"TMEM177"
-8.55449293709436,0.00620475598490781,0.000663308184638059,-0.049827718304587,-0.027933258076207,-1.97217291572254,0.0107348556083164,0.0526800464387769,-0.00929281779590699,-0.0138020123645789,0.000644918185286581,-0.00477286190275864,-0.00419011750353653,0.00739299033345191,-0.00250412046861799,0.0145080991523554,0.0347633409130789,0.00102142499686629,0.0393843054611026,0.0196208579251864,0.433280455472815,0.0412812240164299,0.0369261796965949,0.00207065390315426,0.00325357125794359,0.00262262012137818,0.00258207485988058,0.00285911495554462,0.00274911665802207,0.00293274784418423,0,0.858341624095982,0.516083159018347,0.205811517388853,0.154547464577445,5.32081843335397e-06,0.79483130998776,0.15368617626817,7.19400633986769e-06,2.21426533242984e-05,0.80575495136189,0.0645358365875902,0.142776491591464,0.00716183560933404,0.393189292715401,124,"PTPN4"
-10.1348920657892,-0.11314939661737,-0.000648983937833396,0.0304085980184477,-0.028873156314171,-2.20766944836372,0.122724195673011,0.165372010951724,0.00222933939114881,-0.0243842532935455,0.00635249558116216,-0.00157444638223259,0.0300199670011707,-0.0446842995197587,0.0132157664427569,0.0409505027977256,0.0990259813506412,0.00296268188080294,0.117105490545378,0.0496213642224801,1.05919119497908,0.115135521521837,0.10404734878988,0.00508323633909475,0.00795674892822064,0.00645995667064173,0.00653321612033944,0.00715515894464569,0.00719700039528869,0.00763741120001388,0,0.253195014630479,0.826608871577292,0.79511955232387,0.560654614150049,0.037133124173865,0.286463967116338,0.111971947445806,0.660975358486167,0.00217961245924759,0.32542780762217,0.809562080543197,2.72186744267018e-05,5.34113276366358e-10,0.0835590652341981,125,"EPB41L5"
-11.5754397984831,0.25254820210509,-0.00203666097740162,-0.332173694922096,0.102451812255703,2.08724375490771,-0.317460690739813,-0.367230475678189,-0.00367834983166846,-0.00344652703706201,0.0152419404567579,-0.00495807121979218,0.0223111660783102,0.011124021493195,0.0304710932758958,0.0559294433933938,0.128113576071846,0.00357256452511586,0.130335059738194,0.0797322816285972,1.93050429490906,0.153132489107316,0.132438801300311,0.00904396414939009,0.0137310125566006,0.011630660485241,0.0108845517130729,0.0127822602399175,0.0114759135257694,0.0116853742197757,0,0.0486914366457713,0.56862089692213,0.0108152082456475,0.198810559130167,0.279612186929348,0.0381619243299286,0.00555708925217988,0.684214564625082,0.801811694473576,0.190027910087686,0.648739132480569,0.0809015348909725,0.332377339214371,0.00911723347495364,126,"ENSG00000224789"
-7.83703916524148,-0.126360512801565,-0.00122731254373019,0.0953626717783323,-0.0091388029428152,0.365379813184396,0.0458966451624785,-0.00292202003829578,0.00584297349029685,-0.00763019474971786,-0.00263182018789434,0.000129735804016331,0.0122235941052838,-0.00999986153601025,0.0138753330115244,0.0134715182221497,0.0330649932938021,0.000995983395467859,0.0393473243929964,0.0158318941058182,0.354890675747657,0.0377700753993227,0.0344655655936294,0.00171559054398102,0.0026034340557974,0.00217588988109321,0.00220779221989263,0.00237959887993641,0.00235165804562162,0.00258502805585122,0,0.000132599453078116,0.217851209988575,0.0153669878990387,0.563777322644221,0.303218494111995,0.224305473551952,0.932435616092903,0.00065968345272396,0.00338069379154244,0.226456451862943,0.953141128237226,2.79412001213827e-07,2.11623922133607e-05,7.98021485557443e-08,127,"CLASP1"
-10.4619486130005,-0.0387498740614298,-0.00270348441122995,0.0366990234799177,0.0375917202094919,0.0145884210946006,-0.0651366443854277,-0.216487844048684,-0.0404492212655305,0.0187367001889278,0.0185237727836842,-0.0195272886444185,0.0216199082429232,0.0106812320729566,0.0234866510391986,0.0359913324106528,0.0892904196450785,0.00260734576399257,0.0990032217502854,0.0418722277788898,1.26541048565242,0.109782638499977,0.0993382990844645,0.00559180564638704,0.00932614708649003,0.00771441209145027,0.00749632122910393,0.00842095582731988,0.00779469455931785,0.00824169749257383,0,0.664306073342028,0.299795408483906,0.710872056882098,0.369307031954304,0.990801705648349,0.552964521794736,0.0293094722963127,4.70147683727977e-13,0.0445317815778628,0.0163418279966216,0.00918967319209863,0.0102466225138443,0.170586783368761,0.00437557146663199,128,"NIFK-AS1"
-11.9419009603004,0.0529548115272224,0.00262409778465911,0.0902659889494474,-0.198381838919608,-0.104555893173796,-0.191016477474714,-0.261762317291466,0.0299666024413333,-0.00368291997439957,0.0302985104091718,-0.0111332221596022,0.00144325609389667,-0.00353149796926132,-0.0203265690573501,0.0746891020191443,0.113902150960923,0.00316312526776154,0.11713389366772,0.150015115552776,1.67485159357398,0.13754443302341,0.117593816081836,0.00878471889906894,0.0112932189156322,0.0110028322265933,0.00987936126777676,0.0117946731992619,0.0106987295302202,0.0103194049115579,0,0.641992372149682,0.406770508521308,0.440930847386225,0.186030884323611,0.950222825976007,0.164905143737653,0.0260150456971444,0.00064673058675961,0.744335212275399,0.00589255695145752,0.259777489525583,0.902609895164533,0.741335183762813,0.0488679047392463,129,"NIFK"
-11.3523612048888,0.0401437688918779,-0.00201021025739225,0.0318727252413195,-0.173367414901756,-2.8027075221433,-0.247483335428841,-0.128313522336613,0.0144371701396048,-0.0055250017923116,0.0283067542402166,0.00303153181973307,0.0167911626858786,0.0327007197993596,0.0135069743619905,0.0525068002310843,0.0869872340527871,0.00248829073086206,0.0909356819664656,0.0996477353901366,1.31016308415531,0.109472616215973,0.0938281999946364,0.00681623654193868,0.00926448725597223,0.00883159198032131,0.00770478302298167,0.00943899792750187,0.00807452160501404,0.00842978807471288,0,0.644446844831479,0.419166620422764,0.725965398605732,0.0818936403458648,0.0324190631478292,0.0237786375049654,0.171457090798538,0.0341703323301921,0.550932436840192,0.00134982700527344,0.693979005557701,0.0752539124001008,5.12472598321062e-05,0.109091254018963,130,"TSN"
-8.13445421741693,-0.0377602443346376,0.0023517258009316,0.116009912111941,0.0787714326511086,6.26457532508943,-0.165480648174261,-0.320089809719324,-0.012123764900489,0.0307125809995601,0.00722234905883884,-0.0237106487074572,0.0490228774748194,0.0105036897232679,-0.122325384819363,0.0584865624164293,0.167123621232562,0.00520221394044084,0.192622262419533,0.0554316716149929,1.79914508480666,0.189795102592825,0.168788852417725,0.00805780664104073,0.013461899028566,0.0101265116415373,0.0112831641801051,0.0113836712448245,0.0118621415105974,0.0121617909842039,0,0.82124653522153,0.651223963171387,0.546996838150047,0.15530088326147,0.000497733135224446,0.38326782564825,0.0579082443642368,0.132427296565116,0.0225221331779543,0.475714616144288,0.0356042550059062,1.65917371687959e-05,0.375897771863681,8.45537659436052e-24,131,"ENSG00000286481"
-10.6444903688058,-0.234131530977108,-0.00664035545753797,0.251457829008653,0.153506435284681,4.17438091904611,0.0392643342327884,0.192463822014303,-0.00683521586947178,0.00408299073524388,0.0618200999000541,-0.0603656308191421,-0.0583186467110882,0.147465789673124,-0.0836155249121136,0.096547221113773,0.241743588383748,0.00783048778434402,0.306390140281847,0.0718369470490871,2.05052709898027,0.260219718890247,0.24990359989617,0.00975620188025162,0.0156555427754779,0.0124623240343056,0.0141020503546866,0.0125428942538904,0.0144520655303106,0.01633013758538,0,0.332788801757283,0.396430729454455,0.411810772376557,0.0326083195025893,0.0417744671333734,0.880063153363566,0.441209579485983,0.483551345491124,0.794245504085341,7.02904256891164e-07,1.86366705212062e-05,3.3268154197501e-06,1.90690100980768e-24,3.05018144831604e-07,132,"CNTNAP5"
-12.2302111297374,0.158674108577823,-0.00567561593427416,-0.222259613724401,0.0457584180498411,-0.176853216932474,-0.35790521982907,-0.210871790838945,0.0163831418239591,-0.0271208470936799,0.011974869133236,0.00939218885759383,-0.00801773247875122,0.0465211806456113,0.00865059940345351,0.0742907230971051,0.137129215413497,0.00387544630378804,0.139983505549133,0.126270325461297,2.17732890030214,0.17263145379163,0.144410816344855,0.011419005236034,0.0161748089706368,0.0133603747760906,0.011856430998206,0.0140631688627038,0.0125165464777424,0.0129576623399309,0,0.247225866153927,0.143055634306237,0.112341584506533,0.717064665727697,0.935263136047537,0.0381506044067436,0.144229185456114,0.151365239183879,0.0935945699725051,0.370093949030472,0.428267463479841,0.568594447287004,0.000201782398068306,0.504385802825525,133,"ENSG00000260163"
-10.0447027637278,-0.0438146301058656,-0.00103105648287871,0.0189627838664537,-0.0524260332110969,-1.60490121977596,-0.0832110873990471,-0.0840444354088195,-0.0132128764864312,0.0159286979223057,0.0191236608134397,-0.00772916472829035,0.00851469250309447,0.0322587918516977,0.0349737338686501,0.023306480759355,0.0458446804552187,0.00126824600487877,0.0464015423567677,0.0358007422180377,0.71616105114951,0.0593652153017814,0.0532820309528187,0.00336435333406106,0.00496200273428013,0.00466104003983884,0.00417295291105513,0.00492240791747242,0.00432797936903838,0.00442294612859119,0,0.339214243296116,0.416230498923825,0.682783979194108,0.143089064027399,0.0250274946991713,0.161010561809154,0.114714910381839,8.58993229628539e-05,0.00132672713223592,4.08049184934895e-05,0.063996374508278,0.0836692355615621,9.08645295748873e-14,2.6294913101856e-15,134,"BIN1"
-10.3302405169248,-0.0489825449588523,-0.00135571504165906,0.0694440334473455,-0.144061269317617,-2.30174498412291,-0.0562214392044594,-0.139969241820712,-0.0230677210789007,0.0179115274301755,0.00741609229106315,-0.00795992272214418,-0.0101706400634028,-0.00123986648237975,-0.0104520860659491,0.026148886004306,0.0573976090415351,0.0015723909706686,0.0584448506158421,0.0433473025083041,0.853482265628931,0.0723671155464374,0.0644456830121808,0.00395088074362385,0.00608509603052927,0.0053522061769492,0.00501981539891541,0.00565531278190678,0.00539695113453945,0.00511707745714754,0,0.393443071147686,0.388577628299838,0.234755554110147,0.00088921091212333,0.00699910764958024,0.437222442013093,0.029863601133002,5.26325871816921e-09,0.0032451567995205,0.16586477349907,0.112807313890629,0.0721101271164189,0.818297996575495,0.0410931420968259,135,"ERCC3"
-9.21133682551733,0.0226641093227178,-7.29315588111378e-05,0.0273929297771321,-0.0376196160264094,1.79768288197716,0.018312841243733,-0.0215795486107797,0.0204381986528556,-0.0128147931475863,0.0139370054966955,-0.0120256617386853,-0.00603973374062704,0.0150772337928933,-0.0138596616926903,0.0244318508812787,0.0548321526606838,0.00164109633791457,0.064573514228016,0.0345572718690941,0.578552884582929,0.0625857735299826,0.0564822001160161,0.00293637971103074,0.00417938130201377,0.00360285747802157,0.00354431614840385,0.0039470025251703,0.00378827238243514,0.00419917153657854,0,0.679360368514654,0.964553076646493,0.671410417758814,0.276323041642128,0.0018886486435386,0.769824934560152,0.702417395938323,3.39454545640142e-12,0.00216802722018651,0.000109587806419724,0.000691460909165316,0.125965320723881,6.89221778809887e-05,0.000964884687088389,136,"MAP3K2"
-11.9822991640535,-0.333629034462491,-0.00207938866068506,0.21400985288265,0.0494112542776934,-1.82832297034797,-0.565233069134213,-0.418865864701561,-0.0210348160760271,0.0116163277645821,0.0257363006638835,-0.0194742073452067,0.000504321154162786,0.0145861345805386,-0.0141094592630505,0.0589903823270437,0.121997960731372,0.00342669635798241,0.125368227695717,0.0880000743326528,1.95796854072744,0.157337014126241,0.140781872593411,0.00922155911425772,0.0139294992419066,0.0121003427228678,0.011095718053744,0.0129089567760589,0.0115651444855849,0.0115527225605007,0,0.00624352690411128,0.543970223372607,0.0878127300224993,0.574462828826581,0.350414461623015,0.000327521885869066,0.00292718689009101,0.0225456252755383,0.404316366379027,0.0334278315724302,0.0792404690064302,0.968836542447167,0.207231368401187,0.221968548266111,137,"MAP3K2-DT"
-9.83225291354251,0.00650355633313174,0.000169637492716057,0.0403279692249612,0.00655743258584616,-0.56355630193747,0.0116866455192567,-0.0388793299419205,-0.0202694217454842,0.00445383036687095,0.0199076840958148,-0.00175194846645495,0.0236412920362322,0.0125245798823696,0.0222782768623714,0.023247521576424,0.0513070304220001,0.00146572812992598,0.0543506640873774,0.0318588958191409,0.770107332555853,0.0645527947173857,0.0579436696316793,0.00351221171242362,0.00553656662726252,0.00483391927567283,0.00442431317071895,0.00524229763161221,0.00472193365951605,0.00483807500364379,0,0.899132250727329,0.907861783884985,0.458089827397385,0.836925764478894,0.464297184000169,0.856336087308673,0.502230120745662,7.87428448544186e-09,0.421143459586384,3.81624747499292e-05,0.692118292363291,6.49133882059943e-06,0.00799156295632954,4.1289973054652e-06,138,"IWS1"
-9.03879194283095,-0.00432947379640842,-0.00168740081350315,0.00869877837555141,-0.109686045410029,0.63653201474749,-0.0921195280425593,-0.0811264650473216,0.00660117934158492,-0.0117147947386814,0.00366488637913212,-0.00436838004863584,-0.0134148782819633,0.0162086563959039,-0.0063854757128992,0.0215035423292132,0.0483743677058146,0.00144668214101457,0.0567776973591855,0.0314608771167047,0.511159049483223,0.0552526438443511,0.0498268514715594,0.002589970769106,0.00375774957549409,0.0031472695031234,0.00310791991653294,0.00343367175209199,0.00333150233581646,0.00368530246259295,0,0.928685081142222,0.243455338515161,0.878234514086815,0.000489519314757755,0.213031811044444,0.095466295774124,0.103489353368753,0.0108110804866934,0.00182390228127058,0.244235465231188,0.159853661117185,9.3502902814909e-05,1.14301004387123e-06,0.0831513142040723,139,"WDR33"
-11.8458975975217,0.00652091194944852,0.00264526960511901,-0.0590106047999006,-0.157686709819583,-3.50350991780651,-0.12304986946145,-0.0255040872320234,0.0133840127155326,-0.0146726709652336,0.00116953715210168,-0.00326889021758503,-0.00937942286254227,0.0145517198291552,-0.00639551433347449,0.0626668851358079,0.113657057651712,0.00320031739129103,0.115624365575805,0.120156920094567,1.68875575134828,0.140907234469898,0.121024260209304,0.00878442472318435,0.0121397164953004,0.0107891567071095,0.00992382611527019,0.0113591873523963,0.0105203180946783,0.0104186781968496,0,0.954247610816535,0.408483793083121,0.60979592117489,0.189405505234214,0.0380226754122585,0.382516667713754,0.833093805444825,0.127606864663056,0.22679725542244,0.913678947748074,0.74185474656272,0.408967205957163,0.166603088187229,0.539313899957568,140,"POLR2D"
-11.5781920936609,-0.00537539575322316,0.00116966342767618,-0.0528247571064332,-0.150482152017802,0.439510901647473,0.304488187218571,0.264327107084873,0.00645232391080621,-0.00391481841248843,-0.0131805027781193,0.0220207830187554,-0.00504981110845991,0.024415565871194,-0.0124912237075707,0.0527393184284577,0.100803311082548,0.00273643989281928,0.0999448222868591,0.0948281475523983,1.58283125506609,0.128197449735097,0.113020844283092,0.00783272270943161,0.0113096704326638,0.00960180294116763,0.00883096219575032,0.0101205642564274,0.00955993354175062,0.00912386338528491,0,0.957472493579612,0.66905899525065,0.597125142225797,0.112536812600767,0.781262710368342,0.0175418145231249,0.0193485556263583,0.410073019270834,0.729231583981048,0.169842134934889,0.0126459166267743,0.617803779120956,0.0106509394605572,0.17097684459486,141,"AMMECR1L"
-10.431543890135,0.0200627981717962,0.000516265344780941,0.0337596785290807,-0.114016435327089,1.50474963197423,0.098089507702281,0.113738757719542,0.000338664492384093,0.0175520707004574,0.00233349403403286,0.00255289996178287,-0.00279355690125326,0.00133033137451691,-0.00940157578816053,0.031672955800631,0.0694647794970502,0.00197774204087199,0.0730442027905077,0.0537000423591564,1.02565136909041,0.0858439601256062,0.0750186399127095,0.00477623917945243,0.00705072025112488,0.00623137922299263,0.00589291998772332,0.00667021313780347,0.00638397248375172,0.00623353551742007,0,0.772719340452579,0.794063391073196,0.643951175495038,0.0337363076757251,0.142344476351908,0.253184388693214,0.129483965866639,0.943472488583016,0.0127958516574723,0.708051155915362,0.664858751539149,0.67535445495882,0.834927478599672,0.131496881872714,142,"SAP130"
-10.1912891857381,-0.0913758001176327,-0.00117883116789309,0.0208393605567193,-0.210352407261127,0.666751770806366,0.0247933122527541,-0.0525034982004212,0.0133751105907405,7.98147413969822e-05,0.00584129605800182,0.0023021020846014,0.000906002281415759,0.0182304663471266,-0.00651375873698773,0.031816138316385,0.0606816936056252,0.00174493003340193,0.0659512373569,0.0591553390086479,0.827053831396856,0.0737898797330146,0.0647694030921061,0.00416011324543363,0.00578422646721327,0.00517472187238293,0.00482880552710573,0.00556703398700101,0.00513656371033502,0.00534396250784558,0,0.132112997306571,0.499310496538545,0.752016669273696,0.000376640421998442,0.420140802534274,0.736871759015894,0.417582822116241,0.00130406677483806,0.988990588561661,0.258976504276918,0.633544718584082,0.870719874184456,0.000386467928458317,0.222881948227515,143,"UGGT1"
-10.5248186728633,-0.372670896568729,-0.00579951070668904,0.11321541434005,-0.0718049753262052,-0.605194257511924,0.00812835336198178,-0.0961494111726192,-0.01456016692699,0.0361000527805421,-0.0202896020250788,0.00590327215529463,-0.0123729334413839,0.0236093758812791,0.0200764190446295,0.0354127028752176,0.0836957884230471,0.00243377372124622,0.0944672305868584,0.0437647050719194,1.00644001247602,0.100346455334881,0.0922818749849793,0.0048215373233901,0.00724246336097976,0.00630685451818338,0.006197582624978,0.00678127992563251,0.00654597176857449,0.00697028345514134,0,8.48035210478858e-06,0.0171754926491191,0.230737091755913,0.100858643313442,0.547625713696787,0.935439650379042,0.297453393295817,0.00252926322037432,6.21225050280503e-07,0.00129506312592559,0.340837355719152,0.0680656427501084,0.000310112290928611,0.00397312912610634,144,"HS6ST1"
-10.528325030676,0.108718216570239,0.000592667774508907,-0.0860345086014435,-0.119423396600785,-0.675269782299013,0.0267306656487952,0.0567961315794019,-0.0138509875996014,0.0143608345193004,-0.00569064663248685,0.0142195473349727,-0.00754069380316983,0.016446747238572,0.00469651898962451,0.0296558256952059,0.0638885184011262,0.00177523737598171,0.0662110754764655,0.0476501423210334,0.946554636920365,0.0806217351398562,0.0712152063009161,0.00446742213357124,0.00676272617543168,0.00583316974331756,0.0053821728375138,0.00625666877676653,0.00576336231203069,0.00579782704018731,0,0.0888141897262395,0.73849072083113,0.193807535449224,0.0122017664642803,0.475599773447709,0.740224121230818,0.425144362043992,0.00193231413183308,0.0337096796408202,0.329279192789133,0.00824249872948031,0.228116442865353,0.00432170887722905,0.417912510419569,145,"SMPD4"
-11.2273340083743,0.146752515186486,0.00029225080226571,-0.0646349048387108,0.0619311150913703,0.269231872262485,-0.133737885257466,0.0185805475066021,0.0259135517474545,0.0571578551820414,0.0190312276537259,-0.00244067758121501,0.0124315065339277,-0.017458003547187,-0.00301412650790872,0.0457518186044,0.101990531723072,0.00293674199406644,0.112654180574202,0.0593678830998063,1.21292348064163,0.121033491085632,0.106118658699694,0.00593361105061431,0.0076691369130473,0.00819635961437388,0.00760934937525634,0.00924251514742538,0.00818149563170034,0.00891602294219167,0,0.150183472228942,0.920729129281819,0.566139578982834,0.296867065464322,0.824337720424494,0.269174347885278,0.861007201209611,1.25821761937954e-05,9.12613338898812e-14,0.0202376619901923,0.748401967601654,0.178613926074868,0.0328558712407975,0.735320019152163,146,"MZT2B"
-10.2939540832399,0.049643869232236,0.00337609023172358,-0.0878807458726655,-0.0438416532635666,-0.95979643713924,-0.262589675135731,-0.119741639617678,-0.00538829646457423,0.0134084001144328,-0.000280449409567416,-0.0121202470269395,-0.0244320810779575,0.0279069419978204,0.0132328702586274,0.0384495608545228,0.0917089775580655,0.00279036211817623,0.107904830586442,0.0454321800419437,0.933100534903245,0.103877946669656,0.0952993878206062,0.00451647298301856,0.00676132087894046,0.00584730268685492,0.00585082358886523,0.00636624207432865,0.00609915562194026,0.00702295402825698,0,0.588287296777938,0.226312989314754,0.415399641663231,0.334549226906459,0.303663029377802,0.0114757684085496,0.208942506724706,0.232856869581027,0.0473558529827981,0.961746380399905,0.038307850993718,0.000124163974365587,4.74988925190194e-06,0.0595336866291563,147,"PTPN18"
-11.1660709281303,-0.0986652455535366,-0.0051220507475866,0.0202574870380388,-0.130065925846107,0.744446460224533,0.0886722852953364,-0.0608210233807055,-0.0154212149095481,0.0382058509544902,-0.0212721837106953,0.0325669149971241,-0.0167939066035587,0.0238990126033075,0.00116884424927951,0.0384067184824908,0.0864359954335597,0.00242189642127342,0.0898831994930863,0.0605253863947457,1.31736737236307,0.110943484904582,0.0999880545945076,0.00614284966954221,0.0092951545017608,0.00805698311633799,0.00754290852966446,0.00850359590162405,0.0079900384604455,0.00798196486629067,0,0.253668856456285,0.0344391045626282,0.821687030986163,0.0316384989107958,0.572004634316557,0.424141780979486,0.542999863247789,0.0120583069581631,3.95149564008673e-05,0.00828529600809083,1.57767808155111e-05,0.0482774277562986,0.00277973472107344,0.883577482456535,148,"AMER3"
-9.54218513753955,0.0638300748904481,0.00235404828273011,0.0194226698844849,-0.0663008011002709,0.95534252245219,-0.0237402817046359,-0.0642513646549447,5.05425889276857e-05,0.00608834502143836,0.00660814698726691,-0.00784721454334105,0.0142091771154528,0.0208894930786309,0.0151209810806734,0.0264495504683371,0.062015082674989,0.00184529126267987,0.0712476984940919,0.0362826808992738,0.751322240510298,0.0727686692836428,0.0648817779073445,0.00356208769190723,0.00545633324272015,0.00463755859719952,0.00447817025133477,0.00511802130495513,0.00472644796000076,0.0051732836173091,0,0.303354250159352,0.202059630237709,0.785154806693589,0.0676486356257129,0.203533653639597,0.744240377865611,0.322035489738859,0.988679167463547,0.264494540989721,0.154180515198527,0.0797177532025929,0.00549809689865791,9.88369454992658e-06,0.00346789939886222,149,"ARHGEF4"
-9.91951474394452,0.0261314894099465,0.00149038141761375,0.000485113566211701,-0.0102539001216395,1.48497262219109,-0.0424608743259826,-0.115147034996506,0.0224503632563289,0.00929615392647668,-0.00311257329494734,0.0041739425953639,0.00412010303358035,0.0213202237041877,-0.00952097205043488,0.0234239025524393,0.0471896605002446,0.00134029159728604,0.049141470656302,0.0393541137713775,0.714093949927728,0.0583275448340239,0.0506622359611373,0.00356625775867014,0.0049236857851474,0.00442873494314587,0.00410271910927123,0.00473703604390355,0.00432336079298625,0.00437164336709997,0,0.579746834155395,0.266145476924522,0.992123590667141,0.794435911385787,0.0375695851592191,0.466630150828131,0.0230359680297083,3.06971904130937e-10,0.0590195387901109,0.482172181535462,0.30898217055062,0.384429433140608,8.16421385345278e-07,0.0294139941988183,150,"FAM168B"
-10.5211007354471,0.0874823034084367,-0.000132748405777392,-0.139909639125849,-0.0170450427781656,0.692772534568185,0.0722973749134762,0.0531978655738472,0.0336244272628899,0.00241071309037625,-0.00636932941699203,0.00513755226847929,-0.0137648632733827,0.0287656043432462,-0.0189022700531658,0.0325375758251882,0.0644780373581786,0.0018278078779244,0.0672431493260342,0.0556412316852809,0.933526824618984,0.0788477420151282,0.0675484372746439,0.00480122483646697,0.00656149281908302,0.00580720907819088,0.00545967444327715,0.00611520624243007,0.00576239168963672,0.00577027661000847,0,0.174852150066467,0.942102852165544,0.0374657079105372,0.759347047247426,0.458025271466845,0.359182546942692,0.430959158456918,2.49999222573065e-12,0.713318326841068,0.272730147824754,0.34670498896024,0.0243903640368117,5.97709499397107e-07,0.00105363279159202,151,"PLEKHB2"
-10.7903193762374,0.186284800217274,0.0043427297627926,-0.0349064195028722,-0.070254013831212,2.96519582136153,-0.0957179232136185,-0.171968415207991,-0.00318332731866969,0.0670064108769611,0.000607233268526683,0.0100868702730989,-0.0200126309181675,-0.0117197285406188,-0.0132113934057898,0.0333529208814379,0.0808132497184955,0.00225861530048698,0.0849791495386782,0.0494616335862168,1.10953517596769,0.0982462142936429,0.0860632967414528,0.00490623218877139,0.00706671978889704,0.00682094331744956,0.00653237389323103,0.00744677489348976,0.00713770798098509,0.00696020311001086,0,0.0211594642868334,0.0545127229066532,0.681245212234518,0.155498854538071,0.00752958450289393,0.329924597943109,0.0456990921769086,0.5164460654822,2.49531802620288e-21,0.929062182890359,0.122555516073339,0.0072005794653282,0.100601268992464,0.0576785224657446,152,"MZT2A"
-10.0935159980602,0.0959379418970836,0.000264448421047673,0.0376967614590384,0.019825752734684,-3.21807694021826,0.0456660696827306,-0.0944503595628668,-0.0152346344405341,-0.00103273728975302,0.0153232608828639,-0.0045136635364766,0.0037679773904305,-0.0110416885869255,-0.0130812797137988,0.0252897148270653,0.0617860378853475,0.00176120060647571,0.0654593753447331,0.0357388951794826,0.899919123974215,0.0765337439238601,0.0673698731944731,0.00413564922022751,0.00655221411909532,0.00558699985662401,0.00528039048626106,0.00599571172214826,0.00568103346614373,0.00563559837117741,0,0.120484142475074,0.880644413780306,0.564696125688197,0.579073315624427,0.000348941821491557,0.550721786536445,0.160925010193037,0.000229841481975944,0.874758972950105,0.00609430919213723,0.392663372589214,0.529712210591378,0.0519430272845723,0.0202767339948685,153,"LINC03124"
-8.73831045878055,-0.355078091241523,0.00116947667773564,-0.136501128820015,0.0281847416503667,-3.03817607454879,-0.163893587114091,-0.090034763955891,-0.0620621190096244,0.000539793782890045,0.0891477175248989,0.0604960067456336,-0.114529184677823,0.0110865429970246,-0.0375843304283759,0.0806109054514418,0.2001141519624,0.00622481595413994,0.249427010168876,0.0385385780824185,1.22050216183269,0.212935909938625,0.211067803416726,0.00573800288570729,0.00966799615412776,0.00821047200296564,0.00925339921575363,0.00781106391576001,0.00924734853399296,0.0104895630862436,0,0.0760006938608608,0.850975978250042,0.584200937624694,0.464572486985277,0.012800079796236,0.441486738628994,0.669694032995127,2.89188195708111e-27,0.955474800120828,1.83094022743861e-27,6.24694264249412e-11,1.12183592288326e-48,0.23057117006108,0.000339642595312091,154,"ANKRD30BL"
-11.2172656628571,0.061615585235203,-0.000883294470749502,0.215197244165006,-0.071354832140756,-6.1965926606274,-0.306563433490716,-0.305924161915328,-0.0413453104658277,-0.0270532216676163,0.0353953696592814,-0.00835900823788388,-0.00379209511081784,-0.0118054122551256,-0.0173342076977688,0.0408484479154911,0.0897537014517826,0.00252171475925439,0.0954560376333146,0.0643549493848838,1.37733848723613,0.113999545920268,0.0995805408737365,0.00655719367712583,0.0106322543394548,0.00856026201660333,0.00783631538444038,0.00923468626266043,0.00863882251743453,0.00829178013316752,0,0.492400187758494,0.726132077374987,0.0241702561598224,0.267529449537632,6.82862603543082e-06,0.00716312959975347,0.00212538607390174,2.87569042453101e-10,0.0109450507271018,3.55191926209714e-05,0.286106715123045,0.681339423793762,0.171765333173435,0.0365702967454011,155,"ENSG00000286833"
-11.2070691487582,-0.0906692049323556,0.00777869263175755,0.266210385704592,0.182551469501723,-0.975930717713013,-0.152749829679849,-0.201581125612836,-0.011802593226482,-0.00578174936251987,0.0680716618973833,-0.0173412334921417,-0.0352251768700193,0.000546689911630129,-0.0988935785357126,0.0735665333415435,0.193986622706176,0.00591011240265867,0.222774005494142,0.0854549208466523,2.31577357310299,0.232782392593168,0.20702596534814,0.0108096614486067,0.0165537191307507,0.0142897011604163,0.0144052047095756,0.0157760990683761,0.0152843224691079,0.0163004738160401,0,0.640214248141912,0.188118126521824,0.232095011583,0.0326605722135435,0.673442925833386,0.51170091086225,0.330205653686487,0.274896419808158,0.726885172739787,1.90087401091686e-06,0.228660232350874,0.0255608697424618,0.971467335178693,1.30391045098615e-09,156,"GPR39"
-9.60037119096733,-0.054244317593125,0.000699423100739937,-0.0115442157818967,-0.0545902544930895,4.62739767123035,0.0197519269934699,-0.00865022875806293,0.0268402457667706,0.00858575069195998,-0.00389439434884832,-0.00044394038746051,0.0142002397946446,0.0407489240484551,-0.0245393907895056,0.0291120562017363,0.0678404228040157,0.00203551954381685,0.0766185060359467,0.0448992394697252,0.856473444248947,0.0809299027317834,0.07008472186354,0.00420294955682488,0.00622737224279614,0.0051352541881386,0.00507332599236656,0.00556554339117413,0.00537675791218088,0.00568067769087854,0,0.423950143748738,0.731140257167024,0.880234953540465,0.22404619046081,6.5590254651649e-08,0.807182677221444,0.901770313155329,1.70225430105689e-10,0.167983674530161,0.44823281858036,0.930270268471573,0.0107273828783221,3.48990084177638e-14,1.56170759425746e-05,157,"MGAT5"
-11.4947776817591,-0.119963970233084,0.00899366692347139,0.0229774778927538,-0.22890547726935,2.34969564613092,-0.150661409049957,0.0292436587921333,4.07896332865534e-05,0.0163136489190512,0.00196119162839932,-0.00323100182781131,-0.0196579506835554,0.00349187248860042,-0.0337732792704515,0.0740083574631002,0.192692524204939,0.00576163426445431,0.212225623995087,0.137704279075787,2.68725666950003,0.228546492585057,0.198557202469158,0.0117252068081168,0.0199837677210902,0.0151612904286341,0.0151035716653193,0.0156193332443148,0.0168556561476756,0.016163799629352,0,0.533569226953618,0.118533749992452,0.913782230938649,0.0964531411225478,0.381908882052779,0.509757342511231,0.882910405800149,0.997224325887931,0.414302842144957,0.897076601637281,0.830607079899005,0.20818739056054,0.835882367877051,0.0366681905986236,158,"TMEM163"
-10.1820991433761,-0.122754814146713,0.00270742631286927,0.0567307725908649,-0.0169652873482072,-2.16780081453539,-0.0329851833602156,-0.122282174554637,-0.0234548088190483,0.00511585023466676,0.00784368804658645,-0.0327772705391039,0.0040168398186496,-0.0346692844631289,0.0208032280294034,0.0515271029081877,0.137568611634547,0.00413091104756552,0.161775978209616,0.054612150426578,1.55777840605117,0.161336743371626,0.14589196572537,0.00709607161484382,0.0115532250564316,0.00912365666100574,0.00964257859170457,0.00972175766156313,0.01038309207337,0.0107535422648643,0,0.372223031870398,0.512206011329244,0.725832269169127,0.756066394256164,0.164044262054288,0.838002412149653,0.401935596516779,0.000948669980091105,0.657905257875688,0.389949574998347,0.000675777056062554,0.679474439618555,0.000840764823630437,0.0530459651622071,159,"CCNT2-AS1"
-9.58703577462567,0.0949233988461518,0.00204711769932091,-0.0831890648408763,-0.0703348885214691,-1.55974462116782,-0.0750342394497957,-0.0616413203001291,0.0164387873641613,-0.0261973910782876,0.0186222564559089,-0.0123480224080158,0.00548181216006822,0.00225124429522991,-0.00444361096631971,0.0229253981212739,0.0448922825521769,0.00127687900157083,0.0483890120029698,0.0395363254141111,0.589955143941985,0.0536222207619674,0.0465225814263459,0.0030574855029143,0.00426239310030577,0.00377522036504662,0.00348954332683884,0.00410178965359557,0.00375709191691157,0.00390895325900957,0,0.0344751175371593,0.108886135241221,0.0855829436520842,0.0752407339231267,0.00819723734134705,0.161719317087059,0.185178994310884,7.59178422219693e-08,7.93763892321972e-10,8.10757017253589e-07,0.000402287902629092,0.181404193762973,0.549040442324169,0.255631220304029,160,"CCNT2"
-9.21055574083255,0.0634628718324648,0.000685376503360488,-0.122213014037655,-0.0442326096159123,-0.384462091091477,-0.0509502342845141,-0.000147690690907721,0.0143276263331238,-0.0160934925184146,-0.00144908104463424,-0.00424475301333365,0.000580105467387727,0.00774131269707027,0.00743636659516148,0.0210221427343775,0.0479351573922803,0.00143175730666449,0.0544414967942038,0.031895477045374,0.588827531485384,0.0565422114124318,0.0497697481504321,0.00292299708357276,0.00432632529176407,0.00360318560523109,0.00351952684780568,0.00392674981597458,0.00378045069377906,0.00403450603632962,0,0.18552574697411,0.632154908028728,0.024777740143451,0.165503120039581,0.513802577894388,0.367534705550324,0.997632297661123,9.50155653297232e-07,0.000199302573143676,0.687561392424738,0.227795182153059,0.882554504781109,0.0405872302786308,0.0653010785699259,161,"RAB3GAP1"
-9.12106617496211,0.0803443520699859,-0.00105403175385432,-0.0775402427049547,-0.0338494409786818,-0.983313762863462,0.0140413872916991,0.00541144205103072,-0.0218715943669442,-0.00477311803070303,0.0141183855656767,-0.0102617463591173,0.00596104992027919,-0.0189378450660228,-0.0129610258764067,0.0247533106580117,0.0637742543946028,0.00189949450031277,0.0732479586657823,0.0285877916181841,0.724547009024905,0.0729039190412408,0.0661570442191561,0.00328397457542675,0.00544749216147658,0.00429960838099,0.00443321245605793,0.00477485588014938,0.0047935815954117,0.00506972840214086,0,0.207732770529954,0.578962249616084,0.289782275149316,0.23639235272128,0.174735838604494,0.847271251348644,0.934808210189295,2.73644000074355e-11,0.380918782302818,0.00102474083356101,0.0206270151064006,0.211875422558591,7.79336655566478e-05,0.0105715173937692,162,"ZRANB3"
-7.76407868971379,0.0156500790051872,0.000903484899863786,-0.0576810675653646,0.0437973769810271,1.01794399285748,-0.00466850400809607,0.0889172594987976,0.0082793614838426,-0.00801343753245656,-0.00620632943887283,-0.00814121298374899,0.00979590922946136,-0.00707332828719995,-0.00411365945369419,0.0130780464578398,0.0329658837293003,0.00100232095794921,0.0386928321190668,0.0149944165948973,0.367766165304231,0.0378602888136578,0.0342183645957405,0.00173677504275926,0.00272283943826437,0.00217043824332714,0.00224898506610961,0.00238761301436305,0.0024048435861578,0.00258222802058388,0,0.634975431175595,0.367379505532318,0.136028989202557,0.00349007973647135,0.00564168700137632,0.901862630623874,0.00936253576414745,1.86906608511579e-06,0.00325001736826292,0.00424333283100612,0.000294660205316262,4.08172273495996e-05,0.00326854567539472,0.111145403984641,163,"R3HDM1"
-9.52647177454159,0.0731197376540107,0.000505895423171674,0.0815047030746983,-0.126348592491858,-2.89448235463585,0.0126364407626678,0.0236070203159581,-0.0013976225625102,-0.0109967786219903,0.0165379010156047,-0.0112251198679737,0.00682562202653651,0.00579687736240059,-0.00372656741582426,0.021764903593322,0.0460227811812917,0.00134104641463309,0.0509400265452591,0.0358091139456873,0.601428839313262,0.0555923700798736,0.0490558505191692,0.00295910078262987,0.00436417468627151,0.00386470794282648,0.00360147195444873,0.00422532720974337,0.00385314638179641,0.00404882423813541,0,0.112111722075655,0.705995769974215,0.10959570653385,0.000418092456194565,1.48922355930762e-06,0.820186346513485,0.630354875777415,0.636703200963384,0.0117426786627391,1.87556936173832e-05,0.00182816590245196,0.106222642984145,0.132464784513892,0.357359951335102,164,"UBXN4"
-10.4602230232755,-0.0645236572856663,-0.00292214409639945,0.0336433262606593,-0.0992458217605004,2.10313433769688,0.0891431909090914,0.0728989938903243,0.0220271679305681,-0.00606727248944422,0.00851271451036983,0.000517373459140957,-0.00561363549305243,0.0286428360475045,-0.0019178437087281,0.0349346736394245,0.0659024750061153,0.00191066014727468,0.0695790928479265,0.0654242447794026,1.03595409924591,0.082128848623983,0.0717185044309839,0.00518572940968587,0.00722120140045017,0.00632992423293251,0.00584606195936781,0.00669826109607538,0.00630778978117249,0.0061010740920169,0,0.327541486984854,0.12616784527447,0.628722039998187,0.129277326030483,0.0423420670868192,0.277741629045707,0.309410367086911,2.1602370803169e-05,0.400794777767075,0.178677970883284,0.9294796954857,0.401989393801832,5.60232992939689e-06,0.753258828163565,165,"DARS1"
-10.1986735549078,0.0966449375339056,0.000423675452291352,-0.0324430179534592,-0.124802295149891,0.803672476312593,0.122443795791738,0.159052825902907,0.0205582751901816,-0.0165203367169338,-0.00470373086906909,0.0192978222135486,-0.0057246070623592,0.00481636239550881,-0.00127092875626788,0.0303601452468757,0.0610581468100032,0.00176048712952842,0.0653954888574984,0.056092018668397,0.886714784369894,0.0742963783786659,0.0637956950145995,0.00448344331770725,0.00643679430125937,0.00533713426911522,0.00503632837547228,0.00578898454327872,0.00552695992336686,0.00547072942841553,0,0.11345920500025,0.809820131515448,0.619820450901371,0.0260841661446775,0.364751504859693,0.0993433795941511,0.0126612052591973,4.53169290225874e-06,0.0102716629734945,0.378143863885018,0.000127248248936156,0.322722192709858,0.3835190449923,0.81629389528438,166,"SPOPL"
-5.88245339329721,-0.0662427375499292,0.000354398328810489,-0.02875819621517,0.0197335663577726,-0.376488070066869,0.119540224327358,0.130846867818261,0.00202407046671875,-0.0157678440673378,-0.00679611580183782,0.00372910246249895,-0.00556896453646408,-0.0350932209729897,0.032611495160346,0.0231297120677393,0.058110216000816,0.00182373109303288,0.0721727229498488,0.0112338147585674,0.342309907746642,0.0612363824491619,0.0594539070020492,0.00160764593398928,0.00277839232956459,0.00214995887571587,0.00254260629811435,0.00214784321613135,0.00266013911670905,0.00295984468734213,0,0.254307155299725,0.845920645592144,0.690288553985759,0.0789822573613691,0.27139936955599,0.0509250109687496,0.0277493406757775,0.208020393384195,1.38552370639584e-08,0.00157204448908567,0.142472475376027,0.00951933910464526,9.72386907398502e-40,3.13021223521633e-28,167,"LRP1B"
-10.0577022511494,-0.0197740240188215,-0.00158027596538052,0.0370144343373943,-0.0506392877051661,-0.38787570412139,-0.0719344943692711,-0.0805502872723433,0.0352377606233685,-0.0448071241846851,0.0508241557905646,-0.0541752439938054,0.0243604424135655,0.0350871294923377,0.0186350573529553,0.0381252546162393,0.0738580940441267,0.00222830740546078,0.0819819531004384,0.0699681892270074,1.07346832806025,0.089145184817762,0.076575825136494,0.00536328852757418,0.00781465510124254,0.0067872068246935,0.00635174711320483,0.00715379998839294,0.00668975892004515,0.00689753411899754,0,0.788907192344832,0.478211413167478,0.651632894485141,0.469220891529585,0.717853192274644,0.419703127119596,0.292844372468193,5.02551282612146e-11,9.82455519721914e-09,6.9809398381632e-14,1.47378764823263e-17,0.000661046921904342,1.56365474439388e-07,0.00689862944657488,168,"QTMAN"
-9.93271896632749,0.130773404700881,0.00220473940900225,-0.0599823111075799,-0.0717420346718705,1.33617241006299,0.133467919739382,0.0305959542497761,0.0187886665601944,-0.0370225637715076,0.0234209776263458,0.0434537378882281,-0.025233753930849,0.0184504328128956,-0.0246481749111494,0.0347749259344453,0.0784885763091335,0.00236035771881109,0.090950352275248,0.0543818883779389,0.931915800927518,0.0903456341626794,0.0798176508329899,0.00470365797829452,0.00707410655563698,0.00544033593553233,0.00533321791110099,0.00589840647782474,0.00595663001117304,0.00628534259925047,0,0.0956843961088678,0.350267769461198,0.509570837424014,0.187093362094704,0.151631937991045,0.139594305622605,0.701480168114409,6.48364614270782e-05,1.66301105548062e-07,1.66939789775392e-05,3.70751145200082e-16,1.88526752837512e-05,0.00195185672381379,8.79875992103034e-05,169,"ACVR2A"
-9.7928836278907,0.12876479936346,0.000622976060132955,-0.142311978090622,-0.154205795620102,-0.540434166103435,-0.025599110062085,-0.142805569607311,0.0283504249371445,-0.0356961644977055,0.0111406298389016,-0.0135352079786036,-0.00192104913571251,0.0161685570746435,0.00273203311722467,0.029472412277257,0.0564627285547332,0.00165381263870552,0.0631124563656281,0.0533709231396053,0.678209830018717,0.0660663046657493,0.0576007927819282,0.00363763866817735,0.00499994286972744,0.00433030684296783,0.00410215264761319,0.00470053600161474,0.00435217878024331,0.00470382542617144,0,0.0225764278148097,0.706403376269706,0.0241399045306585,0.00386073208792467,0.425535871703518,0.698403820115266,0.0131666653975837,6.51088881216029e-15,9.37975225886801e-13,0.0100905306773702,0.00096844162673284,0.682769191146113,0.000203164386176659,0.561367902552763,170,"ORC4"
-7.51141738644986,0.0248035489474253,2.6359598563313e-05,-0.000400034995831432,0.000661080613367533,0.0295461856170562,0.00479954252717142,-0.00859514908300057,-0.00777636241850141,-0.00479953622738382,0.000863727312044051,0.00193078433212321,-0.00382862673016376,0.00282570122693458,-0.00545988669957662,0.0119019850910793,0.0307588855367416,0.000933851860315886,0.0363903951314331,0.0135503121168788,0.347268748856514,0.0355375038353199,0.0319668388434132,0.00160329718390329,0.00265726637566458,0.00204012207920816,0.00214054409847715,0.00223499456387674,0.00229180698668299,0.00243943655518801,0,0.420020049248271,0.977481306093903,0.991229132922994,0.961088951991262,0.932196507264459,0.892567833899332,0.788024304125291,1.23317495167742e-06,0.0708881802993535,0.672025033538762,0.367053503767298,0.0867058688923734,0.217591520923601,0.0252096242309279,171,"MBD5"
-9.43039463145759,-0.01264698563507,0.00470211241491202,0.044587692054955,-0.0138588401475856,0.509064965473108,0.132128876726756,0.0552146405324223,0.0118211307554627,-0.0134342882668816,0.00109652193270002,-0.00403270277052728,0.00745141169368865,0.00696437501622864,-0.00231033344760814,0.0212703410812883,0.0486700097390404,0.00142181933025216,0.052822139188884,0.0336332735015351,0.698632378503635,0.059504896722284,0.0519580105582862,0.00334506337168543,0.00507496305292683,0.00419982465243408,0.00403098241551854,0.00452087851052081,0.00427482576379676,0.00436339752825163,0,0.794978155773182,0.000942639893085219,0.398607980979556,0.680297331848869,0.466210107471056,0.0263868358331052,0.287927950476694,0.000409470735055664,0.00811686168389766,0.794024991767667,0.317104013924057,0.099307111493343,0.103279158464576,0.59647224081864,172,"EPC2"
-8.06710081675254,-0.0855744593033999,-0.00116013605695578,0.0290544621061485,0.00860640102259889,-0.393686586902192,0.0843322481584988,0.106398568287356,0.0117339847282506,-0.00153612875994603,-0.01330057109928,-0.00516529232577122,0.0102478692367671,0.00283727072986936,-0.00221992970766608,0.0127565606430865,0.0308511279895296,0.000923411233903573,0.0356069869668034,0.0161053521988658,0.359638112261603,0.0360249388811718,0.032298278120374,0.00174781011928672,0.00261024355725708,0.00219195877870066,0.00220765017784389,0.00241175066523135,0.00233167572698886,0.00252019022993607,0,0.00554079342892854,0.208985822919101,0.414513616526487,0.593077669167302,0.273659366191232,0.0192352184131313,0.000986850594997896,1.8996478732178e-11,0.5561966242138,1.29599281922154e-09,0.0192979900693543,2.14591580218312e-05,0.223666005448569,0.378394686306634,173,"KIF5C"
-11.6691120124402,-0.0693789676075941,-0.000424643361484746,-0.0472890977537503,-0.238307947568013,-0.775313575608918,-0.00778898036102642,0.16942306590594,0.0535218980490033,-0.0274031975798869,0.00198042130159997,-0.00399172952085029,-0.00823856203412973,0.0130054947256378,0.00888570651045643,0.0707364833410364,0.0929869768484556,0.00262481747933747,0.0943379131048675,0.144335677686266,1.38590177704947,0.114544241275042,0.0974062725333781,0.00783447532807792,0.00963715118698999,0.00914461516018393,0.00836248555739,0.00958239083702115,0.00893259972489252,0.00868524934204585,0,0.455598017877003,0.871478986327437,0.616178638795546,0.0987247911824517,0.575869008520744,0.945785829193492,0.08197418153881,8.39804660439452e-12,0.00446216170283966,0.828545854123717,0.63312167802346,0.389921025634361,0.145404085151083,0.306269934508588,174,"MMADHC"
-9.6299604746319,0.0121104247884914,-0.00114151419331442,-0.00441231274081351,0.00697009042226174,-3.36843950089764,0.0216848919939666,0.0400936643255174,-0.00935096866205168,0.00227487045318525,0.0148023920780799,-0.00820683557564388,-0.000247693126492528,0.0134656291511667,0.00275401558384245,0.0245963365726768,0.0574051409163635,0.00170068785554576,0.0666226254864856,0.0294143140955336,0.668749960970647,0.0681023561737636,0.0620323657632296,0.00316871649792365,0.0049016006319106,0.00428975380284463,0.0040976629104772,0.00470268952430402,0.00434188910881421,0.00483048252782177,0,0.83291527270068,0.502088445292545,0.947195952404689,0.812685855580911,4.73084425514614e-07,0.750169267813609,0.518062684651521,0.00316718996277315,0.642570606133075,0.000559260944186316,0.0451978086894499,0.957994424001172,0.00192653727509265,0.568587762775218,175,"RIF1"
-10.2472703641855,0.167292049365954,0.00157843642901186,-0.116556790117972,-0.109291753662,1.08315786339303,0.207243344371413,0.14423831945013,0.0306796558050651,-0.0242856240092825,-0.0109477001493029,-0.00131235770445418,-0.0181155461890429,0.0455550959500137,0.0132626249429406,0.0333887102451211,0.0663516305507108,0.00190063558308683,0.0727091481284199,0.0590499334803601,0.898272066520029,0.0796834801599606,0.068843906140789,0.00467744637020146,0.00663209161606355,0.00547660871835887,0.00525696976744416,0.00583808290267744,0.00557997937959891,0.00575283413361151,0,0.0116923707336141,0.406268465007445,0.108922430857241,0.0641931235080608,0.227885425190036,0.00929979865612985,0.036157648122881,5.41476713388507e-11,0.000250415307214951,0.0456091575357834,0.802864618826398,0.00191572418751911,3.24039487231563e-16,0.0211437814521302,176,"ARL5A"
-7.67813073196227,0.0629487079366097,0.001285362055794,-0.088641378052466,0.0117469285461746,2.60670064426585,0.0710113649507613,0.0473483135812978,0.0106255745023306,0.00715168287247747,-0.0220560476502061,-8.50394795901785e-05,0.0026352301288525,0.00135557133413059,-0.00101126891962744,0.0125635138526915,0.0330040987959921,0.00100236664923241,0.0383224112712574,0.0154506541062184,0.402199181910116,0.0385886309319643,0.034334841632259,0.00185350486767476,0.00298820134446873,0.0023089260365726,0.00242786626706819,0.00251432963447692,0.00257893116265642,0.00271157626036892,0,0.0564817882392177,0.199727877202203,0.0207202852544908,0.447083163468634,9.10449987257985e-11,0.0657367262452971,0.167889662649231,9.88484165512489e-09,0.016697268282541,1.26586840361662e-21,0.97205866842153,0.294599638257989,0.599143220886091,0.709189348524188,177,"CACNB4"
-10.2107222678236,0.126445833870118,-0.00115247296679098,-0.0878625701993363,-0.0933896107763987,0.923436430456209,-0.0372947881752532,-0.0359090402262073,0.0215426343327493,-0.0131478990647524,0.00578817957081391,-0.0062834735912376,-0.000992759017107494,0.0155132134677915,0.00561414718164449,0.0303058759642016,0.0595337146579405,0.00170231913235225,0.0616314861060469,0.0568004587956204,0.904378507473438,0.0728496463123715,0.0619932287012603,0.00456495843017159,0.00645263939102817,0.00552918181942538,0.00517311716996243,0.00586754765338828,0.00558116229253155,0.00545804674626912,0,0.033675447686239,0.498404868212043,0.153980445323352,0.100141090313672,0.307219877782115,0.608691654949582,0.562426347136154,2.36854902464485e-06,0.0415899358936166,0.295172471133012,0.224503532597484,0.865643357437643,0.0054431455497556,0.303667652264558,178,"STAM2"
-8.76978284217868,-0.105638136709109,0.00145651001893872,-0.159092481279272,0.0440620975608756,0.546563410891106,0.0907349418893982,-0.024979303098072,0.0142481293571525,-0.0103323192932257,0.0215948279520612,-0.0194180068186603,-0.00783171750439441,-0.00395200021734917,0.0357639561252901,0.0231781266780382,0.0566676471765092,0.00170910904747236,0.0670812460358853,0.0266765009957614,0.595216205118461,0.0640115395666109,0.058360788841662,0.00290140918650557,0.00431471852726386,0.00365311313751242,0.00375877646000512,0.00394515251633428,0.00402760544371301,0.0043547719629929,0,0.0622978128783144,0.394100730094616,0.0177093969283591,0.0985917404388443,0.358482606411727,0.156343254862958,0.668640074126817,9.07232477277431e-07,0.0166354110162277,3.39316525574393e-09,2.39099765917599e-07,0.0471278420529217,0.326480198960014,2.16467922015194e-16,179,"FMNL2"
-9.71099190918491,-0.0139652071102813,6.47729571309565e-05,0.0247350939928671,0.0095065305250289,-1.75297983950537,-0.0356753403735132,-0.00491456555887199,0.00818182208363258,-0.0118201778630874,0.0214336259212304,-0.0145263107174266,0.00761695849305501,-0.00300747606229415,-0.0118233482228009,0.021133394225801,0.0427344392837783,0.00118830811246339,0.0435017672296728,0.0348046833770149,0.640942971121165,0.0528373803381402,0.0461501447814494,0.00315456080021237,0.00448145718752947,0.00405785901140379,0.00370851885999523,0.00433628339375606,0.0040023163238217,0.0038939507477989,0,0.743826374771116,0.956529993473383,0.569627794191353,0.784746056776378,0.00623800355350196,0.499554223053745,0.915192959236616,0.00949635018090992,0.00835012453582526,1.27778684528297e-07,8.96535041353957e-05,0.0789921855517626,0.452391582649551,0.00239471243655296,180,"PRPF40A"
-11.1667033402814,0.271250967073071,0.000936999145245542,-0.12022907706865,-0.183175938160405,-2.60572566742108,0.0403919254699006,0.100707660718894,0.00889367561278112,-0.0357442110223761,0.0253507362640202,0.00449054022406006,0.00108229194525539,0.00643532324280681,0.00951288850136621,0.0503889364059311,0.0951894406004632,0.00267947091297237,0.0984055271951841,0.0974084584714301,1.43415946664014,0.116398325188705,0.0982162373865745,0.00718917522729236,0.0104580607035951,0.00901546683207522,0.00814852077241732,0.00974614154901389,0.00896834716884583,0.00888515487522298,0,0.00437754900081891,0.726567168280885,0.221794016333012,0.0600409001166162,0.0692322844088778,0.728580303759438,0.305190187248983,0.216052699541106,0.000631150386100994,0.00492473483646362,0.581574343051878,0.911578086808433,0.473028900392453,0.284326962428994,181,"ARL6IP6"
-7.32333078829545,0.00960778681466705,0.00142163656718558,0.0126960871247344,0.0245533958385238,1.97542976630188,0.0815009975990916,0.0551030897903821,0.0111475899527673,-0.0119994194149764,-0.0143239375730321,-0.0115468962975248,0.00877678981682733,-0.00072909135436411,-0.0112866192953576,0.016420836474359,0.0427673110563266,0.00133032591632171,0.0519507661014184,0.0158658678725629,0.425061383898555,0.0483426778453842,0.0443836830097637,0.0019930303325321,0.00326328030678785,0.00249392620319567,0.00273252578880398,0.00266772533518907,0.00286004017482109,0.00313208693847698,0,0.822249556442808,0.285232906613894,0.806931179904368,0.121728065416676,3.36146908331416e-06,0.0918147550372421,0.214414881855755,2.22810974728078e-08,0.000235897350517154,9.27234527097369e-09,2.38175127154357e-05,0.00100190924501068,0.798782211620612,0.000313905186673312,182,"GALNT13"
-10.4610664558448,0.116044837864148,-0.00226845096096525,0.0840327167070186,0.0325953271579209,-2.01584266053657,0.0440124155028127,0.131135894075389,-0.0003330021216867,-0.0103031306692366,0.0215423010868174,-0.0366199259729078,-0.00995414597685775,-0.0197707397520862,0.0173897045783865,0.038167603818496,0.0898899740654314,0.00259570230627672,0.103424029332053,0.0497484227186566,1.05160691972412,0.104382839757223,0.0936547663981763,0.00509609421126244,0.00754219805126602,0.00662154578879812,0.00658175594337748,0.00724111466202165,0.0069988216950096,0.00747602575509386,0,0.196715708205432,0.382158716533677,0.416500944012861,0.512336916237365,0.0552485399669351,0.673284763298373,0.161451869041046,0.947899650676189,0.171918650472356,0.00114047157860308,2.63881473679234e-08,0.16923365245989,0.00473002598507369,0.0200152065748789,183,"ENSG00000287900"
-8.87162435314511,0.030617305127556,0.00224491743869343,0.129578407114686,0.0201192561534298,-1.26638963038061,0.148460343610133,0.104527040766602,0.00626348754704456,-0.0221968699800375,-0.0158563536665679,-0.0326582057533074,-0.011445589600269,0.00823592516792305,0.0627823767139783,0.0356229019968824,0.0909846468009751,0.00278723181184439,0.11350194038699,0.0290161815949155,0.762622060980862,0.0992401760173793,0.0929513731633467,0.00371132808008048,0.00600531223275206,0.00467710473693278,0.00517055576378318,0.00476392738921993,0.00541532110240614,0.00607204906467694,0,0.736485801191481,0.420572140221815,0.253603500069972,0.4880707606778,0.0967992283268202,0.134661427173626,0.260786275476112,0.0914750860583367,0.000218845583235792,0.000698398422645371,2.68092716549728e-10,0.016281060526116,0.128295904592115,4.66626276880203e-25,184,"KCNJ3"
-9.93673886299775,0.0155198209096056,0.000676393785627443,-0.10685750605811,-0.00800133106688738,2.64467291751636,-0.00143539965397768,-0.00344736975770337,0.0296435816009321,-0.0186975419595213,0.000826569858863429,0.00331179587178376,-0.0131524344900508,0.042285952800945,0.0045351883550833,0.0282959282058351,0.059705461923104,0.00179268059547128,0.0644695979518146,0.0499567170192585,0.912157797996725,0.0734991666282646,0.0630729598766002,0.00454391935292282,0.00665532600894548,0.00531481177944123,0.00518514936242017,0.00567917459195604,0.00550442481028685,0.0055397185810101,0,0.794910273823205,0.705944290149338,0.0974211002745006,0.872750886735188,0.00373926489007353,0.984418729118597,0.956411840962715,6.8552073116375e-11,0.00496323357874348,0.876409855759041,0.523012971056379,0.0205634018768513,1.56410381782741e-14,0.412976062231277,185,"GPD2"
-10.2308246609527,0.0743644562947141,-0.00579425754285372,-0.08390440278068,-0.00421512452923627,1.20952014587277,-0.210622716908884,-0.216488265016242,-0.00766539001144245,0.0374314663575981,-0.0109776369256527,-0.0745853542424155,-0.0483258795777947,0.142270110813386,-0.00541459284548488,0.0609558129539876,0.14900362733006,0.00457618934897125,0.184005680678493,0.0449716637330912,1.13142479528239,0.162182956686208,0.154965857848887,0.00548239776473069,0.00855081108796017,0.00727196968220432,0.00822310724262742,0.00750943283201954,0.0082410905710902,0.00970594329008097,0,0.617724322144095,0.205450358135454,0.648398527443922,0.925324866503322,0.285058900700736,0.194055983281231,0.1624117051236,0.16205841297125,1.20029635391454e-05,0.131150033313889,1.18781924528603e-19,1.23183624260845e-10,8.85674825159415e-67,0.576937502322883,186,"ACVR1C"
-10.9777009498119,-0.075929823807393,-0.00326515445106043,0.0633653808321271,-0.0574985682288406,2.82935630504366,-0.143801034049549,-0.197446175695053,0.0278884045744059,-0.00437346770347783,0.00786906836198212,-0.0379474316163067,0.00461881294968804,0.0483558583858272,0.0173612612027558,0.0525411866214476,0.109058734521662,0.00319767708611019,0.118966734820087,0.0911600075998658,1.47306070512643,0.130385157824863,0.111676035493834,0.00743680363318453,0.0105197990452637,0.00915127460273276,0.00880421760136322,0.00991200537084653,0.00893114946472783,0.00956906877195497,0,0.486285600523971,0.307206118159157,0.594288980981315,0.52820835205851,0.0547653772149208,0.270073114214121,0.0770564952428756,0.000176797502411223,0.67760260200544,0.389850955871155,1.63149451639329e-05,0.641228611357056,6.15314026545474e-08,0.0696299479184562,187,"ACVR1"
-8.72447371223219,0.262025300998397,0.00170560586476349,-0.0643136758529908,-0.0170377440179685,-1.74053237489299,-0.11983435281652,0.0854129452380228,-0.0240160449165988,-0.0050438065762856,0.0254559299790834,-0.00907909717511005,-0.0286193467085956,0.00780257526933275,0.00814873566424066,0.0428624628932142,0.107894654598566,0.00334851293249245,0.132792357161312,0.0270316933778928,0.745902556983285,0.11561181564562,0.111087776158729,0.00351284365616479,0.00566362390674484,0.00485391252288732,0.00532997190737693,0.00499461085307706,0.00543126091975272,0.00648859989829337,0,0.0151602113369039,0.610498377074809,0.628160486457555,0.528506364821305,0.0196241141666732,0.299958026126368,0.441965749017785,8.10725366774823e-12,0.373164349998468,1.56779252661756e-07,0.0884924297297835,1.00403786261632e-08,0.150830331410998,0.209168823642334,188,"UPP2"
-9.63686377919691,0.101783657492012,0.00143644114143581,-0.116668622002069,-0.0333343000215726,0.50090100191663,0.0707550456696884,0.0853617677485357,0.0041461795248447,0.000418234576419216,0.00761715230502341,-0.0120078600202912,-0.00219528406960961,-0.00366967156646324,-0.0190906990451535,0.0281964058925801,0.0714944754491379,0.00212132086484572,0.080403543451485,0.0411372836342121,0.950742808829135,0.0850333724357248,0.0749084045586744,0.00435399864919019,0.00680013809481645,0.00550280610803482,0.00571675405229713,0.00593460331967683,0.00603684647876231,0.00616789687395251,0,0.154545596312314,0.498314161911117,0.146769192148094,0.417757172564084,0.598296185166168,0.405360623019832,0.254474408644581,0.340960390708486,0.950957959709742,0.166287872908745,0.0356876762629767,0.71144767245398,0.543267798168149,0.00196699080684582,189,"CCDC148"
-7.91731382974763,0.0521774492175703,-0.00181642324777078,-0.088199701698317,0.0269146566862532,2.09987232755059,0.0724332564059643,0.106585019233505,0.0149620673229308,-0.00687947720872631,-0.00509348111967194,-0.0061310697822471,0.00335916473390865,0.00711812959825577,-0.00683154089607796,0.0149327741912077,0.0375355982756584,0.00113828697960137,0.0444067432886989,0.0177488322348608,0.407887438732668,0.0428708572911517,0.0384986541838109,0.00196683938545911,0.00301985953439073,0.00240950191346348,0.0025443288909582,0.00263078035468754,0.00270434869741031,0.0028921294161244,0,0.164504870783785,0.110544267324109,0.0470135499563982,0.129413576426088,2.63045370485091e-07,0.0911105081654111,0.00563082743842337,2.80178395255984e-14,0.0227218984049463,0.034522567469017,0.0159656348817771,0.201648117246778,0.00848576448766167,0.0181710278485794,190,"PKP4"
-10.9535153110163,0.155695197547382,-8.7285427371878e-05,-0.069513071059698,-0.108366570806718,1.89877166379209,0.2084099889917,0.137332856645621,0.0413705094435852,-0.0286132524069021,0.0319137404381336,-0.0205628007611712,0.0956639112042593,0.024631647333222,0.0216764517202762,0.0575421040953154,0.108938984854374,0.00318838109418303,0.119665221412985,0.0962741549380043,1.40405251605546,0.128946993314769,0.110564247888084,0.00718303425628377,0.00993723975671074,0.00936565653657727,0.00835675674984375,0.0105563812787979,0.00892545917678304,0.00978716402596727,0,0.152947811720383,0.978159763617121,0.561310421090066,0.260333187822577,0.17626309314987,0.106041259491861,0.214196317469096,8.43757304415143e-09,0.00398437177836866,0.000655540912661962,0.0138697274918711,1.27859647000212e-19,0.00578533186381175,0.0267749119836135,191,"TANC1"
-10.0732906931976,0.0397980915272315,0.00347174141968967,0.0366213736382737,-0.127972763274331,-1.31975207832349,-0.132198079039645,-0.231520588336353,0.0120244026161014,-0.0273507369479067,0.0204387382148247,-0.0249514657190994,0.0207356110210959,0.0126294775356257,0.00613406766806849,0.0324100320244642,0.0649518676869913,0.00188855614839543,0.0716730344772335,0.0558899724744948,0.809584794552165,0.0761657281872727,0.067020353428282,0.00415020079426378,0.00588151593011664,0.00521263989168865,0.00486823867362739,0.00573135612721264,0.00511841426592482,0.00557483672968121,0,0.540053521927268,0.0660175364113122,0.609385710244421,0.0220371635464062,0.103067860402837,0.0826233400443812,0.000551351513930697,0.00376382166002015,3.31473462087083e-06,8.81838637724609e-05,2.96973018956148e-07,0.000296975540413995,0.0136075789663599,0.271195586966592,192,"WDSUB1"
-8.75791499169658,-0.0275377308086834,0.00425590256888298,0.0662778152016472,0.0688570463033762,1.23946037182351,-0.00227223623492466,0.0235456035603557,-0.00304647950097807,-0.00661042015066979,0.00923902044091349,0.00750317780845253,0.0425023708628239,0.0359001863769306,-0.0193388936872729,0.0241964693661369,0.0604885436866452,0.00185621472868535,0.0721244056802851,0.0241507744156451,0.640196651480504,0.0695923562562006,0.063148080719354,0.00296541028893588,0.00478877830427549,0.00391814905158758,0.00394370245026606,0.00439240436279699,0.00416513930055243,0.00469539008322781,0,0.648925572063182,0.021860346235274,0.358128306350871,0.00435638773455602,0.0528601151043264,0.973953171970735,0.709250166657049,0.304261203833905,0.167464125554424,0.0183733774381552,0.0570964172727023,3.80102425074006e-22,6.74209971833873e-18,3.81019123246535e-05,193,"BAZ2B"
-10.5873972641553,0.13402383787569,0.00075563741507322,-0.0718142862122265,-0.000233924663775497,-0.387626061309489,0.141620744203139,0.215901901990625,-0.00416371009918797,-0.00790149358703006,0.00807568357870274,0.00859178007784458,-0.0102534528698626,0.00763547179345545,-0.0318979525322278,0.0355393206335601,0.0853949146102221,0.00242173612153081,0.0910513960609486,0.0524363170441268,1.21004789532732,0.103744248942585,0.0894482754278054,0.00570569912037209,0.00889569121808331,0.00713557980497507,0.00690705774446661,0.00770446868275233,0.00749118249973342,0.00745315862555276,0,0.116540969580368,0.755023029667556,0.430274204864941,0.996440553626714,0.748711030702584,0.172223227602663,0.0157911680480365,0.465545566059919,0.374412584332986,0.257740076544564,0.213531522582022,0.183240049820104,0.308078970744568,1.87069877976736e-05,194,"ENSG00000226266"
-9.34887482705326,-0.00106722891444502,-9.56859958773286e-06,-0.00263114244486951,-0.132780105446057,0.907661485706268,0.0743862393065527,0.0360183556013755,0.0151416523472733,-0.00861603943792931,0.00567270141356854,0.00531485182915571,0.00421166297767004,0.0140400775892597,-0.0110690545087717,0.0211876970017838,0.0426702994400801,0.00124039180149036,0.0470032477379604,0.0367457714733679,0.561456964642168,0.0512669041569329,0.0450096780965503,0.0028320611465972,0.00399410712120983,0.00349289467532393,0.003304056561199,0.00380592369552362,0.00352791900386707,0.0037054406391503,0,0.980046151205999,0.993845039809125,0.955359423924995,0.000302114823205649,0.105960744619344,0.146790933351208,0.423574193549768,8.96647371283958e-08,0.0309910291228153,0.104361116724983,0.107707380837906,0.268463746010575,6.90007807501418e-05,0.0028150514862011,195,"MARCHF7"
-11.5208570462649,0.352894449040322,-0.00262279655487676,-0.393855512054468,0.0873573397176333,-4.68107384036953,-0.139219743118856,-0.153939375524943,0.00858704342950238,-0.054321994058329,0.00897925428042834,0.0234224931472602,0.0618792543658188,-0.0586988339297865,0.0144602655196256,0.0576644704836481,0.135526574362194,0.00398177790417157,0.145122211405648,0.0796748297619556,1.87709588720752,0.160812934876197,0.139746777291697,0.00923690365205041,0.0144775473081122,0.0115013787386783,0.0108758228591134,0.0131322152024593,0.0122323571576708,0.0123136245947637,0,0.0092175990614366,0.510088521805536,0.00664846978595879,0.272893572289449,0.0126389022546176,0.386641106009376,0.270653269129121,0.352554800368152,0.0001753213686798,0.434972418690319,0.0312692374549793,2.45273879506131e-06,1.59736485825486e-06,0.240262651946454,196,"CD302"
-11.6585719615511,-0.0536018847587969,-0.000135785237107075,0.398187990287082,0.103165436555458,-0.835636508716945,0.222888818001638,0.22940819340318,0.0106911493362156,0.00235280707517687,0.00392817346953017,-0.0571746978770938,0.0271903574837563,0.00184688318890957,-0.0496821403388832,0.135667478925415,0.357761305276495,0.0116438655148482,0.425784436912955,0.0872020775454463,2.12349825915425,0.359074942569203,0.344893223788732,0.0100737543736117,0.0148227826292974,0.014159342844891,0.0154329391243983,0.0152311176128875,0.0150522450441135,0.0182477731302618,0,0.880902029424106,0.990695659562902,0.349692033616237,0.236784702465454,0.693936333686041,0.534776867641419,0.505949985055115,0.288559276355835,0.873882303489931,0.781452823344546,0.000211625468772859,0.0742313696837095,0.902346098966832,0.00647623365180056,197,"PLA2R1"
-8.71562372563295,-0.120244248907834,0.00150359923734774,0.106308100365255,-0.0443428086057748,0.999346568031689,0.0288103390860692,-0.0507725357724788,0.011355705716156,-0.0201359844457634,-0.025125021340175,0.00503489600734755,0.0499480422581806,-0.00632415361235631,-0.00417822913015781,0.0225653285488504,0.056010921435185,0.00170668178358092,0.0663724934704899,0.0270200081255591,0.598073789676741,0.0637974689542836,0.0578199352477253,0.00290004848601475,0.0044645731586116,0.00356469460106349,0.00365872334576785,0.00396805639656987,0.00389355998745173,0.00425730702337375,0,0.0318092034082045,0.378313828518768,0.109224373253405,0.100774559717383,0.0947331498393848,0.651563922691668,0.379881469959149,9.01441039433669e-05,6.47756590696619e-06,1.81122532233378e-12,0.168779946621073,2.47280314154777e-36,0.10432033757363,0.326383019282031,198,"RBMS1"
-8.61015907299492,0.0680801652731275,0.000671471436413589,-0.0541719744560843,0.0329218280958258,0.92877170757732,0.052928359462187,0.100239742541315,0.00167329480552998,-0.00175096392910645,-0.013937797299083,-0.000942283478561244,0.011430026205948,0.00989770281921979,0.00653822374756899,0.0224082182128648,0.0556011462096161,0.00170498328244621,0.0682967097744998,0.020798014677833,0.529447566182467,0.0620777952945061,0.0580774419488853,0.00252620591195022,0.00397513837406675,0.00324254308915685,0.00340138251066089,0.00353070297731808,0.00358712452845447,0.00403210030619595,0,0.22078698053411,0.693707476171758,0.427669630026556,0.113437127191058,0.0793914593961458,0.393873734901373,0.0843533674352938,0.507731133479504,0.659590409353609,1.72023500743385e-05,0.781757413390128,0.00120656731521989,0.00579376821363251,0.104901250649154,199,"TANK"
-9.67564818587544,0.00926039132089754,0.00202849322958109,-0.0381754727247153,-0.02861249469099,1.55282954061067,-0.0886186584919295,-0.0189691891276831,0.0273280294122199,-0.0225681487165042,-0.00366829368587761,-0.00634308859745206,-0.0142137152836196,0.0136745168443157,-0.00524016502621601,0.0229337607980866,0.0459191894309772,0.00132435729812828,0.0479063807665299,0.042412082514907,0.707332921083696,0.0562677713220533,0.0480425527221281,0.00357924437558079,0.00506955852584095,0.00417131919155463,0.00394686385407462,0.00439693616897109,0.00425085816759377,0.00417659406029359,0,0.840176958051539,0.125601113808241,0.425522715515726,0.499910396563459,0.0281398980327915,0.115269085448551,0.692959933931378,2.25576386157455e-14,8.51935224741812e-06,0.379179807792336,0.108027782257842,0.00122651674154868,0.00129591066280837,0.209605732006627,200,"PSMD14"
-8.10815475111023,0.00238870667103683,0.000945786826297153,-0.0545860838014859,-0.0465003663594497,1.25668429983397,0.0420678980313223,-0.00168170484583915,0.0199502092419037,-0.0175049914700996,0.00886611996332883,0.0142908820117838,-0.0107917210852563,0.0124176177564154,-0.0130372917292379,0.0169272223158516,0.0410280182156325,0.00124708596341797,0.049125012062066,0.0221501424650578,0.420365672825727,0.0466748395211836,0.0420068734079445,0.00207664692664085,0.00313242231654366,0.00254232140249386,0.00261340608113322,0.00274342426425305,0.00278788335273727,0.00307411880476602,0,0.953572313508043,0.448213078370903,0.266496547074766,0.035788187389201,0.00279432008565977,0.367430369274841,0.968065988126119,7.47416482926817e-22,2.29271302968086e-08,0.000487720977242574,4.54378709037511e-08,8.36592104714646e-05,8.42308321261111e-06,2.22541013656004e-05,201,"SLC4A10"
-10.9136222888946,0.163271551625997,-0.00306258147726686,0.118673365824557,-0.0442046238041971,-4.36086227989657,-0.228381109088344,-0.106832807962381,-0.0397734027563754,-0.0229528724702402,0.0272955554740033,0.0120095143337183,0.0431661295349852,0.0205303724953107,0.0524377399342486,0.0447376123482817,0.106267335058421,0.00317200651187335,0.120540299425897,0.0629360315692757,1.6659512467934,0.136831937990846,0.120281873403716,0.00771918247295404,0.0130697827135106,0.0101635701327223,0.00932603815958471,0.0114442438609176,0.00996620575870749,0.0109983980023356,0,0.124434729583626,0.334292985545478,0.32486385638043,0.482446038899433,0.00885399016552124,0.0951049179576885,0.374440118247818,2.56980662113935e-07,0.0790579206396254,0.00723939179716516,0.197836411567799,0.000162032676120556,0.0393986498609266,1.86284005623553e-06,202,"ENSG00000288091"
-11.9808528419277,0.188126124220341,0.0017421294233509,-0.180487731748843,-0.71897175325632,-0.355436415273056,-0.203324351682288,-0.551159055268354,0.0380144790975185,-0.0518689124621089,0.0475019400720776,-0.00951474353623764,-0.00452945342250598,0.0260895751874177,-0.0369911454750635,0.107751627755732,0.117546483914535,0.00325799475876584,0.119784205340496,0.2276480811746,1.63028726464853,0.139690332296294,0.116800505729818,0.00922113013326651,0.0120101865635145,0.0109473902094952,0.00970664438591042,0.0114290635834582,0.0105987467375384,0.0102431132870614,0,0.109500951775476,0.592840418739657,0.131868584287287,0.00158714115818985,0.827412961752719,0.145520843900595,2.3723164035848e-06,3.7471729082375e-05,1.56920186386175e-05,1.43060326751703e-05,0.326972624005872,0.691876271363659,0.0138329739621444,0.000304644141697328,203,"GCA"
-9.5535780367735,-0.0248683992885164,0.00356750206869874,0.102061099019081,0.0709892402055113,-3.39782935048017,-0.129504350170316,-0.0374858830140358,0.00634807795088974,-0.0468988352896044,0.0118280496446649,0.0354367980595061,0.0169597322358469,-0.088573747901585,0.0162100872596884,0.0502087138978181,0.127250147388739,0.00389542149062751,0.156630681707883,0.0356742205684611,0.891329526637564,0.137619913786456,0.128817620156696,0.00432617069495199,0.00677411265310463,0.00551917074519185,0.0060834388672165,0.00600204914620056,0.00649336637931742,0.00732192295694085,0,0.845056929572489,0.359761694358047,0.514656995013053,0.0465985282774693,0.000137796070790156,0.346689922369318,0.771051583421611,0.142276382457241,4.41416252489842e-12,0.0321063084886457,5.70695181823198e-09,0.00471837576090662,2.29501024748522e-42,0.0268348879468537,204,"GRB14"
-11.7119844273636,-0.116983349379225,0.00142088407382924,-0.134632379154032,0.111101113893702,1.86949797321203,-0.728692575357948,-0.326060560698356,0.0325682305630396,-0.0216142345781181,0.0230987455367723,-0.00862710456870128,-0.00678646424616337,0.00220191527835859,0.00613272827658032,0.0642931760948231,0.122114274550057,0.00353070255186615,0.127067317249927,0.114523310830711,1.86214422646382,0.1496021893397,0.123453418079476,0.00962294156268104,0.0129178144723759,0.0112938193862312,0.010303086750668,0.0121112116253357,0.0109937421048879,0.0112482637315734,0,0.338071536183335,0.687362708939755,0.289355807162843,0.331987727217262,0.315403160475317,1.1110883262447e-06,0.00826220360448742,0.000713246254251427,0.0942856847874566,0.0408296813271286,0.402405958638342,0.575243723962875,0.84125530009541,0.585605279194937,205,"ENSG00000236283"
-10.8620659722829,0.11412374978075,-0.00379387456948789,-0.229026230654673,-0.0745364144986181,4.87144377883404,-0.0385936980399088,-0.440107736242415,0.0264171499443326,-0.00513180807526245,-0.0272447275215357,-0.0394647417203113,0.0518021798032012,0.125289141001369,0.0474766299659624,0.081612724945148,0.202472220404045,0.00619137160968772,0.238665765027642,0.0973173355843155,1.87209425210998,0.223210596823493,0.201740723281305,0.00918395867413237,0.0136079812155282,0.0116612739092509,0.0117988569430018,0.0130353077343875,0.0125441086289024,0.014525376706919,0,0.572991401053152,0.540029734305536,0.337251163243494,0.443729280565224,0.00926451148654927,0.862727968557397,0.0291426647622207,0.004021825637865,0.706086274618888,0.0194734085068054,0.000823438109577607,7.06785950639419e-05,1.72213275602347e-23,0.00108107704609353,206,"SLC38A11"
-7.73549131372137,0.0086023258452134,-0.000956446402848481,-0.00291162211641919,-0.0346457105380275,0.0194231808553815,0.140898289486071,0.134993615985,0.0102695211734927,-0.0153600153001886,0.00211322084780062,-0.00235186549136811,-0.0160254494442637,-0.00900214463640011,-0.0056382842600886,0.0186400881039822,0.0454067226826013,0.00141804933706671,0.0567054610237062,0.015981479052745,0.321835012939787,0.0490608075273259,0.0468442884836473,0.00160293058988154,0.00241642303115365,0.00203838272631019,0.00220014846771477,0.00213708274870115,0.002326535201439,0.00271701518407669,0,0.849739755868229,0.500005978974527,0.959049483290962,0.0301688573684921,0.951875796775737,0.00407997415522654,0.00395471022916762,1.48687337820116e-10,2.06390046762669e-10,0.29986895088448,0.285088761893929,6.44292331323178e-14,0.000109132501215378,0.0379702411464141,207,"SCN3A"
-7.57827631759066,-0.0157268262598357,0.00120756351337311,-0.0291404781866054,-0.0237960867908474,-0.639796976450603,0.0489568263726608,0.0648688497393528,0.00867069486373511,-0.0131938745986989,-0.00027627474871886,-0.00147077399626953,-0.00772535364070093,0.00383793669409514,-0.0115170059687328,0.0141879680133337,0.0349033945833392,0.00107200400862829,0.0427518733159788,0.0143256523211787,0.299085372329423,0.0386953935842182,0.0358743120234278,0.00147206947045863,0.00226215286579248,0.00185494770083052,0.0019569862430088,0.00198120125867157,0.00208028380012917,0.00235098965129795,0,0.65229115357873,0.259973278577491,0.495480059620116,0.0966969288279048,0.0324212206130497,0.205805066034372,0.0705713942942549,3.85869228645944e-09,5.46221082658665e-09,0.881601472014508,0.452321418598622,9.64600112107735e-05,0.065050610188521,9.64283499145373e-07,208,"SCN2A"
-7.93108500920658,-0.0616080704528802,-0.000173280986964481,0.0326910219495688,0.0585987334913327,0.904372421835416,0.10500560373689,0.100229172312793,0.0107686826918332,-0.0117216181117159,-0.0028784631329046,0.0164533022516388,-0.0159442322458688,-0.0168432747457223,-0.00623987618514797,0.020501537904057,0.0514622909950165,0.00157878765939563,0.0636775366843405,0.0166874207760174,0.42399578195219,0.0563106315303236,0.0528429861471995,0.00204338058916991,0.0032184595847982,0.00256680074134826,0.00281378725353162,0.00271935534732938,0.00297743597048784,0.00336832308141206,0,0.231248179247612,0.91260310376267,0.607682807361159,0.000445499534487877,0.032926773432807,0.0622155741503582,0.0578628444788302,1.36399395608282e-07,0.000270531893140469,0.262108887239228,4.99355636106568e-09,4.53922187966386e-09,1.54066033404152e-08,0.0639516010172493,209,"CSRNP3"
-8.98606350607461,0.0279877588750803,-0.00135157135609912,-0.0317004490712154,-0.156530949902143,-0.618004450388047,0.10296932556378,0.092262602195994,0.00386961492947437,-0.00715036741901154,0.000743591146625778,-0.00718860881042463,-0.00910324623540291,0.00361709645182274,-0.0170785618773734,0.0208464542202033,0.0480759989428726,0.00142892758348299,0.0562725464702367,0.0307198407541993,0.512245335677269,0.0553882398562619,0.0497118236317906,0.00254059204355913,0.00378549147974254,0.00316189034225553,0.0031852959190761,0.0034348943993796,0.00341886060707506,0.00369381599376522,0,0.560461220532366,0.344217887224154,0.573204924914799,3.47941501105311e-07,0.227639464113275,0.0630205165589872,0.063460848282154,0.127729830465327,0.0589069089522951,0.814074483541562,0.0240199274935479,0.00804379581283366,0.290063186148408,3.77218430658015e-06,210,"TTC21B"
-12.0535337764526,-0.256671506919839,0.0106592786945337,-0.111068945544601,0.195716810901622,3.80410468258009,-0.434178717842736,-0.36043273275407,0.0138732928821376,-0.0112210752286656,0.00165051553717496,0.0732580651267868,0.00145138527194139,-0.0154532257998202,-0.0134446381252244,0.0907251304333934,0.232251342681827,0.00674879510865961,0.251943446812265,0.100395916021623,2.62161654949727,0.26375050684797,0.227277067972059,0.0124520422074663,0.0193642510158844,0.0140666363804344,0.0141872574840378,0.0150671970732912,0.016008700142758,0.0166997263731617,0,0.2690965837449,0.114236467768997,0.659322521344478,0.0512417173992269,0.146765089433833,0.0997283378019352,0.112767954891843,0.265220006541162,0.562269551169882,0.906594209923654,2.42177327599201e-07,0.923260478921548,0.334393710022275,0.420772741669839,211,"SCN1A-AS1"
-8.68060371251373,-0.0986967995886047,-0.00036430477948149,-0.00783237139183233,-0.0454019582991644,0.0748358145654741,0.0524365670803728,-0.0745076609059424,0.00659925380181437,-0.018591645255415,0.00652826298587766,0.0135193109254327,0.0101761222580244,0.0122811002592069,0.0153540463250067,0.033214322817918,0.0817783291310592,0.00255057652165432,0.102238497267538,0.0266968421357199,0.552654654291139,0.0871562976383296,0.0832697023040051,0.00276383754124919,0.00416393546744518,0.00359134080513226,0.00375457633792666,0.00381416515620211,0.00397025515279107,0.00476267433431224,0,0.227477561600598,0.88642260566793,0.938934736336169,0.0890089142004001,0.892286505232374,0.547414926150122,0.370907293337677,0.0169535257710632,8.00980905022862e-06,0.0690979563625091,0.000317294006715563,0.00763084488278484,0.00197959046699222,0.00126489028633861,212,"SCN1A"
-9.47515376934192,-0.0731500902943878,0.00106690611851236,0.0588371644695854,-0.0465122179638439,2.95593165144896,-0.170112263488469,-0.210124017956281,-0.0224139635906152,0.0321609566958607,0.0299091698713881,0.0261126971396544,-0.0547577822199687,0.036323427342731,-0.0478954561425713,0.035246625012961,0.0922235747157205,0.00283272567652781,0.110029121550602,0.0393009818857547,1.04094993564059,0.106219188741383,0.0967018848243662,0.00463988934714166,0.00796149669462227,0.00607124472928658,0.0064293757264113,0.00624995209494061,0.0067423430996098,0.00735958914889081,0,0.427671724580645,0.706444222153234,0.592828450791022,0.236616026194151,0.00451633054896409,0.109261568182168,0.0297874611471399,1.36046489534345e-06,5.35511919505256e-05,8.37732796830719e-07,4.87653188704958e-05,1.92990293871862e-18,7.15002585387593e-08,7.62095891893134e-11,213,"B3GALT1"
-9.77705892025665,-0.20306397312074,-0.00209116327926912,-0.0332693125560533,-0.0903700563940853,1.27821832175446,0.166726598551057,0.07842891608542,0.0236961149811359,-0.0149508672442733,0.00861210385110768,-0.00323986862012593,-0.00151894457597562,-0.000126640581517488,0.000366047911430533,0.0305663204336271,0.0698416494569907,0.00207418338679744,0.0776792883934456,0.0533842269515683,0.940637889888366,0.0831001004405668,0.0714127659889849,0.00458534202435124,0.0068424276676798,0.0055531752475002,0.0055304652801041,0.00592858237696435,0.00601974793330142,0.00607714207820665,0,0.00364340729795834,0.313365032428893,0.668439528742927,0.0904891306443177,0.174183166607544,0.0448205713966767,0.272096280870104,2.36869868190238e-07,0.0288871022249834,0.12093927453652,0.55799509073937,0.797790968484678,0.983215723807881,0.951969615977771,214,"STK39"
-7.80024551110817,0.0409980273754995,0.00395377875514932,-0.134103590491064,0.0190284319425396,-0.0587110682725907,0.107793462297719,0.113009660982361,0.0212943651505603,-0.016913449373768,-0.0112745411773825,-0.00631447473280468,-0.0100708573289175,-0.0440105790377646,0.015594252231423,0.0201565999183137,0.0506403460795597,0.00158009806433809,0.0623740572649946,0.0170511614596322,0.406674318662553,0.0551718609878251,0.0518554144983436,0.00198555616224414,0.00309773496990255,0.00247711141615442,0.00271221386029763,0.00257732729460826,0.00289977397369695,0.00321987594213116,0,0.418174613138204,0.0123411519178548,0.0315560170632667,0.264438810050653,0.885209282000119,0.0507277042774588,0.0293077340433453,7.79943743709484e-27,4.76293526440957e-08,5.32680110320546e-06,0.019903474023363,9.32633886904755e-05,5.00362926161995e-52,1.27814710691745e-06,215,"CERS6"
-10.3776415821701,-0.0256410055868754,0.00172066147956203,0.0744407312183417,-0.0912033519958839,-2.30445644481465,-0.0126589707965619,-0.028288159844295,0.0152827869796777,-0.0168751703905753,0.0162408187299417,-0.0230535651375964,-0.0190034652631639,-0.00977795900470102,-0.0272827920143516,0.034055097942337,0.070146408686946,0.00199628886887052,0.0765565490285249,0.0582599084902524,0.851879128455172,0.0826931057537108,0.0721450715989065,0.00443313928443896,0.00611490319137321,0.00537394076595231,0.00519292696746831,0.00582986742358861,0.00564377546163715,0.00576973234125491,0,0.714711680172435,0.388725979941409,0.330870151108699,0.117475911207745,0.00682746091928394,0.878332229795541,0.694983536179411,0.000566018116584017,0.0057858167422729,0.00250991752468295,9.02031449357183e-06,0.00111540473934815,0.0831808572117028,2.26066390880025e-06,216,"BBS5"
-9.48199312261696,0.0364276130808709,0.000429461670490149,-0.0417504598068038,-0.145841536905957,-0.704404140843652,-0.0473981385458437,0.033512355936891,0.000318606235897239,0.00368979822242536,0.00206481296967509,0.00159532362580521,0.00226122447643021,-0.000328813336781699,-0.0151038074477335,0.0213550889054011,0.0463129989156724,0.00133914065069081,0.0508693987467616,0.0356402277032234,0.599805248899748,0.0556229167478883,0.0489123932465134,0.00292013012084435,0.00430022640466231,0.00373797279235007,0.00356356239608539,0.00408335482870875,0.00381199104040197,0.00399229804791051,0,0.431543773437447,0.748438163934784,0.411795395176997,4.27579369009698e-05,0.240239613413438,0.394140122071892,0.493248888344581,0.91311773181272,0.390866272895591,0.580682247165455,0.654386585833011,0.579738764112592,0.931261614235977,0.000154802233946141,217,"FASTKD1"
-9.41723345132934,0.0870993329283709,0.00299645191901015,-0.00266189920727348,0.0227090744336216,-1.74903676455485,0.0569724970371766,0.0100404791687199,-0.00660309030157886,0.00793588997277744,-0.00602553506045565,0.00215965034498628,0.000305791412415351,0.000493429701210184,-0.00756458267914295,0.0177444734303908,0.0424857572004259,0.00121302408907812,0.0452979036137993,0.0241107353194253,0.594878429643,0.0523918859499749,0.0463922369915191,0.00277033531911194,0.00429306366416695,0.0036577898118567,0.00351451172974823,0.00397838302866774,0.00373977328630803,0.00380944060403312,0,0.0403563220365005,0.0135025140569615,0.953139850630534,0.346261406439149,0.00328044581976042,0.276846915870727,0.828655820944012,0.0171489505902399,0.0645245977696993,0.0994931457675958,0.538888189719676,0.938732340656699,0.895030900821521,0.0470614984063254,218,"PPIG"
-11.4964436979124,0.0328328861906223,-0.00287845848303025,0.0117568875965572,-0.0241910858434821,0.721764081625291,0.161681706701658,0.178093730324584,0.0129519225025564,0.00512323151942646,0.0199815186684108,-0.00797350807978495,0.0017529349099571,0.0192184873395611,-0.011979750410301,0.0573614873629099,0.121439854617356,0.00346438702803815,0.13085787036049,0.0918432585859428,1.77679130671738,0.151861081310613,0.132222944880756,0.00849625630645595,0.0123607823028446,0.0109669173169934,0.0104265550595344,0.0116536248281897,0.0111471250946891,0.0111236362235792,0,0.786880731237666,0.406046545620471,0.928410617280487,0.792245885993238,0.684582648408598,0.287025978315726,0.178005996001035,0.127402079950473,0.678526492918107,0.0684578175951312,0.444431845277108,0.880433488951653,0.0846941808290426,0.281496563948896,219,"CFAP210"
-9.51535623425392,0.0254193339023589,0.00359470164492469,0.00389977955100047,-0.102042685846209,-0.363509133888969,0.0624224165820754,0.156667372514808,-0.00483512557179288,0.00894578769127592,0.00536125872906685,-0.00243040907825954,-0.0189143002796031,0.0121015680777015,-0.0221309627850211,0.0297064723768944,0.0716847173895196,0.00214148538581744,0.0847129219827466,0.0358700142880595,0.710199994957824,0.0813962478708375,0.0750396182190755,0.00337575525740802,0.00515562013459699,0.00439638772220748,0.00448941861668027,0.00476377999127292,0.00479745841797629,0.00531841714614641,0,0.72288997524338,0.0932296371386928,0.963282163565256,0.00444406028338323,0.608762629914109,0.443143646673995,0.0368162913574627,0.152055329308576,0.0827137792811713,0.222666218554468,0.588256798714971,7.17401699064271e-05,0.0116525385329921,3.16588709039021e-05,220,"KLHL23"
-10.688410741709,0.126860298560543,0.00282397582607647,0.072176413400323,-0.0689222175612011,-2.13818692190975,0.0269791699718561,0.0767153998168897,0.0153990401713825,0.0101693641243746,0.00381921674320549,0.00130669091928708,-0.00974903876714935,0.0172219542656657,-0.0178210049835205,0.0369787920189964,0.079650199226515,0.0023468603125573,0.0899031516307388,0.0580992061401678,1.03923665026699,0.0968612697578497,0.0849007162334541,0.00511781749113167,0.00732644213874059,0.006578219754938,0.00625573089137484,0.00714180059944258,0.00663634966135418,0.00699317340934765,0,0.111223488656393,0.228860444899875,0.42207643230436,0.23550976281916,0.0396420835321964,0.780602365509851,0.366213085468926,0.00262188804321375,0.165126137857315,0.56152007898067,0.834542684850817,0.172231885073702,0.00945649247606419,0.0108235972196355,221,"SSB"
-11.3298905805308,0.0669222027489797,-0.00250988267314459,-0.0458180528713114,-0.0650881754080103,-3.4901294465201,0.0455042593912268,-0.0407238585313024,0.00526654345647236,-0.0142268276871147,0.0142408323062566,0.014625588205792,-0.00626818115201398,0.0122795347663851,0.0333607726040891,0.0461281048686723,0.0911352011587122,0.00254672147610994,0.0945565099225185,0.0781551998074921,1.36710169358097,0.114200672387701,0.100085663077101,0.00693421901729469,0.00980229389676233,0.00890625497057454,0.00793661592991012,0.00939599967004471,0.0085855359381407,0.00873879813400676,0,0.462755056256891,0.324361440110713,0.627990366243658,0.404953745582708,0.0106817705062702,0.690292044689605,0.684088758300568,0.447553159391316,0.146674803386694,0.109827323653026,0.0653583572372639,0.504700798205282,0.152642873888417,0.000134785115816778,222,"METTL5"
-8.12429320999677,0.00186524920975536,-0.000512508708938229,-0.0598255263934768,-0.0277731471707818,2.47731704529677,0.0238500376387014,0.0637838720107634,0.0259810253153491,-0.0039443829882069,-0.00147157058562199,-0.0126681311153137,-0.0101778171520351,0.015217634852379,-0.0224871429704226,0.0124487802389953,0.0281905091873277,0.000830984743468125,0.0313689705483316,0.0200007088965823,0.364346412748534,0.0332984905832258,0.028971616236553,0.00179460248229871,0.00261985711826696,0.00214361913495312,0.00214953890802658,0.0023060498936843,0.00228756324201338,0.00235796462017952,0,0.947245779065794,0.537400534440943,0.0565003645797865,0.164951940903533,1.0509569647781e-11,0.473837110110521,0.0276936693903248,1.68553952336612e-47,0.132177133104963,0.492404907543755,3.78288052437927e-09,1.01699277230243e-05,2.88481008180464e-11,1.47484729591188e-21,223,"UBR3"
-11.3017587947978,-0.0847402314718915,0.0033019121508385,-0.358309074439402,0.016032046122847,-2.97552009627574,-0.0187280455020452,-0.142153860917868,-0.0158682800984763,-0.0232236275327422,0.000636051686007421,0.00532776006469629,-0.00849911358035705,0.0162787923389762,0.0150718302746019,0.0623216027258973,0.168846641176121,0.00499653996780234,0.185536608380696,0.0881149400986009,2.34078397786302,0.205184217156391,0.181751521011618,0.0109114277786153,0.0172398250857335,0.013590427080744,0.0137019708823848,0.014614670445285,0.0141968461597509,0.0153570373294426,0,0.615754104401232,0.508715097242972,0.0534578067668624,0.855626126338035,0.20367034549022,0.927274639483564,0.434136419441634,0.145868466793867,0.177950658933023,0.962671473808044,0.697400679886995,0.560872043737693,0.251526923513128,0.32638160064963,224,"MYO3B"
-10.5706327973537,0.118853102676998,-0.000727795082082186,-0.0481414619659668,-0.0411136903116157,1.19193436169703,-0.104737802261107,-0.255519204094586,-0.0103437845556645,0.00621409919514848,0.0140257554096045,-0.0133440380948402,-0.0374455868769722,0.0181963234472907,-0.00262323498066845,0.0435351865300186,0.108666216457347,0.00319734257067152,0.124339626550679,0.0600785355559905,1.38830652657242,0.127453816714313,0.113494259164797,0.00644559441402769,0.0101124761403727,0.00794091048024896,0.00802327489475771,0.00871882094866947,0.00864779906206077,0.00902041098528548,0,0.274066946142034,0.819937787908622,0.698625066798419,0.493765272256744,0.390587325671662,0.411207456711541,0.0243612015848165,0.108541424486131,0.538886109294087,0.0773513338434502,0.0962792094212319,1.7485137508503e-05,0.0353647891861712,0.77119585150365,225,"ERICH2-DT"
-11.8914597212681,0.0708841926388219,0.00345894466717341,-0.153836013749742,-0.114931478264686,-1.43013012824378,-0.166439745817797,-0.0920111375910255,0.009827953038401,-0.00500271163990329,-0.00815016911800594,-0.00234599043415761,-0.011790739644965,0.0237424521162077,0.00984565037916446,0.064198954411172,0.133888128260859,0.00384545309157745,0.138879900514133,0.118863262680508,2.03413884229435,0.164198897557813,0.14037853383898,0.0100610340117042,0.0147846081826366,0.0121609281595683,0.011686327536805,0.0129768684899406,0.0123321848944785,0.0123970000141221,0,0.596508223049407,0.368391987725835,0.267995294178022,0.333583134663977,0.482015762584056,0.310751146980362,0.512177941936088,0.328651688098248,0.735082148064606,0.50273475554902,0.840896725528085,0.363563058954531,0.0541989702368715,0.427081216790828,226,"ERICH2"
-9.28247851568574,0.0632667816552656,-0.00136682758219843,0.0017946643027187,-0.126095617361809,1.09675376146219,-0.00871076713821662,-0.0148826345599584,0.0228945508981035,-0.000685088362520407,0.00804679806308579,0.00798359380719274,-0.0174874006640454,0.016496266055932,0.0029249603656711,0.0261269932711923,0.0589828798950095,0.00176949789475597,0.0699397373864866,0.0390827186276256,0.625735084040919,0.0679599469489394,0.0604193545871107,0.0031841967261889,0.00451968866599354,0.00390678363799467,0.00389313588662282,0.00424951851859107,0.0041743188780975,0.00459320247833549,0,0.283437347715009,0.439854998682788,0.979528407359943,0.00125367735368451,0.0796458641069498,0.89801047304697,0.805432746529959,6.47650330216112e-13,0.879519263845996,0.0394273321692366,0.0402976716719926,3.86929866792323e-05,7.75505891009879e-05,0.524253845737907,227,"GAD1"
-11.0030643978228,0.108407446742339,-0.00101844126476956,0.0066092345375675,-0.160507710304795,-0.46429057923034,0.0934194224044504,-0.00946314394908255,0.0233180838047591,-0.0180245606301745,0.0107678542714471,-0.00690249440271098,-0.00179116240747265,0.0186342615553105,-0.00802545382247968,0.0449866317608235,0.0782371626463754,0.00217346713075595,0.080411171920228,0.0872568493579254,1.17435240889668,0.096273766821856,0.0825028245948448,0.00609756387204118,0.00833197565150345,0.00740450645371439,0.00677915950014847,0.00786428179235342,0.00730486699135902,0.00708422921859393,0,0.165861134769542,0.639370521583984,0.93449324886231,0.0658438067786044,0.692578097716657,0.331871168182498,0.908682241704769,0.00013121659362673,0.0305181342847254,0.145882593226709,0.308586129509313,0.819833458817762,0.0107433487953464,0.257272225333038,228,"GORASP2"
-9.1059618151645,0.0297398344294242,-0.000429167059433379,-0.036505624447533,-0.00283480766194233,0.525677103498326,0.0111721603022872,0.0840027997105169,0.0102311479452855,-0.00901110607263653,-0.00152423146270531,-0.0203080239020261,0.00959990449664395,0.0178039536092863,-0.00296604278640966,0.0186120046699822,0.042524882661572,0.00124399892145294,0.046489855292908,0.0285540366592464,0.591802427962005,0.0515254230058891,0.0448345767369753,0.00285838937057443,0.00430943468608118,0.00355464459393001,0.00346228476632286,0.00383518114975706,0.00365883922865718,0.00378441559840314,0,0.484332478555337,0.730101966246223,0.432313743689397,0.920916989164093,0.374398476440385,0.828342301189714,0.0609833115096268,0.00034446282339759,0.0365264385113305,0.668068807367433,4.4778703144156e-09,0.0123105079678802,1.13872918768668e-06,0.433185722579861,229,"TLK1"
-10.0780652005692,-0.00910821073835532,0.000280544464465462,-0.00111926370106982,-0.0951262288905003,-0.173558716320867,-0.0103478204866196,0.0448807296452532,-0.0150404327403371,0.00683710008744303,0.0065472019359664,-0.0104773530827927,0.00166122709795366,0.0155868932279027,-0.00625569094116773,0.0286131616803177,0.0683665293915006,0.00203400048169216,0.0743116972068565,0.0467272027939555,1.06695245489408,0.0855641382385113,0.0749043164005467,0.00480149030675625,0.00775135043503664,0.00623908765060485,0.00599286761836233,0.00658835854422886,0.00639143904821784,0.00645734495018041,0,0.894014516148246,0.890297769485485,0.987982921991021,0.0417726150380925,0.870780069189237,0.903741395549283,0.549056763040487,0.00173353406786543,0.377748273719268,0.29400118459312,0.0804114398459728,0.800928351015986,0.0147396199871089,0.332659272086141,230,"METTL8"
-10.9316939244659,-0.0759759589291287,-0.00167960592413145,0.0735469499937603,-0.217241187349607,0.144958265669701,0.127940340999443,0.198614964675507,0.0239618254112246,-0.0227371057128375,0.0103835883833144,0.000815664342765394,-0.00161216069342918,0.0240686000463477,0.0217168226878275,0.0489628945752301,0.0874910195460745,0.00249014762432044,0.0938970398806749,0.0940465721587759,1.18721300840482,0.105905084223262,0.0915514158989636,0.00620097781837488,0.00851515876800391,0.00759326101303941,0.00696788378341166,0.00814670397923077,0.00747629248520789,0.00775367182386721,0,0.385183166306278,0.499993140783456,0.433467228389368,0.0208919186241986,0.902820117164531,0.227021841925276,0.0300495758141541,0.000111453365801779,0.00758079674000737,0.171476724745067,0.906812067332289,0.843130221398118,0.00128493677921194,0.00509692028441136,231,"DCAF17"
-9.47842277696492,0.126549896512217,-0.000777756864589631,-0.0991349211193281,-0.08957705821905,0.953597489169141,-0.0605804767021254,-0.0444484831214942,0.024412501751061,-0.014755621366378,0.00670842530559391,0.00620239245450797,-0.00204482952338426,0.0113698202096851,0.00366550348624505,0.0260232395416851,0.0555058072685456,0.00164266886816292,0.0648783696328417,0.0400481171173499,0.584999099386672,0.0632731237242952,0.0562751202313998,0.00305776563424171,0.00419538857435971,0.0037152998357318,0.00359039938410505,0.00411361473239798,0.00383570490214356,0.00434748741930414,0,0.0226112619238868,0.635876841715332,0.126509582383244,0.0253036111840912,0.103083810841206,0.338343166816924,0.429619739981617,1.41928785322865e-15,0.000436281461369281,0.0709774801715805,0.0840790287571615,0.619126824467944,0.00303464878013822,0.399154916572231,232,"DYNC1I2"
-8.30974399254654,0.0152605915394149,-0.000677254391533412,-0.0638438073271421,0.0333937769326429,1.79050679339975,0.0477397067977584,0.054407511657719,0.00396977648255527,0.00502587325035904,-0.00317137698138,0.0146185801803378,-0.0146881870501418,0.00597016807236111,-0.00302047887670919,0.0174312942308396,0.0436535553132361,0.00131587011155466,0.0522635439612875,0.0182580816714403,0.444560818581095,0.0495246502500025,0.0451604517128285,0.00211935366969921,0.00326921890441572,0.00267074846492899,0.00277876687015752,0.0028812209718559,0.0029805813045193,0.00326812702119581,0,0.726650798967049,0.606775396668282,0.221868614679899,0.0674016959710066,5.63525309128207e-05,0.335066740349823,0.228295915820318,0.0610535921497746,0.124212147818391,0.23505065236622,1.43417786680511e-07,3.43435444291492e-07,0.0451749938889862,0.355370108884129,233,"SLC25A12"
-11.6278088274004,0.103700824652875,0.00200935676140512,-0.150193763051304,-0.163123540636756,1.90592815419396,-0.217981762674906,-0.294352127575221,0.0264940293129351,0.00214494518892189,0.0141315695658388,0.00938260127675943,0.0125653977330743,0.00406916723386823,0.0213134326391411,0.0635642188579843,0.112686072949005,0.0033080423011426,0.117596979271915,0.124304755030878,1.73748360674245,0.13934383651818,0.118821441673173,0.00866694122239471,0.0118487406916184,0.0112148091655373,0.0100210624799467,0.0119821304314983,0.010663370213812,0.0108901416667721,0,0.357435334149607,0.54357508566886,0.201534945190999,0.189423244681918,0.27266437910793,0.117736689582579,0.0132393784060663,0.00223633991318801,0.856346170695466,0.207640091574018,0.349124887446825,0.294326298564363,0.702756333818154,0.0503320816487802,234,"HAT1"
-10.6492217384911,0.13217493245907,-0.000978916817918707,0.00445067461693145,-0.0642438000093793,2.57994998370351,0.0491679804472216,-0.136266435833112,0.0222226035302776,0.00171456195885713,0.0216852087518408,0.0199897680033969,-0.000150912142118712,0.00496090196201028,0.0011961530628106,0.0587461586320313,0.140351623300448,0.00412692349105746,0.167445907549436,0.0731515802636438,1.2729554579951,0.155908614561877,0.140683318158334,0.00656170451764359,0.0094634569855796,0.00792416068452961,0.00792116007349745,0.00862145556435637,0.00876002241011076,0.00972628330797166,0,0.346325060005497,0.812499650219271,0.978794904440735,0.379819747788056,0.0426889902398227,0.752485218582069,0.33274276735308,0.00070735597117049,0.856228546603613,0.00620788999859187,0.011616300221413,0.986034339714544,0.571182002986052,0.902121735221714,235,"METAP1D"
-11.1171566214299,0.189943309838272,0.00519854245563561,-0.383923186820425,0.0841807989889942,0.821628045459375,-0.314518756231973,-0.281446132875189,0.0279060067101424,-0.0216269001028019,0.00327023389628645,-0.0454897121615161,0.0246031257936577,-0.0116099585159038,0.0227521756706324,0.078858284901344,0.193185310711008,0.00588508849922676,0.237658132936639,0.0872607107712252,2.03082004311249,0.223775278600299,0.204889534149081,0.00990504162031811,0.0150052935335096,0.0122903720225865,0.012383225504234,0.0132769383580691,0.0133079031180402,0.0150841516907764,0,0.325500068424967,0.377051828842294,0.106214776836657,0.334692848525209,0.685786670378482,0.159869193909934,0.16955093593622,0.00484211529234893,0.149504265783564,0.790176863965697,0.000239255725068573,0.0638720062732237,0.382984306279093,0.131465049507243,236,"ITGA6"
-10.635776503289,0.203841799294401,-0.00193968192495339,-0.15744372548951,-0.216711313204829,0.964987253529763,0.115178284145856,-0.0329948445803252,0.00927797983436718,0.00263952464111485,-0.0113305318052999,0.0141712402154708,-0.0233880680599225,0.0134529969580191,-0.00108096959109691,0.03943100553077,0.0857888962811853,0.00250822304370022,0.0956348773833149,0.0711572577652475,1.1229919132022,0.102589706383102,0.0890047130538016,0.00557997605739442,0.00826906782257543,0.00677652405938444,0.00656907113759335,0.00725859659113362,0.00714342395218664,0.0072466072175575,0,0.0174973820148189,0.439327624855933,0.0997019517124799,0.00232273319425691,0.390174875603748,0.261561528919491,0.710854316266311,0.096366987880023,0.749571354831125,0.0945189802372098,0.0309848687120004,0.00127245902573017,0.0596637691898663,0.881420232887757,237,"PDK1"
-10.1639265192977,0.272668682118922,-0.000798410697277091,-0.0845462547122534,0.0466416753192441,2.47877777415923,0.0163336462570042,-0.0189367918237222,-0.00751902007738029,0.00976671766460356,0.0112343994895576,0.00838275182086335,0.0158068312636735,0.0153893409564942,-0.0203330561116398,0.0357176758928556,0.0898158537598918,0.00265290665042552,0.101153936613147,0.0437211611201092,1.15568746366544,0.105229402510847,0.0935324410858304,0.00528449407937069,0.00835536951804003,0.00677436077135593,0.00671963196061957,0.00767379331058999,0.00724440296369981,0.00768414382490418,0,0.0023984783169779,0.763447321460805,0.403257444800126,0.286062771843664,0.0319647369847027,0.876648343140197,0.839555339368697,0.154780868152328,0.242437835787586,0.0972427240953847,0.212213623107603,0.0394132802774043,0.0336444227560184,0.00814243901633909,238,"RAPGEF4-AS1"
-7.60899277264146,0.0410905291191353,0.00121546836679489,-0.062199396058986,0.0261214724826156,1.47852079542829,0.0518228640927414,0.0813425157894247,0.00857863411628347,-0.00448263809383109,-0.00306607146104576,0.00271811902364406,-0.0119936171624929,0.0147105552800739,-0.0152635849301198,0.0153217858838627,0.0390148541158189,0.00119926402018941,0.0469219732546752,0.0151525440501332,0.37309046650334,0.0436561345880739,0.0400706639316092,0.00178242305852581,0.00282198140928438,0.00224892421682988,0.00240810718045279,0.00238972135424345,0.00255245414869407,0.00280604258990163,0,0.292248342947777,0.310815710585935,0.184974851476787,0.0847258759548944,7.40443151175905e-05,0.235200223661349,0.0423589035373976,1.48751482389543e-06,0.112179676463788,0.172772142784062,0.25900891004913,5.19857769007573e-07,8.2485697131927e-09,5.34178856577732e-08,239,"RAPGEF4"
-11.5627742844584,0.352252690861067,-0.00209203003675663,-0.390134678731828,-0.10794053898578,0.29583307954523,0.0970768920831176,0.211012036116612,0.00571180460554885,4.90059026043408e-05,0.0240257787371565,0.0393958237140134,-0.0260209564247409,0.000998173721353371,0.0123896716242459,0.0660771536563134,0.158658032329565,0.00453624010307828,0.171694563129652,0.103821098550181,2.05989619452888,0.185135863716686,0.160599641546175,0.00975916165416191,0.01495082898302,0.0124561426235899,0.0119393804316485,0.0136029570089784,0.0134068849977114,0.0132512750074312,0,0.0264051398037489,0.644668389928653,0.0230708145024131,0.298489404622476,0.885804078227252,0.600031738399179,0.188879508554407,0.558362045744923,0.997384694647786,0.0537519985039485,0.000968041181057226,0.0557621737632043,0.940650477204678,0.349798819787082,240,"MAP3K20"
-9.80631856647383,0.00285236336476091,-0.000392673107710116,0.0419389482930946,-0.124024728100978,1.07001342740553,-0.117122749129484,-0.0444795368637136,0.0136045466888307,-0.0126793507835646,-0.0085181604071498,0.00464573638550356,-0.0143331779857817,0.0144947645547286,-0.00688210148022981,0.0309433470863255,0.0701409272688891,0.00209672902821281,0.0820604736856926,0.0489017693983169,0.814718640691395,0.0818569010173176,0.0724258299388849,0.00410495199404702,0.00615691229471088,0.00485141590288906,0.0048899069048974,0.00526544261063982,0.00526918053621968,0.00556673003482216,0,0.967562026105504,0.851441965016238,0.609299464873077,0.0112062316935017,0.189063921012133,0.1524809059668,0.53912338651352,0.000919125671307529,0.0394589580123348,0.0791210024124433,0.342078500503927,0.00648641611397495,0.0059439502198619,0.216350199112589,241,"SP3"
-8.83644236568097,0.0148580188685128,-0.000412090412020788,-0.0357521459298545,-0.0933702999854432,0.552594727694174,-0.0376044733458329,0.0383535717826773,0.0147322122529181,-0.0102524605960617,-0.00150996556283725,0.00631996105820692,-0.00932038528088854,0.00935344093274294,0.000230105353647206,0.0156334308929432,0.0338287386409774,0.000988624755595002,0.0364587142514125,0.0282487410807755,0.495649220602556,0.041334264183309,0.0356048534702568,0.00244465635716102,0.0035923494142315,0.00294576227253569,0.00283274200858205,0.00315355659076669,0.00305110486293819,0.00303726453865531,0,0.660507268725786,0.676801310813225,0.326780146747169,0.000948779516096595,0.264897244156857,0.362946373578281,0.281390628927608,1.67764309585347e-09,0.00431764896513949,0.608238795897766,0.0256784718808574,0.00312147045196301,0.00217239943245295,0.939609465764907,242,"OLA1"
-11.9815061901718,-0.0648644544075067,0.00163505616758929,-0.058005240690306,-0.213136215187085,-6.52622835331101,-0.35115876161753,-0.14227566884645,-0.01619033299238,-0.024078959058441,0.0327474856174978,0.0569569393591777,0.0303848471646734,-0.0962399837229942,0.0369627429683599,0.066969523109754,0.129816657717451,0.00378933361253184,0.139049778321733,0.119951031438785,1.86763131290277,0.16067455278832,0.138162857044991,0.00895209740321893,0.0134100355813087,0.0123890387029268,0.0106778611280206,0.0138214400628143,0.0124702683386921,0.0126103259172105,0,0.61731307430374,0.666112773108961,0.676565403715954,0.0755912421087317,0.000475150016465667,0.0288501426731339,0.303118994176248,0.0705206429846648,0.0725593526013885,0.00821112664555441,9.60116558682529e-08,0.0279216783500806,1.1858221939154e-14,0.00337710866772612,243,"LINC01305"
-11.4127197810283,0.175646157510249,-0.00145559420888525,-0.211585368341549,0.0126511439050957,-6.60819251736588,-0.111659366744979,-0.280757209000714,-0.00109729802281683,-0.0254939628660792,-0.00138952876237638,0.0441382377150016,-0.0030957538726349,-0.0442587190977268,0.0130070246824514,0.043498068614634,0.10095717141794,0.00291869158682015,0.107353922325701,0.0637495923207498,1.41128741137011,0.124026931333087,0.108255766470634,0.00719339839705628,0.0106953720224268,0.00900116893353602,0.00827175367221531,0.00984463282285713,0.00935937855052873,0.00940531180192949,0,0.0818926276351939,0.617980433121028,0.0487336923192282,0.842692543051212,2.83554789696861e-06,0.367969541549,0.00950150579325169,0.878759176870709,0.0171421610634613,0.877316402451904,9.50092632302715e-08,0.753170871676196,2.25840050846749e-06,0.16668186928899,244,"SP9"
-10.1221528164377,0.100448616022395,0.000144033006800612,0.0357592523366907,-0.188574744359118,2.26123453091345,0.0361973340652273,0.0137130301613137,0.0158390263107571,0.00705235831610135,-0.0114037347754091,0.00161629793029114,-0.0150844937190087,0.014216369343084,-0.0149920954837962,0.0276264368178177,0.0538734307993799,0.0015316269131786,0.0565488756086348,0.054262286164696,0.821787774820423,0.066315695610394,0.0564756870931315,0.00404280648421173,0.00573054965871577,0.00492700973769773,0.00466400597501563,0.00520575966593226,0.00503571644432867,0.00483814366590417,0,0.0622473436930911,0.9250779983107,0.527151603417111,0.000510386779826713,0.00593041852220051,0.585180332929089,0.80815027600808,8.93498842359668e-05,0.21845004963533,0.020638412668984,0.728931563900111,0.00375964325151763,0.00475606072814555,0.00194352787287701,245,"CIRSR"
-10.4675160151189,-0.044398814689763,-0.000235657752412519,0.0349749897914362,-0.0308030896143671,-1.3635627378682,-0.16852364388764,-0.227844600708349,0.00125382637336399,-0.000424891278955558,0.0168597795248453,0.00421132384084213,0.00116252397169113,-0.00967559253624758,0.00508553479657857,0.0312109788888197,0.0689496226179648,0.00199401761725493,0.0728256425476076,0.0519768125698845,1.03415176296401,0.0845751632737144,0.0745035657900644,0.00496290224889537,0.00730222281701916,0.00648386593908673,0.00594819603344358,0.0069192148510808,0.00638024152479649,0.00641249240188002,0,0.51962003512243,0.905923148986992,0.631045000539519,0.553427880689203,0.187325443677265,0.0463063360884274,0.00222692894995292,0.800546611704267,0.953600020382198,0.00931513827591211,0.478945147945475,0.866572378059825,0.129394702355522,0.427738907592664,246,"SCRN3"
-9.02574927998668,0.0452203506303926,0.00260380656651848,-0.0375901688018637,-0.0389002710020369,0.656647129999039,0.10398639311966,0.145106970886636,0.0129692921019905,-0.00496164318634353,0.00335854039130808,0.0128308098990094,-0.0279543485170747,0.0118006543229441,-0.0158645142217068,0.0210239392480195,0.0497670737463165,0.00148872058052017,0.0578871885646094,0.0285964737395267,0.561817875839022,0.0576388610766681,0.0516402975870277,0.00274932655234063,0.00410016188793763,0.00336663221505785,0.0033816478601419,0.00363975826831638,0.00364583178973945,0.00390742870842954,0,0.363540219615093,0.0802870402291595,0.516099638978195,0.173729612924177,0.242488239651559,0.0712152949502474,0.00495482529298191,2.39040448192857e-06,0.226237034172413,0.318475076708915,0.000148091729368779,1.58746046639872e-14,0.00120898314441259,4.9053696672674e-05,247,"GPR155"
-8.3065615618104,-0.00572993695561233,0.00144307996198516,0.00435302093420389,-0.0321684125597793,0.0694934875821135,0.1076980611154,0.109139816437047,0.0137960827479582,-0.0013906058553033,-0.0116620937237904,0.01119815985134,-0.00591200122347159,0.0245994550174565,0.00146470735268607,0.0149549748941139,0.0363917539588334,0.00109943308034122,0.0423717110576885,0.0197166124946935,0.432374596139407,0.0427497160410684,0.0382345151716486,0.0020712708670552,0.00318710552560765,0.00259845595800415,0.00261688063232895,0.00282471795131032,0.00276306131721567,0.00301306165123525,0,0.874889013123133,0.189328778397771,0.918173983963194,0.102776741046477,0.872309851407016,0.0117598566891533,0.00431067865540353,2.72554287873739e-11,0.662602758391135,7.18659299485825e-06,1.87564896496329e-05,0.0363533720516672,5.43713463011151e-19,0.626882599830954,248,"CHN1"
-9.59949802970445,0.0204650838987911,-0.00169923769581386,-0.0660625305967866,-0.109675957958123,1.44266182708526,-0.0326490208810984,0.0102642391540902,0.0284643149454597,-0.0181286686429561,0.00428829006944286,-0.0029340898527665,-0.0188759490350945,0.020297173607171,-0.00653265345814897,0.0240762015682371,0.0457041793361441,0.00131813252848924,0.0494887252146777,0.0442996172488135,0.613866097845212,0.0546875464363965,0.0469357583568426,0.00321451519164822,0.00440273290358893,0.00374583393116724,0.0035569119997213,0.00401806458582864,0.00383483728983709,0.00391955614830427,0,0.654317245925022,0.197354607139835,0.181908870712486,0.0132946718159335,0.0187671268344409,0.550500596931516,0.826893893542071,8.37344912857146e-19,3.8284761504609e-05,0.252285446663415,0.409429460720761,2.63015523219293e-06,1.20432414114897e-07,0.0955776652317706,249,"ATF2"
-11.6372950512705,0.0992570344317271,0.00212470439615697,-0.15692866479679,-0.00839686777748289,1.14873315780135,0.0613203388015919,-0.0801703645513162,0.0869902821236379,-0.0108418197691277,-0.0176093338359907,0.0112516272614304,-0.0119330000367474,0.0322125294665048,-0.00900344974362507,0.062469816055626,0.0944266488647125,0.00278385199433302,0.10253426719027,0.102281758981336,1.23722537630021,0.115004380549958,0.097688478013388,0.00734333560488303,0.0089276863191481,0.00837539915398547,0.00790093478402308,0.00887083561568131,0.00806750712996188,0.0085208040408758,0,0.293187453953083,0.445329444928542,0.125893088582633,0.934570805477994,0.3531610931849,0.593895122915372,0.411832156134161,2.25296371606735e-32,0.224593412084289,0.0355089029183083,0.154420968668705,0.178562404384859,6.52776004892526e-05,0.290674451636695,250,"ATP5MC3"
-10.1739523511805,-0.0773163566422778,-0.00391357905421429,0.048958618495828,-0.174212436592602,-1.41197734358418,-0.0838984533708487,-0.0121979221336222,0.0149543544863964,-0.022089714288521,0.0141321678352996,0.00480979358934099,-0.0155488018832425,0.00975700943818775,-0.0166620571211794,0.0311190664147958,0.0575119366628248,0.00167433952043136,0.0616811733748763,0.0610339622631601,0.84425086111288,0.0704412037621447,0.0606999407882277,0.00436683064665028,0.00616387384274015,0.00514621343274312,0.00485579305754572,0.00546456396530692,0.00529604430038975,0.00519785349138874,0,0.178834196769827,0.0194190820901187,0.427348659492323,0.00431246657602387,0.0944332877881157,0.233636979294065,0.840734205022918,0.00061585765143355,0.000338710716721761,0.00603029797060969,0.321916653172653,0.00443574280939121,0.0654283255341585,0.00134797607526956,251,"LNPK"
-9.58815581919863,-0.0245979200064566,-0.000377417215984041,-0.0202191377598352,-0.221482319889531,-0.184940170167514,-0.0726519942188882,-0.0162501637326322,0.0263628415541221,-0.0353889027176742,-0.0022353061082043,0.00308639285034795,0.0071417088123402,0.0120578806636211,0.0145235195843558,0.0265976736352594,0.0490834252614126,0.00145243382204834,0.0544121828957886,0.0513420953731961,0.635918619191862,0.0586617110706491,0.0505585092595771,0.00336033676286685,0.0046782611042698,0.00397944202541303,0.00375705287312135,0.00429020296776124,0.00400789201060298,0.00423944718109165,0,0.616268980503129,0.794978266050632,0.710196565688572,1.60432685554885e-05,0.771186201202468,0.215534101297299,0.747897408850741,4.31928349291384e-15,3.89233494195822e-14,0.574311269159317,0.411365477204409,0.095981559541584,0.00262511150558349,0.000612980162874015,252,"MTX2"
-11.478212335828,-0.0980083668144878,-0.00233590113620075,0.0980709808159876,0.0363926677128223,4.19417007171046,0.0464287282364609,-0.29024719074287,0.046205871164528,-0.0424871396419815,0.0693938151577515,-0.050531832484214,0.0630509019045075,-0.00045393367299073,0.0204503981009606,0.0823668170042172,0.158127775458929,0.00473582659505703,0.180222471818915,0.14437126510884,2.16719310315472,0.186828123463038,0.165093618505878,0.0111623951437858,0.0153045916556774,0.0139276352869573,0.0128750440672731,0.0153770174261578,0.0139974749393693,0.0139839320493136,0,0.535386255783425,0.621842715356447,0.586327096626895,0.800981588501786,0.0529534210943317,0.803739538696627,0.0787345145701775,3.48180986020078e-05,0.00550145906242341,6.27826154600667e-07,8.68057581113407e-05,4.12554912256184e-05,0.974129391440299,0.143625834972012,253,"LINC01117"
-10.5441139221063,-0.0958407463313357,-0.00228800303797699,-0.169055779163229,-0.0507120894929486,-4.39331481089336,-0.168041833121468,-0.0279023600482097,-0.0174718439348742,-0.027501674628547,-0.0183684767508841,0.0129801193599894,0.093894049925399,-0.023644890184066,0.0333189152240634,0.0525518732121511,0.126127280286333,0.00376899517726649,0.150532934572612,0.0524895128528082,1.22399221057871,0.141439774092204,0.132314842901464,0.00594402934731716,0.00957031111817334,0.00793659659879768,0.00785142049069444,0.00930856371821178,0.00837411463017355,0.00986650029948604,0,0.447330352932735,0.543811653394201,0.26141691706296,0.333975355713346,0.000331525985747729,0.234801708344183,0.832982055146204,0.00328854783052272,0.00405765046879962,0.0206456694844927,0.0982862536101571,6.31664514396681e-24,0.0047492207155496,0.000732879707715468,254,"LINC01116"
-11.4050054073243,-0.0928122327735475,-0.00265258456411413,-0.17829810353563,-0.176336369581878,-7.23744392743262,-0.0760760194866657,-0.1369408971215,-0.0225870434836111,-0.0277050059738991,-0.0650586137908181,-0.0553229229430641,0.162445481607001,-0.0362795882656052,0.0523197125271407,0.085008437161544,0.218695877795534,0.00659346984221096,0.25394634715644,0.0980348935105938,2.46211495199112,0.252096310296043,0.227148610881639,0.0114253488111078,0.0187840075691505,0.0147764498415141,0.0158439110604912,0.0174546569286904,0.0161691785588045,0.0181566659308536,0,0.671281781881852,0.68745972274787,0.482610974755063,0.0720645238275644,0.00328717701256941,0.762824631974947,0.546595719346514,0.0480502491184381,0.140232656569845,1.06833982099087e-05,0.000479873226784861,1.31849632003657e-20,0.024848515477271,0.00395698729718348,255,"ENSG00000236501"
-12.1393904298941,-0.0915113581908399,0.00201827806727778,0.0421526279871122,-0.00839371088059108,-1.46557743875106,-0.412532937727506,-0.425643464157059,-0.000455044098438972,-0.0323800872089953,0.0246443751031379,-0.00403026401422596,0.0419928416231269,0.0143322825873957,0.0402858053695231,0.076298988547641,0.14464279409016,0.00415171005877937,0.150764835948936,0.130272865070595,2.33949579637725,0.18048815146332,0.158256988940557,0.0116013324190379,0.017087441666644,0.0145997984885217,0.012866684276688,0.0158185769258434,0.0134481873297644,0.0143450707262489,0,0.526948253996999,0.626873758763287,0.779790616875931,0.948626436210672,0.531019739439879,0.0222746795133863,0.00715438500310633,0.968712250243252,0.0580971681167451,0.0914123431964506,0.754104008896518,0.00793898950413855,0.286540806322935,0.00497979502089067,256,"ENSG00000229337"
-9.87968280785596,0.0353271631826913,0.000614375173378311,-0.0958733441575159,-0.24967287922431,-2.44046727555155,0.117203681058938,0.0857058494562467,0.0273947362794236,-0.0114970763712175,0.00143851879838835,0.0068959091723829,0.000816009429115768,0.0156218477511529,-0.00081815027700198,0.0273718696148236,0.0484626642683819,0.00138350099459218,0.0518643600104014,0.0522721289787218,0.621381891513216,0.0584119545831378,0.0504274198117807,0.00333806584466331,0.00442817860815899,0.00410005494959162,0.00379929961652332,0.00440071110636849,0.004055183125663,0.00421382853821951,0,0.466028410021885,0.656989944317564,0.0645242631008782,1.78456444597423e-06,8.58392220378064e-05,0.0448027568917303,0.0892084047813421,2.27219569232232e-16,0.00942215929788625,0.725698227167846,0.0695166141322827,0.852894351741438,0.000117005784571313,0.846051841934158,257,"HNRNPA3"
-11.9878946219963,-0.0780489866168158,-0.00234171940685041,-0.0170917978227463,-0.171805619125583,-1.20164722070813,0.0712572612601742,0.321954702584351,0.0320424962291143,-0.0249292404639916,0.0397650378739575,-0.0107433039697049,0.0620974571445847,0.00728033609927678,0.0295188417459049,0.084351205553329,0.12908141366579,0.00371023642578958,0.1379485227295,0.157289925610797,1.91567368551395,0.161130244328208,0.142482816779905,0.00988995494928388,0.0134536456509989,0.0131026310878833,0.0114975695146101,0.0143063957386527,0.012251410987497,0.0126213848786085,0,0.545412041085562,0.527941801396779,0.901394591524815,0.274707312962535,0.530481379537577,0.65831993531362,0.0238458566292879,0.00119570303399915,0.0638862465863285,0.00240623806852304,0.350098718263157,1.42134158489935e-05,0.552348456686623,0.0193460050137013,258,"NFE2L2"
-12.0288934361735,-0.0628363689795455,-0.00216940137331031,0.0144562834296203,-0.190997598458046,-2.67312209158712,-0.117636982484527,-0.116495647003954,-0.0141612821237041,-0.0203333491966019,0.0346714708517843,-0.016521881541223,0.0170488103597463,-0.00233305345649735,0.0338989109021423,0.0721491109413304,0.129326310810371,0.00354942842884739,0.131136116620845,0.133954494251795,2.06124924733003,0.163322101197805,0.143964725321019,0.00989378732832803,0.0145444495925637,0.0134196436705539,0.0119407203085582,0.0139134693861555,0.0126583655411563,0.0124425850549046,0,0.627056081217982,0.541068914498047,0.912220020270683,0.1539146991469,0.194684304816364,0.471355105979364,0.418402546675065,0.152335442491994,0.162108758974749,0.00977649909301881,0.166462985163856,0.220444983678579,0.853770882736459,0.00644132273137317,259,"LOC100130691"
-9.72359132562868,-0.0142502801776949,-0.00120934657830145,-0.000873870478751883,-0.1297827385001,0.50063888957544,-0.095926845630562,-0.108004579011045,0.0174256191823566,-0.0176069607857843,0.0134945906766361,0.00117640621901078,0.00206344661170253,0.0110196204075132,-0.00110932426130784,0.0260526044892656,0.0506984806728721,0.00146991658660047,0.0560258575615033,0.0472007063348004,0.694293220091458,0.0612824930079764,0.0532351719650097,0.00354613268648855,0.00497673064057554,0.00430044954693226,0.00402051214890597,0.0046753762412052,0.00433314010854132,0.00448531417373076,0,0.778649778531729,0.410660736701098,0.987555398118906,0.00596693016346409,0.470862125766705,0.117507384708356,0.0424766323657077,8.92466177728889e-07,0.000403388629066235,0.00170134568224771,0.769827083962164,0.658964385553101,0.0109872922529788,0.804657759147001,260,"AGPS"
-10.3805731459317,-0.122318425383666,-0.00100117255300385,0.0627071450959701,-0.00644122231122459,-1.21348275983475,-0.0873956151871331,-0.152719910069174,-0.00211338517374501,-0.00772452063410736,0.0209722200963851,-0.00731745106864868,-0.00515384105681908,0.0029013626843312,0.00494159607432579,0.0303868862470486,0.0639454711296937,0.00181434221317633,0.0681017672459407,0.0476969187580697,0.937984290729248,0.0789143549108727,0.070219449733309,0.00455231132232661,0.00664322547401334,0.00581705531659278,0.00540075583090297,0.0062230474496359,0.00579088020314961,0.00581562073370164,0,0.0557665953547699,0.581078393096326,0.357162232843023,0.892576429308294,0.195764466746309,0.2680889439041,0.0296380071087102,0.642472632582796,0.24492421572314,0.000311794483821448,0.175451367086888,0.407565145523579,0.616355116911205,0.395485861082156,261,"RBM45"
-8.66166822492428,-0.137802267119285,-0.000470716009936762,0.125598195428025,-0.0459574480380153,0.851504259809137,0.0982887299699684,0.138971250387948,0.00599527760715784,0.00200775255790446,0.00254261696041316,0.00508863155207706,-0.0163826360726011,-0.0169205988701229,0.0110819926967485,0.0249852379410653,0.0617356636068011,0.00189554976208459,0.0760044923439638,0.0249207115971932,0.532555397768545,0.0680677281537269,0.0635710005775947,0.00257472134997685,0.00391141892784201,0.00329392133527551,0.00347110086519916,0.00350220821476866,0.00372471410346375,0.00414679933110388,0,0.025606114987704,0.803881481916202,0.0984305966963541,0.0651617637089733,0.109842225523916,0.148743395078261,0.0288098019057199,0.0198847670402802,0.607737689232644,0.440166629596066,0.142648468655423,2.89966541251646e-06,5.55142022718799e-06,0.007530615351241,262,"OSBPL6"
-11.4606451675156,-0.0137305248814568,-0.00468652523400269,0.0784066182845155,0.0235716301041166,-1.15418159449714,-0.171792910696769,-0.176069546713233,0.00117965622326469,-0.0217697568020694,0.00715248867065204,0.0251144855580768,-0.00338907873671373,0.00439700068736616,0.052224823514938,0.0487991072044398,0.0987099660033576,0.00287504067720069,0.106675668370096,0.0792134946424235,1.59257082296501,0.125903242061207,0.109782066761294,0.00800953550859533,0.0116082215440021,0.00986642012071223,0.00877526447484055,0.0105457708906396,0.00944729343052086,0.00995994969842286,0,0.889371379509631,0.10308613903935,0.462339482517648,0.766030694965675,0.468618556857737,0.172415408023733,0.108755999478231,0.882909851904195,0.0607412902364521,0.468493437359725,0.00421025552591146,0.747931139643115,0.641627578480919,1.57573626005835e-07,263,"CHROMR"
-10.3085796633334,0.040031154901668,-0.00108891812233295,-0.0187168889342727,-0.161639482939972,0.0469936639237237,-0.0286990622932629,0.0635457893449363,0.015046812673918,-0.00745424724123445,0.00903103335191939,-0.00512075733774368,-0.00210680207409592,0.00931088247978159,-0.000335012376573955,0.048453061738622,0.110349294007927,0.00338068328018182,0.134211141210945,0.0634968600443651,0.916775813651338,0.122362183095135,0.11384081168145,0.00469096259671705,0.00647755849343534,0.00597345253012016,0.00598188493101608,0.0064764595432882,0.00635381318915492,0.00746072275072506,0,0.716778453913929,0.747376929813831,0.889087821140242,0.0109080881275404,0.959118571261834,0.814564287208207,0.576708730934093,0.00133839478404455,0.249822597338731,0.130569080920332,0.3919733835047,0.744952887541134,0.14281161865326,0.964184247091865,264,"PRKRA"
-11.4057396967558,0.222403824531024,0.00604235820924125,-0.12918999734697,-0.0956731138709892,-5.44421298343457,-0.0682517873652631,-0.153399328366211,-0.0187745480932139,-0.0161218326475245,0.0295113631974585,-0.0211486882409826,-0.00489877826506188,-0.0104514539079082,-0.0134637321645027,0.0487883376565111,0.112992405244188,0.0031041003294103,0.113750822542422,0.0794427238339749,1.56769036183521,0.136188699091981,0.117671026511744,0.00745874985540037,0.011653689680731,0.00997058275798848,0.00930821624673144,0.0106554667470215,0.0101067620666094,0.00974173925144026,0,0.0490326412253413,0.0515859358850648,0.256070406694972,0.22847247188208,0.000515135045084884,0.616261318759502,0.192360207265127,0.0118319439526025,0.166539138546244,0.00307795493566252,0.0230837791594016,0.645700565167515,0.301087045709537,0.166951261544732,265,"PJVK"
-10.7282491097821,0.0567959811244503,0.0028382280387813,0.0639638976936581,-0.087905443750792,-0.481175509784559,0.0231098904518371,-0.0454526535711948,0.0274001292193835,-0.021545299035375,0.00130203764182606,-0.000799383371774425,-0.00194008670921197,0.0264641997881117,0.0076060255002287,0.0377783358126078,0.0677243045948178,0.00192468263456866,0.0706933139956965,0.0702209012325436,1.04498201583858,0.0842511521797049,0.0722975753047666,0.00539918652698669,0.00739135372655897,0.0065495110763698,0.00599778554610966,0.00697419350486376,0.00635683723816235,0.00639581195086799,0,0.40167408971937,0.140307392905482,0.365566950504342,0.21062759663655,0.645183953826907,0.783855914032829,0.529553013810992,3.87776313296589e-07,0.00355765196425188,0.84241981231964,0.893972140075208,0.780873574910447,3.13944818004183e-05,0.234353228598086,266,"PLEKHA3"
-8.91136853301521,-0.0483498804867107,-0.00417112995699225,0.0435070572454211,-0.00530505899908136,0.336117847775714,-0.0395911409008836,0.0477946279583589,-0.00104008818911681,-0.0168684067777745,0.000371161065375605,0.00442058942690238,-0.0173678251302734,0.00336466319748867,0.00635132856495896,0.0380264502746154,0.102307034824776,0.00323683890854026,0.122618054116796,0.0429153718310189,1.18028867703573,0.120655154340959,0.109430656266476,0.005572241436176,0.00923005903052193,0.00686986482283392,0.00767361907157948,0.00699948913242635,0.0079113450264714,0.00826474457166286,0,0.63650154101224,0.197522210384996,0.722726159386745,0.901618725787368,0.775815786746394,0.742809830737127,0.66228743537856,0.851930934722474,0.0676169139285662,0.956913318922534,0.564563667701528,0.013090452873337,0.670620927268508,0.442199362345897,267,"TTN-AS1"
-11.9531796760404,0.0560265593776889,0.0012050187374976,0.0562624261278699,0.360740557728095,-0.915668990302268,-0.106374205556543,-0.191466707166971,-0.001892650183253,-0.0236522027807077,0.0578431167128286,0.0115752130765993,-0.00419950500963266,0.000895468884783289,0.0193317061605191,0.0688951066989055,0.162947263985265,0.00465264881874818,0.171903463528861,0.0764249847789985,2.40797859276473,0.204499204546949,0.174507191821976,0.0110034836982722,0.0170608340167419,0.0150245423312269,0.0139592903225335,0.0162669995573806,0.0149203455040956,0.0150227644453637,0,0.730972283843667,0.795638110508194,0.743447932435491,2.35622799643927e-06,0.703749018435328,0.602945589322577,0.272560444005882,0.863433886105987,0.16564156702925,0.000118161846932216,0.406984373580673,0.796282648918991,0.952142388182281,0.19815442544206,268,"TTN"
-9.37706628308228,-0.0254645731233539,-5.46971700338006e-05,0.0227548210346786,-0.154765331733547,0.92978908571568,-0.0267918384622614,-0.00833971825990962,0.0238304800461821,-0.0256840599072367,0.0129431678112961,-0.00327451601166278,-0.0151037435110715,0.0173840191163325,-0.00650647192214072,0.0221150968038141,0.0407308126676769,0.00117880748302938,0.0434836913644744,0.0430791370703592,0.590738449164155,0.0492616659727892,0.0422083298086966,0.00302878307432376,0.00425695121512241,0.0035736319992707,0.00338488559077695,0.00380687506770229,0.00364811390684994,0.00363613177228897,0,0.531845134177255,0.962991096542363,0.600768615710455,0.000327417593981133,0.115500455926195,0.586532384778222,0.843370042084435,3.60341492388666e-15,1.60505563093459e-09,0.000292500948529101,0.333347403544937,7.26331787336593e-05,1.88659559560396e-06,0.0735514050526241,269,"SESTD1"
-6.93279658862565,0.0360543378062812,0.000879199157174929,-0.0469980256014578,-0.0168175522674074,2.25077959322986,0.0617192776263564,0.0175006026963511,0.00316932253588233,0.00387402789627476,-0.0478751912501355,-0.0171108580349526,0.0740098947810734,0.00171270251321793,-0.0111782894464167,0.0163860942663305,0.0440893356829585,0.0013466647298127,0.0525355566870643,0.0147344448659818,0.426747903336236,0.0492982638566665,0.0445518135090875,0.00196916691062451,0.003362070433533,0.00249824813837762,0.00279071288743061,0.00279658666019629,0.00293343743615999,0.00312311857808113,0,0.413496280628637,0.513839059170886,0.371003836666299,0.253713190554569,1.33292490381875e-07,0.21058574655541,0.694456422241504,0.107512781059506,0.249208308180081,7.46710682549874e-82,8.71324298816128e-10,2.49363024853184e-154,0.559317779477364,0.000344637745193131,270,"ZNF385B"
-10.3203886550973,0.0281466499472139,0.00064940721119724,0.15210854002526,0.0313707434015809,-1.63770392068789,-0.0966068234106445,-0.130221810333943,0.0164007442231193,-0.0284367390977158,0.0212676187312782,-0.0254585762787384,0.00295022935181261,0.00742880460405915,-0.0130240228167238,0.029547985246522,0.05705294092944,0.0016145049103867,0.0596285669344224,0.050353881965431,0.872313852958592,0.0700214038495395,0.0607696547036548,0.0044176424776286,0.00623247901873667,0.00543539965260379,0.00503009146608509,0.0057961026885998,0.00534786438102627,0.00527773068252718,0,0.621770486549735,0.687512531757032,0.0107434662199396,0.53328093378912,0.0604598543285739,0.167686544254631,0.0321230886545396,0.00020517680238108,5.05073976167062e-06,9.12329976631993e-05,4.16505405433306e-07,0.61075064190938,0.164797443545182,0.0135972227235589,271,"CWC22"
-9.5691576060894,0.0324527864222321,-0.000916909764351407,-0.0771489115859432,-0.0817256516125881,0.943827149558796,-0.00983122347484565,0.0298365881690056,0.0253937981246145,-0.032149603592445,0.00883124168020982,0.00254538122610609,-0.00399480444020713,0.0169212711447022,0.00154604947527316,0.0249028391721426,0.0510206788189655,0.00151162262400868,0.0554899126821599,0.0460461818190226,0.768488210559812,0.0620647721954229,0.0530583871993876,0.00381526801008167,0.00556760628075313,0.00449423878722302,0.00428904488523527,0.00478294040395362,0.00462814664493324,0.00463741788031286,0,0.524729990117107,0.544134193723963,0.164430763529348,0.0759205567737125,0.219386584421425,0.874139537330122,0.57388779611241,2.81694247970167e-11,7.72263049716011e-09,0.0494126289427569,0.552872619740882,0.403594209133992,0.000256015875562419,0.738843047214877,272,"UBE2E3"
-10.9299441481318,-0.112502008625786,0.00142746046115561,0.0750549181142446,0.00560875856468835,-3.046959657423,0.0840977205600021,0.176065059552931,-0.00418502034585938,-0.010900902189335,0.0363903201923882,-0.021742467029909,0.0126108705363942,0.0148398453552884,0.00137927255560453,0.039473478312491,0.0770083073665104,0.00212393372252155,0.0787257366291634,0.0590645893328053,1.13859165860037,0.0975537249905149,0.0872340924246328,0.00543359688956955,0.0079885713445067,0.00739525794823461,0.00663802668061265,0.00787902299908718,0.00708699674378438,0.00712280686832088,0,0.144040846523234,0.501530644650232,0.340401589941566,0.924346798215598,0.00744893911262476,0.388651363020211,0.0435594411149809,0.441174275754254,0.172390703943178,8.62069642168157e-07,0.00105497019483169,0.10947380332229,0.0362640759648058,0.846456430533955,273,"ITPRID2"
-9.81603213897365,-0.0163890990382185,-0.000905147944031737,0.0697620119646716,0.00641191059747653,-1.03931312179201,0.195607618846689,0.213508719089703,0.0120801720637353,-0.0118813789872513,0.0206977339741264,-0.0188136888079101,-0.023236462033853,-0.00378703207091548,-0.0310807327703653,0.0243915500386421,0.0527174796830611,0.00149439238405145,0.0570178191489212,0.0377412638368669,0.700092602068506,0.0634208378357657,0.0555687568845339,0.0034593279855275,0.00495587179641819,0.00428367860999646,0.00415311571167509,0.00456632027017765,0.00456636396542666,0.00450123294081637,0,0.755887682287124,0.544716438648382,0.221136202323419,0.865095660332774,0.137666609291172,0.00204045489543195,0.000121914579178523,0.000479315142540124,0.0165103237607441,1.35327047690905e-06,5.89786696394128e-06,3.60597998332673e-07,0.406916529679869,5.02254851627311e-12,274,"DNAJC10"
-8.67081962348282,0.0143791545988579,0.000594925913734988,-0.0600445033657199,-0.0412509425834236,1.10618067756674,0.000961053465398383,-0.0155549877245024,0.0326144116623745,-0.0228123671145216,-0.00733749863814175,0.00629708643650431,-0.0237809524018856,0.0256989939798364,-0.0100101147226888,0.0158035698006319,0.0336452569720907,0.0009993248611135,0.0376972519519123,0.0264101172170477,0.432677888455514,0.0398844109487621,0.0346805078644552,0.00224975492985749,0.00319210286431022,0.00257299011857752,0.00253315393238838,0.00275581946265733,0.00271178802897899,0.00282114756743702,0,0.669105934248391,0.551624348129691,0.111203157527835,0.118302801314485,0.0105703221227643,0.980776059950479,0.653776159181118,1.26795786432819e-47,8.90175784603126e-13,0.00434806597566636,0.0129235872147391,6.16973600277926e-18,2.6227351104972e-21,0.000387811498957482,275,"NCKAP1"
-11.6729574357243,-0.0482386855986631,-0.000753709490416882,0.061496521210924,0.0523959084035384,-3.45563753185487,0.049416960998605,-0.0324929845732726,-0.00189737464951791,-0.0365285480678946,0.00517540584391761,0.0444720164324794,-0.0229978020200324,0.0199621789252202,0.0322066232265572,0.0567996859648474,0.123687006344592,0.00376327448511478,0.139450166947513,0.0812346952659672,1.83977033896449,0.156501879102717,0.139056522775132,0.0092222636882699,0.0139591515679928,0.0110545683516973,0.0101350075532519,0.0119288350060947,0.0111831684797155,0.0116944719944989,0,0.696532044424973,0.841261421195137,0.659218200993857,0.518930935424338,0.0603403666351607,0.752185032165414,0.81524315105001,0.836995187277936,0.00887538552544611,0.639663762739232,1.14418361088727e-05,0.0538654694036331,0.0742580797513396,0.00588710397880478,276,"DUSP19"
-10.6725195050686,0.0083496153616401,-0.0043257759494599,0.0369643255281115,-0.177538968433202,-0.723066513195429,0.0785135991497894,0.133771309890621,0.00420638403026641,-0.00749306491043517,0.00805088304698371,-0.00179296074872177,-0.0204303965656136,0.0090702527564552,-0.0270231612816613,0.0415518769215505,0.0879023509561784,0.00254579183537538,0.0974611456954296,0.0723784764450669,1.0742783144881,0.103671127822022,0.091122703438982,0.00543742492751222,0.00793490206755717,0.00663211090844203,0.0064515629431199,0.0072502040274286,0.00701902611892193,0.0072397520268613,0,0.924324838710557,0.0892839877232581,0.704485570858204,0.014169991148259,0.500901569449389,0.44885019503477,0.142094739998473,0.439168230858232,0.345007552825968,0.224776491266018,0.781080627318413,0.00483378939485018,0.196274711877652,0.000189506884976031,277,"NUP35"
-9.8813867515891,-0.035377299711257,-6.40448783900368e-05,-0.00837520646628952,0.0715636818967746,2.10279188955647,-0.220242727261319,-0.0302386959717745,0.00555094676042414,-0.00962881382826589,0.0185690159888333,-0.00886903989524703,-0.0152266209553647,0.0130258623250422,-0.0353478825428894,0.0253935752510452,0.056886999681603,0.00163580813964533,0.0609149740026966,0.039768545141888,0.839121669541629,0.0694554403988965,0.0595690455753331,0.00402919905596326,0.00609295657833779,0.0048764497072469,0.00470246601478711,0.00523863228724307,0.0050508025606742,0.00501201662021437,0,0.534016010397839,0.968769340110075,0.890643409714209,0.0719388890635732,0.012212496992441,0.00151918714002895,0.6117168350381,0.168302123891683,0.114033876602731,0.000140153881238626,0.0592895390406526,0.00365377337667896,0.00990957304541379,1.75571341267833e-12,278,"ENSG00000272800"
-11.0982512829401,0.0501543003170269,0.00998621952063498,0.158623433448187,-0.0222762765578928,-5.09356115083675,-0.487990636033284,0.0834480122466292,-0.0304068968995078,-0.0301609245070579,0.0823010445406124,-0.0388051176286023,-0.0274973699207589,-0.0224125911581994,-0.0818288570259419,0.0611407558048258,0.153043397639182,0.00470474684684267,0.174883095195172,0.0949074753895151,2.4148562115541,0.194047266545411,0.171907675851812,0.0106390861543405,0.0178195493177614,0.0138261881620718,0.0137513944857686,0.0143954160168379,0.0150299756104107,0.014905066316679,0,0.743128725799897,0.03378874222445,0.364393292674724,0.814429384619024,0.0349220904894203,0.0119098933360447,0.627376021391876,0.0042627131200968,0.0905363842677821,2.64000154892555e-09,0.00477394381666345,0.0561142066578771,0.135910887934659,4.01927185645212e-08,279,"ENSG00000287621"
-12.2283380153397,0.0758132122964496,0.00444957839704281,0.0868210088146567,-0.371865654315005,-4.0122099230693,-0.163669021958736,-0.37778060058796,0.0262174739982988,-0.0346653305735746,0.00112159582434283,-0.00162277524398282,0.00611244658400037,0.0125729465454831,-0.0269653444028978,0.0927797084563811,0.129834143936408,0.00376370449883308,0.138542371182906,0.195169966356212,1.91539462942816,0.158076469739275,0.137177427158789,0.0106082219979878,0.0144059403625334,0.0125215737271141,0.0115145848052374,0.0132858922837795,0.0121609605775301,0.0121093793305606,0,0.559271758184594,0.23711297361217,0.530872444363608,0.0567355492178284,0.0361961463799074,0.300492052949841,0.00588796807475294,0.0134574039977097,0.0161140565826192,0.92862648384041,0.887923540088325,0.645465645987754,0.301193318501408,0.0259596577614706,280,"LOC105373780"
-6.71531064441912,0.0143715058369582,0.00163939393307943,0.0698275611301877,0.00307527959843886,1.56141786384926,0.0831819804580657,0.179361026326242,-5.90388242021704e-05,-0.00787857672886657,-0.0303615498721337,0.00893100779985462,0.0157723683107181,0.0062957716825181,-0.0112704312666948,0.0210601377911066,0.0535603419541926,0.00167473314341605,0.0667615081168279,0.0139019039360855,0.424715772000032,0.0588764264001169,0.0559811770248703,0.00195713217445611,0.00330777850620589,0.00259424043660709,0.00294689896959041,0.00269396008250959,0.00303443625341576,0.00339167189714937,0,0.788450212193834,0.327630082942023,0.295595448230143,0.824926714981228,0.000236564233531858,0.157707718436996,0.00135554887385147,0.975934674429665,0.0172266974522585,1.22382414477984e-31,0.00244031111756962,4.77828908685089e-09,0.0380074169111354,0.000890638049466051,281,"ZNF804A"
-10.2604245381282,-0.103475622519174,-0.00101380503816082,0.0543940580191854,0.0158090460176253,-1.06650640215446,-0.493565633171572,-0.299474343036455,-0.0345484000449769,0.00249638375465324,0.0399862141949195,-0.019169803192689,0.0161685582028291,0.0034419072533374,0.00283641246516458,0.0380130348500667,0.0980434358802581,0.00288774079090124,0.109060509847822,0.0500063204400587,1.36319232053599,0.118012342764369,0.103358704614746,0.00595526701601039,0.010148730421005,0.00810168890363202,0.00782108538800108,0.0088396781835889,0.00840563402467896,0.00875691848700197,0,0.291239717114403,0.725534306592596,0.617954683989125,0.751895520232006,0.434003354164823,2.88546739005433e-05,0.00376236803826889,6.57955331639183e-09,0.805697787405895,7.99290664563843e-07,0.0142443613847287,0.0673862753167086,0.682190214042604,0.74600971785929,282,"FSIP2-AS1"
-8.69577433086121,0.0809143151288272,0.000794976458543604,-0.0424403520451764,-0.0334654565502448,-0.715239564312761,-0.0242415344910006,-0.0103776117248053,0.00351192595032568,-0.0265977159353066,0.0198166946965871,-0.00992515871481494,0.0105120816419567,0.0117724473871631,0.0100298646391725,0.0185097490631051,0.0470762157765994,0.001424279623035,0.0524674422710521,0.0300226394356582,0.692813158641228,0.0583431090377174,0.0504240580701677,0.0031616226558382,0.00521333783778463,0.00404065230703703,0.00402718336546351,0.00439557901282428,0.0042671610328566,0.00440378334719903,0,0.0856518965352027,0.576734871451254,0.418578830768956,0.26499013288764,0.301898790630607,0.677776257806209,0.836941865058552,0.26665505869246,3.36332829708833e-07,9.3746490997154e-07,0.013718884844329,0.0167791179129388,0.00580055619852918,0.0227530248601949,283,"LINC01473"
-10.0038185254253,0.0159434496063677,-0.0030872634967811,0.0225529697091411,-0.0849511810622278,-0.675676184611404,0.102929408334218,0.184466789687871,0.0144759242947633,0.00634953757890111,0.00139804591807981,0.00328018078772722,-0.0054928110789392,0.00526762836287396,-0.0147495665218655,0.0241231549326152,0.0479002558919253,0.00133270074688611,0.0491842710056249,0.042689650393839,0.703866177517635,0.0595713205314746,0.0513222425607394,0.00350343966915616,0.00484847827381465,0.00443522563507326,0.0041154124630573,0.00471140977688497,0.00445888235208602,0.0043160590250589,0,0.739249886402856,0.0205284385400858,0.646564326112083,0.0465940920322059,0.33708048901736,0.0840178233517897,0.000325283062440216,3.59749274132994e-05,0.190333252630321,0.752599055903523,0.425423223224048,0.243673896710393,0.237452340091522,0.000632295043414929,284,"ZC3H15"
-10.1290362680912,0.162444290263759,0.00240022765134466,-0.085075707504361,-0.112245152106229,5.30880881536054,0.0165675644089057,0.0617509707847564,0.0426488287583875,0.00660842218560055,-0.00334681665095599,-0.000984719178112296,-0.000457741062670413,0.0946563599998089,-0.0372482348450545,0.0365943092387265,0.0740386292682082,0.00223771649809971,0.083702586579928,0.0611328871809895,0.925208356115401,0.0880521051151948,0.0767579610697064,0.00470311034510547,0.00660447466895025,0.00570917958587965,0.00558569769532319,0.00622524409125401,0.00586116792165793,0.00626960028246512,0,0.0282319747170173,0.283440006463452,0.309436679400135,0.066345146992124,9.58235703740307e-09,0.85075407379469,0.421114353060764,1.20979585123567e-19,0.317021340880337,0.557729872996061,0.860063792842221,0.941384517259499,1.14034428454946e-58,2.83139912019854e-09,285,"ITGAV"
