"logFC_(Intercept)","logFC_case_controlcase","logFC_Age.at.Death","logFC_SexMale","logFC_PMI","logFC_pct_mt","logFC_pct_intronic","logFC_PC_1","logFC_PC_2","logFC_PC_3","logFC_PC_4","logFC_PC_5","logFC_PC_6","se_(Intercept)","se_case_controlcase","se_Age.at.Death","se_SexMale","se_PMI","se_pct_mt","se_pct_intronic","se_PC_1","se_PC_2","se_PC_3","se_PC_4","se_PC_5","se_PC_6","p_(Intercept)","p_case_controlcase","p_Age.at.Death","p_SexMale","p_PMI","p_pct_mt","p_pct_intronic","p_PC_1","p_PC_2","p_PC_3","p_PC_4","p_PC_5","p_PC_6","gene_id","gene"
-7.27714067157337,-0.00784044679625103,0.0015905068659637,0.0410298427240856,-0.00103548877770928,1.20412570297656,1.09998202520561,-9.95485676691902e-05,0.00521826063898902,0.00274939497996434,-0.00393003067357607,0.00896670096122334,0.00426791294789228,0.0113801193877808,0.0258597207225247,0.000979554321314971,0.033375768865615,0.0021108043759885,0.242038882634222,0.0507394087044531,0.000188777196363116,0.000406494739146457,0.000222184813773521,0.000467965600379334,0.000309162974725663,0.000392795002018191,0,0.761743947554606,0.104438866964265,0.218948005060697,0.623733466202731,6.52723293930152e-07,3.2350892184969e-104,0.597961911609912,1.01458199146768e-37,3.59748245398266e-35,4.53688346534939e-17,6.00401326599802e-185,1.68304110632515e-27,1,"PRKN"
-10.5268085252967,-0.0672190720073869,0.000630450099404698,0.0390943113072763,-0.00772886138991347,-6.33161256956401,-0.951743282822939,-0.00768119146530531,-0.00887786965584787,0.00272937317493536,-0.00508899864801384,0.00511588941400304,-2.00429489764804e-05,0.0175213220459177,0.0395709357417189,0.00150415423115332,0.0524611068133442,0.00333614911506554,0.672055837792731,0.108093239551879,0.000411667875182243,0.000882847109327076,0.000455092408513982,0.00103009677404408,0.000646422249281286,0.000828438354093473,0,0.089376088071187,0.675114355772897,0.456147429634083,0.0205200022116984,4.45708267943889e-21,1.31043663816022e-18,1.07290278147422e-77,8.64799848361518e-24,2.00496430020642e-09,7.79979771936103e-07,2.48927057981913e-15,0.98069814187595,2,"PRKRA"
-9.53337621425092,-0.0126273332638656,0.00250141393126242,-0.0119171341951766,0.00641335266456082,0.540174019731393,-0.89062232590785,0.0154527571494014,0.0326010549374401,0.00539708830072737,0.0175482800890965,-0.00525472612409844,0.000132949625473178,0.0249406050577698,0.0566551717423827,0.00213293769655172,0.0710194990587204,0.00468818315295854,0.351243109355652,0.0709226534947224,0.000260466579704598,0.000556368347703496,0.000295497637350872,0.00065644399879478,0.000413840773371897,0.000539963728930557,0,0.823628509868923,0.240893958913834,0.866739932879912,0.171317543623114,0.12407498761544,3.6086302580763e-36,0,0,1.58938124892147e-74,1.98171977241238e-157,6.10811057314308e-37,0.805512283873275,3,"PRKRIP1"
-13.0761384899425,0.154388672816853,-0.00273839921594727,-0.0427209796124685,0.0103442740590118,1.37122905727127,1.96521480160139,0.00168854339005325,0.0250855704952468,-0.0100417274414888,0.0156930402553498,0.00256260265164919,-0.0065742491889401,0.051004298894152,0.118397516406822,0.00443057487012083,0.148801944633332,0.00990143366040754,1.90654045445861,0.370885234050516,0.00134590736343098,0.00280767252867478,0.00149485875770746,0.0033177697803663,0.00187852798167931,0.00269750745410827,0,0.192238445122312,0.536530118281899,0.774036054178878,0.296150143954425,0.472003106277101,1.16621103990383e-07,0.209632635751572,4.0847028637704e-19,1.84857112358825e-11,2.2452343905555e-06,0.172518902746907,0.0148032504008288,4,"PRKX"
-9.71029348230002,0.154091126180837,0.0116399449914868,0.588722997017627,0.00767371488657535,5.39619036171577,1.03211803514944,-0.0545916386736743,0.00868488600753675,-0.0420587273159282,-0.0385255487852981,0.00401569677586153,0.011095567385927,0.121259293474224,0.254822062884483,0.0101404952473602,0.3445307510382,0.0222333581830959,0.634577239164414,0.13178986173371,0.000521910878012323,0.00111274689783303,0.000603538834515517,0.00123511756815464,0.00074399374734457,0.00104159767686158,0,0.54537776200066,0.251023264086447,0.0874939998717733,0.729985957020154,1.83801688476703e-17,4.8191654628001e-15,0,5.95454573299516e-15,0,1.37608348555866e-213,6.75806693035137e-08,1.69834987832948e-26,8,"PRLR"
-11.644352762512,0.0111139017943488,-0.00137537817065936,-0.0465108803606933,-0.00138684146827686,-3.78043335881791,-3.77475051800983,0.000700561595488323,-0.000738551860417386,0.00209441872473313,0.00823305425859221,0.00217127460525535,0.000716896595024709,0.0254446390468045,0.0579477484641824,0.00217296723232254,0.0769608180875461,0.00473174257611759,0.935096052462616,0.167712037629478,0.000622885854252758,0.00133819184471402,0.000719021559101569,0.00155452016142428,0.0010129655764825,0.00128714455443728,0,0.847905310459662,0.526766727361794,0.545614339403173,0.769450931224642,5.28101549292287e-05,3.5181517760859e-112,0.260714905567983,0.581014932309957,0.003581198354999,1.18235428486224e-07,0.0320743257999653,0.577550212926921,9,"PRMT1"
-10.1024173694642,-0.0597067810427985,0.00179893510010302,0.0649896841146583,-0.00061990535278898,-6.39991894491024,-1.84666171817523,-0.010831148356162,0.0113428467098063,-0.00539341858691572,0.00153744707495177,0.00211998960461736,0.0113425233558716,0.0190322722276579,0.0429603422242462,0.00163738174025689,0.0549758728211313,0.00360597832762446,0.524440281739317,0.0911904248002395,0.000345906356540989,0.00075120128315955,0.000390279914460947,0.000866549900484242,0.000529590341091437,0.000707695860743163,0,0.164586101199876,0.271913923738197,0.237146505033277,0.863507931900932,2.98359614285995e-34,3.5086907407877e-91,3.16662739315778e-215,1.62893002619791e-51,1.94794334511788e-43,0.0760273567615793,6.25245949980723e-05,8.22552674456491e-58,10,"PRMT2"
-9.63073009599748,0.0573893292514088,-0.00184341337561435,0.0627381480369049,0.00391008297925597,-1.42693538255305,1.43288612154417,-0.0306871641718635,-0.00771003290292314,0.00574041541877375,-0.0160202709141084,-0.0122980338828474,-0.0164486353229368,0.0216906422756713,0.0488079037075488,0.00187138155812777,0.0658699915901545,0.00406745031101781,0.488976063409343,0.089080911989615,0.000337197005405083,0.000733853129009842,0.000381719812876998,0.000833913074763527,0.000545831010355255,0.000682132888918635,0,0.23966664944916,0.324597156776938,0.340866699192283,0.336396034546667,0.00352045912843494,3.23896489888373e-58,0,8.08580348587707e-26,4.12021644773581e-51,2.99671706286864e-82,2.06970403260247e-112,1.80277757458404e-128,11,"PRMT3"
-12.1771531343976,-0.0747161394963647,0.00456915564724207,0.10862051500391,0.00274740698365565,-2.87879721601794,-4.22418735578294,-0.0110466373344269,-0.020670996747069,-0.00553654818781577,-0.0264672416676812,0.00532015861305023,-0.0116145417300649,0.0290714312335743,0.0652774257938005,0.00246436918489878,0.0837225216096905,0.00558626021844045,1.36374088385652,0.211773909046062,0.000862661464426819,0.00188191116446269,0.00092644609226545,0.00204966824722616,0.00136562383759463,0.00163956144615774,0,0.252377444947415,0.0637266690800198,0.194498047363387,0.622850079142114,0.0347760804411393,1.60163375469763e-88,1.53136327270828e-37,4.56036572990352e-28,2.28522015201796e-09,3.80494581869366e-38,9.78865863015681e-05,1.40120723755826e-12,12,"PRMT5"
-15.6807894790795,-0.0856191235130276,0.00678081637860472,0.0437105377845027,-0.0155961884390852,-1.96703824046528,-1.73752344056418,-0.0253288701234967,-0.0417161801921126,0.000343287322084516,-0.026424503732756,0.0161952434376955,-0.00908713488144496,0.0402329190885406,0.0961793687260213,0.00348734622364995,0.125148741454467,0.00807380893044421,6.56290283560239,1.05758822026242,0.00436907331132483,0.00754609774636294,0.00502182535487647,0.00863101345381318,0.00605166374443626,0.00728607253478039,0,0.373357112150551,0.0518465296507836,0.726887597073496,0.0533963653898922,0.764390160291297,0.100401325293483,6.73872674064933e-09,3.23571548250017e-08,0.945499801223883,0.00220175082330531,0.00744702393426535,0.212326929229977,13,"PRMT5-AS1"
-13.5655471401274,-0.270936567465044,0.00427874011164635,-0.151673869903424,-0.0116657457238764,5.28831715491436,-3.08903944177926,0.00254518638549871,0.040876023900783,0.00539522074181369,-0.0045166792740183,-0.00422799458142213,0.0214760825861273,0.0647584240135374,0.153508823972456,0.00594874723088593,0.208064337082812,0.0128366751030453,2.69624980721277,0.556103259785664,0.00206605240550451,0.00432232731050711,0.00245154231630922,0.00509149113753088,0.0033423724793306,0.00430147847266375,0,0.0775708898293989,0.471976161844144,0.466016455992969,0.363464944509327,0.0498370152806321,2.77938224900571e-08,0.217983470980733,3.17062857906331e-21,0.0277540451541412,0.375023215233576,0.205882761570077,5.95344801793075e-07,14,"PRMT5-DT"
-12.795049772577,-0.0394738747052444,-0.00352262004233275,-0.039984445049663,-0.0187159637296578,-4.72641383276479,-4.00591102272501,-0.0186815790627171,-0.0174630645154911,-0.00699118595323414,-0.0189577254156398,0.00146833199783505,-0.000550074131605087,0.0252242018411303,0.0584066038700241,0.00217758330736096,0.0761014484658619,0.00490543167995612,1.82356403012668,0.291700067398966,0.00113977813526824,0.00236168114894531,0.00128141583693524,0.00268854068405583,0.00181766352547667,0.00221457338909348,0,0.499138370058187,0.105732857900325,0.599298358496188,0.000135987240772809,0.00954599532497586,6.44285457823796e-43,2.23450925312154e-60,1.42116375444911e-13,4.87448287173929e-08,1.77245103357367e-12,0.419198312395076,0.803833980951893,15,"PRMT6"
-10.1432778277009,-0.0441573850604351,0.0024468331470097,0.0249592831428972,0.00226242258002492,-0.605398011296184,-1.06416889281826,0.00610656538306623,0.00799079042123442,-0.00108120338276105,0.000832325138292588,0.0093424728239498,-0.00555258767657996,0.018831445827945,0.0422334852772245,0.00160690196547745,0.0547226678266484,0.00358334171676229,0.506879173925575,0.0894802574957186,0.000338400170388984,0.000723084354167883,0.000374466792279379,0.000841580588363454,0.000505464451463951,0.000679481911000647,0,0.295767044865132,0.127833229040531,0.648314465220681,0.527797145491547,0.232335787225084,1.29040902840654e-32,8.57462809219086e-73,2.16835831862204e-28,0.00388545694571403,0.32266201591579,2.83275690773742e-76,3.03831557667242e-16,16,"PRMT7"
-8.49272052530244,-0.063872179946886,0.00143666336594247,0.0554459652943729,0.0130674253613697,-1.8637596686598,0.150682344245021,0.0101572853517549,0.00952973759081452,0.0155755187656888,0.012012251895114,-0.00577819854330041,-0.014120721276074,0.0350940254751249,0.0791612294408055,0.00299223805340252,0.101493981750528,0.00667204787458405,0.320310158203445,0.0634143535691501,0.000236320667089904,0.000517658842705089,0.00027382613870925,0.000597424481600587,0.000395989787566552,0.000496015557760596,0,0.419746051958116,0.631134931472455,0.584861069831896,0.0501675128762122,5.93392487710513e-09,0.0174941041811235,0,1.10640796123315e-75,0,6.44359817853781e-90,3.16790673248932e-48,2.8927021443013e-178,17,"PRMT8"
-10.4935541363458,-0.0423027319020901,0.000680183000170564,-0.055061185681224,-0.000115604255727054,-5.84203884551522,-0.792199496881352,-0.00632239133036053,-0.0103780384220983,-0.00290486208642179,-0.00957915861234936,0.00818352805133948,0.000437642505351627,0.0149737788658655,0.0339046766577678,0.00128151728202237,0.0444447436029893,0.00285702489508695,0.686252822533137,0.11006352630629,0.000422888412614263,0.000898312191336689,0.000464637959954693,0.0010464480336894,0.000645441142805436,0.000840784257042492,0,0.212142380182958,0.595582458778575,0.215394260525916,0.96772387695892,1.69557063130779e-17,6.12560550554826e-13,1.54594491525595e-50,7.14378746213229e-31,4.05533590244893e-10,5.48765297199609e-20,7.73427728952768e-37,0.602703277122552,18,"PRMT9"
-14.2678725114178,0.0624486273315185,-0.00226085073297294,0.117861770546367,-0.0107254158611425,3.13555771954858,1.43332781326716,0.0354390675214795,-0.0555760313782834,-0.0256371171884984,0.0191511669538439,0.0331514490932358,-0.0293664150239614,0.0454386849008133,0.10533173521873,0.00394647739631704,0.138815803746554,0.00871646442508669,3.94246488288825,0.661069695076775,0.00257629336310447,0.00491016437689029,0.00265035567992108,0.00599674083231008,0.00355479593518183,0.00495456675582342,0,0.553264334705361,0.566727189044631,0.395852619487531,0.218518239913003,0.426421991188436,0.0301438754346491,4.69821960916017e-43,1.06191868566652e-29,3.92366304731721e-22,0.00140512656348416,1.10110551189116e-20,3.08254561422681e-09,19,"PRNCR1"
-9.90868090426699,0.146690215907829,-0.00176201913843023,-0.125353370011342,-0.00627033687544674,1.00458543882002,0.731866405930079,-0.0358329274023591,-0.045248238396274,-0.00300136196162407,0.00894808046397437,-0.00117522698116176,0.00836134696599216,0.029255282871307,0.0654062916315126,0.00251619468197768,0.0900909810257965,0.00545482935499452,0.406436405507894,0.0802120508539894,0.000309354103635825,0.000687827018391399,0.000345262103041165,0.000744427136857021,0.000491679472827845,0.000618421343114569,0,0.0249126884881259,0.483757837596562,0.16410154400937,0.250349071075519,0.0134475478636889,7.23045267179122e-20,0,0,3.53005879257872e-18,2.7867103174333e-33,0.0168378287282175,1.18417476904702e-41,21,"PRNP"
-15.4420102896095,-0.0146747233002912,0.00476121386144865,0.247247968450964,-0.0051107343418839,3.69298006650005,-3.15364319272375,0.0422416911457439,0.0232821526356427,-0.00347222910303908,0.0243781450103338,-0.00688994020733774,-0.0121238958555564,0.0450320032128882,0.109526868353094,0.00392750506062065,0.143367498392905,0.00911591642239007,5.27351079122658,1.09822388860765,0.00425432068092647,0.00716988152085937,0.00471217308287545,0.00919053273500635,0.00665167721216889,0.00799162091935823,0,0.89341612628937,0.225407357952019,0.084604136176636,0.575043952782638,0.483747021315267,0.00408418989884483,3.10965493933973e-23,0.00116539985017208,0.461205265384397,0.00798915117741465,0.300286131001261,0.12924751087191,23,"PROB1"
-14.9759345299513,-0.0510054274840932,0.0154848821698313,0.1033834770089,-0.00188227788748511,-0.493581919881237,-6.08513707577391,-0.00828153609217997,0.0273402648473749,-0.0237054823129313,-0.0326929115146296,0.014983438224704,0.038395515204977,0.0902532208732985,0.210405029239915,0.00808889501122696,0.285247043980232,0.0178558935583018,4.28114612134519,0.833096204642869,0.00320278694582674,0.00689201680245714,0.00367179829701587,0.00776224080459636,0.0043887000901192,0.00641922204310689,0,0.808458272671299,0.055576933491697,0.717027081263572,0.916046564401761,0.90821367521903,2.78832177170476e-13,0.009717356220475,7.27991966944766e-05,1.07438466829097e-10,2.53357435786689e-05,0.000639943010486194,2.21316654458134e-09,24,"PROC"
-13.5194371452965,-0.135354287624684,0.00695087784186643,0.0772750157209481,-0.0121907649526528,5.29452058049885,-2.34536966035723,0.00247686389912052,0.0323672526510204,0.00307830492525218,0.00437822117313166,0.000577548583268632,-0.00404326508828984,0.0347244560924628,0.0827036688593887,0.00301206219172697,0.104199607815345,0.0067942914038042,2.06073192642671,0.449629882073726,0.00165395435747766,0.0033343501527668,0.00193762865963442,0.00386347340245422,0.00247328295650648,0.00328439759828429,0,0.101710376640182,0.0210169012945846,0.458326311897579,0.0727707481672278,0.0101921030808213,1.82608474615577e-07,0.134252634154778,2.80908464264592e-22,0.112128806482541,0.257115808883673,0.815361550265074,0.218303318882633,25,"PROCA1"
-13.9154252865858,0.0365153563486265,-0.000312418135627843,-0.244737004027994,0.00236581422253445,7.81552111491139,-0.0749529443443832,0.00737003242660539,0.0287493644250348,0.00349135013452291,0.00223256050225724,-0.00471775996529787,-0.00680952486210501,0.04109890334181,0.0955178283810408,0.00354482967286627,0.123681615581346,0.0079652845493926,2.50995055939466,0.538146510234806,0.00198842168714547,0.00395524275241195,0.00226297910289468,0.00459820553613676,0.00306998820357508,0.00387549698677816,0,0.702247469070339,0.929770595557758,0.0478423324102235,0.766454555791328,0.00184685396651986,0.88922904270323,0.000210165158347585,3.63037216936046e-13,0.122876523735098,0.627301398556272,0.124358085379345,0.0789056422468162,26,"PROCR"
-15.2360116478435,0.251981555454417,0.000825621620393414,-0.219254052707548,0.0077313741859182,9.69431944160583,-1.65916730663218,0.0338629101070733,0.0195630530319105,0.00480900103323904,8.20027537969014e-05,-0.00528749949619835,-0.0124477257713254,0.0246815134168206,0.0657675154610208,0.00232277266536565,0.0821556255093999,0.00481181941332722,4.04514455277795,0.930421824105559,0.00374165582182207,0.00519217417677847,0.00429053777101962,0.0070482611018549,0.0056941678009693,0.00654510241119287,0,0.000127416974371621,0.722255051705573,0.00761307100632839,0.108109980163644,0.0165510361940291,0.0745469126561494,1.42645049980237e-19,0.00016469520952112,0.262356502380513,0.990717248665811,0.353105956712126,0.0571923108970977,27,"PRODH2"
-16.7699304981182,-0.15218953723791,0.00664153651068212,0.0987154984685099,0.0202645250661617,-24.3258679847731,-1.69158667471569,-0.0404475234860581,0.0248266398486491,0.000314716178990864,0.0238670391834196,0.0562994365640233,0.0139013041818872,0.0756238032717763,0.185344906098824,0.00669682729097695,0.239190716449643,0.0149728111233972,10.4808529782522,1.83249610988237,0.00712654586151198,0.0126006605715916,0.0088400972593544,0.0150035042207477,0.00742565793554059,0.0130296489767296,0,0.411580598727642,0.321322550643135,0.679821860949169,0.175921000409165,0.0202878314247477,0.355952388801835,1.3819207294848e-08,0.0488080134099475,0.971600522087246,0.111662625629506,3.40940839118987e-14,0.286017976140759,29,"PROK2"
-16.2155374627693,-0.119266115156468,-0.00151111993474843,-0.0930094955969668,-0.033822819539223,-6.36674715801761,2.16674185330904,0.00601661000079629,-0.00822906112520487,-0.00200202538187839,0.0257820626334783,0.0102716152883241,0.00419290953533415,0.044206523017182,0.11742961098821,0.00404496298409121,0.147811960593008,0.00901965925958965,8.97985970183927,1.47279484973028,0.00569560008071601,0.00844360143226852,0.00659480594458775,0.0116477664867747,0.00729778902416211,0.0101006775817092,0,0.309801234727951,0.708716326084754,0.529190627842352,0.00017690515894342,0.478322636595223,0.141243265708511,0.290803300365332,0.329762993912104,0.761450872243001,0.0268647806784225,0.159280101526836,0.678060128063509,31,"PROKR2"
-14.9703352448613,0.189284309823828,-0.00408511785845702,-0.240968680145829,0.0084396968249882,7.76158619774069,3.21738477690881,-0.0131684653265159,-0.0139472778003188,-0.00694961941416065,-0.0180997639405625,0.0239492477248108,-0.00801802046945912,0.0471084062722653,0.110484820452533,0.0040089331635673,0.141583418987788,0.00930633452367583,4.71008572736824,0.890965862184876,0.00341719312677902,0.0064112509674609,0.00374413107708142,0.00731296291281789,0.00406208348156475,0.00592819242040771,0,0.0866728962645372,0.308201194364574,0.0887637085495186,0.364472067290722,0.0993803429916694,0.000304877371519106,0.000116397883435652,0.029597323289754,0.0634340639419623,0.0133226956404695,3.72861528012322e-09,0.176207857327397,32,"PROM1"
-13.6117689882314,-0.153280301188377,0.00316810955943928,-0.0392435143539874,-0.010635435771625,6.37551222823376,0.400533038171946,0.00496517079361707,0.0205912690236951,0.00249787868229879,0.00233691427152187,0.00344341237437936,-0.00744640978921625,0.0243086656844199,0.0582157049507414,0.0021203878429654,0.0728965005253672,0.00476568419153914,2.17503842514228,0.447471401477521,0.00166905969231506,0.00315954685639714,0.00187034959275692,0.00371250223147679,0.00234887424280042,0.00311685589613336,0,0.00846414100691049,0.135144790378295,0.590338437245353,0.0256367629340419,0.00337635531749354,0.370731977512964,0.0029314984088044,7.16514966768653e-11,0.181708068527534,0.529040434896035,0.142652609107849,0.0168907463161859,33,"PROM2"
-9.95051559782351,-0.0489238789735667,0.00490756417845685,0.0422822983432797,0.00110492038003706,-0.993142356643759,-0.209769675677261,0.00137070108779109,-0.00192247204323357,-0.00142956217609108,-0.00578194421733477,0.00427630268898835,-0.00145300134785688,0.0179072713220231,0.0406073195145841,0.00154037428330943,0.053674686039815,0.00340684535005668,0.548358269395049,0.100264030125842,0.000378728610904109,0.000814125590059948,0.000424295728678568,0.000943221595480174,0.000598056008886507,0.000770225584079645,0,0.228278804364692,0.00144276703555695,0.430842250632948,0.745693047284321,0.0701223550831466,0.0364230615918626,0.000295495589147392,0.0182063301273155,0.000753705870015316,8.78815108331472e-10,8.65643998494266e-13,0.0592327153916164,35,"PRORP"
-10.7972920309799,-0.0242653174606235,-0.000961653796279371,-0.315542131582463,-0.00146754942720766,-2.39806362911946,0.526297125268897,-0.00544970601263218,-0.00366776025486008,0.0103767273772941,-0.00360193988212944,0.0126362579168083,0.00425207716591463,0.029594683041147,0.0670216455152866,0.00249813249198669,0.0869474800599255,0.00557487594078595,0.992231907642442,0.189206422530279,0.000705393963284984,0.00150649930927362,0.000814150793536806,0.00176394574394515,0.00119289297847104,0.00145193816050074,0,0.717313209426289,0.700275144431805,0.000284397987697169,0.792362963720817,0.0156559897356185,0.00540911873475467,1.11186030252871e-14,0.0149072470832419,3.30430760091618e-37,0.0411536304375018,3.21297076188734e-26,0.00340544289672663,36,"PROS1"
-11.0323031168296,-0.00987235395383019,-0.00299629973268106,0.0144074874782313,-0.00767576662813915,-7.97471296884629,0.110325751624025,-0.0138237015990848,-0.0258720598528622,-0.000665460395538189,-0.0162118398800943,0.00401994710725938,0.00596461066382902,0.0279972513239764,0.0629824615615754,0.00241043499015159,0.0858737488892844,0.00530443278060408,0.90773941074556,0.134199159388891,0.000514759407466743,0.00110777205244592,0.000554189588304229,0.00129646862661369,0.000818412944497478,0.00102565534614177,0,0.875443718020604,0.213848106915583,0.866760114362659,0.14788359752091,1.56024332110073e-18,0.411017344899495,7.43627710777161e-159,1.224889940829e-120,0.229836116684615,7.04410550646658e-36,9.02067328852175e-07,6.04839310166931e-09,37,"PROSER1"
-14.4870598678573,0.00912207660181549,0.00230795576884235,0.0492186758902905,-0.00340411182406427,7.91674455009927,-2.15358932296924,0.00536375262823549,0.00637584101520274,0.0113833181142132,-0.00513689603357476,0.0105598867767236,-0.00381413635912671,0.0387544509710259,0.0924937044701472,0.0033477569999763,0.120053700646604,0.00769849776628934,3.19058550446577,0.679770842077035,0.00257006248937002,0.00493751082028928,0.00295654603341007,0.00567230241104197,0.00376550057961262,0.00488523594794933,0,0.921437006892292,0.490569310857899,0.681826364441352,0.658359889690369,0.0130910509658658,0.00153433050810791,0.0368870015697649,0.196597333425357,0.000118017405736204,0.365142104200289,0.00504137711908976,0.434950944479466,38,"PROSER2"
-13.5464114294377,-0.200187267459843,0.0170324678742691,0.387437833276659,-0.0407699396158748,11.9392872311672,-1.50941956826982,0.0267126901485837,0.00653608581985017,0.0257521562764012,-0.0160096240174052,0.00913856852637613,-0.0212048371373875,0.0790516720230857,0.181276276481517,0.00661483193382708,0.232619148720299,0.0149834065446984,2.54562111026266,0.539403390323115,0.00196359247814034,0.00409634903906839,0.00222747638870676,0.00480722161446656,0.00313287311766679,0.00398602304102993,0,0.269453752461179,0.0100271827022154,0.0958039251735523,0.00650835735501069,2.73035040916083e-06,0.00513702911568038,3.79176311404196e-42,0.110580783941519,6.48456135016284e-31,0.000867437837225962,0.00353423859106734,1.03882565312396e-07,39,"PROSER2-AS1"
-11.9170107929912,-0.036630919719829,0.00379059570475419,0.0102463243726249,0.0012959859229632,-0.0253854485053334,-2.77577466335352,0.0164568462614305,0.0272818271786297,0.000298696562295693,0.0129407112817155,0.00287931940941139,0.00249946225466235,0.0328032863683092,0.0753629616415183,0.00282732945320766,0.0959757017269263,0.00624063494075146,1.04184358551984,0.203315697970027,0.000757891226424902,0.00160865214799886,0.000846570399977958,0.00187540258869104,0.00115052300887097,0.00154407833179323,0,0.62692463943756,0.180018436700263,0.914979724834424,0.835487486258123,0.980560754316492,1.94976284755434e-42,1.5131646812986e-104,1.63920540152858e-64,0.724214892576916,5.19180060030371e-12,0.0123278577738826,0.105503091687203,40,"PROSER3"
-14.54880510192,0.333494876540139,0.00369217393139953,0.900577288213541,-0.10183062123912,28.200665688595,6.15911095842397,0.0418416660765735,-0.144427656514361,0.0533089712008809,-0.0213191746905983,0.0792833703093367,-0.195843814041579,0.142620745992286,0.323002630537427,0.0121978484389688,0.45106649723726,0.0250841359642322,3.73850566393972,0.741468349973212,0.00285220005749593,0.00598080498282129,0.00292161564157874,0.00689013695950951,0.00450656183772697,0.00579687445819921,0,0.301845687746112,0.762125670263022,0.0458739749854971,4.91647175826843e-05,4.58229210968039e-14,9.84497168124511e-17,1.00401469530721e-48,7.73667353337606e-129,2.20996695273057e-74,0.00197372122773828,2.79348480847827e-69,3.34483269357113e-250,41,"PROX1"
-14.0182297210012,0.249764515086355,-0.00135297637968152,0.375661981345118,-0.0726612564410279,12.9324539576294,0.781612860792126,0.0235405765599672,-0.103108036155423,0.0269111627464449,-0.0580662473077131,0.0554565951467584,-0.130428537353919,0.114085765565019,0.257436071378489,0.00960237624068354,0.355270823432631,0.020405671960406,4.19060449462484,0.678286440877422,0.00261587694342682,0.0056364955417143,0.00276067023184172,0.00653148382785335,0.00432285453213885,0.00528481009142915,0,0.331946735944536,0.887948813197564,0.290330853000024,0.000369675578720132,0.00202828369383374,0.249183648813547,2.27545163384161e-19,9.42068491475664e-75,1.88037949483875e-22,6.09948290893189e-19,1.13251412169127e-37,1.75852563677601e-134,42,"PROX1-AS1"
-14.383985576872,0.0588940199631882,-0.00222041507197943,-0.00433305414927001,-0.026922375375717,9.19384880591084,-2.0941904614477,-0.0208171225603468,-0.0570532175407293,-0.0164710809856456,-0.0622168096418676,0.0200038326676933,-0.0243394591651625,0.0360954304155675,0.0850377699708008,0.00309648917278356,0.108240486505908,0.00706344056916633,3.55876316411288,0.589239191228273,0.00242145768870787,0.00472340249636499,0.00256168229536457,0.00501712660353109,0.00329631683769914,0.00395089455364749,0,0.488583786006411,0.473327800963256,0.968067828070082,0.000138120386813369,0.00978206636336835,0.000379335056984064,8.1870911872851e-18,1.36635598756425e-33,1.27779770680921e-10,2.58453451203948e-35,1.29077761450187e-09,7.25187139179047e-10,43,"PROX2"
-15.8067789490602,-0.125311980714933,0.000920863769210583,-0.124519683323716,-0.0101878678990372,7.55679251069072,-4.19330292703662,0.00421308170237363,-0.0229103297919768,-3.51586515978076e-05,-0.0361322353659083,0.0156102059550846,-0.0191459685968122,0.053785041501436,0.129880644173547,0.00463445835155122,0.166747121177293,0.0108877322767483,6.89037598583591,1.22519499118442,0.00497550363572768,0.00897016149836218,0.00546172951224043,0.0101431157171705,0.00699790025603258,0.00830058250460299,0,0.334632903076553,0.842497948182902,0.455209881729096,0.349417415210878,0.272765120711754,0.000620344873749443,0.397126191390302,0.0106474937167803,0.994863833610892,0.000367700846273207,0.0257011037479876,0.0210781715933469,44,"PROZ"
-9.70191273444045,-0.00481287403923341,0.00230104742049241,0.0104274763864187,-0.00131121087371156,2.00005604840017,0.0885068200337838,-0.000956211629069382,-0.00528420271592286,-0.00448236043306058,-0.0104799904243935,0.00472115406262586,-0.00222376658593509,0.011647823733382,0.0265542040783682,0.00100294234057883,0.0342507888548063,0.00220399388695093,0.43193682517624,0.0792719929824806,0.000299513688812126,0.000637622956089198,0.000332357220821066,0.00073370509121814,0.000466705622836175,0.000599603705238879,0,0.856173580278173,0.0217734552406533,0.760789000524036,0.551893662813454,3.64895647326292e-06,0.264210113726003,0.00141023828622,1.15802383819115e-16,1.87616914735046e-41,2.76699980782314e-46,4.69611819698962e-24,0.000208303681232447,45,"PRPF18"
-10.8087644484271,-0.0309831556887034,0.0037487964746715,0.0432444762350983,-0.00462063902371527,-0.407846032266218,-0.525063010824172,-0.011627728073699,-0.00669879856179476,-7.50163957438366e-06,0.00432107603283071,-0.00546712104709865,-0.000494871449680244,0.0176668001915151,0.0402646274588711,0.00152699567154644,0.0519752380687936,0.00328835805254316,0.628721582697567,0.117329372252818,0.000438211105419804,0.000946321116079464,0.000492072618421421,0.0010675699724602,0.000713323388830055,0.000879975380670323,0,0.44160354716188,0.0140878916126676,0.405397235791721,0.159976433954355,0.516538122757935,7.63684379780424e-06,3.87386291950552e-155,1.45429517210089e-12,0.987836733166096,5.17496563759876e-05,1.79815840655869e-14,0.573864190657802,46,"PRPF19"
-16.2757897037962,-0.187511375530875,0.00899902949094924,-0.0199465170498894,-0.00614765226068089,-4.6806015145009,-6.66986188506782,-0.0168983101475387,-0.03067589288877,-0.0161170721111668,-0.045204030456374,0.0231560049867011,-0.0275098745250188,0.0422975426524838,0.101829598504438,0.00359562756049443,0.127168461771645,0.00793066222208816,8.95639688516558,1.30979035926352,0.00566269537617963,0.00896044997728402,0.00678866493404238,0.0107374717165855,0.00815470258919156,0.00976912353713647,0,0.0655595793871942,0.0123225526568093,0.875362174865934,0.438236171258301,0.601253534072294,3.53722362726483e-07,0.00284370981304655,0.000618255220378149,0.0175910646563619,2.55447068355067e-05,0.00451716711314052,0.00486253158473927,47,"PRPF19-DT"
-10.3185110571254,-0.00295198232462705,0.00263076624773287,0.00103648954776796,0.00371135520062183,0.194701363583063,-2.41635156809322,0.00648467209987641,0.0190165668441094,0.00283340329586728,0.00246824777012626,0.00461533856120507,0.00359404300817189,0.016179732418479,0.0369824020644664,0.00139044317793507,0.0475682424589086,0.00303644112500008,0.482729333614468,0.0920250102956537,0.000342411538338964,0.000727334542231527,0.000388500653465631,0.000851189408737171,0.000523514366900604,0.000700320410484362,0,0.936379406765299,0.0584864048883477,0.982615847704389,0.221605003974286,0.686702211904896,5.86031885919498e-152,5.52114482253512e-80,1.10711365192021e-150,3.02734199319189e-13,0.00373444603830981,1.18548887018149e-18,2.86682411026111e-07,48,"PRPF3"
-11.5573327975537,-0.0427302863621398,0.0048778343677816,0.115345868194342,-0.0037612862640171,-4.24415885559464,-2.78292182233723,0.00099964481179309,0.00562146214925607,-0.00123133037240775,0.00326905366121461,-0.000417579408380332,0.00464299772799487,0.0146434755758452,0.0339550940937537,0.00126165758868222,0.0436160312961318,0.0027995572019859,0.935335057162699,0.162994407374885,0.000620424309446356,0.00127971971941511,0.000700470876096172,0.00149613084153787,0.000976826923028826,0.00123619474269756,0,0.208234400630873,0.00011053934086431,0.00817935657022472,0.179100744968804,5.69030986371951e-06,2.32853823000709e-65,0.107130109953431,1.1193653275165e-05,0.0787711782370848,0.0288884656859297,0.669025697367967,0.00017273422123293,49,"PRPF31"
-16.2461713111755,0.0611631645070038,0.00406496521398028,-0.0505007080651058,-0.00504948411791932,2.62758457152869,-2.92543115431212,-0.00120957260849375,-0.0068885726550233,-0.00173495529382787,-0.021222899309389,-0.00281997419223254,-0.0326406645528693,0.0402278431961486,0.105371234427266,0.00376544748289589,0.133494056027433,0.00807379076142271,8.14195454593262,1.38764044076063,0.00568460800838115,0.00862817268863289,0.00676558020370445,0.0108607801261076,0.00879274899737265,0.00949088160110944,0,0.561608434750374,0.280345411270627,0.705208264728728,0.531697560201149,0.746906094764412,0.0350132211762707,0.831498328685638,0.424649189343959,0.79761225651735,0.0506910375049426,0.748425715462508,0.000583521297979666,50,"PRPF31-AS1"
-11.391590177402,0.00730930963025893,0.000362737177126214,0.120332153118625,-0.00142021051385463,-2.43280366990448,-0.936902241602103,-0.00291751557702802,-0.00467288015168563,-0.00049139516749187,-0.00226247362098656,0.00550278415336439,0.00780434902892568,0.0182330644999896,0.0416857338100488,0.00156744391782571,0.0543402349945105,0.00348842865602433,0.932804270056809,0.156160792851599,0.000593964374604792,0.00124743792607396,0.000656319066828547,0.00145706973321143,0.000912728205760637,0.00118526122881908,0,0.860809975076043,0.816988873176933,0.0267998371820545,0.683919551760964,0.00910586560520629,1.97804582673164e-09,9.01810401667237e-07,0.000179689398598254,0.454029701300286,0.120481462643355,1.65037908455518e-09,4.56427882435339e-11,51,"PRPF38A"
-10.4846201431401,-0.0647985856831617,0.00232899829767799,-0.0294897108645813,0.00143856398144051,0.68868346229691,-3.90866965438409,0.00750688707693662,0.030773129578904,0.00423531611583408,0.00672231086984658,0.00449380409837929,0.00295988989014402,0.0194106285162205,0.0439550237739971,0.0016729673284289,0.0558152107545384,0.00368809811824499,0.520178756533728,0.104854764466238,0.000389216561078803,0.000834075800969215,0.000448137779181816,0.000964950849884605,0.000596407073324376,0.000802638954486284,0,0.140427200979088,0.163881172830264,0.597259613658057,0.696495301917222,0.18552424972351,3.87333480696749e-304,6.88360908015708e-83,5.58197561833492e-298,3.35852526512112e-21,3.24968894289913e-12,4.89108471019219e-14,0.000226292192249213,52,"PRPF38B"
-9.52507802777105,0.00436456329997479,-0.000607142676804689,-0.102943423151691,-0.00153934337773641,-2.32479699584285,-2.25957581826655,-0.00219336359396159,0.000396670867391877,0.000483316580397458,-0.0170470169963801,-0.00555899109185467,0.0119315769936347,0.023235809686847,0.0527267414929527,0.00201018765588984,0.0697548189554644,0.00436843858433411,0.393528046764121,0.0671001117191182,0.000253507859993449,0.000545941216829865,0.000282639194590601,0.00063956058724499,0.000423417881223214,0.000517760782242205,0,0.934028830254165,0.762627032328693,0.140000434382731,0.724554502394827,3.47177367143282e-09,1.35680488132651e-248,5.05808748041465e-18,0.467482275722296,0.0872635454624085,1.59715805871709e-156,2.25039449505927e-39,1.66720679706393e-117,53,"PRPF39"
-15.8790018581612,-0.110418396349112,0.0164482014918183,0.283453236729407,-0.0186388638349537,-7.15103388167056,-4.27668314904848,-0.00995544834749258,-0.0520328861764006,-0.000983432542145757,-0.0525905052956763,0.0171899633102995,-0.0165468001104159,0.0603633873709481,0.136457607202235,0.00517932029760642,0.191436663158407,0.0120530346223141,8.61834526776492,1.21988895200689,0.00517429493555126,0.00974296441722977,0.00545120993207102,0.0109106190010644,0.00759656646695718,0.00863396418668949,0,0.418413177687889,0.00149452166199262,0.138696324786394,0.122006971002566,0.406682645836834,0.000455242114107186,0.0543520425525038,9.26598963518496e-08,0.856833619187765,1.43471075144185e-06,0.0236443458876562,0.0553043148408278,54,"PRPF39-DT"
-11.7898147239141,-0.0243352237775106,0.000907677195067265,-0.0040751578590351,-0.000592930537605874,-4.60290446337286,-1.12924780198777,-0.0106980383900523,-0.0101007357987552,-0.00021179222628982,-0.000604225181385823,0.00225781653707593,0.00238881729538214,0.0114449757743823,0.026473522519134,0.000984341871287611,0.0342997893453339,0.00224646868548008,1.11810734055963,0.185047286567207,0.000716498928509131,0.0014147629646,0.000804675192466964,0.0016505882643692,0.0010938838585508,0.00136654024882687,0,0.357975921234096,0.356468174781054,0.905425888562367,0.791826978361356,3.84347785681991e-05,1.0443363934036e-09,2.071671292033e-50,9.36538673750737e-13,0.792394787562817,0.714315403398658,0.039014227534627,0.0804507309268228,55,"PRPF4"
-9.65616396861649,0.0434490411423725,-0.00143095067163411,-0.029266147930554,-0.000377002128289334,-0.0293979232936474,-0.547842549542554,-0.00559299972329417,-0.00955074367703422,0.000521306091157214,-0.0101293249747134,0.0049727562976261,0.00305115174520893,0.015901533956951,0.0358706512783786,0.00136513694440266,0.0470413521405367,0.00298395232616067,0.415759326769534,0.0732981908639359,0.000276435562179337,0.000595574221381314,0.000307255719844512,0.000688740462553333,0.000436051097816346,0.000561077144027757,0,0.225791970577851,0.294541703930032,0.53385203571432,0.899460250221507,0.94362936343847,7.76974033209942e-14,5.06038641136077e-91,7.13981829282689e-58,0.0897624358356644,5.81041322100945e-49,3.9902866302779e-30,5.387430399792e-08,56,"PRPF40A"
-10.2501994525999,-0.099386275457841,0.00263383571722573,0.0540505424911408,0.000572064290149048,-2.69894107964771,-1.11775835409758,0.0182556257318502,0.0260957053917685,-0.00152325856995519,0.0198620926487639,0.0122590018399156,-0.00188631706909023,0.0226698676244495,0.051630769982784,0.00194462485697048,0.0656720197614345,0.00429472547339188,0.585181797574075,0.112576883483875,0.000416865372418274,0.000881508227642265,0.00047345610960235,0.00104740995258035,0.000626755457671764,0.000856843796011269,0,0.0542365230599837,0.175602925703218,0.410486603474681,0.894033948171137,3.98542099489072e-06,3.11848704067516e-23,0,1.34810179122155e-192,0.00129395372897241,3.44537305984127e-80,3.42649235068652e-85,0.0277026726918679,57,"PRPF40B"
-9.13051357900688,0.0479277194024441,0.00111489257407113,-0.0185012179796228,0.0110687859845397,-2.0654893948494,-5.01758554517707,0.00782994075984241,0.0234444975720112,0.0034605515783703,-0.000815245181071047,0.00255726263765837,0.00183731314843678,0.0164237363316491,0.0371661772316502,0.00139848531566729,0.047722229598991,0.00309661258604957,0.299377670153636,0.0570043968292938,0.000214150254901778,0.000466287515407631,0.000247019005444112,0.000539918457233882,0.000345025531102716,0.000447683863776913,0,0.197206239250061,0.425326548282222,0.698248763686123,0.000350921937108731,5.22679638688229e-12,0,1.11490565284168e-292,0,1.36837965401011e-44,0.131058401255027,1.24590011519711e-13,4.05994615033114e-05,58,"PRPF4B"
-10.6381382347622,-0.0543285303249094,0.0033084584296655,0.00652681851407536,0.00589289077016505,-1.51861920337182,-2.78735832316479,0.000485743497380026,0.0199744432305183,0.003106081304197,0.0103967024816563,-0.00239796072691511,0.00274320645417536,0.0176753044772864,0.0402807802746001,0.00150344875749043,0.0516767373235323,0.00333267289038635,0.566989752456204,0.107911520768746,0.000400513051571906,0.000862984486671672,0.000462408627490336,0.000996748720525312,0.000640175144297929,0.000826359363258826,0,0.177418652147883,0.0277658101973277,0.89949374262687,0.0770245374809063,0.00739772133144527,4.07895364107169e-147,0.225205084297093,1.60347029169695e-118,1.85276920114369e-11,1.79720646790461e-25,0.000179828013609176,0.000901371696166464,59,"PRPF6"
-10.3688878668587,-0.0284027679594793,0.000521608514131968,0.0197301906568949,-0.00503771563300696,-1.73111221468693,-1.82790875377264,-0.0147942160658316,-0.0129474151932498,-0.000895090250403189,0.00439400948724885,-0.00213210535378317,0.00408773158580838,0.0145642708154069,0.033183452858125,0.00124386348457069,0.0426234704144728,0.00271870853471915,0.51591708205053,0.093791457567168,0.000356251749337868,0.000773065082859308,0.000405404103638171,0.000870163644407824,0.000580035953544145,0.000721665621691383,0,0.392035580395324,0.674963672154855,0.643439643067065,0.0638850623002288,0.000792480606604397,1.35915602539036e-84,0,5.84081328833082e-63,0.0272514976780355,4.42653179121233e-07,0.000237090501255322,1.47624734866989e-08,60,"PRPF8"
-13.3726161167057,-0.222358491125911,0.0214326913153603,0.593412582129843,-0.0144885537171508,7.49491480811167,-0.78178024036528,-0.012895736782041,0.0435378578140271,0.00881764553203267,-0.00896344373556716,-0.00339041488468551,-0.0104886296310727,0.0427769925080542,0.0991361999311149,0.00364131454110148,0.121364493834434,0.00809798116585675,2.11293787300997,0.477163832193804,0.0017666851089429,0.00364397655760674,0.00207609566165084,0.00413535665531025,0.00267146514183262,0.00349219060742922,0,0.0248994199752229,3.95710872629867e-09,1.01088659153846e-06,0.0735896532719512,0.000389417742451326,0.10134045590071,2.89059276904583e-13,6.6588679973155e-33,2.16434512148214e-05,0.0301956780184695,0.204397594802201,0.00266934958021207,62,"PRPH2"
-12.5961435779424,0.0173699222181792,-0.000589235744763079,0.0935977335875974,-0.00172003272223599,-1.29822326305413,-0.880085785261292,-0.0286451282546432,-0.0316473263747964,-0.00598893280716958,-0.00262715736692994,0.0026016147194917,0.00098557107331284,0.0229446504136415,0.0521114908415087,0.00198965726773416,0.0699424206441597,0.00441822767963839,1.51695304732657,0.266536146939837,0.00104906245623236,0.00221325517228412,0.00115900029360517,0.0024107508005799,0.00163205696672594,0.00200071381891164,0,0.738891004572895,0.767116012841051,0.180827585499098,0.697051442805151,0.392103001291688,0.000960193515974135,3.65387983119308e-164,2.21989727614512e-46,2.37466364100456e-07,0.275815666155671,0.110920128116554,0.622288379024085,63,"PRPS1"
-11.4533674527057,-0.0470883335374236,-0.00151545871651539,-0.0490368967584431,-0.0110860880962353,-1.51558585013876,-0.605298306245463,0.00141011494708743,-0.014896627702084,-0.0021002972450869,-0.00767958390709254,0.00282539737090024,0.0227713043437849,0.0209516892782197,0.0475573432284199,0.00180110060359503,0.061874843751237,0.00401447063779078,1.09675103455179,0.189617215562165,0.000725828053859578,0.00151933546936669,0.000798621460423404,0.0017723256800032,0.00113292773656798,0.00144904079737176,0,0.322106663384458,0.400119946348495,0.428058989305184,0.00575309238538294,0.167006441253465,0.00141187779733616,0.0520442907651073,1.07466401623418e-22,0.00854091489464683,1.47054633135037e-05,0.0126351625698277,1.19865464671057e-55,65,"PRPS2"
-10.4691916571853,-0.0814382456696245,0.00088540318565008,-0.00596859586079043,-0.00848958588200898,-1.89751688629245,-2.81459039837822,0.00332047743107895,0.0131893862018775,-0.000110616654036894,-0.00595875373611986,0.00081437565259879,0.00940632720822443,0.0157760253634309,0.03587559809443,0.00135970408652508,0.0470116404470448,0.00298093517739655,0.575928232534005,0.100261884203428,0.000380264390726129,0.000807746547802987,0.000423902094749219,0.000944143578347213,0.000602038007669315,0.000769992607127468,0,0.023206504068302,0.514934534241825,0.898972091512177,0.00440003740824308,0.000985230673987945,2.12958475515218e-173,2.50157189299851e-18,6.17659993446325e-60,0.794132152949108,2.76738401838208e-10,0.176152106451802,2.54944968023396e-34,66,"PRPSAP1"
-10.9303566632477,-0.0846757200999598,0.00443727660981791,-0.00810347553145384,0.000378771498025637,-1.12309093574826,-0.452828595770283,-0.00890540559463169,0.0192198133220853,0.000930267196618294,0.00882710305885299,0.00229152972059471,0.00561732977920148,0.0269467501983285,0.0613591458308027,0.00231809615003484,0.0778885980046519,0.00513300302057342,0.708418859610795,0.136982660297219,0.000508061109697303,0.00109855275717798,0.000576612681080575,0.00126023153536527,0.000768832392312644,0.00103429271766522,0,0.16758614878979,0.0555958753008035,0.917138157661502,0.94117636724053,0.112887124232293,0.000947270856036109,8.72625521160563e-69,1.54838947180193e-68,0.106672583683122,2.4813467627465e-12,0.00287747961622374,5.60130175121087e-08,67,"PRPSAP2"
-13.8367966137491,0.119979125116559,0.00429942237698149,0.00380522305552279,0.00775127831759334,8.91892900380038,0.273211073061736,0.0101400365197722,0.0253918600931407,-0.00296473521830072,0.0051109216542223,0.00084343344920103,0.0010050088038747,0.042427504717466,0.099334956560503,0.0036105554139353,0.120786901172641,0.00817710195546721,2.42064419354875,0.565512289686052,0.00208230258527279,0.00414548452226651,0.00236217608333643,0.00479102775151356,0.00305067220697927,0.00406633104596242,0,0.227115043169915,0.233735046389283,0.97486791566869,0.343167702410928,0.000229127694982301,0.629009560203618,1.11809204669338e-06,9.0578235155907e-10,0.209447375168269,0.286075993382002,0.782183548017369,0.804789268212181,68,"PRR11"
-11.2665596330347,-0.115753256710207,0.00911235674999464,-0.00452004189806437,-0.00126829316675511,2.10047855075714,-1.12268328627772,0.00458373830489319,0.0225454564955006,0.0023870187114228,0.0300544270426265,0.00257045099771426,0.00288383646518881,0.0489999195166382,0.111641132049724,0.00426735652153281,0.139922880644912,0.00938340510772042,0.698494104070897,0.153328015506867,0.000569425293133556,0.00125231144117406,0.000645891060883173,0.0013994902604984,0.00084914043695467,0.00116785877188625,0,0.299813497614614,0.032731341327103,0.974229772293,0.892482664779221,0.00263707111902203,2.44117462280366e-13,8.29549333289459e-16,1.84297385225798e-72,0.000219282960211345,2.65191667755646e-102,0.00246894963199588,0.0135363805215862,70,"PRR12"
-12.7438539704384,0.135239184706323,0.00301902167832055,-0.101183681407277,0.00485987976423091,-5.69725294648035,-1.44367601129428,-0.0323641733715061,-0.0324999998906897,-0.00471277728291058,0.0003491350790883,0.00219112435027474,0.00879923254748182,0.0229309829943915,0.0527147127258126,0.00196068197102157,0.0673208878456988,0.00437828500623359,1.54355257272369,0.280564447950595,0.0011144233970432,0.00231251707399062,0.00124623840847548,0.00253778073148098,0.00169176244211967,0.0021175439904521,0,0.0103029535647879,0.123613641279708,0.132837561700738,0.267000659562213,0.0002233739096659,2.66648932422172e-07,1.98855894485925e-185,7.28542092016658e-45,0.000155822539111604,0.890576347446248,0.195260696807677,3.24725486307364e-05,71,"PRR13"
-12.2408654980545,-0.075160687473232,0.00126523709460655,-0.0389426141322104,0.00840280452921589,12.2581279491877,-5.14609112670091,0.00777849530512145,0.0122716141429418,0.0027864356781284,-0.0195041897932064,0.00659704388676416,-0.00699104687637078,0.0454069779413997,0.101793504953854,0.00392548947014475,0.141571648925235,0.00883963603131814,1.02689883581296,0.231443374389315,0.000877180072094998,0.00192159887592275,0.000982814878868218,0.0020627739314265,0.00139147043129673,0.00174725926197902,0,0.460293117764322,0.747215429909279,0.78325974244724,0.341816286112203,7.58795983343073e-33,1.58364000610067e-109,7.47290770242062e-19,1.70116758465444e-10,0.00458029958867776,3.22032168722335e-21,2.12603645370748e-06,6.30353078528832e-05,72,"PRR14"
-9.56386794568161,-0.0459381455928085,0.00447826059459706,-0.00291277431685497,0.00259928133009532,1.21990828711208,-1.83127149128015,0.0112030552443273,0.0318060563175522,0.0077941505235092,0.0149071891557653,-0.0039093517331717,0.000885289217188743,0.0244294557380769,0.0558035474206803,0.00210104113915409,0.0703802438837562,0.0046213163581975,0.358145620295846,0.0748054980844995,0.000273125836011372,0.000589995914223924,0.000314397021015773,0.000686992622740348,0.000440162343099478,0.000570146199462125,0,0.410387489682585,0.0330522261738979,0.966987974900883,0.573806226398305,0.000658788382184914,2.3867647522691e-132,0,0,1.12689843595764e-135,2.08770797454768e-104,6.58975535578011e-19,0.120485091250806,73,"PRR14L"
-12.2526253508358,0.0650760754834214,0.00173933344352193,0.0605606409518336,0.00617317098880696,-4.14045566980024,2.00362011246782,-0.00625430632833917,0.00455834993991379,0.00358355725084668,0.0015365778692396,0.000755498916100267,0.00991242255440361,0.0455307149730576,0.101313382781686,0.00388867657635926,0.135003175337108,0.00867908998610705,1.85360629223931,0.323181914891874,0.00121386403795232,0.0025568676081476,0.00135253835759373,0.00302054888810905,0.00188053876273611,0.00244544641421692,0,0.520662461480898,0.654671757471282,0.653729765537312,0.476917319828904,0.0255008549474499,5.65829062048332e-10,2.57181377610931e-07,0.0746210077426825,0.00806097600935787,0.610956801361929,0.687870970855187,5.04741641034472e-05,75,"PRR15-DT"
-8.13335941836368,-0.0484812698605778,0.000434310572078176,0.0854662290982553,-0.000498540069705375,-0.897396914347797,1.40060841924868,-0.00743727281800311,0.000676055349384229,0.00530660221555177,-0.00823741796968254,-0.0043687801223017,0.0201190385727254,0.0192061421347869,0.0432451049243241,0.00165769892804046,0.0574380106566369,0.00368658666475434,0.35850725188382,0.0724060009725651,0.000268704852066091,0.000588498737763266,0.000315504431173148,0.000679950438255327,0.000465651583237205,0.000567739281149467,0,0.262253342253273,0.793324487107355,0.13675792210228,0.892429394643792,0.0123093860021784,2.2981837990151e-83,1.27703741500712e-168,0.25064686990788,1.75865693869497e-63,8.82511153378891e-34,6.468424864149e-21,4.58239301012381e-275,77,"PRR16"
-16.1893575677282,0.170936776976701,0.00944602121193908,0.83307243178017,-0.0732823719331134,-2.40145712644658,12.1581442280171,-0.0531142320586173,-0.0887039406174351,-0.024940392842335,0.0125349612751304,0.00849259525938091,0.00567860724940073,0.225175659444877,0.516666015020235,0.0175429908957943,0.610410437416791,0.039376422578215,7.83192978813227,1.5240460367315,0.00529726642729058,0.0113786332408959,0.00558220618384572,0.0128866031141509,0.00749238546787958,0.0101674362741724,0,0.740760969739097,0.5902665032515,0.172324022220777,0.0627339580109719,0.759129633555702,1.49273768688439e-15,1.16310953668266e-23,6.40733803601593e-15,7.90141099289357e-06,0.330696159099209,0.257005667046005,0.576496687106605,78,"PRR18"
-14.0086048900491,-0.0407617841586452,0.00496303586750029,0.0782805352267953,0.0107432769304992,0.136389632334322,-3.89500102450568,-0.0090466332287439,-0.0216183911770494,-0.000299071408908487,-0.00530659219290325,0.00661309360310422,0.000439097962526611,0.0619280140563627,0.141494589564318,0.0053661756871344,0.179302786433826,0.012104514078158,2.94039149180984,0.541373505263418,0.0021576300810114,0.00474503114678546,0.00234685868878059,0.00508010369286725,0.00337355330245354,0.00420102902062558,0,0.773285378329765,0.35503150136099,0.662413846977621,0.374786617686421,0.963003507657186,6.26142941852006e-13,2.75463751020575e-05,5.21354057386931e-06,0.898596294145602,0.296215536381705,0.0499636078507122,0.916755486839466,79,"PRR19"
-13.3589277326642,0.00612327239360648,0.00137897455940527,-0.0271706306619556,0.00943690647245671,-0.642156795236394,-0.101409627937273,0.0277630014436872,0.0394705668159036,0.00642909118752199,0.0322901462282672,-0.00901204669730283,0.00437997463693732,0.0653868332831527,0.148215847749799,0.00548715299851544,0.19153914570496,0.0124811477674051,2.0372377558165,0.424956249645295,0.00153456131442933,0.00316658139332275,0.00165030814758876,0.00382062008322367,0.00239474348720769,0.0031037231041592,0,0.967046202272717,0.801574706476319,0.887195178168516,0.44959353400875,0.752602555425595,0.811388270234424,3.69699210526843e-73,1.16271933681591e-35,9.79190173349414e-05,2.87470618457984e-17,0.000167711465319595,0.158185593919672,82,"PRR22"
-16.408898755398,0.0506826594491515,-0.00335851900706011,-0.318507614093781,0.00359250747564501,-2.12607287910684,1.00510552927234,0.00976360311809089,-0.000764371030049985,0.00439246099658439,0.00800160568906194,0.00733506743218364,-0.0248045643213526,0.0434849041160262,0.117870321970871,0.00401398365430252,0.136158429689726,0.00809429057879662,9.57841693785402,1.61004057827176,0.00635778217737431,0.00901838540907125,0.00735217511551802,0.0122735853453631,0.00855017063824785,0.0106543234323084,0,0.667205385879986,0.402758574133518,0.019322875807124,0.657163845419508,0.824341165130939,0.532448040356332,0.124613633542092,0.932454602605597,0.55021569764449,0.514441747532536,0.39095569040463,0.0199056286943429,85,"PRR27"
-13.0916374455041,0.0980571713450784,-0.00646462012538067,0.171905636967093,0.00939713856588187,-8.10461218735135,-5.46512026275473,0.00652770688266591,0.00121103345479238,-0.0263818271881092,-0.0188439639482389,-0.00384831352414657,-0.00986788282002509,0.0600717899550674,0.133945721307382,0.00512952160189187,0.178250796906392,0.0113601210126867,2.42298529108183,0.346834147829432,0.00138678077797084,0.00303808566364849,0.00147134201729791,0.00343066853884688,0.00230537253050504,0.00273483642730664,0,0.464127998120066,0.207569311376325,0.334843824064647,0.40812139378617,0.000823160776923283,6.13301523543849e-56,2.51273589656973e-06,0.690175224421181,6.82229955729524e-72,3.95618697225054e-08,0.095061793130907,0.000308308776932516,86,"PRR29"
-13.6743654451245,0.0612849197311562,-0.00252299816393046,0.134304203077982,0.00351980228033912,-14.9541868581025,-5.43215109686309,0.00698576575302213,-0.0016869564936425,-0.0334354211017891,-0.00948128455622092,-0.0138547446442335,-0.0139215807178261,0.0498165805538541,0.113015411326565,0.00425531026790903,0.144057459486519,0.0093836427195303,3.36895795655141,0.459400286375088,0.00184485147595452,0.00393945048888114,0.00198816017279949,0.00455532604336868,0.00320622371616374,0.0036447721126075,0,0.587632198366904,0.553244192237858,0.351183539098766,0.707586263759481,9.04548076368593e-06,2.91842605915801e-32,0.000152705616799712,0.668490031635115,1.82379259932052e-63,0.0374007433265765,1.55180581700651e-05,0.00013366689978431,87,"PRR29-AS1"
-11.4705079547581,-0.00728059585570558,-0.00220961523509565,-0.0389571216251934,0.00635868948253808,-6.7577160952262,-2.8955682019335,-0.00138419363065794,0.0194648281815475,0.00692471398037851,0.00927340673613172,0.0140098560598338,0.00924902595928657,0.0315347968691335,0.0709957440067184,0.00270407121506716,0.0930323605827609,0.00611058181082611,1.07154017435247,0.184590458723359,0.000696674145298608,0.00149129041683141,0.00079986740133535,0.00175828721561555,0.00103767621603964,0.00143323481318957,0,0.918320325534407,0.413846211146689,0.675400259096929,0.298059859710094,2.85333448832174e-10,1.87250927687684e-55,0.0469379709173323,6.16258405171805e-39,4.82953982543325e-18,1.33399169779092e-07,1.53885989941466e-41,1.09474819919526e-10,88,"PRR3"
-15.1069967761592,-0.798561635463814,0.0115252757131064,-0.0240714595479187,-0.0387017404190582,0.488028655372801,-4.94968554447993,-0.0137272383887975,0.00652580807113277,-0.00682909065184213,-0.010426996885736,0.00249773011512698,-0.00679007108497161,0.150724068721947,0.336989331125281,0.0127600183156767,0.446703759875974,0.029370123494689,4.49761578546036,0.832700329381197,0.00326718055423171,0.00738349506745466,0.00356120804629372,0.00778085584341652,0.00507358861980095,0.00638607167827733,0,0.0178028069777767,0.366401993870577,0.957025311759323,0.187595785926291,0.913592494748723,2.77915658676255e-09,2.65087969805925e-05,0.376784067905973,0.0551575419537307,0.180218184959768,0.622506940543337,0.287662887238081,90,"PRR34"
-13.0775504923477,-0.0403011601835878,0.00439452045493561,-0.00981713331254363,-0.00337707200917227,-5.9409853373364,-2.00416923871127,2.16831924249856e-05,-0.00941862235472147,0.00334259186265692,0.00794800073692073,0.00943877880052108,0.0142480031795915,0.02505458150949,0.0594688979594547,0.002206613090162,0.0755385065532177,0.00484235408784562,2.00188108580016,0.343207340165166,0.00132340505726279,0.00265099206658312,0.00148077717350625,0.00310803777678904,0.00193967178026206,0.00257434930390751,0,0.497971651651678,0.046423432458578,0.896596513002026,0.485550658053464,0.00300035630697056,5.23485833309540e-09,0.986927728329198,0.000381057002783481,0.0239879206701238,0.0105506180807094,1.13779825346908e-06,3.11932836493922e-08,91,"PRR34-AS1"
-12.0494960649853,0.0515961923839608,0.00257394350754578,0.0522428402165378,0.000951635295190598,-1.68868451786872,-2.1462927266186,0.00159666794486323,0.0186666064917118,0.000278972518766619,0.0285739242530544,-0.0181450348859152,0.0191579711018745,0.0520722311719013,0.118360853428424,0.00454583544378175,0.159920954142694,0.00969668171588309,0.995303031027058,0.216594601574734,0.000782440572640956,0.00171960971480439,0.000894617904187683,0.00192722630622157,0.00132945321885222,0.00160812914711522,0,0.662892755996447,0.571244151613148,0.74391057711095,0.921820883706199,0.0897621608715857,3.7943725036776e-23,0.0412880960567739,1.88514942120842e-27,0.755166480017283,9.88228655241256e-50,2.06092491810046e-42,1.01019123437404e-32,93,"PRR36"
-13.8133977255701,-0.0195073667486168,0.00275889059376005,0.133043183359339,0.00183899954437557,-6.12739863660938,-0.931931980729234,0.00848377752328915,0.0164691430437005,-0.00258173717646948,0.00511051364121001,0.00370207025570629,0.00610919702947381,0.0161034289061219,0.0398697080321053,0.00143759379183394,0.0521237582681015,0.0032631081032253,2.84622906365035,0.466585748469158,0.00181761218074866,0.00297947513916256,0.00205130807977398,0.00386726844533841,0.00250445577581386,0.00327263227768125,0,0.624644969836077,0.0549712968003551,0.0106968870964731,0.573044782644705,0.031333386128637,0.0457878881933921,3.0482744657814e-06,3.24767706298128e-08,0.208181748183426,0.186341734280195,0.139355992477255,0.0619360499405353,94,"PRR4"
-12.2306634337838,-0.0532409082412387,0.00101048141102362,-0.0620311304074035,-0.00445671346327609,6.49517957060035,-1.63048122547438,0.0183700325138156,0.0229597546404192,-0.00552302932899552,0.00180886837934336,0.00444312413629284,-0.0143636082397216,0.0361970815282373,0.0829376787543898,0.00310224107837232,0.10670830747851,0.0068173229293739,1.20689255828266,0.250312604894959,0.000931107664834238,0.00194886638867202,0.00103865860330111,0.00224635911839653,0.00139802974927329,0.00185320322425593,0,0.520912965311154,0.744631467659407,0.561028231961037,0.513283414013793,7.37700746412385e-08,7.32828340894951e-11,1.21011510836587e-86,4.88618126249102e-32,1.05223718513781e-07,0.4206785878437,0.00148226865608227,9.1392792869267e-15,95,"PRR5"
-14.7386833132156,0.218030829261659,-0.00108599449865385,-0.0555556257848061,-0.0233302207969107,18.258132495701,13.2622856117206,-0.047514897714443,-0.0732902962431269,-0.0151664471858186,-0.0492614197542549,0.0350743423264157,-0.0163227112443474,0.112878150869225,0.250932244778027,0.00889621438487815,0.312842921818339,0.0208339541598157,4.67241749727929,0.917429158225829,0.00337451156023043,0.00698371953968915,0.00349909230024864,0.00790047806947443,0.0043933848632743,0.00627799696062262,0,0.384910981425965,0.902840588771372,0.859050372929156,0.262791656177216,9.32014610689225e-05,2.30024152474239e-47,5.00359835044509e-45,9.1609562577092e-26,1.46161716648561e-05,4.51070337771183e-10,1.42305810027166e-15,0.00932272591886686,96,"PRR5L"
-11.4599332836539,-0.0578721264960771,0.00726980177440936,0.109783080246574,0.00283546693503355,2.16118960971127,-1.54023851014177,-0.00480305296173084,-0.00542879984395817,0.0034182426269073,0.0129903509251884,0.000580208117646609,-0.00313010898571909,0.04499791342157,0.101751447784218,0.0038505432695967,0.131216607611435,0.00859410833794041,0.773509928826719,0.158604988629932,0.000600413505853305,0.00134663477814134,0.000663866134454948,0.00146015024945121,0.000952008099643264,0.00121204989186489,0,0.569519203202905,0.0590267843692635,0.402786308768363,0.741451731952856,0.00520598816485092,2.70242330539874e-22,1.24849232328198e-15,5.5449722307003e-05,2.61887502278166e-07,5.7591316526045e-19,0.542221484648304,0.00980896746882788,97,"PRR7"
-14.5446996256549,-0.0598546960361401,0.00999825956402182,0.0163393106899068,0.00159306116565254,7.28591870320508,-3.81444339170536,0.00945913566909929,0.0167711905315811,0.00279799664965634,-0.00837641567171059,0.0123463504316216,-0.00913134315999159,0.0598361815995501,0.138235151405313,0.0052165430016194,0.177586504061543,0.0114331619713664,3.15679438996996,0.720437224118004,0.00276552215275819,0.00572924516950158,0.00304129277640198,0.00609334870609752,0.00378088964992912,0.00509309106225382,0,0.66502067969254,0.0552830834738949,0.926691989385224,0.889183944772131,0.0209984801732842,1.19262289101579e-07,0.000625338002373768,0.00341924429382901,0.357571505697847,0.169230110777435,0.00109285774623188,0.0729907933207654,98,"PRR7-AS1"
-11.3112634864779,-0.0532159466946934,-0.00112596682299041,0.029698112559073,-0.0127009846205694,-5.51275712930133,0.593305792526824,-0.0209782743833865,-0.0286658716103362,-0.00236184696948123,-0.0217707444399406,0.00830597851812405,-9.86633376047044e-05,0.0330282600946582,0.0744239660435561,0.0028062352053185,0.0992487986988876,0.00625131644644303,1.04276443390034,0.159436736692954,0.000611626486386759,0.00131706111516517,0.000666917171558123,0.00152692897393312,0.000943902349903884,0.00121355373033114,0,0.474585705096291,0.68824526746093,0.764765371461307,0.0421810383049129,1.24559348227961e-07,0.000198230019103679,8.07702739650737e-258,4.97798085279065e-105,0.000397949758305388,4.00531664742413e-46,1.37284714299199e-18,0.93520244389359,99,"PRRC1"
-10.6228756655174,-0.0931351916689228,0.0048821250838583,0.0737641221752572,-0.00113573799460732,2.42647119367921,-0.533579193239843,-0.0102090668924319,-0.000995151251098544,0.00225835537638794,0.00810167615022612,-0.0015846063967337,0.00281398154894997,0.0361161298022385,0.0813147650958918,0.0031073754826951,0.105312098719564,0.00691071947883751,0.550077607639135,0.106950782647612,0.00040575499616918,0.000902382254146899,0.000449552967177724,0.000992146309305615,0.000643954460807846,0.000818930817127958,0,0.252057452004526,0.116149896412857,0.483656619725109,0.869460036578844,1.0282620141529e-05,6.06875405849571e-07,1.08011236208925e-139,0.270112053996965,5.07229138261237e-07,3.19291087619004e-16,0.0138649665245971,0.000590011155134037,100,"PRRC2A"
-9.44616570451719,-0.0665655712723616,0.00293635424612431,0.0266518827029196,-0.00632716640346009,3.97889774038401,0.282156114214411,-0.00967068817959692,-0.00497570844550039,-0.00158457536080694,0.0134410510097304,0.00276010544982735,0.00280739151554095,0.0225050686146493,0.0511719287160617,0.00193810862510136,0.0660949409849976,0.0042487606009391,0.310651269866866,0.0638190864807947,0.000236926177832814,0.000521479585785634,0.000267070153461712,0.00058048964816916,0.000366556212156445,0.000482978556550309,0,0.193319385590387,0.129756766946426,0.686774361626206,0.136440156101454,1.4743034598971e-37,9.81601852870801e-06,0,1.40752528649076e-21,2.97122336113864e-09,1.30425842050786e-118,5.08069708421883e-14,6.14868174609547e-09,101,"PRRC2B"
-8.59354660794679,0.00620956762112344,0.000319608452936203,-0.0406329548698437,0.0042602112674015,0.639393159051077,-1.38667767546696,0.000802188478823418,0.0278877807249723,0.00305532123458911,0.0177289542223815,-0.00507520554065646,0.0110525092193945,0.0172037103082079,0.038966496312524,0.0014885563368263,0.050108368306137,0.00322559314544609,0.223838188264568,0.0470072187468787,0.000170582870485284,0.000368799193210218,0.000200040161660446,0.00042909222006927,0.000273307821817799,0.000358328477987418,0,0.873387945143637,0.829993152187921,0.417422194715616,0.186583793245292,0.00428343776261138,2.94347052333633e-191,2.56828973788653e-06,0,1.14771306623795e-52,0,5.66671495043407e-77,6.6120318248689e-209,102,"PRRC2C"
-10.2865138136341,-0.0479919500016457,0.000945692293888438,-0.0479436921156798,-0.0122086516383598,-3.23444144903703,-0.110089777748299,-0.0063524403295053,0.0190146579009945,-0.00503450157207132,0.00578632910763145,-0.0137126752202451,0.0156003361572657,0.0294831274533103,0.0674680532186171,0.00256457478695466,0.0858157813770922,0.00552099785991614,0.699300374532971,0.138986225262227,0.00051424335516805,0.00109085939794995,0.000598244226012428,0.00128460347270527,0.000819938361112474,0.00105773635195537,0,0.476880686320595,0.712312523850431,0.57637908618467,0.0270142036052941,3.74140668818597e-06,0.42830745136983,4.69371202423971e-35,4.80856852892771e-68,3.91349329444883e-17,6.65701918615057e-06,8.75880195862136e-63,3.13209106652865e-49,103,"PRRG1"
-14.2933143949526,-0.11413930675824,-0.00244157033135649,-0.236908972986203,0.00297354512283336,1.44528228520852,-8.05179681126353,-0.0163669811830962,-0.00117014788894252,-0.00231955344232129,-0.0535208719414837,0.018812154591627,-0.00736534574818501,0.0493937298062836,0.113246515958135,0.0042698202074666,0.14352105142497,0.00967184444568539,3.53505304258025,0.583819321827012,0.00242926570281792,0.00505417138290287,0.00263635639400685,0.00539545136658307,0.00344350088615249,0.00438531552076455,0,0.313510343254838,0.567443650183787,0.09880159384003,0.758505868188055,0.68265475811543,2.86377050503976e-43,1.61224634811578e-11,0.816909907520383,0.378949766864607,3.42027576022621e-23,4.67917724104894e-08,0.0930453883821353,104,"PRRG2"
-11.5242498505401,-0.109967373172932,0.00322154405600549,0.0838439401930289,-0.0100015746975049,0.694846016726608,-1.24340123406838,-0.0272502950173491,0.00319222934326174,0.0011898850532607,0.00486401195367382,0.00855313380018396,-0.00247273821681411,0.0350615468171096,0.0799216370097547,0.00302899228599234,0.101777412563407,0.00657364800816472,0.832082762215738,0.164445242605755,0.00062135992874686,0.00134854133402347,0.000706101714180227,0.00148103820930288,0.00089596066494884,0.0012258751780014,0,0.168840225644148,0.287523728709104,0.410054839592904,0.128143213560323,0.40367920034841,3.99407476002085e-14,0,0.0179245983525397,0.091960249704543,0.00102275682154474,1.34375642358111e-21,0.0436829172630168,105,"PRRG3"
-13.0437797310372,0.0806798956775048,-0.0124272269774558,-0.285964888075616,-0.00510530569398569,1.65302837858679,1.73630745962979,-0.0676394385646516,0.0267338854305532,0.060700222988065,-0.024764577974035,-0.039586956172373,-0.0647306510891337,0.0529366910317303,0.119800827988235,0.00449123608933881,0.156562445185377,0.00998231077242568,1.90332614395072,0.359562191548853,0.00140244527814592,0.00290544864270331,0.00161450899775794,0.00322326051257436,0.00238564950980172,0.00275100092664655,0,0.500660899146363,0.00565756547483055,0.0677715382605904,0.60904631101171,0.385123655796568,1.37255602001849e-06,0,3.53666741584835e-20,2.43308972771462e-309,1.55304922448864e-14,7.72914886631178e-62,2.01879194656783e-122,106,"PRRG4"
-11.570687564127,0.118798571794865,0.00362062748354083,0.00424891521377558,0.0110068289923793,-3.51792467511735,-1.94809569207622,-0.020195740884469,-0.0212021723230723,-0.00262238934944353,0.0119150808846617,-0.00240310622827646,0.0114562842271706,0.0385851285286264,0.0873382185816769,0.00335314686956512,0.115250887288205,0.00705341182666294,0.831178261378282,0.162899242770544,0.000623037654414646,0.00138478391221134,0.000698663211260951,0.00150747809138809,0.000995723203597539,0.00124837015893047,0,0.173762560745399,0.280244601792907,0.970591323564976,0.118642444980621,2.31154065768523e-05,5.83297345267428e-33,1.68941484610864e-230,6.47460348677596e-53,0.00017442538686335,2.70130347467364e-15,0.0158032512485647,4.43297043795086e-20,107,"PRRT1"
-15.3526393091518,-0.129207225167687,0.00212501023722784,-0.102843492090359,-0.00834048084680014,1.92315049590113,2.34615719425292,-0.00660104192463155,-0.0234004312891835,0.00139138653220314,-0.0105601545643761,0.00407053647619665,-0.0171840769573458,0.0578315614225525,0.14004982102988,0.00498040646281576,0.182152977228886,0.0116172965058381,6.17758185147117,1.04961977532791,0.00390898539999108,0.00747781325984483,0.00421771121187297,0.00892766932762096,0.00590377485013775,0.00719178117752738,0,0.356225894109728,0.669616748091696,0.572346159786074,0.472796459448802,0.755564044241024,0.0254012787056214,0.0912799630471449,0.00175214517890818,0.74148204416093,0.236865896575753,0.490521063923568,0.0168756937150935,108,"PRRT1B"
-9.97344299650958,0.0619090648684569,0.0023644214729318,0.168089348286948,0.00085098403716659,3.00814072328476,-4.20426508462946,0.00267569417547662,-0.0109882471847595,-0.00172833901044684,-0.00781026063146573,-0.00548573366293476,0.00261593502754391,0.0251936932145271,0.0575848868818557,0.00216534383471266,0.0733791379114803,0.00465595598938258,0.403219258664361,0.0799616420879032,0.000307035298618252,0.000680763844988566,0.000343707786813278,0.000749479044929633,0.000530856120864159,0.000627258075603843,0,0.282333434610883,0.274860301549727,0.0219809622384585,0.854975967229818,8.63190564554014e-14,0,2.91750465722258e-18,1.31276452695227e-58,4.94298485613099e-07,1.99020138423366e-25,4.9584177656267e-25,3.04027280915305e-05,109,"PRRT2"
-11.5890785375555,-0.0028617203053833,0.00425984757522867,-0.00385168784571182,-0.00636924836198611,5.14504645985599,-1.90922965279571,-0.00380256169098276,-0.00576624988137324,-0.00164937766544952,0.0088181515141649,-0.00367641162338233,0.00398093529219739,0.0237596606919299,0.0542573225910653,0.00202878074303536,0.0694481301247168,0.0044639717029806,0.789044657273289,0.170497457934261,0.00063939068602422,0.00138850381340967,0.000726150739234028,0.00152100536166973,0.00104256976178836,0.00128738361172647,0,0.95793629083443,0.0357545172508771,0.955770911656465,0.153634093374332,7.00255969503896e-11,4.17066612117771e-29,2.72826933540979e-09,3.28358105549995e-05,0.0231228680070507,6.72783597975303e-09,0.000421412565825158,0.00198633355078903,110,"PRRT3"
-14.8734065042226,-0.0313866455817877,0.00556098196237001,-0.231730258355374,-0.00497288448763482,2.10501099867272,1.28295709451431,-0.00890588652640037,-0.00696076206707155,-0.00838829347979395,-0.0112199392096824,-0.00123063401595714,-0.00277112329144742,0.023965932836721,0.0624168885755006,0.00216422796380726,0.0757877527474943,0.00485173518324105,4.32518572730683,0.781385836452691,0.0030676865257705,0.00487037095498089,0.00357416989196714,0.00612373762585861,0.0044772915854993,0.005350087463186,0,0.615066209194258,0.0101845635014475,0.00223101215337282,0.305377199612237,0.626480268586523,0.100610812202791,0.00369455647847004,0.152945111809673,0.0189292805575619,0.0669209690346409,0.783422829597007,0.604487222715162,111,"PRRT3-AS1"
-12.7297613548886,-0.0231173602001447,0.00870893766647488,0.027191914605707,-0.00157431107567804,9.10091835987292,-0.0280174134770291,-0.0174841856866777,0.00455929889592902,-0.00346312569264653,-0.0313754705141578,-0.00141395853114084,0.0355366317801478,0.0501325845670698,0.114789210227658,0.0042264353209714,0.146357103882602,0.00960749980854823,1.39692068251556,0.301284253776818,0.00113930279614619,0.00246986590675615,0.00124394743457838,0.00269234838789166,0.00175630794337734,0.00222991914134773,0,0.840393898479121,0.0393424583130781,0.8526082236678,0.869839213452395,7.26965525590952e-11,0.925908893264694,3.74448689696081e-53,0.0648965304814892,0.00536962234848756,2.20043267125917e-31,0.420776758293436,3.54818599666513e-57,112,"PRRT4"
-16.066107484202,0.717023779951097,0.0148673913142922,0.983274573132123,0.0165865569983681,27.9514563062442,9.6517418893167,-0.0468081147073309,-0.0496453490143329,-0.0113651827345556,-0.0311696997564283,0.066672584885326,-0.0473312439196707,0.181134323152901,0.367733308556981,0.0139738743167855,0.512240002361016,0.0350269106042896,5.83816198866883,1.58614167895916,0.00610694204735519,0.0130422488359861,0.00634698186233766,0.0132164085133801,0.00674972420605644,0.0110882960003203,0,0.0511943280907224,0.287354990348902,0.0549137094047765,0.635829726682942,1.68690892690119e-06,1.1645933133923e-09,1.79195724169508e-14,0.000140946033836273,0.0733504985326189,0.018353447939186,5.19489081344422e-23,1.96724028308324e-05,113,"PRRX1"
-15.0409550238724,0.00995622722162407,0.00121917223594112,-0.199274288895397,-0.00128442275231759,4.3760433969198,0.536290701067869,0.0132624768390571,0.0192060677190991,0.00369725804284272,0.0181214610506216,0.00350649564065577,0.000442074733322085,0.0386870355533751,0.0957658768989509,0.00340037216395444,0.118553943962633,0.00770761655969641,4.20091279483882,0.89007331200747,0.00329282111951296,0.00586439259123158,0.00376404566600693,0.00716280871882079,0.00449542170254219,0.00612502004286391,0,0.917197722018907,0.719938622954689,0.0927873142823275,0.867650711999954,0.297556028691161,0.546825266329129,5.6326515238024e-05,0.00105650367547172,0.325973535522249,0.0114082725240881,0.435382140168238,0.942462456962024,114,"PRRX2"
-13.5392696462592,-0.334414520315398,-0.0402036386963944,-0.369720707490266,-0.0156425255192508,19.6892605147637,-1.88340738215805,-0.0561190341260882,0.0132567403241616,0.0923243925881289,-0.0727595020939898,-0.117448462330719,-0.0988859027783735,0.1711484398912,0.347230433705671,0.0143157169928917,0.50352249359919,0.0359200548047559,2.85863795824054,0.489024024606633,0.00199053142025313,0.0043685338230985,0.00217842446751483,0.0046570740167483,0.00415249054737191,0.00400035153191409,0,0.335501836691679,0.00497950494182195,0.462785110443604,0.663212839753442,5.67267424044174e-12,0.000117463856532787,7.12710912523826e-175,0.00240857162673662,0,5.0413326284524e-55,5.45903596561028e-176,6.63264928922786e-135,117,"PRSS12"
-16.6338823499028,-0.0714935632366784,0.0060071153818569,0.609812597205554,-0.043951424357589,31.1259049669261,-0.857561189306,-0.0336398480972401,-0.0861522133495966,-0.00908154227411662,-0.139247322776152,0.0321229579040157,-0.0109308291145143,0.07887964197027,0.173318191037407,0.00637111330647548,0.227555453717908,0.0153453639663361,7.01258044981179,1.63932636440209,0.00696796176173712,0.0128885479745755,0.00680800140911433,0.0127982977805895,0.010052332528943,0.0108524720466776,0,0.679973786434789,0.345748703931267,0.00736569807092961,0.00418129942085626,9.05539883057556e-06,0.600892114560043,1.38057359115922e-06,2.31872269466254e-11,0.18221982012823,1.43336354899524e-27,0.00139553691984832,0.313828965772079,119,"PRSS2"
-15.522900548432,-0.0522903423670874,0.0216731905195902,-0.803631462469341,-0.000705531865954635,0.816877933647462,-4.80064962299839,0.0309949551086111,-0.0111100687104197,-0.0435351990950546,-0.0124064154721835,-0.00598703046551473,0.0266700978864853,0.178630993903699,0.374542596441301,0.0140633159204666,0.504387820221078,0.0342302519958683,6.06449706255264,1.11156172807327,0.00422125831795575,0.0087948910972502,0.00486090661784676,0.0105746563936158,0.00694911152366818,0.0085982994156967,0,0.888967188808644,0.12328874086804,0.111097197368674,0.98355568263621,0.892850353593843,1.56856317688093e-05,2.09504747159008e-13,0.206502513528572,3.36093224827988e-19,0.240706945494498,0.388933339214839,0.00192355967304763,120,"PRSS21"
-14.9656809726617,-0.272441234046444,0.0205457678741486,-0.0864789971781093,-8.7760179797962e-05,-2.3297318352878,-3.30869608124826,0.0356316903311155,-0.0371237483194485,-0.0372771541039314,-0.00868644775822711,0.00772507964765651,0.0432754981881356,0.0898026509494579,0.211793011596004,0.00785599828125106,0.253030227214394,0.0173242818627405,4.94964583430658,0.854465562726364,0.00347873732229652,0.00709020297166743,0.00354865521052878,0.00828495807600179,0.00533456976281611,0.00673464002746621,0,0.198318809273397,0.00891499262311285,0.732521440705568,0.995958147437918,0.637864574215589,0.000107839504552448,1.27613691445302e-24,1.64163451487628e-07,8.22829774579397e-26,0.294426688100807,0.147584411258452,1.3117159581242e-10,121,"PRSS22"
-10.7737410945068,-0.0677311384330718,0.000553209320954634,-0.0506651229613136,0.00503474442126109,1.16671983978539,-1.62946707371218,0.00585350913932945,0.0201343133253424,0.00244057486837378,0.00201352594906827,0.0243852282072718,0.00539178696329887,0.0359775656956601,0.0817662296359511,0.00308994784129911,0.102851544946128,0.00670600428778628,0.928548453701729,0.188504864403271,0.000699117235194124,0.00148946026173143,0.000813901543270086,0.00173119975370218,0.00115360291425571,0.00143435874458345,0,0.407471745540827,0.857910090251455,0.62229214277984,0.452784123341665,0.208935250197833,5.42003803611245e-18,5.63058186264878e-17,1.22695390981906e-41,0.00271212524332803,0.244796544430863,3.53432218782261e-99,0.000170578418362312,122,"PRSS23"
-11.0792203741705,0.0310747403159023,-0.00299741257848248,0.025526737190877,-0.00200671849472365,0.119161587839101,0.737960805771835,-0.000734715542365317,0.020807740257945,0.0130862653377179,-0.00279993219448002,-0.0140765268441643,0.0173686269646662,0.0357381250097611,0.0799304908081818,0.0030716976419044,0.101063353038463,0.00674828470762135,0.969953387264754,0.18281854304037,0.00068296776389403,0.00144772233194007,0.000772242469312641,0.00170820183590284,0.00115953416195672,0.00139551649065477,0,0.697444782571857,0.329155513659832,0.80059159771592,0.766186186082164,0.902223582251353,5.42371349392651e-05,0.282030583622708,7.67315365143055e-47,2.06708083896754e-64,0.101190171986655,6.49750765611719e-34,1.46993353132903e-35,123,"PRSS23-AS1"
-14.2863719529643,0.0507856393195939,0.00369807272858327,-0.0147688334312759,0.00737259892117988,-1.35552641306553,-0.779493090538464,0.0176569214442628,0.00960570812576716,0.00610492084023947,0.0202469969803972,0.0064078608189266,-0.0121481129326806,0.0356953148070808,0.0851493365372321,0.00309505581696805,0.106223990036606,0.00695616701974323,3.42747497772023,0.643430172088572,0.00240580936363264,0.00459531662909012,0.00268223875245754,0.00555295501857074,0.00349327803106698,0.0046233806884815,0,0.550887843053708,0.232152549213151,0.889422633152726,0.289205957546048,0.692482519974624,0.225717266322334,2.14737333735209e-13,0.0365885584994223,0.0228427644424001,0.000266181838681256,0.0666034892614581,0.00860049899885513,124,"PRSS27"
-11.5992939991397,-0.0106233621038417,0.00278215714129844,-0.438085476579369,0.00214029164221711,0.546090394797791,-1.54761243785898,0.00648959223111405,0.0444249752716657,-0.013167449568777,0.0132021842301837,-0.0154434030613892,-0.0184179429023037,0.0819084276906547,0.185124733355381,0.0068081859723829,0.228579452067162,0.015963329806371,1.51258416079034,0.32358375402892,0.00120756372390717,0.0025649285895351,0.00141903235911386,0.00300015548151587,0.0020168133661898,0.00247311344380762,0,0.954238600732253,0.682797400377196,0.0552942754901061,0.893342862132136,0.718075965377093,1.72933770237651e-06,7.69576408314224e-08,3.31431110111102e-67,1.707958896024e-20,1.08001722014371e-05,1.89840169523636e-14,9.52916658253189e-14,125,"PRSS3"
-15.2889782860678,0.0539994381572681,0.00568641451595054,-0.722144753949565,0.0395184838508246,-8.06088908574487,-4.66216396697206,0.000374796420516922,0.0118569923373665,-0.0171370876153813,-0.0189770097374316,0.0116892370688122,0.0090961780985721,0.123036100152977,0.281265650913258,0.00991267789026071,0.32597297284994,0.0233646804457528,6.54409388126781,1.01602315297695,0.0039603251353593,0.00822852439276798,0.00436511784671942,0.00982325003619368,0.00570117541399574,0.00793990901401164,0,0.847752138871027,0.566204202240364,0.0267359392025303,0.0907648162160111,0.21803098365702,4.46144135231463e-06,0.924602532043445,0.149595371481215,8.64001726152157e-05,0.0533784731664097,0.0403331612368111,0.251949314416641,126,"PRSS30P"
-14.7882686266052,0.0320509045357246,0.00154954522243571,-0.240350502521436,0.000607575464447195,5.26640309949757,-3.76494017152419,-0.00173083110846275,-0.0233404339217243,-0.00501062989342657,-0.00315180391635988,0.00874350279430079,-0.00409360232091621,0.0539166856377244,0.128076681309809,0.00466968469671602,0.152405777217469,0.0102748516906452,3.67967042093482,0.77979474265363,0.00301736299735009,0.00605165758442955,0.00341285475196679,0.00660571394892317,0.00457032971671033,0.00570384039216417,0,0.802395741133647,0.740017023508587,0.114785573283861,0.952846743451837,0.152368325713041,1.37830183913446e-06,0.566222429687782,0.000114849961127242,0.142059727453928,0.63326743839491,0.0557351113678438,0.472947033035155,129,"PRSS36"
-15.3295150284887,0.0540907251311468,0.000254855889908435,-0.502888674952475,-0.00459680249626582,4.26008012345226,-3.00067824431779,0.0257748718129785,0.0033949004668727,-0.00463255485305307,-0.00919252435844157,-0.00232638571963581,-0.0314589475365501,0.0881419322697526,0.197045664780348,0.00770623919832187,0.267477768834046,0.0168010109105028,6.41391897969883,1.13836616663117,0.00445385045227397,0.00878220202858274,0.00494770138123394,0.0103300450685811,0.00728332244527773,0.00844087565285608,0,0.783693812856551,0.973617673472199,0.0600925545306163,0.784389933762003,0.506566789654173,0.00839016706414646,7.16125386334001e-09,0.699077553257015,0.349116454259256,0.373529084093379,0.749413578246961,0.000193790306363841,131,"PRSS38"
-16.3452318051316,0.163754248989878,0.00274696771724477,-0.0481500368558002,-0.0005554251289011,-5.88692809436025,-1.87754613922701,-0.033219453840554,0.00274034195378498,-0.0565041023501539,-0.0280107577775976,0.000340576642453843,-0.0162523757461538,0.0578163007855678,0.132723443844653,0.00489798968457458,0.173989740605373,0.011322192186496,9.19140979888517,1.44644990909015,0.00583980503375218,0.0102708321504356,0.00706667859660801,0.0116732009649317,0.0073336047455158,0.00966708771429542,0,0.21727725978,0.57490951324579,0.78197924318641,0.960874409828331,0.521859601404022,0.194274469313193,1.28195720723305e-08,0.789616861721404,1.286829277463e-15,0.0164139764437835,0.962959116637075,0.0927227100808906,135,"PRSS48"
-13.1378727106106,-0.0886080517687702,0.00209917043583816,0.0951710087946098,-0.0200492606499385,12.4507674027639,-2.73140776007581,0.00076833737066046,-0.0382326273092695,-0.00983703085067051,-0.0512707153221536,0.0183967004512929,-0.0243448603640386,0.0393792664498769,0.0907335431927729,0.00340292768024229,0.122525872002731,0.00757127281801241,1.92286880953888,0.347045247722298,0.00137588955284112,0.00289239779826756,0.00144471967017937,0.00310225905968636,0.00207696118029494,0.00251105367563051,0,0.32877991840523,0.537319228019609,0.437310915746816,0.00809527534837821,9.47493082651091e-11,3.53323192003628e-15,0.576551105684296,6.87870185423262e-40,9.83103973250561e-12,2.34931320403756e-61,8.18228789024642e-19,3.16396922137719e-22,137,"PRSS51"
-12.4401052561277,-0.0441007481969726,0.00381008974264359,-0.0833209319998474,-0.000109349596760931,-3.70128074923275,-1.5030463978921,0.00691235747798854,0.0232191507502666,0.00678923879860824,0.00771653709858256,-0.00913894886055783,0.000298281477679961,0.0300817000021398,0.0696258212083914,0.00260217306793643,0.0920663913463181,0.00576533522699581,1.42913204930754,0.258184469333506,0.0009472454190385,0.00197747609674224,0.00106174967170603,0.00235285972871484,0.0015542800576912,0.00191087464823832,0,0.526474780655815,0.143140576542078,0.365460508564763,0.984867640691423,0.00960093469653241,5.82873309190456e-09,2.93545609074649e-13,7.780227937572e-32,1.61192205095678e-10,0.001039389647773,4.10614073475171e-09,0.875956695971898,138,"PRSS53"
-16.4202223707056,-0.207836997607249,0.00751477241726916,0.357693926272997,0.00832523506750353,11.3864643279759,-5.41101285341207,-0.00969348146721863,-0.0133715425532318,-0.0063415356617849,-0.0425273078606113,0.00603635730876976,-0.0302815686845665,0.0946584148892289,0.20925855915535,0.008031191570882,0.286067583051186,0.0185188995372053,7.74066248755271,1.48494996792743,0.00626257893241629,0.0125020536539498,0.00679358894568255,0.0116816228786186,0.00732846606800833,0.00852780552984227,0,0.320609246433811,0.349428538625506,0.211159820222986,0.653032463818906,0.141292870428197,0.000268535212615978,0.121660389076998,0.284822953593274,0.350583112135058,0.000272076558969372,0.410117809602597,0.00038388478062951,139,"PRSS54"
-12.7332600142372,-0.342454995630501,0.026913831145838,0.66809298499975,-0.0168510379280069,-1.73242334528448,-3.94196927926126,0.0632200582651145,0.0290059504757527,0.0024990923973877,0.0113022069687268,-0.00102948766140547,-0.0115317699685714,0.092321391208033,0.221267208726197,0.00777313699135776,0.259132161954695,0.017434351554014,1.85786905622748,0.369578249317083,0.00137593642815883,0.0028333084505396,0.00149101336024453,0.00350467150046679,0.00220436803207887,0.0028358642858361,0,0.121694828752153,0.000535349696652742,0.00993182212363924,0.333772900361378,0.351089183070893,1.46607587806408e-26,0,1.34693252205953e-24,0.0937179626003817,0.00126017701939101,0.640484367163561,4.7744132824088e-05,140,"PRSS55"
-17.6613008986458,0.271501039527712,0.0429663423043296,1.63516254792326,-0.025074797327443,13.3879928934652,-0.960979542165155,-0.10734511226864,0.0150685492968123,0.0367588460008806,-0.0330147880744296,-0.0668973393218722,-0.0516100521768679,0.212738840143758,0.451869266461083,0.0209379234014391,0.922916537464607,0.0442268260623478,4.73051898985901,1.61149913889583,0.00799514849476694,0.0157727331520193,0.00738425702061172,0.0135907890195604,0.0122110916485156,0.0122551479233544,0,0.547946692740266,0.0401616634385989,0.0764387338470806,0.570742033760479,0.00465288116971929,0.550957172233514,4.24183900176716e-41,0.339398528885313,6.42440023257698e-07,0.0151320490745086,4.29170197957502e-08,2.53910083946275e-05,141,"PRSS56"
-16.1057463353948,0.101196838782531,-0.00025876448971664,-0.204308854404108,-0.0175956474124948,2.60406952281913,0.289845342474692,0.0206838663140466,0.0299188332091984,-0.00475267246502582,0.00694681917441201,-0.0080884210063899,-0.0206609922530736,0.0371822404771636,0.101300670895214,0.00347663979691749,0.123440332496133,0.00714128662485774,7.0930937123095,1.36532243380864,0.0053078883798606,0.00731197006380353,0.00613262224919275,0.0103835728989888,0.00759064629416191,0.00913520111474542,0,0.317806796927864,0.940668652779726,0.0978996801353694,0.0137422031130426,0.713523940465187,0.831880200545331,9.74654631748464e-05,4.28109935546877e-05,0.438350237219938,0.503482644244714,0.286614728061833,0.0237165681232371,142,"PRSS57"
-16.2419480548097,-0.00953189686085804,-0.00304262577540001,-0.406406653987924,-0.0111882205332206,19.4571108427957,-2.87623063073287,0.0131037186086302,-0.00580074706753492,-0.0116677084629359,-0.0337140411092457,0.00936873191694766,-0.031175577649564,0.0555816295740744,0.143260776340439,0.00491264811573342,0.164470160971558,0.0111125828559533,6.41303961523064,1.56622526636493,0.00617605389344876,0.0102667658750065,0.00696716972174731,0.0118487272480979,0.00904751988091745,0.010673486088564,0,0.946951665025932,0.535688873775749,0.0134733788585708,0.314027775531613,0.00241340835385319,0.0662971465117333,0.0338631418619056,0.572072151109401,0.0939990432829054,0.00443595326244183,0.300434172531095,0.00349085640611638,144,"PRSS8"
-9.64269747502802,-0.0354996777758377,0.00102241405649616,0.0559594652387293,-0.00135246041557294,1.48907365568977,-0.0954451531197634,0.00484503356337356,0.00161550638485706,0.00225671510167367,-0.00474599558131833,0.00953551014020988,-0.00313534865365631,0.0104276243806909,0.023969073129708,0.000896140790686048,0.0306354642048884,0.00198028083570011,0.487843755189424,0.0935295383812391,0.000351386305899562,0.000734190152465382,0.000400376369906701,0.000853699470999425,0.000543324283886812,0.000706957170766722,0,0.138590115132376,0.253908275304248,0.0677563661635239,0.494629624487956,0.00227051335950057,0.307500211977963,2.99577660754984e-43,0.0277790710978267,1.735569045086e-08,2.70814952930515e-08,5.91552431868924e-69,9.20761572502426e-06,145,"PRTFDC1"
-14.6624298291914,0.132957810357766,-0.00513617817071869,-0.167933461517343,-0.00586470567714028,6.03954308131845,6.11574515876391,-0.0117625243227312,-0.00618846190268343,-0.0108358730533333,-0.00183150286530109,0.00603566724089097,-0.000158685397135251,0.0423500086483542,0.098382816652485,0.00357479121950275,0.12407513568562,0.00823555101511619,4.14626421915854,0.754285259981395,0.00278899626996227,0.00526543112074311,0.00301216178653873,0.0063147813462301,0.0037055108578082,0.00511693343598402,0,0.176556686414913,0.150781338543054,0.175901699947351,0.476390087911205,0.145220524806464,5.14595853400838e-16,2.47052305241344e-05,0.239874660863736,0.000321445894947772,0.771790036255604,0.103347869617953,0.97526011656676,146,"PRTG"
-15.0938696876248,0.262257066902907,0.00948133269914791,-0.410525291759956,0.0109291606844172,-0.00580140522185391,-5.37643735082366,0.0423695932259746,0.0306251696816287,-0.00660656055098003,0.00911128989449716,-0.00233744419633742,-0.0169738729983589,0.0982605691938156,0.238395328865229,0.00876210441033783,0.289587831224305,0.0190543067604596,4.56872912313787,0.953728255183072,0.0035899005239556,0.00731332922442788,0.00394500234319639,0.00854428664443755,0.00560680422048105,0.00711072001161601,0,0.271291540621931,0.279215219323932,0.156301949181405,0.566252353968458,0.998986840697099,1.7275274908272e-08,3.7914575805561e-32,2.81941513543606e-05,0.0939998188787928,0.286260704167834,0.676755791367653,0.0169826947391053,147,"PRTN3"
-11.9795419100865,-0.088638772548456,0.00311268660655648,0.017191162523428,-0.00346503231130849,-0.0581328285134259,-1.47872468335794,-0.00560506030707786,0.0170171636353284,0.00707275609792444,0.0108724355288619,0.000115326687040197,0.0072631588711001,0.0245672408227848,0.0559530398376558,0.00212179270269423,0.07140257103078,0.00471920034640409,1.12980509246065,0.219901449923896,0.000828059931684875,0.00175102693843854,0.000945724275480205,0.00199821927063253,0.00126845557991274,0.00166433604647033,0,0.113156479940496,0.142373912776867,0.809738098859916,0.462801620185654,0.958963870705098,1.76210818343247e-11,1.29759304360925e-11,2.51728770925028e-22,7.50807524244707e-14,5.29637881872631e-08,0.927556969082922,1.2770685247588e-05,148,"PRUNE1"
-9.09543842447838,-0.0125189230354494,0.000263223745002369,0.015397422533642,-0.00605554513604033,-0.993566870836653,0.389028623719424,-0.00254681042399862,-0.0115763771147799,-0.00338808640184008,-0.00956594200541785,-0.0040572340262098,0.00587481753117978,0.0140416480461981,0.0319157306465236,0.00120149128914599,0.041359067220738,0.00260801706043106,0.330728458827044,0.0574532715133933,0.000215659417489444,0.000463008736962436,0.000237860876705662,0.000541013310824609,0.00035573938509846,0.000437718021944255,0,0.694874019980713,0.826587060063242,0.709679546082948,0.0202385206533952,0.00266300241355582,1.27702716843101e-11,3.49002763237194e-32,5.74204824093843e-138,4.88605862139429e-46,5.81973655052155e-70,3.9444154341503e-30,4.52669230813208e-41,149,"PRUNE2"
-14.0782204092419,-0.00310834201562068,0.00238145069626337,-0.203292680929086,-0.0069409497369492,10.0725990981259,-1.62709905785432,0.00990082712244003,0.0105638474439635,-0.00229367108476082,-0.018187152038632,-0.00253430819774562,-0.0100739745458508,0.0288313408448854,0.0693037169593576,0.00251182266503591,0.0886706914777948,0.00569818223777276,2.61080114618237,0.55063132563035,0.00210829257535975,0.00394687151902054,0.00234901516286488,0.00457538750136659,0.00332237918167242,0.0039197115938337,0,0.964226062269576,0.343080244998731,0.0218669806176106,0.223186377111234,0.000114295675141372,0.00312699438369062,2.65129997420615e-06,0.00743929882694357,0.328846737578846,7.03801144094878e-05,0.44558315545372,0.0101674869500293,150,"PRX"
-10.0836957597329,0.063633898874424,-0.00172468920443955,-0.0761226487815169,-0.00748694989696409,5.19048156057342,-1.2590826512527,-0.00570150643058857,-0.0283159028210187,-0.0135194861559348,-0.0142818024902408,-0.0235782237109785,0.00808508934415725,0.0217063384001619,0.049406523823876,0.00185495189188537,0.0640228282456634,0.00404105393866043,0.471254261250812,0.089807397928231,0.000344823038341324,0.000755004602964528,0.000385315645415252,0.000838633450603489,0.000633845835685106,0.000698343658268719,0,0.197757967891381,0.352487227430353,0.234442703273337,0.0639222022149589,3.26478237535178e-28,1.17930039288506e-44,2.06791546692643e-61,7.84442840171195e-308,1.07231353096166e-269,4.93298840766668e-65,7.16978973740491e-303,5.35720499480502e-31,151,"PRXL2A"
-12.7658202013108,0.0881344695384438,0.0058856076075455,-0.052045427274831,-0.00393891879045965,2.63742381940226,-2.35384718203822,-0.0139035169448803,-0.00490111171664861,0.00290324679790311,0.0204173700425823,-0.00541643052573177,0.00641788705572647,0.0391340308097185,0.0916176952491511,0.00337518961418248,0.115401117671054,0.00725033298149892,1.20960449244354,0.287553256308584,0.00106173047412307,0.00230330797739326,0.00124308208323773,0.00250104998101639,0.00168711795574177,0.00214380806597822,0,0.336059216984323,0.0811964533735642,0.651992526773449,0.586941030915955,0.0292276904226985,2.70549577444698e-16,3.50992758697661e-39,0.0333488799970914,0.0195161157462551,3.25401660126106e-16,0.001325211223402,0.00275629927393376,152,"PRXL2B"
-12.4686466222109,0.103547547266031,-0.000387276115148167,0.0557226887389942,-0.00801263169829062,0.562711172612642,-1.21977410017951,-0.0162640603306195,-0.00666212642276183,-0.00226191457180899,0.000441269665072957,-0.029414340773065,0.00627083946747893,0.0148832652624652,0.0347036495797418,0.00129536793959472,0.045335766652482,0.00294994719317298,1.42618932285577,0.264778429828192,0.00102424263551463,0.00199538609409524,0.00118680858160531,0.00227183466675444,0.00184058289791433,0.00194402493255815,0,0.00284725030195712,0.764962958017144,0.21903019763491,0.00660370180069825,0.693170788820624,4.08966188626966e-06,8.84257204873145e-57,0.000841515441833157,0.0566657947818321,0.84599192740577,1.7336457197905e-57,0.00125665398692621,153,"PRXL2C"
-9.49185436004003,0.0736019228038249,0.00102338945999476,0.0197889061906772,-0.00743381533870453,0.170732913418904,-0.234143220615717,-0.0283218824940938,-0.0521748371677033,-0.00441134890438962,0.00316102550212781,0.00678503751119698,0.000743148890987136,0.0170720166503931,0.0382727109976805,0.00145824211105388,0.0508092900613609,0.00316937019466158,0.328603172008831,0.0619563246233448,0.000242072430227873,0.00053935892167912,0.00026638604893238,0.000580352080258548,0.000380497465147992,0.000479945542493514,0,0.0544685675172318,0.48280597475067,0.696925412913527,0.0190006530952414,0.60336211701764,0.000157354654026228,0,0,1.35628450583262e-61,5.13020562818975e-08,3.98767191793446e-71,0.121525413118114,155,"PSAP"
-12.1811585410128,0.0343039851460813,-0.00505784144586581,-0.0763665344267833,-0.0132939561112831,-4.14443577909733,3.43239271353076,-0.0229103966467331,-0.0205378638886188,0.00459993686532758,-0.00475503432002358,0.00861590326035544,-0.002113835001607,0.0440640472594188,0.101365050274716,0.0037104210697119,0.1287545361774,0.00812547060336343,1.45558225069285,0.244313239114152,0.000904819633765309,0.00192852991682629,0.000976558261933957,0.00223033959234536,0.00133575193374851,0.00177453677639617,0,0.735046519932194,0.172836858009126,0.553102697226262,0.101821913952664,0.00440959353987544,7.7967009516076e-45,1.90440559917553e-141,1.75319194985761e-26,2.47284719309827e-06,0.0330086781535234,1.11682702368923e-10,0.233573577008949,157,"PSAT1"
-14.3307130222048,0.0624450078442119,0.00703651496062788,0.0127990854983133,-0.0106754333701973,5.07261096539799,-1.91712275428378,0.0178648049366749,0.0250122248886314,-0.00600785952537005,-0.00542192944206655,0.0113209029442816,-0.00563794781932361,0.120127383423162,0.284470059686799,0.0105635456693628,0.342902356143995,0.0242577509477057,3.20657631761495,0.658671812107081,0.00248923238284632,0.00512001305983794,0.00266142856908031,0.00582870893345695,0.00331335812510084,0.00469440494824762,0,0.826250093854014,0.505338884010518,0.970225279197092,0.659876708607216,0.113663294998481,0.00360748517946693,7.1344781890491e-13,1.03330361791534e-06,0.0239842488059318,0.352261823074051,0.000633743903182224,0.22975388880973,158,"PSCA"
-9.66384741096333,0.00307305196278497,0.00575388794046929,0.0445485204800571,0.00396673925402949,2.8142602872474,-1.49549190908182,-0.0103670760166231,-0.00121232671490739,0.00160556500142631,0.0147001195150432,-0.00375128428130298,0.00984817195318892,0.0237162970165864,0.0540030727456234,0.00201218571891184,0.0683212958669679,0.00439875547147552,0.312210733075072,0.0678998909984368,0.000252117735567053,0.000558993374615389,0.000289589126384811,0.000615345419052069,0.000406655622936231,0.000518376150775033,0,0.954620766493002,0.00424280912703348,0.514372510268408,0.367170177384208,1.98716854734338e-19,1.66081582917253e-107,0,0.030100332841889,2.95155703347247e-08,3.96474887463307e-126,2.84302560460749e-20,1.76765884740189e-80,159,"PSD"
-11.8582359908041,0.00435312720105925,-0.00122414431272791,0.0205900894788996,-0.0125870903035534,7.75583464389717,-0.569457416559059,-0.0319880405731753,0.00410040393199215,-0.00777397939860156,-0.0363396044415054,0.0014112161093672,0.0130106341035663,0.0372711838283869,0.0856082685247646,0.00323261576775476,0.10980580236789,0.0071713522563003,1.04640828963837,0.201851918596627,0.000789168847428221,0.00170165868860137,0.000869859472880256,0.00186187600757863,0.00117427120526709,0.00154098307100634,0,0.959445543834735,0.704921515344672,0.851257903175176,0.0792267056470797,1.24537592072778e-13,0.00478496965374027,0,0.0159677773225681,3.99690073266427e-19,7.76013690060038e-85,0.229448624325205,3.09099277981686e-17,160,"PSD2"
-7.23719120196692,0.0500192924050956,-0.00231733160144672,0.00570332009266847,0.00166664542643512,4.87815472864417,1.18605786365289,-0.0335708671123389,0.00953147424184804,-0.00349713177693349,-0.0233283292044898,-0.0210259515274139,-0.0103626323464505,0.0233343835644176,0.0530686605699568,0.00201174863819372,0.0692186305589139,0.00431070086596416,0.229515417236827,0.0470959153027529,0.000178153182929352,0.00038252305601598,0.000208955980333274,0.000442594531095134,0.000279688628690818,0.00037354439743099,0,0.345916655974926,0.249362506316666,0.934332025749432,0.699030291001396,3.01787538707336e-100,6.01616222942925e-140,0,4.82186067092952e-137,7.13879850358672e-63,0,0,2.21474780205136e-169,162,"PSD3"
-13.9498512052617,-0.207460163040215,0.00849665416929772,0.0211984263153534,-0.000381619082100534,10.5959864205052,-2.16943062202741,-0.0595201094143501,0.0433789695907368,-0.0418611786445174,-0.0142617165485858,-0.00233633358327792,-0.0251531755362591,0.0642253487154213,0.142971786225642,0.00543892435212079,0.181356653141867,0.0124191915201593,2.03509510126636,0.479459040791708,0.00191533189121136,0.00406500964546611,0.00220529194848434,0.00414691451549869,0.00250443496828198,0.00352212272035472,0,0.146764082620504,0.118242329165512,0.906948764567546,0.975486321899483,1.92301388755456e-07,6.0467936399724e-06,5.14477947827936e-212,1.38660685960555e-26,2.39596293023113e-80,0.00058361892664662,0.350882694696359,9.23300581541699e-13,163,"PSD4"
-9.86484695401623,-0.00717981796319524,0.000700869450555119,0.00306341963248706,0.00599426331030681,-1.82744953343306,1.04655363633751,0.00649589712815089,0.0117856419547646,0.00144760603741435,0.00936662734830094,-0.00648034017016391,0.0160042290480821,0.0194618522270321,0.0438278562634875,0.00167014597832814,0.0567725094246492,0.00368168475565183,0.471951718355705,0.0856426465202821,0.00031963659461423,0.000679035563114704,0.000352936046309316,0.000801678183647767,0.000510012224625121,0.000649025226474358,0,0.869873950442326,0.674744353909912,0.956967383665974,0.10349721364328,0.00010789670435995,2.43067394358013e-34,8.09013005643791e-92,1.76314507167396e-67,4.10285276597715e-05,1.54288325090531e-31,5.45937545542802e-37,2.95615064151848e-134,164,"PSEN1"
-10.7932528030643,0.0466977422266772,0.000747759433121704,-0.0153802779334424,0.00298260293510765,-0.076245933027483,-1.68038035818473,0.00998631622495058,0.0161096036678047,-0.0184292773696289,0.00747516127739169,0.00364521853515693,-0.0183135279855501,0.0435929871188461,0.100207221666359,0.00371043319325807,0.125137190523137,0.00833673153006059,0.687652296132676,0.131309742084079,0.00049003561926602,0.00106691560039257,0.000547644499058827,0.00121386840140717,0.000747391139647915,0.00098803949034642,0,0.641207093657261,0.840285052332804,0.902180481375847,0.720518091774887,0.911712605128992,1.70247971289452e-37,2.58133411533761e-92,1.63836290700677e-51,2.92474707126072e-248,7.36082110822946e-10,1.07571339203904e-06,1.07352547539906e-76,165,"PSEN2"
-13.8891778636225,0.144971521240766,0.00417553939989434,-0.00832416944174925,0.0168748231250037,-10.9359824214732,-2.70357124705404,-0.0464301897635514,-0.0486735308613275,-0.00594364074264824,-0.0147477148876959,-0.000165457515592778,0.0103607890212317,0.0519884385439574,0.114084089786571,0.00446489174411279,0.159232803264789,0.00981825782351621,2.67165715475374,0.453114360930026,0.001889932066271,0.00410761743293717,0.00202803896013864,0.00431923279553428,0.00295206471317979,0.00352081992112714,0,0.203820208948455,0.349688395841687,0.958308198839814,0.085665608992445,4.25216343502569e-05,2.4218574589054e-09,2.8384260673733e-133,2.16278633656555e-32,0.00338163271769438,0.000639157859036002,0.95530351679986,0.00325341984813349,166,"PSENEN"
-16.5565808417929,0.0642726223023983,-0.00813437923423839,-0.292546549202496,-0.00827897138710889,13.5317106462968,-1.68882638924369,-0.0256142963351466,-0.0407955837359776,-0.0158145793891073,-0.0764200292014763,0.0250337472481237,-0.0357911932928305,0.0736960249085857,0.170689352570459,0.0062492895269454,0.207270012961772,0.0140340012040499,9.89404889339518,1.67771690924549,0.00692368937334052,0.012703415449858,0.00727549602703649,0.013811124282309,0.00950398881873713,0.0115894057904714,0,0.706510025671894,0.193036523156911,0.158118665882336,0.555242689391766,0.171418027955792,0.314116561689288,0.000216011425894996,0.00132095891928537,0.0297293907005015,3.14399504249879e-08,0.00843791937882938,0.00201326689645861,167,"PSG1"
-16.452915069708,-0.00952388518976918,-0.00890194491837532,-0.336512611148582,-0.0351073367655871,14.6062076962167,-2.3265983847962,-0.00916838144347188,-0.0147102535229426,0.00811184448967983,-0.0501469047782905,0.0255204285538416,-0.00782498608446107,0.0725494721753967,0.176243332855638,0.00642770013591872,0.211155920852338,0.0144340006787903,7.79290135292614,1.6334934183896,0.00662995835258472,0.0117901290556577,0.00727727963853555,0.0125365435101843,0.00762217979656333,0.0100281106569461,0,0.956904671987887,0.166072437366218,0.111010227210676,0.0150046613549627,0.0608895702800425,0.154357219146385,0.166704224603854,0.212149968007267,0.264987196203408,6.33268839322561e-05,0.000813442138868775,0.43521130014075,168,"PSG11"
-16.0591502550707,-0.0327993911163089,-0.00797383698953049,-0.216244077061678,0.00883449889103594,1.73590301276193,-3.74751593133966,-0.00734795837935532,-0.00190416341887372,-0.00941755475575841,-0.0336036313173834,0.0199990130495252,-0.014125305373306,0.0525655248529891,0.126786270556273,0.00454857901907349,0.152418649077826,0.0103153932242994,8.20062421143177,1.31918818245098,0.00537909001472286,0.00945757164034807,0.00605258677142662,0.0104057084194441,0.00604800089512358,0.0079093717910495,0,0.795868040700304,0.0795952912680753,0.155971687352123,0.391755330845565,0.832357179360511,0.00450041461267937,0.171931878634295,0.840434716122545,0.119718710639139,0.00124073748554667,0.000943970034729799,0.0741163049668182,170,"PSG3"
-16.522253997826,-0.256775927497559,-0.000977939674655213,0.0596845534656934,-0.00259729148417713,15.1492696017774,-2.04098509496782,-0.00871958979133637,-0.00285468806586178,0.00100403921730974,-0.0488210258636251,0.0227739925346677,0.003958797973422,0.0699992391152978,0.169685631864335,0.00596889292956785,0.20947562586611,0.0141769227922572,8.00912825703833,1.71499565674084,0.00683149543397647,0.0120259422603202,0.0075986432608824,0.013297164425078,0.00847697264087864,0.0111428711857097,0,0.130217447295246,0.869857595353201,0.775702660122713,0.854636709543722,0.0585575726450082,0.23401424817349,0.201820930491703,0.812363946130147,0.894878294336094,0.000241096542668203,0.00721895104531946,0.722382613612015,171,"PSG4"
-16.0673874454282,-0.189728417148996,0.00784568101724006,0.549666096632359,-0.0337149323375935,6.51246890496703,-1.32625701874959,-0.0242607777505191,-0.0322043189140232,-0.0087336769565618,-0.0412093187350194,0.0161231082642226,-0.000864855634020608,0.036617104416053,0.0904350549863704,0.00331675601846456,0.133827650470502,0.00749639113728192,7.45025724007354,1.2281450558771,0.00510973027675038,0.00758289217242025,0.00604510440247895,0.00957564669739991,0.00713568107508042,0.00850369981484864,0,0.0359093733960464,0.0180072877928113,4.00365679530971e-05,6.87609045904837e-06,0.382049249030491,0.280192815237533,2.05482082194154e-06,2.1668053344761e-05,0.148527544968877,1.68079374173198e-05,0.0238519792193507,0.918992061303106,172,"PSG5"
-16.1228463053835,-0.0203243918459471,-0.00937003308888012,-0.268808866120109,-0.013453874124294,15.1940171527775,-3.4660624584854,-0.00722772737138955,-0.0137359543994619,-0.00653930058374746,-0.0506735367282476,0.0326068641580503,-3.66083643871412e-05,0.0611653130794857,0.151375547594381,0.00535125881702431,0.179189951747673,0.0122595845184398,6.32416847203332,1.41129533841342,0.00567477887137248,0.0100228014931106,0.00629521739405954,0.010863813334299,0.00640068903877478,0.00916997748701149,0,0.893193269112606,0.0799465892021427,0.133579800752129,0.272459228705064,0.0162820097657074,0.0140515013412866,0.202784655862561,0.170540058503211,0.298910415409395,3.09468126635619e-06,3.50080042584054e-07,0.99681469543469,173,"PSG6"
-13.1356951634187,0.0592401852312088,-0.00599674440390572,-0.438047914697935,0.0161170949372027,0.900021138513852,-1.20660802534008,0.0221501077786075,0.0463091567831597,0.00603204478115825,0.0179698326006318,0.0106797386475777,0.00532784430878923,0.0636248962843204,0.147242784284458,0.00547805080475671,0.170485619006479,0.011604409007965,1.79292019516592,0.401561322402357,0.0014598382677072,0.00296576975775252,0.00163301339232838,0.00357838468695026,0.00204384158625128,0.00295832579229145,0,0.6874411997891,0.273654313663404,0.0101871055769047,0.164870203583344,0.615677250710458,0.0026576301079548,5.33903295904045e-52,5.79535880961958e-55,0.000220916988980396,5.11968932217334e-07,1.73848506803303e-07,0.0717082316211467,176,"PSG8-AS1"
-13.8623982276547,-0.0599506811129549,0.00196235838550718,-0.0550074930548214,0.0182392357590523,0.317235166787254,-4.79728851817569,0.0299048479235164,0.0645864506275377,0.00604872660709317,0.0243712386355014,-0.00994132049463633,0.0119350289163255,0.049875286942932,0.116820642778629,0.00430824502939187,0.138520481438261,0.00929771210047419,2.12772270645446,0.511150412015769,0.00184990604364331,0.00368944018795009,0.00211583066263357,0.00441857322417151,0.00278505552268454,0.00371469545156718,0,0.607821441286504,0.648757451860314,0.691288344029423,0.0497985002255057,0.88147779976838,6.27509142157467e-21,8.81700039591671e-59,1.29489514372904e-68,0.0042525319257159,3.47522178983635e-08,0.000357631451630392,0.00131391699307001,177,"PSG9"
-9.06377775467593,0.0483984042547287,0.000826716253719009,-0.0330136294922721,-0.00329568629149051,-1.3459083486518,-1.38991618200263,-0.010370659415629,-0.0130524081345936,-0.00277157488688294,-0.00980536108691241,0.00174227528869101,0.00853573539474756,0.0190671364173616,0.0431217389264359,0.00163898748229462,0.0572260935786655,0.00354981454207954,0.307224231727002,0.0555873005407845,0.000209663832799677,0.000457459838950402,0.000236052646501613,0.000524455482551045,0.000336843909744412,0.000429949175749544,0,0.261706552704966,0.613975616612354,0.564008237086434,0.353194499050463,1.1820827572367e-05,5.50256752245574e-138,0,4.65031717273204e-179,7.82349268051747e-32,5.30915694088732e-78,2.31165514248715e-07,1.04033351256722e-87,178,"PSIP1"
-11.4618517519417,-0.160778432498386,0.00509724145397113,-0.0341724451558013,-0.00729212130095987,3.18620851302977,-1.78055304730807,0.0126629920922699,0.0189412177910656,0.00158970146986974,0.00108947169868409,-0.00229620065001925,-0.00889592908982306,0.0371324105475066,0.0845815613167816,0.00320836244036451,0.109325069703217,0.00706687737318571,0.861236375878965,0.165072855485697,0.000619655659067824,0.00133314982997196,0.000680442119614967,0.00152446584561557,0.000990911923432712,0.00124544572027638,0,0.0573192282577718,0.1121199694052,0.754602451707877,0.302131526705336,0.000215960865843947,3.98824752029921e-27,8.08098955496602e-93,8.18797008267493e-46,0.0194767944376387,0.474820401673886,0.0204895681075447,9.14703387856365e-13,179,"PSKH1"
-15.7991284686463,-0.203459061692062,0.0167123904446949,0.0267201082108615,0.0170833951464143,-14.8166902766856,-0.92939458644323,0.0331045255626029,-0.00592783655377152,-0.0217466397952812,0.029799096853591,0.0047352921291423,-0.0139136598864418,0.0677990642558758,0.159414758621761,0.00586372746281772,0.217784430598193,0.0134363868369801,9.0900440986439,1.40196141386857,0.00534201848486105,0.00977496380611886,0.00581036167958237,0.0124765869339115,0.00795470034228365,0.0102092822294455,0,0.201853911803391,0.00437012486021631,0.902352086831277,0.203576513972057,0.103103394344567,0.507378901839065,5.75469688814017e-10,0.544228895465922,0.000182028692563793,0.0169218514721781,0.551654800981636,0.172931654326707,180,"PSKH2"
-9.53342582405782,-0.00182019419482238,0.0045790021773371,0.0128736960385189,1.37207683646634e-05,1.64870649673474,-0.627337789387019,0.00960159396135947,0.00227453688023048,0.00392317719166221,-0.00814169133897563,-0.00608125162598818,-0.0014364035073783,0.0147561640592357,0.0337796038408275,0.00125618011709427,0.0424150882616523,0.00277685956799428,0.512149208599688,0.100820267357184,0.000374685758612154,0.00079790475728136,0.000434439729509712,0.000935539034897184,0.000641193976161781,0.000780634170610347,0,0.957027253584448,0.000267205095445823,0.761495971349764,0.996057580721732,0.0012855249992799,4.89800152983292e-10,7.88576781846798e-145,0.00436317397468957,1.70999883577175e-19,3.24153768959621e-18,2.44104355390765e-21,0.0657613479732595,182,"PSMA1"
-11.5012753237907,-0.100398474146268,-0.000272089442112041,-0.0619162253282686,-0.0076870390004384,-5.25982340784954,-1.10743801259073,-0.00995002272771469,-0.0236004485647867,-0.00150936111483257,-0.0118512311522871,0.00918584426600137,0.0075150244950784,0.028423694159611,0.0637650869671721,0.00244124090291645,0.0853536793530689,0.00543615089673789,1.08168640989327,0.166852154072663,0.000646310655696438,0.0013875819909529,0.000706482865690377,0.00161071574445656,0.00100292609597344,0.00129171353635827,0,0.11537065271509,0.911255243559861,0.468201885253499,0.157344531398059,1.15845658335168e-06,3.19608152418014e-11,1.76527916639538e-53,7.12430055935866e-65,0.0326432368181913,1.87046876681914e-13,5.2359081559589e-20,5.96013803129228e-09,183,"PSMA2"
-10.8576758157397,-0.00763547682303682,-0.000249319289181029,-0.0266634278457117,-0.00513525540225478,-2.72849575491037,-0.584787831274679,-0.0170059202857415,-0.0221598797440904,-0.00461306569031648,-0.0209163084883029,0.00454921691802413,-0.00426564587188796,0.0226589686663569,0.0509162595771536,0.00193234902144639,0.0683422794804476,0.0042898588502531,0.766581805832838,0.121273849934657,0.000468901698282055,0.00101475441049588,0.000512752363615436,0.00116039395728258,0.000744808497705184,0.000929465502926872,0,0.880795018728986,0.897338703736563,0.696429012816273,0.2312798108156,0.000371842488322747,1.42094644558025e-06,5.25454555354026e-288,1.01799726961728e-105,2.32659842008121e-19,1.2361194225183e-72,1.00949638598471e-09,4.44620657849307e-06,184,"PSMA3"
-10.1566708502143,0.00280139723365183,0.00368995339300597,0.00688907913680372,0.0011693990696626,-0.543230065112495,0.898732325272394,0.00851321493813278,0.0189053911155839,0.00433764281141837,0.0106697904265386,-0.00262026816099144,0.00925884004969649,0.0197069014364664,0.0447519554075318,0.00167788008898525,0.056867464786601,0.00369042002899695,0.465176078323573,0.0879224875709579,0.00031932321833719,0.000669799323337433,0.000352103155660702,0.000803857280500906,0.000491905672707055,0.000648059909525946,0,0.95008636709149,0.0278654198964005,0.903577995819308,0.751339023354354,0.24288966777448,1.58256382714719e-24,1.3637972020807e-156,2.84894908800182e-175,7.13648246877039e-35,3.30956814310576e-40,9.99748715384978e-08,2.63680496679574e-46,185,"PSMA3-AS1"
-11.4812632813924,-0.041212995018603,0.000711698162331004,0.0241933460245037,-0.000688997519553599,-4.16169662070128,-2.15338382502558,-0.0142297643997238,-0.00914996870199632,0.000105605350404911,-0.00301111945988756,0.00124518833284459,0.00711824605379967,0.0150443341132171,0.0342776554135001,0.00129363555267828,0.0448567901381427,0.00291027856105494,0.943585725024742,0.157123685942429,0.000608452377008421,0.00127886660100164,0.000683794915640125,0.00145910974170772,0.000958986895375164,0.00119787554119448,0,0.229236358126351,0.582214075542916,0.589647892679958,0.812853656734456,1.03126259715087e-05,9.47364945494059e-43,5.82062385291941e-121,8.38265567675503e-13,0.877262743166588,0.0390491158195458,0.194135684264828,2.80892686869109e-09,186,"PSMA4"
-10.769073632001,0.00788469655695983,-0.00342483500764167,-0.019442630990276,-0.00882559341354524,-2.17201496877868,0.840043043126159,-0.0134897305036477,-0.0210815658299546,0.000504693633534104,-0.0109387559250749,-0.00480274580391713,-0.00539268431199893,0.0202819842218495,0.04581296073039,0.00174112259683385,0.0607461163169326,0.0038170057526861,0.744879706078719,0.117910314953878,0.000449229904492991,0.000962323831086863,0.000489038429353019,0.00111301653795272,0.000749094287865609,0.000892959664232426,0,0.863354004711666,0.0491801081005334,0.748919989630341,0.0207679239580214,0.00354633279405535,1.04517063253349e-12,4.15939371237637e-198,2.23099321383718e-106,0.302066394491195,8.52734709493085e-23,1.44185932701632e-10,1.5496370408997e-09,187,"PSMA5"
-10.480208914539,-0.0275902223246149,-2.07114168217118e-05,-0.0589201130912568,-0.00494549373927287,-2.12816201035803,-0.108275010847721,0.00582671958660081,0.00550898990954641,0.00148761988675035,0.0139597756332865,-0.00138485781613799,-0.00107173455377869,0.0142285733268402,0.0324736539314709,0.0012269686996012,0.0427890439266172,0.00270696779814338,0.606737482805785,0.10985473225091,0.00040582452398635,0.000853430904800752,0.000457127842055511,0.00100999685028171,0.00064399448214454,0.000826407469923644,0,0.395537134356663,0.986532227784404,0.168515140920177,0.0677073474576693,0.000452253489377207,0.324319666207412,9.529552707541e-47,1.08140708617217e-10,0.00113682017374209,1.88817434731328e-43,0.031522105690325,0.194679460631139,188,"PSMA6"
-11.4058139513006,0.0654796795194023,-0.0010907157451761,-0.0173628729573116,-0.00812218520307261,-5.3212021153782,-2.13827696267983,-0.0173998031675825,-0.0222545737967633,-0.000553338009348166,-0.00295815556616806,0.00494512307011544,-0.000324173897413414,0.0220493944790979,0.0499028309587102,0.00188468272154551,0.0652771183490205,0.0041451463311616,0.907986156661278,0.150793455222429,0.00058274669362952,0.00125628611152863,0.000653392085493028,0.00142710307200068,0.000921278795702796,0.00116612660162619,0,0.189471692409947,0.56277376430839,0.790249125678338,0.0500607246700703,4.61630918020641e-09,1.2155021907196e-45,6.85800648409438e-196,3.23666210072615e-70,0.397067710362405,0.0381872223971459,7.97591094529125e-08,0.781018479364751,189,"PSMA7"
-12.5777147304196,-0.0121050983464015,0.00489463459190509,0.0199821618203937,-0.00139231742803743,-0.613046743947988,0.919489058786066,0.011499101400157,0.00626597918883348,0.0208350002420038,0.0011858331743114,0.01200505115372,-0.00910710525038542,0.0307925677229199,0.0705633970429555,0.00264790795623744,0.0931544599231243,0.00577806245767102,1.61639475134223,0.294586381540393,0.00109583197533412,0.00222806095452186,0.00119227649044528,0.00264861557138049,0.0016097870384219,0.00212118150524095,0,0.863791902810887,0.0645313142696275,0.830152729265133,0.809581356907947,0.704488887800679,0.0018006159163518,9.25459650261851e-26,0.00491883714491086,2.22248303158178e-68,0.654356645431777,8.81528379173963e-14,1.75948398953565e-05,190,"PSMA8"
-10.4491101210654,-0.0107679285805487,-0.00184858129926262,-0.0288987952360475,-0.0118984496205541,-6.80245545349904,-1.83820525410888,-0.0139366976222111,-0.0270068720366583,-0.00358021569380259,-0.0218838176974641,0.00624906447321927,-0.00380480275659018,0.0293991103068537,0.0660112678300594,0.00252389890343442,0.0887700665642554,0.00550023778067134,0.649490050832483,0.0966925059645299,0.000375429679083987,0.000816073450562522,0.000408595512544297,0.000939271676157426,0.000598622844758304,0.000746139152492071,0,0.870421918502886,0.463905663841831,0.744767403834211,0.0305211145472703,1.14295960184606e-25,1.38727266095329e-80,1.24139395097216e-301,3.66421567610341e-240,1.9139262600598e-18,4.56884985431257e-120,1.64417266328804e-25,3.40874756402397e-07,191,"PSMB1"
-12.5388245232261,-0.0701860442945348,0.00194040259906601,0.0774151812154212,-0.000622616539649038,-2.95294641431104,-2.29440807975449,-0.015097522101486,-0.059245990803892,-0.0059681057591988,-0.0215390082150415,-0.0194234444215169,-0.038662063343134,0.0364991414689638,0.0824622895969866,0.00314635636549535,0.109732181850702,0.00711886726863711,1.69388173023739,0.25151302346816,0.00104071897732682,0.00230474159484532,0.00110040603048632,0.00249059166604772,0.00191779630395749,0.00199973473126871,0,0.394697709633095,0.537423263791577,0.480504081666553,0.930305833336628,0.0812809786273639,7.3463465401604e-20,1.09690228551899e-47,9.98209946306734e-146,5.84272683901776e-08,5.23413904101203e-18,4.15044129524254e-24,2.80191419866718e-83,192,"PSMB10"
-10.8527283967861,0.0019200753056141,-0.000277760454749919,-0.00724138262766562,-0.00556356631989646,-1.32390337697406,0.0402441924950352,-0.0141213360106542,-0.0144920978266066,-0.00335989031924379,-0.00377063217080668,0.00137751921334565,3.29384145143421e-05,0.0130535260503396,0.029906200164382,0.00112314355668054,0.0391543025148262,0.00247877066015701,0.7072431247949,0.122636855888138,0.000464373916343519,0.000977162871243476,0.000517818895140531,0.00112149463822508,0.000725472635113395,0.000918654725393065,0,0.948808388015397,0.804671199087921,0.853272372211484,0.0248011415440764,0.0612175104161238,0.742792651305331,4.1251254035664e-203,9.2635610923041e-50,8.66702531670201e-11,0.000773383561507922,0.0575922686713286,0.971397934751223,194,"PSMB2"
-11.960183032395,0.0280253003743197,0.00230819617904995,-0.0202324683841657,0.000474362764260536,-4.22955573926138,-2.28707686173973,0.000438159141804511,0.00149768293269095,0.00127572957653916,0.0100136299302041,-0.00084787522749717,0.000611469257385177,0.0208982464341559,0.0475829803604165,0.00180186142724011,0.061292454254885,0.00400339674696548,1.17430422127374,0.203580759924247,0.000780240596077864,0.00164400028864352,0.000873490202075388,0.00189164806294467,0.00123956860833583,0.0015545212955191,0,0.555876429806239,0.200191387174464,0.741326508323737,0.905679361973762,0.00031607655028293,2.7683917427314e-29,0.574409522611869,0.362295800015268,0.144153607882031,1.19931005628939e-07,0.493969919094126,0.694061798428359,195,"PSMB3"
-11.5806193758069,0.0165144624309606,-0.00120861407031024,-0.0706598859514343,-0.00210118479135299,-7.91911194375573,-1.61750201570761,-0.00938065049605119,-0.00328063732842366,0.00137337617266583,0.00958555559199907,-0.000921712661792703,0.0113321892742281,0.0192475979390053,0.0435733677474872,0.00165676230942227,0.0583963011756237,0.00364353190649219,0.978339057767413,0.162787719515929,0.000611450412676279,0.00129505645186993,0.00068997194061862,0.00151220349290348,0.000965280821046089,0.00123258523441126,0,0.704685204317581,0.465693666006816,0.226276517301311,0.564149560931586,5.75259066812243e-16,2.8947635113562e-23,4.02902770087935e-53,0.0113026362514511,0.0465379535228732,2.31561503228304e-10,0.339646081110216,3.79068439248672e-20,196,"PSMB4"
-11.3990357761366,0.0732444495363862,0.00303402074737622,0.0552680637344714,-0.0233578984224164,-0.734503176518785,-1.93591268887252,0.00031192070129541,0.00167176256773008,6.61013098100527e-06,0.00807769932658146,-0.000158342820551937,-0.00104962548895907,0.0357612556938649,0.0821969562439987,0.00305631450501418,0.106543569079741,0.00664823335184939,0.816180097483288,0.161068504671562,0.000588735410712939,0.00127215799931232,0.000675300827217592,0.00146732021780252,0.000938012344633239,0.0012145055186718,0,0.372883736008472,0.32085340954865,0.60394433714018,0.000442412070521975,0.368158663575359,2.81725238019645e-33,0.596240381192489,0.188807332873874,0.992190092146363,3.69023304025794e-08,0.86594864443617,0.387455502308917,197,"PSMB5"
-12.9035054226477,0.0341773021732826,-0.000413849784835915,0.101918624581889,0.00225976310833941,-12.0845530291965,-1.92866049076917,-0.0415550953021075,-0.0723859446559957,-0.0104869115913984,-0.032775337291861,0.00605560261336563,0.00159264002435306,0.0438101314230539,0.0957543556120036,0.0037129599675731,0.130989706936699,0.00832327245305571,1.9706170779444,0.280790227341192,0.00119374254586228,0.00264429968844452,0.00125321160007098,0.00283597155822765,0.0019301322166924,0.00225530291581429,0,0.721146555528898,0.911250885606994,0.436530162690613,0.786006995176968,8.6579457148832e-10,6.47950008224072e-12,1.67147994207201e-265,5.54398503400957e-165,5.8589746528023e-17,6.80407337955656e-31,0.00170451662056301,0.480078905117286,198,"PSMB6"
-10.173458807708,0.00150593991078773,-0.00109210178435325,-0.0522860987185187,-0.00586361707709701,0.550377709239136,1.66715924698748,-0.0154215064951072,-0.0146847428541662,-0.00234516083988424,-0.0121407965527,0.00164291133850715,0.00268696062485812,0.0214862356229438,0.0484357846025434,0.00183706370932481,0.0640107789418688,0.00401765515103461,0.557055737742651,0.0970339585614443,0.000364188235113184,0.000782060213880713,0.000403209995776268,0.000904043162450741,0.000573520384685978,0.000731801089317121,0,0.975196589588471,0.552189604546934,0.414024030380012,0.144437851517372,0.323146810214712,3.67274684371135e-66,0,1.16482999835698e-78,6.01907376223136e-09,4.06454527837222e-41,0.00417525160345645,0.000240933956586492,199,"PSMB7"
-16.9461031714597,0.192263054091902,0.0144002181701635,0.398162926831662,-0.0879022355751669,6.9694558591319,6.59171353704856,-0.0960634180880026,-0.0662018795229974,-0.0342093889198628,-0.0282749762819717,0.0301944263523167,-0.00220044830267183,0.233332841717011,0.556927267966532,0.0187488724194805,0.696652320832067,0.0432952878948037,7.12609604146452,1.89567754116168,0.00667970659710853,0.0134534013182865,0.00794837024467216,0.0140471918843951,0.00657733942332211,0.0113070794205482,0,0.729928143703905,0.442452831726971,0.567635347065327,0.0423264940248827,0.328065028722608,0.00050661632157509,6.7727609694667e-47,8.61786582336606e-07,1.67779467721363e-05,0.0441297670026597,4.41815258979877e-06,0.845699826498473,200,"PSMB8"
-11.2918916815965,0.0192379973683917,-0.00155246595680847,-0.0774097622301535,0.00174851507734198,-5.65566450039258,-2.8248812375856,-0.00711552217764046,-0.0011596099812335,-0.00132595622780743,0.00227458636581543,0.00224426061869422,0.00442103093490593,0.0242799683448769,0.0550041534289279,0.00207833611713183,0.0708224541954433,0.00453120925627719,0.876510041337049,0.146644747440146,0.000556113158655662,0.00119659528329956,0.000633732963779727,0.00139047492938862,0.000882988150573344,0.00113851227012426,0,0.726522304682185,0.455078408967619,0.274388717491159,0.699583573803834,1.1003358922516e-10,1.08912991546543e-82,1.74632791258417e-37,0.332499678703904,0.0364121465140941,0.101874303945254,0.011032566568922,0.00010310557470476,203,"PSMC1"
-10.8881581396407,0.0179410671768978,-0.00196440326300882,-0.0384008145486665,-0.00294694332149803,-2.56420081080593,-0.270074067624722,-0.0134160080377911,-0.0116688049125925,-0.00147617810123816,-0.00820010387806243,0.00433263788566898,0.00384597785791906,0.0223624956693104,0.050204017864538,0.00191387012469946,0.0673381613360453,0.00423366308212463,0.756002396648979,0.124744812260148,0.000471858132822304,0.00101393367952721,0.000523595402863304,0.0011757462773243,0.000737607976172809,0.000949571069598725,0,0.720819941814943,0.304701362859519,0.56849578061809,0.486382410455386,0.00069437824735159,0.030386734299403,8.06870457364158e-178,1.1960900535635e-30,0.00481269145607449,3.07217895214885e-12,4.25651860626429e-09,5.11680939866538e-05,204,"PSMC2"
-11.3812005960971,0.0528044274068751,0.00294113129830121,0.0951787617359488,0.00378035998820472,-9.77124378620232,-4.24603357856314,0.011502116514085,-0.034619065885107,-0.00281183180476239,0.00649228411757627,-0.0176195676399486,-0.020926101233566,0.0426417708420943,0.0944973109353509,0.0036531379764158,0.125791179332323,0.00812255393266334,1.04775141971753,0.155836678304276,0.000626396417704319,0.00139548401111449,0.00068378873243666,0.00159155340742375,0.00118800447418251,0.00128381942381735,0,0.576303061457109,0.420763568986542,0.449264980381961,0.641634157787091,1.10026985587245e-20,1.81895343167577e-163,2.62928381670912e-75,7.36229315033815e-136,3.92016383472863e-05,4.51885700014616e-05,9.20310009233153e-50,9.88877410000044e-60,205,"PSMC3"
-13.4109305557689,-0.0818642561051265,0.00330524984600209,0.142709803393154,-0.00643695810929648,0.337867320976942,-3.01477642152473,0.00110835756052092,-0.0277105693699226,-0.00227991140655474,-0.0211445133435708,0.0251000507010309,-0.000470567162239374,0.0285473098309582,0.0661361135042977,0.00246579071226065,0.087654916329433,0.00564693417304205,2.4852115722115,0.405633581133481,0.00162457615069147,0.00323816288482828,0.00176675673953853,0.00369698184533897,0.00225253962167125,0.00299296498946005,0,0.215784761882458,0.180101634511718,0.103506503430148,0.254326648321728,0.891859914946424,1.06753347963651e-13,0.495084587460389,1.15344318979414e-17,0.196894427637579,1.06901653317128e-08,7.74644663271534e-29,0.875067989137027,206,"PSMC3IP"
-11.7180186998327,-0.00651630176264616,0.00245349843976128,0.0982718052304117,0.000573900508079871,-5.15753144611466,-3.45075786385245,-0.00321069876821333,-0.00134932583508964,0.00174582506745236,0.00243442201882292,0.00459948662850291,-0.00031368217332576,0.0164358420229593,0.0379015281610879,0.00142605568043374,0.0492202625621269,0.0031292816555101,1.01971252661671,0.17069074841186,0.000657679829148784,0.00137688586547573,0.000744265555530812,0.00158560761594641,0.00102640569649453,0.00130810428660269,0,0.863494800838099,0.0853454600957936,0.0458716812248135,0.854486619784708,4.24056731710775e-07,7.01792979442981e-91,1.05091545333813e-06,0.32709411804434,0.0189912938809733,0.124704170126611,7.42389439446818e-06,0.810486038678465,207,"PSMC4"
-11.6433149615479,-0.0278068491264173,-0.00111791313886655,0.056792602525592,-0.00439521955969763,-8.42645234510576,-2.75900110513494,-0.0109555043362213,-0.0142429074256573,0.00125236812504628,0.00971450167579573,-0.00157889216691232,0.0060139364875787,0.0211470072139262,0.0480628166148737,0.00182235997355622,0.0624083215241866,0.00404144981483154,1.03074825730631,0.166548173981034,0.000645270810760843,0.00138783781277574,0.000723503303447846,0.00158080405228798,0.00105491878638185,0.00129326461523895,0,0.562891354008076,0.539583762358193,0.362813806442684,0.276800282423976,2.95662772414822e-16,1.2316391099056e-61,1.19184974609466e-64,1.03807271465881e-24,0.0834557318059392,7.98168049657811e-10,0.134472515991562,3.31616556435741e-06,208,"PSMC5"
-10.7181577140762,0.00579119401825653,-0.00189471619931162,-0.0157000276111935,-0.00324310968202422,-4.42625790377944,-1.17237086883738,-0.0135814059107553,-0.0151233847443202,-0.000892700684261508,-0.0111435748996283,0.00310889835505255,0.00253887177617409,0.0242106990378687,0.0545524547051446,0.00207072484442392,0.0728895992032522,0.00455602715003315,0.701528919456992,0.111535264894536,0.000426022031680586,0.000921043008425795,0.000473446794014861,0.00107006135128854,0.000683417438677726,0.000862709284774623,0,0.915456782382571,0.360190878011336,0.829459663239535,0.476571021499364,2.80038451492216e-10,7.6701012897166e-26,5.12300743403919e-223,1.37915361591726e-60,0.0593575914156203,2.14127594697652e-25,5.38892926315798e-06,0.00325147803111269,209,"PSMC6"
-9.29279060900829,0.0340927631698006,-0.00144433169369257,0.0108730759857915,-0.00255740405888613,-3.04901630567673,1.04345579247281,-0.0145751489422045,-0.0175582229473035,-0.00184112651253396,-0.00431336858330947,0.000351767674823313,-0.00223589872814885,0.0151756955809687,0.0342818833671745,0.00129986083497352,0.0448670895679622,0.00282396724724495,0.392078130315696,0.0684499270745841,0.000257520050436157,0.000557834160328653,0.00028851670648626,0.000643798015498477,0.00041134124766863,0.000524806599316546,0,0.319987593870176,0.266506660527954,0.808516972187016,0.365143986401805,7.45274506233086e-15,1.80268996720445e-52,0,1.86820463811788e-217,1.75531906846615e-10,2.08592677806914e-11,0.392455722923174,2.04039287674899e-05,210,"PSMD1"
-12.9884264552954,0.0951820017804037,-0.00314517354009475,0.00298089826140962,-0.00901648416736676,-0.930393317595606,-0.228799935852446,-0.0372475098097024,-0.0597047341163948,-0.00864853214136283,-0.0139622850644147,0.0149980535556543,0.00926390397122235,0.0345051935496825,0.0782871140780774,0.00297589667710532,0.10879197723168,0.00660072707158472,1.79318941425439,0.316438201322537,0.00126069438027953,0.00268574719723737,0.00137982655263152,0.00291541362876654,0.0018595578796143,0.00240962624437236,0,0.224058546651497,0.290565151685325,0.978140712287278,0.171944147115096,0.603866518038902,0.469650536109336,7.56151165693539e-192,1.75298078745939e-109,3.6609051254567e-10,1.67508751255854e-06,7.30043604941582e-16,0.00012077888826906,211,"PSMD10"
-10.3762222893207,0.0239577626654118,-0.00185192311642765,0.0229581919221747,-0.00364787510092569,-1.989634770122,0.201560445783905,-0.0117019688350555,-0.00376911929945418,-0.000905929621998784,-0.00318230849431432,-0.00186989737880607,0.00142325340103608,0.0196528949273579,0.0443035265606377,0.00168494798307744,0.0581702130064317,0.00369187935563764,0.583694605289078,0.0998619257713974,0.000373930749239186,0.00080323671304701,0.000416320859826684,0.000931066692523783,0.000593703954077045,0.000753734544756486,0,0.588670096983899,0.271725281272189,0.693084492213072,0.323113078936014,0.000652752807018805,0.0435505209927632,5.5470365889483e-215,2.69999879341872e-06,0.0295524891409372,0.00063102392445986,0.00163524866989137,0.0589898777788781,212,"PSMD11"
-10.465908952031,-0.0140603937104776,-0.00200371009950425,-0.0577289558103044,-0.00827731345692728,-3.75613871327735,-0.490866562862266,-0.012534286318677,-0.0155514113856585,-0.00279378698670276,0.00351747260703023,0.00221828658242931,0.00912952465194315,0.016415450094363,0.0373046253524588,0.00140666168051434,0.049093999953116,0.00309657365750243,0.595977207615477,0.102483088961653,0.000384126933664535,0.000823354128616219,0.000432374087249098,0.000955781943616579,0.000605977302702942,0.000779736716948135,0,0.706242335031548,0.154318127077705,0.239640364194036,0.00751637987006641,2.92906766242236e-10,1.67003949384677e-06,1.51108821436004e-233,1.43502326598586e-79,1.0366726849446e-10,0.000233047367485278,0.000251550669154338,1.1534097566781e-31,213,"PSMD12"
-10.9164505000048,-0.114916706878386,0.00114763293103972,0.0208577236360048,-0.00332948511406869,-4.57389046573096,-0.256391642288927,-0.00924912982685685,-0.0101181238578681,-0.00341759488869879,-0.00279387103916397,0.0050232535170744,0.00203993154946628,0.0255923110031961,0.0582702407891894,0.00216935544440727,0.0747627102469207,0.00479848520633945,0.758987041692282,0.121575881632011,0.000459354327918911,0.000989852244246901,0.000506420343193875,0.00115733830962058,0.00071562047178786,0.000929254100424848,0,0.0485943432142809,0.596791411592818,0.780255834059467,0.487768942987319,1.67746301148347e-09,0.0349530256656585,3.63826185293308e-90,1.58286217575039e-24,1.49346438173163e-11,0.0157763536346013,2.22762472958866e-12,0.0281467120864375,214,"PSMD13"
-9.64596443705881,0.0665220804622258,-0.00247156315266099,-0.0183641579693835,0.00153590190948027,-2.768511408123,1.24827138265139,-0.0125689065748278,-0.021854876313848,-0.00113251641949114,-0.0137405784669059,0.00555651696505203,0.00278403619722665,0.019529165830439,0.0440130069498497,0.00168440436334844,0.0588374972235651,0.00365439045307055,0.478191277112965,0.0806590234986411,0.000306065817356989,0.000661419371486658,0.000336892235465666,0.000765156576538199,0.000480498764660251,0.000617599297541597,0,0.130681815341313,0.142288550614605,0.754951932174104,0.674273984834701,7.05760373432675e-09,5.04586683095279e-54,0,2.00090168767332e-239,0.000774760666439964,4.16523687684239e-72,6.26732408403235e-31,6.54922409936868e-06,215,"PSMD14"
-13.1215378638492,0.014942007399582,-0.00765006828143999,-0.106813116871595,-0.0136432789240735,-1.60043903221665,-2.61251820389313,-4.04548538834898e-05,0.00930618126407411,0.00342859686992205,-0.01305767797346,0.0114347225425485,-0.00227799781686445,0.0427403856838308,0.0984154848047462,0.00365774055940241,0.130491802417783,0.00807738997218478,2.23622099280558,0.379882977677036,0.00140939213907807,0.00287479867035395,0.00160053807693021,0.00347727473046133,0.00210818544600193,0.0028179262091148,0,0.879324351108755,0.0364856191631954,0.413047350335237,0.0912059724131401,0.47418333101648,6.10550579703649e-12,0.977100857457921,0.0012072599770375,0.0321812009786483,0.000173239730043776,5.8291537345641e-08,0.418863156058725,216,"PSMD14-DT"
-11.1765560745771,0.0137630443952929,-0.000888976102180743,0.0669566795759415,0.00188325844063324,-2.30514406747852,-2.01829890042594,-0.0280333162330657,-0.0309287658009188,-0.00253325556914966,-0.0152771274719299,0.0041386823896408,-0.00486854455175035,0.0203459363770795,0.0454430347204661,0.0017305236613184,0.0598275140735378,0.0038372495455324,0.793147334144042,0.130617102933365,0.000520622885268491,0.00114430817739783,0.000571991573095391,0.00124747009979843,0.000831440355615657,0.00101779170734945,0,0.761993756851202,0.607459288186716,0.26307103876964,0.623579640620212,0.00365701186230868,7.31086062257539e-54,0,6.86347994585898e-161,9.47440290107142e-06,1.75429965764937e-34,6.43355963957249e-07,1.72321199102607e-06,217,"PSMD2"
-11.2306277084755,0.0184716449142692,-0.000432791632002337,0.0184031397843499,-0.00233236151206749,-3.63636696087011,-2.67814882908037,-0.00825429600878711,-0.00699289468444073,-0.00213956449371173,-0.00592155090219119,0.00265402620625285,-9.12939950714091e-05,0.0155687407414804,0.0355776054295325,0.00133906728706652,0.0465394624986319,0.00293705949595922,0.814035189912879,0.135735756527499,0.000520007465200546,0.00110311651327375,0.0005809795389127,0.00126395454794575,0.000824423983118516,0.00103432762381693,0,0.60362613610079,0.746540905293687,0.69252493628385,0.427128781187967,7.92914587286642e-06,1.17748696718238e-86,9.68209958140059e-57,2.30936150104703e-10,0.000230790486214896,2.80042299765343e-06,0.00128526759269777,0.929666772952727,218,"PSMD3"
-10.9340260308203,-0.0456507928699242,0.00148690406118941,-0.096623998610784,-0.0049624784000684,-3.96499110052536,-2.38640386044095,-0.00191087180176452,0.0073334594956485,0.00240345579529314,0.00656128874891813,0.00404011982294948,0.000757905106189342,0.0174576886114342,0.0398999253376437,0.00149057185209413,0.0513090580110048,0.00332891030202095,0.711778700467317,0.125771523028528,0.000473758927099846,0.00100941716571624,0.000540654884514475,0.00117706536392896,0.000733726379033851,0.000965848151739998,0,0.252568779067613,0.318502788444089,0.0596764887518182,0.136034609904162,2.53952275949458e-08,2.79151174186653e-80,5.49693841129493e-05,3.72918579942019e-13,8.77069177715715e-06,2.48559531158366e-08,3.66447431290659e-08,0.432627016697908,219,"PSMD4"
-10.8920869013046,-0.0250458417440272,8.73198689411682e-05,-0.0926227084018961,-0.00751245093108956,-1.63953391048666,0.831486459732287,-0.0110574130809952,-0.000589400771873304,0.000919985401640313,0.000307223716788535,-0.00555357955986432,0.0044892057506954,0.0258333485521546,0.0584388077922376,0.00222645537631279,0.0759555656976283,0.00491796491400454,0.785026556778518,0.138036810348248,0.000516207589453079,0.00110400071448391,0.000580913284283148,0.00129027298978486,0.000821114126703568,0.0010494171285149,0,0.668227190288208,0.968715600871204,0.222679965817393,0.126623615609246,0.0367520728040322,1.70519076677227e-09,8.61016829320842e-102,0.593426521507653,0.113264735247054,0.811797693283019,1.34726644040805e-11,1.88742089459912e-05,220,"PSMD5"
-11.2591647979901,-0.00100432757933906,-0.00317339122687526,-0.0101284378460953,-0.0136634362581647,-8.83071789289895,-2.29553383804607,-0.0211991519081043,-0.0337432341951887,-0.00637234261664308,-0.025440022202053,0.00511816487402583,-0.00462435551965879,0.0347264035277113,0.0776925110537291,0.00297936904121535,0.107143224822915,0.0065274464017453,0.969212397812743,0.140099262248524,0.000549447017797436,0.00119809037244555,0.000599155395708073,0.00136916182476968,0.000886094510708242,0.00108719020879026,0,0.98968606959457,0.286820768114169,0.924686752852042,0.0363287697272025,8.14525669232309e-20,2.44555712003084e-60,0,1.60666283181622e-174,2.03640359428049e-26,4.60227433361459e-77,7.64548317340272e-09,2.10461886438527e-05,221,"PSMD6"
-14.7834413042419,0.111683915072552,0.00526258483598109,-0.171158719749987,0.0106927997288755,-6.57521161690332,0.91296153122469,0.0235753724141076,0.0297541993388132,0.00868002459572125,0.0360620381985378,-0.0110651150870261,0.00486268117582044,0.0371284362463416,0.0887257615448675,0.00320260111687236,0.10814978787297,0.00717967331529913,4.31086814420942,0.816206609533839,0.00303628662742759,0.00539857811138925,0.00339356362929994,0.00684243625175517,0.00451210384861961,0.00567746245367486,0,0.208119168221773,0.100336995225943,0.113510838407917,0.136404272252206,0.127193284689638,0.263335496547512,8.19413372870323e-15,3.5581236928657e-08,0.0105339552142461,1.36163397048148e-07,0.0141939022265396,0.391727643328043,222,"PSMD6-AS1"
-12.4440811962463,0.018244742241968,0.0028567411197428,0.0129246748648721,-0.00787020303562081,-3.72417194746084,1.19634311132911,-0.00745683892186639,-0.0174861913616066,-0.000707841897504506,-0.00784035039622583,-0.00512413093793357,-0.00350983020097184,0.0148153897404657,0.0345140567651901,0.00128427293770231,0.0454461696319977,0.00292979195999472,1.66949839340935,0.268183754514562,0.00103636082056613,0.00199655289569616,0.00113706496723668,0.00236452116836005,0.00165031905393056,0.00193155409815452,0,0.597070660384288,0.026121313712182,0.776107497207461,0.00722553549072715,0.0257001389020168,8.16130444337898e-06,6.23624185751717e-13,1.98408978129514e-18,0.533602185567109,0.000913713689878952,0.00190321800440192,0.0692015452480102,223,"PSMD6-AS2"
-11.1215084165235,0.0351851179055192,-0.00236859123156555,-0.0315017835681642,-0.00184002957405014,-6.68401897946755,-2.67941208493736,-0.0159104542400107,-0.0203676751821814,-0.00247580381958488,-0.0107271184457346,-0.00124354015876415,0.0022825467855586,0.0219978400446781,0.0498699813274158,0.00188890829394044,0.064468505223459,0.00408749351687385,0.847082687495444,0.134313764046043,0.000524060146336877,0.00113511899177255,0.00058225889551884,0.00129263119728511,0.00086707900760825,0.0010497643485609,0,0.480476103495211,0.209861204134068,0.625097762232803,0.652594460052874,3.00656547685502e-15,1.5321694149185e-88,1.85535117627534e-202,5.42327846153943e-72,2.1180649312521e-05,1.05284253233865e-16,0.151523276022064,0.0296794552351108,224,"PSMD7"
-10.1335619212542,-0.0217384544420947,0.0085895057561829,-0.0466006613925598,0.0148604290171088,6.82670759738181,-0.768933169077877,-0.00740406308879325,0.014113144499445,0.000923164282717576,-0.0240563804338859,0.00613760235413428,-0.00410428862923522,0.0364720986573397,0.0822686205109819,0.00310599354917462,0.105611023059618,0.00680918667927253,0.802071873363568,0.164650589972384,0.000608864551145373,0.00132571486504302,0.000714626428031484,0.00152362671592874,0.00103485476252923,0.00127254386849435,0,0.791596918376144,0.00568423045542383,0.659033407456183,0.029079374492016,1.71932482581864e-17,3.01066955147109e-06,5.0483747617688e-34,1.8263354104398e-26,0.196421634561469,3.71029414688655e-56,3.01310159793682e-09,0.00125857001316808,225,"PSMD7-DT"
-11.7162784384895,0.027937295803044,0.00396442194550967,0.0373217354974954,0.00560630671527094,-4.33578552528949,-2.23281194434454,-0.0141143357641542,-0.01957201768976,-0.00244638714946473,0.00481677955600287,0.00227755472669191,-0.00231988257222695,0.0198432781075065,0.0450211898592021,0.00170437972478347,0.0580408817888769,0.00375389228602434,0.996055447954714,0.173138124125672,0.000679712720113878,0.00146599801459462,0.000754931094890377,0.00162034204704819,0.00107470796559227,0.00133462048800656,0,0.534904569583717,0.0200174644130484,0.520207906263695,0.13531551129174,1.34314123216948e-05,4.73267848530169e-38,8.94499038619336e-96,1.17429206336068e-40,0.00119302014323876,0.00295199496129347,0.0340709268548983,0.082169608539427,226,"PSMD8"
-11.336024493277,-0.0479500608160192,0.00214551169335385,-0.102144238904331,-0.00581967583624703,-0.856126286061959,-1.69788359621747,0.00806641366131521,0.0255690327111136,0.00426828200120771,0.0109815202399806,-0.00396457911791138,0.0031444853542931,0.0214863382721202,0.0494020648879449,0.00185100119434437,0.0636520780206944,0.00408313201679458,0.817492639621641,0.156497687539258,0.000574818503390924,0.00120807577166133,0.000655850729016129,0.00142590337465999,0.000907000718727167,0.00117293371598089,0,0.331743304681476,0.246411856890697,0.108553791107288,0.154071365413825,0.294980274645873,2.01053514326696e-27,9.79546675211558e-45,2.00378420346038e-99,7.6153701429754e-11,1.34533256289256e-14,1.23629474451865e-05,0.00734305606543266,227,"PSMD9"
-13.2184923522227,0.073104691434621,0.0118214472099849,0.325068814665294,0.0163829577325395,-10.9365706241007,-3.05113233494786,-0.0283584358155915,-0.0519673648546211,-0.0104042040334621,-0.0374189613830503,0.0148145502589224,-0.00848948785341497,0.0520891978120845,0.115815731074592,0.00454076721642117,0.152624174640191,0.0101796270319441,2.39155515894037,0.341897925235054,0.00146763247024396,0.00323239494760484,0.00151881307158991,0.00342625870679594,0.00213554735148121,0.00265412591614567,0,0.527899589982285,0.00923033701951151,0.0331827999719,0.107531782101066,4.80800810752293e-06,4.49325174445067e-19,3.46918411141543e-83,3.69581959989522e-58,7.37363818570343e-12,9.12509769430161e-28,4.00171227039744e-12,0.00138096503631119,228,"PSME1"
-11.4312793666527,-0.106715778566826,0.00220115179201794,0.20589389251952,0.00676373079181761,-5.97348358327213,-6.12794737509656,0.00626293784589961,0.0135170622599584,0.000806635660361881,-0.0112787240383502,0.0149838590114699,0.00532768005059915,0.0384296825925935,0.0868578540562504,0.00332181324397749,0.114855030446496,0.00744640546746884,0.956992551901033,0.147517337298615,0.000583349688893488,0.00126970583603564,0.000648124662840476,0.00147456889269191,0.000879820341639517,0.00119076273169241,0,0.219212232062833,0.507563948771123,0.0730302682706321,0.363708343386531,4.32195532467497e-10,0,6.88459334060774e-27,1.82367591641667e-26,0.213290336654017,2.02819089431458e-14,4.87111001179312e-65,7.6707140115677e-06,229,"PSME2"
-11.4605466092316,-0.0512394432589149,0.00145262993629665,0.10593481658348,-0.00344439091119812,-1.50881922964874,-2.98382462956329,-0.0149016809120174,-0.0190086765455843,-0.00293124508049977,-0.0200061145421008,0.00702864936935034,-0.00786225765384361,0.0129066776175509,0.0296343929706044,0.00110788131155989,0.03850911675921,0.00248994963495892,0.918959515839648,0.149303497322856,0.000592048123872215,0.00123505980011174,0.000651849655999938,0.00137578257369426,0.000915444242612923,0.00112235102874373,0,0.0837995664453098,0.189797531421462,0.00594313717539443,0.166567533552357,0.10061533112635,7.44447895924543e-89,8.5994717002544e-140,1.88406103306243e-53,6.89800660474762e-06,6.60067390764751e-48,1.61772777308975e-14,2.46689418536814e-12,230,"PSME3"
-10.6353161325507,0.00892370603190985,0.00120264808217747,0.0317984748505851,-0.00126883549162042,0.882030814353576,-1.11682023360152,-0.005658603272646,-0.00864080413583899,-0.00118326860599801,-0.00261740225694539,0.00622850085385578,-0.00208891563323311,0.0138820111202525,0.0317295514441614,0.00119762088981417,0.0420044483888535,0.00264752168595844,0.613406745603154,0.11108349222115,0.000419264944520448,0.000893773287796041,0.000469197607221578,0.00101959611599501,0.000651916855508909,0.000838842301561606,0,0.778524224148962,0.315283355003498,0.449034067557133,0.631757906621502,0.150456297813161,8.83188966106486e-24,1.64015435434748e-41,4.13242000874962e-22,0.0116723478740584,0.0102553883265256,1.24622047252963e-21,0.0127658152775069,231,"PSME3IP1"
-9.26586667823434,0.0609709859628791,-0.00455461314756288,-0.192695982492972,-0.00343229985526683,-6.10506814165617,3.4883531795264,0.000103561701439084,-0.0214565582068313,0.000498071714625897,0.0160176521174055,-0.0305375332810112,-0.0166001386229073,0.0328917648568714,0.0735958181085254,0.00280623534198224,0.097346800631144,0.00608934605075763,0.479559907179671,0.0846130532285985,0.000313436864139237,0.000681622973374107,0.00035628326436886,0.000803587553690702,0.00055705433733432,0.000652238908153386,0,0.407411619815964,0.104582306341287,0.0477620613636543,0.572987885433105,3.99939158136744e-37,0,0.741092531438534,1.70360507869383e-217,0.162123425209792,2.11912832686293e-88,0,6.88016296264967e-143,232,"PSME4"
-9.97427451638453,-0.0679985676283712,0.00387731529582434,0.0802300007556109,-0.00381322132721394,0.401406423263326,-0.627879618381323,-0.000422081454456622,0.00956820096528652,-0.00152213137068837,-0.000761564577508567,0.000227381135095837,0.00455122417050292,0.0152765669514124,0.0348245006810963,0.00130932844403778,0.0440795396054746,0.00289207048456045,0.47358058356598,0.0891037031549023,0.000333117878718962,0.000713359111445854,0.000373926812086948,0.000825447614844032,0.000523077255362999,0.000678055897429464,0,0.0508661680413497,0.00306342643005764,0.0687409082134927,0.187333272069447,0.396661338266779,1.83320745388963e-12,0.205132639970072,5.08252685509424e-41,4.68788088429247e-05,0.356211522299162,0.66378095867232,1.91755529773857e-11,233,"PSMF1"
-11.8140001128285,-0.0192933478977704,-0.0019107602570559,-0.0654671528667538,-0.00627210390315474,-6.40504741383434,-4.68070477919721,-0.0158201205934858,-0.0143550267927707,-0.00755513687831496,-0.0374536965575587,0.011631120396212,-5.14335619726095e-05,0.0315428657629399,0.0710254410457904,0.00276104288417367,0.0990602357867678,0.00603021079291138,1.22164184517298,0.18084857738056,0.00072579488582239,0.00156939714879599,0.000785485431705944,0.0017573116045468,0.00109585914535091,0.00139447536494613,0,0.785898871421533,0.488910358283594,0.508687821267481,0.298287153125925,1.58001110464327e-07,1.06482939207943e-147,2.47958604130219e-105,5.8622498464446e-20,6.68433905965856e-22,8.58848365484245e-101,2.57351243139793e-26,0.970577650105983,234,"PSMG1"
-10.7551005416781,-0.0635111333162577,0.00364116087678478,0.00639530471812729,-0.00772829004580679,-0.504913444852139,-0.565721501715438,-0.0120027458039822,0.00260654715799187,-0.0114539597144754,-0.00656552717407791,0.00893481525852042,0.00672726299922703,0.020691402394689,0.0475204228151543,0.001782603092374,0.0620455946436829,0.00392364264031339,0.659864781471747,0.121654965807111,0.000454627563966205,0.000973235856785281,0.000513057300057604,0.00112042181334354,0.000668285286365925,0.000915596196932313,0,0.181385294087219,0.0410911729807651,0.917904021406065,0.0488759447886554,0.444166071454423,3.31592412344272e-06,1.32487016338903e-153,0.00740129009976708,2.11698614513758e-110,4.63227166944377e-09,9.08309543091092e-41,2.02080402174633e-13,235,"PSMG2"
-13.4096826992444,0.013292354925298,0.000801211304974638,0.0658361044390074,0.00668887876912818,-5.56057885020463,-2.99772567142689,-0.0116489720797471,-0.0218226979666838,0.00138221060382838,0.00630157957108759,0.000610768588530201,-0.0149320683144805,0.0396303528126676,0.0887597315382919,0.00336706570808037,0.116679213807778,0.00769789596484009,2.39402710312735,0.394663283094988,0.00157327779361922,0.0034017140939716,0.00172649196665569,0.00373026695744783,0.00256835952826607,0.00306499884359257,0,0.880956657406389,0.81191572373241,0.572584832002358,0.384889254559549,0.0201959008387615,3.06242229303147e-14,1.31874812195485e-13,1.40632213266662e-10,0.423369578414452,0.0911599200539967,0.812032385492371,1.10584815656091e-06,236,"PSMG3"
-11.8775249932784,-0.123265102405614,0.000981489304476381,0.118591061089256,0.00756351344297383,0.0814572329549061,-2.42865133778416,-0.0057959844219823,0.0186890357113199,0.00222330547906925,-0.00449889471926014,0.000515349135121235,-0.0060808395546876,0.048022507170058,0.107048825173476,0.00413031367707817,0.141705011688952,0.0091479426331963,1.13607325339579,0.197696920017048,0.000758251810982757,0.00166552027812846,0.000837825970161128,0.00186321469446134,0.00119590736372215,0.0015173251492363,0,0.249532816702269,0.812167542147278,0.402656171740342,0.408350772503662,0.942840109281739,1.09423010277019e-34,2.10774944922147e-14,3.21105232854039e-29,0.00796239509935538,0.0157530432142638,0.666521230185724,6.13376457115007e-05,237,"PSMG3-AS1"
-10.4597635888975,-0.0640284403380739,0.00488731991574994,-0.0379182248791748,-0.00936450617619591,2.82063970042493,-1.3770875843433,-0.01394730836221,0.0209113666374847,0.00587706825928008,-0.00931246839423227,0.00515001398277518,0.00577770898271701,0.0178073287739562,0.0411754253800702,0.00153204814455484,0.0516528084860823,0.00334332455413087,0.516339711879465,0.105642836192924,0.000392556061022661,0.000836815247033044,0.000449515706043384,0.000954237235531566,0.000587638646203081,0.000793580559139779,0,0.119942287323606,0.00142245054042071,0.46288899499409,0.00509514086056045,4.68789344362095e-08,7.70487563694858e-39,1.72454116636384e-276,8.00578570956862e-138,4.6226755151936e-39,1.68694317938573e-22,1.8858735926256e-18,3.32443167556155e-13,238,"PSMG4"
-15.3794908674126,-0.017224568422361,0.00989270322646776,0.181514408622865,0.00476878816638676,-4.07111813080367,-0.623763436197834,0.0149369559456373,0.0203623284796854,0.00685775100115202,0.00922570118990653,0.00754867505535984,-0.00937240624174213,0.0438117132614497,0.105873765585987,0.00384195947524807,0.138313277643027,0.00885348468919731,5.99786614874044,1.04124178656411,0.00400286845812181,0.00703939348525104,0.00449819397582845,0.00892206271905106,0.0054606713644456,0.00740548772907779,0,0.870762777518998,0.0100265919777061,0.189404559231572,0.590139399506233,0.497289255066691,0.549134711358583,0.000190295383857229,0.0038203662750766,0.127369746697362,0.301121055275937,0.166857741526082,0.205655311701729,239,"PSORS1C1"
-8.95862445365929,0.029648227476616,0.000325900952707506,0.0315456785721919,0.00206023097909246,-0.66516045488408,1.80533665692533,-0.0135333480909212,-0.00992315166243954,-0.00140775299872926,-0.00962130559652125,-0.00354278951564076,-0.00136476485735956,0.0141705125149035,0.0319506857885864,0.001219004980051,0.0422033383461266,0.00266421214222112,0.322327460910501,0.0574306962127163,0.000215696603165421,0.000467744427474898,0.000238799773643266,0.000537079882099758,0.000345878439445027,0.000435633678089352,0,0.353440185922987,0.789199710976122,0.454780630603188,0.439345804189982,0.0390540365217888,6.72034067327363e-217,0,6.95732438031742e-100,3.74412253228436e-09,9.15288624935997e-72,1.27393846553744e-24,0.00173131578676138,242,"PSPC1"
-16.2127313143002,-0.125562626792288,0.00641959982149359,-0.225809028250968,-0.0204527271699585,3.96665727975023,3.73338349502758,-0.0130536409054281,-0.0189457507271214,-0.0066992110380767,-0.00586082692489851,0.00604153087704474,0.0023294908848571,0.0439525142572081,0.116041655709767,0.00394093865234482,0.137984860003836,0.00874094153399567,8.00669026962226,1.47097425405827,0.00570468970989352,0.00882425597565727,0.00657720274145344,0.0111960942573266,0.00767064923057331,0.00979345807138486,0,0.27923125615579,0.103323184872369,0.101739828078828,0.0192900969043582,0.620305197172808,0.0111476975019558,0.0221241430646813,0.0317926216927407,0.308416566328215,0.60064675878237,0.430920985824483,0.811988179896792,243,"PSPC1-AS2"
-11.2427660622723,-0.0825150771343558,0.000727787660470846,-0.237564977517259,0.000138791803270793,1.64260914461668,-1.27274978153983,0.0122599152826662,0.0362872359543469,0.00687911391961107,0.0149885611923704,-0.000240844411349023,0.00656087957310464,0.0351097484683308,0.080498492950136,0.0030652677770961,0.107211165360634,0.00666307499445879,0.756546576505415,0.155166075221123,0.000563535982217586,0.00119122761272679,0.000646155787304694,0.00141077559259629,0.000871476585402996,0.00116398624925244,0,0.305339027835857,0.812322931871171,0.0267010632083018,0.983381272237872,0.0299165349913303,2.35438114472705e-16,6.14928304411333e-105,8.29575745676675e-204,1.81598031337286e-26,2.29627847479855e-26,0.782268807071104,1.73479537582539e-08,244,"PSPH"
-14.6610940276108,-0.0137686812031531,0.00352106196564021,-0.197027456040459,-0.0138927321844968,10.6693016662624,1.96840275401147,-0.00632249056569554,-0.0142386664081209,0.00305286530187485,0.0240783836847171,-0.00568574066002132,0.0078101306349113,0.0365910299060916,0.0885831419923185,0.00317730529427504,0.111661858106848,0.00718602977080655,2.89218289363363,0.739861625283027,0.00272527188222291,0.00515920775514295,0.00316257351120135,0.00572849139752087,0.00416423295779821,0.00509525390558138,0,0.876480524520209,0.267779223481024,0.0776476735422367,0.053199580290278,0.000225125297034389,0.00780244454317473,0.0203436604715587,0.00578269840136971,0.334389332483164,2.63088968333862e-05,0.172135135401925,0.125319072601901,245,"PSPN"
-16.5778531832242,0.537513779824856,-0.00663801682675467,0.500491475439822,-0.0193448639775567,4.89976552920719,10.2869013132746,-0.0945807373385798,-0.0543370639909794,-0.0217247377999438,-0.0287903799736473,0.0327932451870229,0.0156417825179005,0.163700778766288,0.365272922622526,0.012919995745756,0.448550304981366,0.0305667333002,8.82479345394429,1.75797233889192,0.00661210737998183,0.0130895821712124,0.00729993108968017,0.0144763756459853,0.00697668923562246,0.0115720902655761,0,0.141145091458374,0.607406818411911,0.264508665229516,0.526816500199605,0.578739253339978,4.86949066718014e-09,2.06068686802425e-46,3.30781805990219e-05,0.00292016224395702,0.0467250822765452,2.59649630668541e-06,0.176477165170887,246,"PSRC1"
-10.4087152162883,-0.0359429557061592,0.000418133518752889,-0.000285469918400897,0.00179762458523841,-5.29313403998913,-2.08134286122472,0.00405223169084274,0.0239349625135803,0.00163154559644507,0.00987775703168189,0.00632793868559301,0.0155967111977168,0.0140919810460979,0.0321240329943499,0.00121305067739158,0.0411997485024802,0.00269229510085217,0.605206108548906,0.110330802077604,0.000411625678307934,0.00086643917097558,0.000469184447657933,0.00102648673067703,0.000621848350286524,0.000842608036269571,0,0.26319110166011,0.730323048031355,0.994471562905056,0.504330055287042,2.21044534478439e-18,2.23089284263579e-79,7.24285731478399e-23,5.64945816045087e-168,0.000506287389634136,6.40142395205772e-22,2.53738352901837e-24,1.71363002119363e-76,247,"PSTK"
-15.6917951931499,-0.336930521992255,0.0367313667377953,-0.347491200884159,-0.0827183623829449,10.9272654059507,-2.37944001697664,0.0225204434878249,-0.0315981038413714,-0.0399102127555937,-0.0362915747156405,-0.0232757100799154,-0.00266379406041861,0.115746738178898,0.275471309008878,0.00975589055366541,0.295483317097699,0.0227433154864167,5.19405618123009,1.09680462555012,0.00451235104244307,0.00916270997476903,0.00470437297836533,0.0101634605255501,0.00791257836976278,0.00844245028682092,0,0.2212897845766,0.000166519104740536,0.239591062407769,0.000275788446734265,0.0353957286005372,0.0300501116373204,6.01158034266607e-07,0.000563595920033714,2.18253942200258e-17,0.000355907297982823,0.00326512130919336,0.752363977649518,248,"PSTPIP1"
-13.2050878122437,0.0503163270364776,-0.00224291761175652,-0.0338972947412193,0.0148830693390682,0.318086273138185,-0.399243417505516,-0.00511275600512137,0.0391508176810703,0.00654637518062982,0.00778571023861347,-0.00310573825598466,-0.0105566489643748,0.0360119527637893,0.0820321702445861,0.00309601895978792,0.109153725812497,0.00691765311225994,2.34710289631107,0.456012563320733,0.00168426750880651,0.00341455494579879,0.00196732249236705,0.00403972885575505,0.00259506809957845,0.00334104906089472,0,0.539629664709213,0.468788189502966,0.756145493135917,0.0314397345229082,0.89219843206523,0.381296640653628,0.00240060649447935,1.95798961331628e-30,0.000876114715638668,0.0539440784101902,0.231390414311724,0.00157942007273503,249,"PSTPIP2"
-14.3382260469771,-0.0757954119517195,0.000561121276222962,-0.321520784739753,-0.00994869869661283,12.0661274444806,0.142416853556658,0.0116832235957516,0.0288045830740076,-0.000376610668606876,0.00587880105282766,-0.00580375833511409,-0.00354797578105305,0.0506464496912882,0.118422804070672,0.00431209226561188,0.151144260605595,0.00989673342173488,2.67177914164433,0.647255695433691,0.00235671546718908,0.00471082054427699,0.00268714216875642,0.00541883845811325,0.00364033348016027,0.00463031919839375,0,0.522146153175733,0.896465646829602,0.0333997802566156,0.314776123401846,6.29771715296947e-06,0.82584636725727,7.14361891316939e-07,9.68252562399466e-10,0.888539213984406,0.277973859997862,0.110870415573568,0.443528372807904,250,"PTAFR"
-11.1112440059438,0.0374059561937267,0.00132546357565327,0.0695101301290117,-0.00311203765382629,-3.39304480438433,1.49641540673199,-0.0151481486138507,-0.0335310523848383,-0.0131476089976062,-0.00970611402646234,0.0186349522216669,-0.00898027199435376,0.0294728869304225,0.0655716031783833,0.00253376765532564,0.0883345911280976,0.00568644279224012,1.00129718100719,0.166034890619409,0.000642690102092929,0.00139486337237887,0.000696980809086526,0.00157943790220611,0.000937982629120219,0.00126897389881851,0,0.56836595719631,0.600891012115683,0.431342790976079,0.584191063866917,0.000702378277425302,2.01124766113574e-19,7.84640859342684e-123,1.08929661250697e-127,2.26952122356389e-79,7.98143403181532e-10,7.84741842859035e-88,1.47523286072372e-12,251,"PTAR1"
-11.2398926817818,-0.0409874658237521,-0.00259206972545749,-0.152117150891149,-0.00493836649362752,-2.18356912274208,-1.40150919571542,-0.000826525695748544,0.00550595583069149,0.00243245773524004,-0.00210603746613561,0.00151812929055696,0.000913797280766211,0.0184305624190565,0.0419144443194204,0.00157090504025464,0.0551385072540917,0.00346640459896762,0.833699214952535,0.141521512670539,0.000526508816625867,0.00110155144821612,0.000589301481053011,0.00130828922793878,0.000829899580134283,0.00106160921999558,0,0.328131683375331,0.0989329881064907,0.00580106896202442,0.154262305253389,0.00881535714905513,4.0335379469951e-23,0.11645627497216,5.78185657541553e-07,3.66415081946514e-05,0.107449292750386,0.0673557632046702,0.389366851981746,252,"PTBP1"
-9.09676925592437,0.0513561675006761,-0.00153922724750812,0.044582428175497,0.000289280891187207,-2.4972152842052,1.39595334126947,-0.0137585568246056,-0.00210553502781969,0.00109057764518779,-0.00577317412077046,0.00628045303060258,0.00180055872054048,0.0146912157432808,0.0330954033935317,0.00126183880095106,0.0438239801262973,0.00278553309315426,0.354425895459463,0.0622521729460873,0.000232925375679895,0.000500979001018084,0.000260906744226425,0.000584809311009763,0.000354363631804161,0.000473124967332759,0,0.120719339589184,0.222529800136159,0.309007554944904,0.917287452373111,1.84394061530815e-12,2.28718988285183e-111,0,2.63585876162794e-05,2.91570742414534e-05,5.51152892085687e-23,2.77721351816087e-70,0.000141419357437801,253,"PTBP2"
-9.11564846684478,-0.0382600753608166,2.40852649491137e-05,-0.0434180414945793,-0.00284681941430636,-5.62087670766283,1.97817604766528,-0.0103905840675841,-0.0206087435149347,0.00394586919232421,0.00636218501458371,0.00823526816336138,0.00142777608745285,0.0196958578129987,0.0444028526083662,0.00170687538787144,0.0583969893757249,0.0037379323632542,0.410947421350318,0.0725720849930989,0.000273728599275168,0.000595726615933704,0.000306226277998934,0.000689184494603405,0.0004293011991518,0.000558124704660884,0,0.388875716972334,0.988741636637626,0.457180266260879,0.446297157453038,1.37706573550694e-42,1.33281528543236e-163,2.69607558751566e-315,3.07801826824789e-262,5.43441776941295e-38,2.66946395388401e-20,5.13699394035107e-82,0.010522560760178,254,"PTBP3"
-12.5539583110192,-0.0721849978282576,0.00289623625760515,-0.180029537075004,-0.000500911638438037,2.01471758471753,-2.60470296251257,0.00707376419966359,0.0294927376353957,0.00352948980538737,0.0177849393279846,-0.0015535904438676,0.000379784099483756,0.0288521051664706,0.0666314676095838,0.00250851532590134,0.0849955444735721,0.00554779777027059,1.33666872922483,0.280941610915149,0.00103488281144473,0.00215284867485031,0.00119790445896535,0.00248252217802364,0.00158262603082806,0.0020886486032996,0,0.278654449045612,0.248269870411253,0.0341661270247922,0.928056626488424,0.131742056454648,1.8383550402447e-20,8.18172019205253e-12,1.02365047005589e-42,0.00321510145279407,7.83217533903148e-13,0.326270561826075,0.855714215058472,255,"PTCD1"
-10.9293419719944,-0.0748646093594607,0.00111788820962829,0.00781670415082067,-0.00109594234668935,12.1994123768067,-2.98531223990082,0.00580609183537535,0.00697626748887116,0.000551855048275506,-0.0166097244140622,0.00977778954433702,-0.00290863318569806,0.0292501431609319,0.0653123613548405,0.00251439236303883,0.0873296500917018,0.00567751248435464,0.733937458370074,0.151184701386392,0.000573268125254434,0.00123749829731706,0.000648636233779394,0.0013910893229309,0.000896449962686091,0.0011556288806567,0,0.251689728817971,0.656611904659824,0.928678179367767,0.846933802591593,4.83998374326698e-62,8.66117042379854e-87,4.14813003948427e-24,1.72641176753808e-08,0.394884452722829,7.31486218419141e-33,1.06445916446065e-27,0.0118383454957023,256,"PTCD2"
-9.68257202241976,-0.0221904143489545,-0.000237796181306856,-0.00343676055059272,-0.00565737154376266,-3.01522422916169,-0.190973953014155,-0.00437276150685684,-0.00419503437294259,0.000661619297682669,-0.00222953332003705,0.00283332453220261,0.0025987023809629,0.0125979359265596,0.0286544475498001,0.00107858411698516,0.0371693757053547,0.00236541705369088,0.411279049266525,0.0688893717223044,0.000258312572143044,0.000550400874808558,0.000286403687876516,0.000648473264008885,0.000405718364393001,0.000523383049514307,0,0.438685821445983,0.825504599087442,0.926330858889726,0.0167704749700299,2.27872330311269e-13,0.00556817040472122,2.78874035356543e-64,2.50201230029453e-14,0.0208829782408273,0.000585753300300852,2.87964297135136e-12,6.86297230662165e-07,257,"PTCD3"
-10.5742496795123,-0.00210111950164878,0.0032525175953242,0.0555165341346494,-0.000640514321941943,1.55416931475416,0.466734757067443,-0.004438029282598,-0.009925332521492,-0.00197037929540923,-0.0119879862491,-0.00609906924666899,-0.000295526242096266,0.0343988949192557,0.0784215735963384,0.00293237740790182,0.0984840246885644,0.00658059373657858,0.693028642217806,0.125460933249037,0.000479526602309892,0.00104933944817234,0.000523006301774784,0.00118707484638175,0.00078890326467092,0.000965455140910628,0,0.978625138674892,0.2673550064852,0.572950787882698,0.92246129954296,0.0249241773068175,0.000199096533608679,2.14186176623604e-20,3.1195028442745e-21,0.000164949821026631,5.59439977079102e-24,1.06643294454188e-14,0.759528173978774,258,"PTCH1"
-10.4797171263097,-0.0574993777472221,0.002751097327897,0.0410490487854726,0.00717862780920092,-3.17701189531825,-2.78534419442168,0.000998737684671997,0.0155319443409707,-0.00845908615738338,-0.00153625345280147,0.00890645328660981,0.00587759365678012,0.0365233000864197,0.08262646746211,0.0031586098528669,0.107627522084721,0.00700608014045506,0.616306817639971,0.107912116186769,0.00041403218082607,0.000906255693859228,0.000459782054669564,0.00103621548915092,0.000626147446968544,0.000841170019490132,0,0.486494344947964,0.383763116891801,0.702907068577306,0.305538617793614,2.53740210789025e-07,6.63379184817758e-147,0.0158556082258144,7.64835625727035e-66,1.36216468230495e-75,0.138190885016671,6.48315934147816e-46,2.80021661913292e-12,259,"PTCH2"
-10.3289741585435,-0.0984157539185418,-0.00159531189586205,0.158841507126378,-0.00267813866088656,-1.39170160041867,-0.918909326000444,0.0291124023035059,-0.0100375168155533,0.0295324945815244,0.00164557621010254,-0.017800045619326,0.000167023827460849,0.0439782003277111,0.0970345848809736,0.00378364518621744,0.127239922907432,0.00850715800636051,0.765583617012787,0.132806012568331,0.000506488235850426,0.00109455961147799,0.000561067641560857,0.00128845052620746,0.000941316542028927,0.00104241946377026,0,0.310471212970703,0.673292486034296,0.211898453769542,0.752905896396923,0.0690899733000994,4.54250402345993e-12,0,4.71397464089292e-20,0,0.201540632871223,9.48335320211432e-80,0.872702197725153,260,"PTCHD1"
-11.4602771090595,0.0277859400439012,-0.00400044652429877,0.0931080347511625,0.00417995239036837,4.33020700584064,-1.13865512720411,0.0388728527608513,-0.0069320688659538,0.0279934397477916,-0.0121432200560228,-0.0120599686974511,-0.00540938550256716,0.0421829770572514,0.0942642764404219,0.00365358717766836,0.120484462494089,0.00787300157023768,1.18027040655132,0.217874624667053,0.000837757149616406,0.00175994895524008,0.00089676341319398,0.0020739340257699,0.00152776451242978,0.00167334445926087,0,0.768172346599768,0.273544388858488,0.439652337098862,0.595472598446838,0.00024366663920036,1.73034503286733e-07,0,8.18936611459223e-05,6.44684585446382e-214,4.76544771548348e-09,2.9296617019718e-15,0.00122635276406255,261,"PTCHD1-AS"
-8.94038890008026,-0.231167820178018,-0.0027201433003597,0.108590352716323,0.0017101627317938,5.88159118856176,-0.319154435891823,0.0173619215747549,0.00366192899440233,-0.00165160012569242,-0.0152473271703389,-0.00554496553632398,0.0715444407184865,0.0798548516752629,0.182298266568594,0.0070817377521568,0.246783895299138,0.0151254899064715,0.56879281563315,0.117299021537078,0.000437707949963295,0.000943093740337922,0.000509838882518377,0.00110040517844536,0.000676424898200415,0.000927802787598714,0,0.204771274538321,0.700899325822116,0.659921145468354,0.909979064087146,4.62212670541826e-25,0.00651119612515718,0,0.00010322238798763,0.00119758355178406,1.16848538554851e-43,2.45521003846474e-16,0,262,"PTCHD4"
-15.9822729286925,0.09943594713313,-0.00498782532296016,-0.364596139344307,0.0202107950605467,-19.1013438925248,-4.43566440691662,0.00599164290277384,0.0362856243596721,-0.00671316357849315,0.00968206291270967,0.00316478992691189,0.013258263758065,0.034086264169273,0.0935040003789379,0.00323399859371097,0.109082178494195,0.00673590227648829,8.26939901557059,1.22408871706649,0.00494377494487149,0.007226746865723,0.0060026714569478,0.00995917284758467,0.00639168711912581,0.00884954155053511,0,0.287582204377351,0.122998508983104,0.000830576441450693,0.00269573508882851,0.0208946345871764,0.00029047890606533,0.225528821615619,5.13984063411616e-07,0.263412137985311,0.330963293266105,0.620500199493458,0.134084799885014,263,"PTCRA"
-12.7945071885744,0.209757903589346,-0.00298952334494449,0.164373509381963,-0.0146893304924409,0.251187515804292,-0.867720405667921,0.0145106326353096,0.0222597999279554,-0.00462097312443802,0.00324135338515955,-0.00476058621666402,0.00865291257601294,0.0866718429622206,0.194834746887148,0.0073980436815087,0.241149184072816,0.0160208006850908,2.06678221267153,0.413394904281312,0.00150213554551927,0.00315600182192258,0.00170968726654956,0.00378367240517581,0.0024196577967243,0.00310547031259725,0,0.281661722374289,0.68614177985194,0.495475586546373,0.359199677752036,0.903266857467382,0.0358159408296843,4.45854501815376e-22,1.74893915251398e-12,0.00687544293095188,0.391628055225477,0.0491299037005624,0.00533060569115598,265,"PTCSC2"
-13.5208584238249,0.0387479101143152,0.00476326074902677,-0.174407246873471,0.0314613128282933,5.96028286041237,-2.74637090566533,0.013910593005259,0.0500760046586967,0.000360923661047022,0.00926986109121705,-0.00681870399497225,-0.00546172510204207,0.0651766411610669,0.149458769468947,0.00560299511546418,0.179285192611441,0.0123942242377406,1.76376352119978,0.433745333788793,0.0016173755085927,0.00340904147347475,0.00184136911054594,0.00383047394464625,0.00242954859227389,0.00323273053771859,0,0.795438616999546,0.395254152446765,0.330656562589707,0.0111365398391509,0.000726711415259011,2.42381931355028e-10,7.92179129682915e-18,7.56296628186254e-49,0.844603655941065,0.0155192352732338,0.00500716608273023,0.0911220610343863,266,"PTCSC3"
-10.1740008576182,0.0294207820863968,4.13073179746758e-05,-0.00466417996327113,-0.00477583739318668,-0.726768912432936,0.505896781194244,-0.00988480221875325,-0.00961527555836411,-0.00343562746476492,0.00137336088938454,-4.71773040016563e-05,-0.00284908242921338,0.0225244192443009,0.0514083716526525,0.00193316929332147,0.065941003250109,0.00412950123705146,0.531797692290083,0.098372587090824,0.000364873202578306,0.000790486598545635,0.000412433382228284,0.000908810294853134,0.000583997507276873,0.000745261708501329,0,0.56712176719266,0.982952365562932,0.943610558383032,0.247469847998097,0.171742351438747,2.70875395430252e-07,1.25489456457936e-161,4.84853363056531e-34,8.07473887089599e-17,0.130746815232674,0.935614210108811,0.000131875882865353,267,"PTDSS1"
-10.8495531776363,-0.0036942692384664,-0.000600760710009728,-0.0926047221503224,-0.000627655863130258,-1.50916498684418,-2.79856196544933,0.0013555719463782,0.0201193607165924,0.00208311218611812,-0.000634496280832549,0.00757722533670023,-0.00851040374295266,0.0280223148872746,0.0636984921559606,0.00239233353993713,0.0830524878457476,0.0051903553247378,0.649912583136718,0.117904825541346,0.000439275275989823,0.000939825859144307,0.000502431252303097,0.00109578432760522,0.000659871797565607,0.000893024742930427,0,0.953751671054527,0.801722008424911,0.264844239410165,0.903748586880563,0.0202273050555075,1.54124714750805e-124,0.00202917838978236,1.13653175557444e-101,3.38239149148514e-05,0.562566294383874,1.60841742187604e-30,1.574904416609e-21,268,"PTDSS2"
-9.15869279015846,0.026405186688542,-0.000479033454752055,0.000603446638557743,0.00246994286932006,-1.36704746281582,1.53911869680222,-0.0173814967194357,-0.0181430708609805,0.000779418917708594,-0.0093639736205947,0.00887507863955815,-0.00334635075677003,0.0147999400795931,0.0332471865892246,0.00127289371700759,0.0437017710946553,0.00281014802146622,0.376701392170564,0.0668270194002912,0.000253952067602814,0.000549507882541188,0.000281512786063781,0.000625416600476125,0.000387896267671315,0.000507245104246075,0,0.427074262325474,0.706668447612183,0.98898293034835,0.379435474692887,0.000284526768091251,2.26058269490596e-117,0,4.6404979895846e-239,0.0056283826083382,1.11270691439649e-50,7.34488254034036e-116,4.19255241652929e-11,269,"PTEN"
-12.1110236793987,-0.05152272273357,0.0070403846202812,0.309000310548297,-0.000397763265517965,-7.27071431950752,-2.96957822252869,0.000518852383059877,-0.00266421783047115,-0.00668114170224992,-0.00869802720546155,0.0164630804829789,-0.00256204951914557,0.0415110843889346,0.094649749402258,0.00353492601112109,0.118256667693093,0.0080441551721306,1.48334318300145,0.237215782672042,0.000920674063236764,0.00196938835014358,0.00100930741454517,0.00227958210374599,0.00133672214363139,0.00182020318166832,0,0.586199688966996,0.0464079441895542,0.00897609895403048,0.960562684552116,9.50724960168124e-07,5.91660051689328e-36,0.573055606100538,0.176114783372118,3.60340314517e-11,0.000135839455350068,7.42813149877987e-35,0.159260694238669,270,"PTENP1-AS"
-13.8422275005414,0.152719563846388,0.0043719039980618,-0.160312101701083,-0.00973625908418369,24.4131166789986,-3.59926961875911,-0.0513530008099957,0.0324823186221547,0.053769763494407,-0.0964112595550936,0.00206157277555087,-0.0730383335004679,0.0911131369407675,0.220775271857661,0.00821942153527368,0.311487258668476,0.0176599137891618,2.68323218844536,0.570756107054715,0.00218920430981066,0.00453348596443467,0.00256562761678881,0.00520903800716943,0.00364045662610049,0.00438130970977977,0,0.489099264434422,0.594795789582254,0.606785986928631,0.58141450861964,9.16732797806061e-20,2.86074776928082e-10,1.11141686106375e-121,7.78001213235816e-13,1.59472410989032e-97,1.76481653361242e-76,0.571193185908002,2.15028306271506e-62,271,"PTER"
-15.8754445537685,0.245381171054556,-0.00189943472895337,0.258061112882946,0.0182869225266118,6.81982619340006,-3.97290353193938,-0.00420171375769345,0.0218871905027389,-0.00397643877793783,-0.00542133184617174,0.00431913428323285,-0.0323466820737211,0.0328222666776503,0.0845764031214409,0.00316130475320651,0.118524732605978,0.00669188690257517,5.53826575325561,1.18092555943305,0.00468245313217742,0.00703071815585495,0.00585303448055542,0.00874076102729022,0.00651412475637918,0.00801460394652923,0,0.00371622786321214,0.547947321829238,0.0294599447843493,0.0062817429327601,0.218172909210182,0.000767579387016562,0.369541931317144,0.00185145607219165,0.496896662946416,0.535102635125684,0.507304050896527,5.43777142752383e-05,272,"PTF1A"
-12.3301548947059,-0.0485776838473734,0.0151603701096359,-0.168343192339105,-0.0113669014339251,-12.0977481505996,0.230764736846985,0.0357588424558992,0.0246481609958943,-0.000307867907606893,0.0160948284220582,-0.0734923407313754,0.178373134355,0.0980542647506327,0.226919729507105,0.00844554115168987,0.274995147089897,0.0190873683971842,1.51788652350521,0.303802897930183,0.0011469466659913,0.00232174151857214,0.00123689737862468,0.00284663513110981,0.00220934374906932,0.00237975227445176,0,0.830489111364483,0.0726419337645722,0.54042669974064,0.55149622116854,1.58511568295066e-15,0.447501482348923,2.15594886008529e-213,2.50451608567763e-26,0.803435539870428,1.56771151652884e-08,1.26689731854077e-242,0,273,"PTGDR"
-15.0255267304873,0.00718833164088716,0.00573846699993303,-0.0850869994189037,-0.018360504983891,-8.02469875615271,0.245940755172914,-0.00564503967430716,0.00606513995666353,0.00341021576091452,0.0114366206777181,-0.0120508188801679,0.00253256589117449,0.0395462209784522,0.0973733335531878,0.00353133102380875,0.127410873251639,0.00803452339843999,5.18760350093454,0.876873508859871,0.00328670858606087,0.0060003548982979,0.0038000442076406,0.00738715844842293,0.00519936834808344,0.00615233619438477,0,0.941151715600652,0.104159295368022,0.504251153799853,0.0223010148430851,0.12188759814753,0.779113402544274,0.0858813183566509,0.312113660987169,0.369497639352134,0.121579952165201,0.0204630908519407,0.680601137623348,274,"PTGDR2"
-12.9755341787482,0.328212779992435,0.0144453063541258,0.923066624427112,-0.04693669104695,18.0799037065963,1.57124680992604,-0.0122648547680005,-0.023487681591009,-0.000182155154415688,0.00852855791846137,0.0219634219576963,-0.000993328489248769,0.166579524816886,0.34420681881647,0.0124255974005308,0.420996029325699,0.0319476378230464,1.48643714108974,0.383248756952484,0.00140474819438785,0.00308999141309281,0.00159330697861362,0.00329645611956236,0.00193280368419967,0.00275055170862445,0,0.340319761480809,0.245014476226833,0.0283377989233292,0.14178515743976,4.87798484000829e-34,4.13490752821938e-05,2.52433407508463e-18,2.93368741845291e-14,0.908979999077975,0.00967622532863612,6.35439030617092e-30,0.717996356456954,275,"PTGDS"
-14.9632764819353,-0.131438281396474,0.000472644340959691,0.250107217567297,-0.0376064020115804,5.79238524698634,-5.13402007233359,-0.0176283059348901,-0.010221139094402,-0.0180496903073308,-0.0408874009011427,0.015317254950209,0.0113785921819173,0.0740830411090738,0.177294084553582,0.006777444677869,0.25145263611643,0.0152488499380769,4.56201741672159,0.835090277780157,0.00330349758493361,0.00688706691389806,0.00363747373216307,0.00746907114424434,0.00474037676954503,0.00619459062369253,0,0.458476767439411,0.944402324481685,0.319906804711946,0.0136562857319144,0.204192158557056,7.85341435767662e-10,9.48858662132329e-08,0.137780733733976,6.97171174343322e-07,4.39422175793231e-08,0.00123258047226554,0.0662306502805217,276,"PTGER1"
-13.9467137314456,0.119816816435399,0.0249954989100971,0.227573789927842,-0.00787506704711352,-12.6452113057718,0.0428643822430095,0.046359908896762,0.0296419617657909,-0.0125478029546237,0.0135974371654889,-0.0762038277879599,0.172915202311257,0.128677255701138,0.291018775978185,0.011020964114603,0.350934991796753,0.0252488474675006,2.9182961475774,0.5828439669847,0.00227878827312661,0.00445348516778261,0.00232207374299373,0.00548436982040184,0.00430869329940128,0.0044709842482728,0,0.68054827615076,0.0233294704859541,0.516675525441338,0.755117981718312,1.47037503312577e-05,0.941373633931805,5.23586077862988e-92,2.81567428727931e-11,6.52780426387501e-08,0.0131637903617762,5.36972572337621e-70,0,277,"PTGER2"
-14.7969587257017,0.00766173493039337,0.00697978272972887,0.194671650670345,-0.00726082614182377,-1.10527488869192,1.32040476274344,0.0200412247567895,0.0149490361399694,-0.021433665952545,0.0483265807097916,0.039605808196813,-0.0486998440241418,0.0539584288064421,0.127414335026629,0.00472861887424658,0.164367652314098,0.010745155715672,5.04269250316246,1.00166620647606,0.00370252995590038,0.00698989746526301,0.00432762049825006,0.00848161208158923,0.00511260502326994,0.00720928528470125,0,0.952050152853957,0.139924518616258,0.236267751382614,0.499211962805629,0.826507124086809,0.187433909251567,6.20308089993997e-08,0.0324629589755075,7.31681737863403e-07,1.21358989989962e-08,9.43127449263529e-15,1.42682024136582e-11,278,"PTGER3"
-16.0094693669584,-0.130678073406538,0.00455978259268119,0.715909393826015,-0.0242633788066294,-25.5272869124987,2.13220134330445,-0.046315209590305,0.045765844433224,0.00577784261250034,0.0357569401540052,-0.0386775765175198,0.15822859867866,0.107685561243928,0.235605684153833,0.00981990680925062,0.335002807830313,0.0207732059130397,8.55423280565641,1.42324891755567,0.00549576010133663,0.0107688209671956,0.00607813335259056,0.0126022722303546,0.00807310778158935,0.0103387678786066,0,0.579135880429395,0.642403654663228,0.0325959538207444,0.242801438636299,0.00284348522684953,0.134101404971623,3.53297755957109e-17,2.13916320201261e-05,0.341810054726707,0.00454910381812265,1.66022109701431e-06,7.14622239280916e-53,279,"PTGER4"
-14.6726205336037,0.155392610613841,-0.00446799186359,-0.0641781145822041,0.0127346589443153,4.30464413166538,0.763888433234083,-0.020280440874122,-0.0185838778305848,-0.0238700873080667,-0.00435508477556375,0.00508996457937534,-0.00889029659743893,0.0387234170814134,0.0877949796277846,0.00330276219288869,0.115825910598735,0.00753704604841632,4.02726533050345,0.748041912221224,0.00286708903377156,0.00556977660121303,0.00321658439603167,0.00616586896948508,0.00407074399381104,0.00519574975459561,0,0.0767356859412248,0.176118065111729,0.579516451297656,0.0911028310453388,0.285125897479198,0.307167270626397,1.51041030116006e-12,0.000848229934210236,1.16289946214694e-13,0.479988331216636,0.211161869849412,0.0870680115150125,280,"PTGER4P2-CDK2AP2P2"
-16.529821145934,0.1199324998624,0.000686320296036767,-0.316746103160542,0.0064824551672232,-7.91057875015899,0.42992980618088,-0.00491331361010203,-0.0066882388923978,-0.0018098042311388,0.0232682042057431,0.000876988703728513,0.00849841545762339,0.0515907311262234,0.135293224834445,0.00475909665817674,0.16644296414248,0.0105382901596188,9.79556406011109,1.69730277649958,0.00660972758761808,0.0104357729112187,0.00797672006535762,0.0133086507834217,0.00934588190083532,0.0118155794435159,0,0.375367837246109,0.88533282498899,0.0570365139014522,0.538466569081838,0.41933962747521,0.800035024492293,0.457272315771069,0.521590642347716,0.82051257161697,0.0804031202174657,0.925238708971007,0.471983771841456,281,"PTGES"
-11.3963937372819,0.0221755371862345,0.000142522555885621,0.0598952174106074,-0.000115688727847094,-3.58092408148897,-4.1359779574034,-0.0124736365729724,-0.0195255740652549,-0.00151278132505092,-0.0169794042813049,0.00713601641113977,-0.00823960524811285,0.0227155811912782,0.0516185558948938,0.00195405137981674,0.0684164885966974,0.00422554044574915,0.881692121056588,0.145325498564738,0.000569053290078615,0.00124001977491481,0.000631280050139489,0.00137906507225652,0.000908027524576486,0.00112325439255381,0,0.667483739573221,0.941856287087576,0.381329084788117,0.978157889983289,4.87746426078911e-05,3.65474782852327e-178,1.67532000539253e-106,7.2957865670945e-56,0.0165583122877691,7.78156858663907e-35,3.8779782875128e-15,2.20935404597134e-13,282,"PTGES2"
-14.0127116887407,-0.083975426624628,-0.0014438558871333,-0.0618634723389095,-0.0159240037133212,-2.10561046624649,-6.11589153907965,-0.0126852905184799,-0.0170449024086176,-0.00577290207263253,-0.0510699713981617,0.0157700801795535,-0.00804530085069855,0.0323214795902805,0.0738830092615455,0.0027774834954162,0.0970175130300826,0.00643867446601165,3.4585523725191,0.508719634292811,0.00211258500537912,0.00415049850962298,0.00230537453535178,0.00465774805486908,0.00303384668322459,0.00372758391820717,0,0.255705549709237,0.603172872089054,0.523699827705779,0.0133916511484666,0.542648621813971,2.71884756398482e-33,1.91769149063176e-09,4.0133095752128e-05,0.0122761269228988,5.66001298798108e-28,2.01392311472258e-07,0.0309033374748559,283,"PTGES2-AS1"
-10.3555578570362,0.180596983479433,-0.00548642215546668,-0.162126582583966,0.000651875888896181,-4.37499774293418,-0.090245657664121,-0.0154983281337528,-0.0149639132310386,-6.07777521225818e-05,0.0162396676545162,-0.00246152660293754,0.00646874373668345,0.0485001870054315,0.11054686648922,0.00419422628647735,0.148545398327191,0.00874532258010911,0.527060303291702,0.0994497579884924,0.000364903484787756,0.000792388319398064,0.000422980450094558,0.000916441055334724,0.000591996866882299,0.000757882919977562,0,0.102328381110974,0.190843052302239,0.275084669695351,0.940580755788377,1.03453000854435e-16,0.364169012924572,0,1.52774997980687e-79,0.885745844522337,2.92024827625404e-70,3.21037407662624e-05,1.39815121930769e-17,284,"PTGES3"
-11.6282438675546,-0.0527523616656487,0.00469500028041327,-0.160875104641791,0.00635977035672107,-3.2663751561217,0.651136963016718,0.00846960773461404,0.0191817181017366,0.00523876085791226,0.0230459547118749,-0.0128321522187167,0.00286315357351939,0.0198325696831298,0.0453226860748327,0.00169381133893886,0.0579051806253711,0.00371672017756536,0.96025496381237,0.180936541290096,0.000657126900167295,0.00136139925860155,0.000740307242840463,0.00162752974114887,0.0010692845338487,0.00132747672338029,0,0.244453027623184,0.0055737772630565,0.00546524449248141,0.0870581620293739,0.000669997940216013,0.000319807559659771,5.20160070930711e-38,4.39374221596841e-45,1.47874385065223e-12,1.61805070177111e-45,3.52346617337168e-33,0.031018210909893,285,"PTGES3L"
-14.2699972236842,0.287583008345092,-0.00769098094071799,-0.124004399337841,-0.0118116530785611,-28.3222196853684,-1.45240310377835,-0.042107148783779,0.0748049308788056,0.0833761422215911,0.0525150441595313,-0.0230656952325693,-0.0257061946909753,0.0880391819446616,0.201032259213368,0.00777594792746511,0.263730761314741,0.0169471124266586,3.79253607138476,0.628520349525673,0.00230984778728205,0.00484827905137227,0.00289650393589639,0.00591258033821679,0.00381630262546781,0.00462650038593347,0,0.152564490293718,0.322627376545495,0.638217022476374,0.485820677438293,8.14945947282843e-14,0.0208422973480675,3.01589102020645e-74,1.04198598006787e-53,3.2962154808156e-182,6.57182306928078e-19,1.50348754164668e-09,2.75563145662006e-08,286,"PTGFR"
-11.1270476492917,-0.0785744596150143,-0.00192935806929686,0.128822396503505,0.00223430372318502,-4.04934335718962,-0.041229998613278,-0.00860478789200461,0.0344169503668055,0.00346337740655675,0.0231650609329172,0.0163344823230893,0.0593396458737897,0.0664485033644971,0.150797643905958,0.00588268564253393,0.194550397797491,0.0129630570760322,0.848583045975657,0.171278063592362,0.000637995308639129,0.00138273264746617,0.000724658123924849,0.00159585199590307,0.000965261427162665,0.00131965212855445,0,0.602325717112327,0.74293259008018,0.507872292757789,0.863155050208177,1.82506878978058e-06,0.809772394239051,1.85962953841167e-41,9.42150480663538e-137,1.75883818940836e-06,9.62349955797751e-48,3.07947064080299e-64,0,287,"PTGFRN"
-16.2832160038035,0.22081814376627,-0.000233335469283331,-0.207552843025293,0.00939578057165481,7.38295387193111,-0.603080124364319,0.0193182164269428,0.0350260153576627,0.00346429370639308,0.0196901229047891,-0.00520167700564263,-0.0255026004593928,0.0396780827296059,0.10840379644745,0.00375631225497158,0.131956067843586,0.00774096514700848,6.13345458215068,1.48836296222544,0.00566385507992071,0.00813957764772203,0.00685107543021015,0.0108222247700891,0.00797750463184033,0.00996687771027021,0,0.0416504021605674,0.950468679448701,0.115743477583876,0.224834119226257,0.228698328592269,0.685332750913802,0.000647751208337211,1.6836884801821e-05,0.61309751516283,0.068848071995542,0.514373356242852,0.0105053739900821,288,"PTGIR"
-11.6247349510216,-0.0297161052355976,0.00637675970210978,0.0260108668894814,-0.00589491791746692,6.52750773962606,0.790634121763213,0.000466176429009792,-0.00128020724653258,-0.0123609181923715,-0.00634360970319843,0.00423315021265142,-0.00251104583866163,0.0459369642478028,0.104763793064567,0.0039982744830816,0.137706227878622,0.00901541562336955,1.07392651082032,0.209970053767098,0.000786675943516515,0.00170536337989063,0.000882873173720211,0.00194326191902115,0.00121724892775416,0.00159657461340638,0,0.776679673994359,0.11073953744898,0.850181663697002,0.513194984106167,1.21561956911734e-09,0.000166241840030922,0.553455461080327,0.45283641494552,1.5415675847097e-44,0.0010969109824588,0.000505854000897541,0.115771912770977,289,"PTGIS"
-10.4619274273472,-0.0745658345418945,0.00538192330869012,0.0115974098904285,-0.0043181252516088,1.13454551494669,-0.653327990219986,0.00835607422060193,0.0111225045957767,0.00162581670091712,0.00518411354220382,0.00411682147746979,0.00807344782765782,0.0297048327597136,0.0679963253556008,0.00253653038514084,0.0849098150439617,0.00566167076061651,0.589973546683532,0.114931127738904,0.000427995033059486,0.000920926314493412,0.000479319546893502,0.00106976620507326,0.00066818260409809,0.000879359551442888,0,0.272809443181707,0.0338574136790186,0.891358807548481,0.445645600722019,0.0544744336200178,1.31182601712444e-08,6.89649352146353e-85,1.38847023507747e-33,0.000694030402844476,1.25959788383856e-06,7.2185628230311e-10,4.26890918355217e-20,290,"PTGR1"
-11.4027183366449,-0.089150852140432,0.00165587275555257,0.0270868309317099,-0.00165326958409468,-1.55686593777122,-0.996014364550796,-0.0118452194186776,-0.00611065951200354,-0.000343668448532696,-0.0130403988428143,0.0054281797282679,0.000380237980265258,0.0347233575747088,0.0780496512144309,0.0030177511124387,0.109123838374367,0.00650640699469127,0.956998643684156,0.159850105476746,0.000604804519864744,0.0013101160497401,0.000675021577905755,0.0015091047644496,0.000953873339358257,0.00121897804782696,0,0.253357369363044,0.583203904119074,0.803963400284875,0.799419304692288,0.103775020907483,4.63682662831951e-10,2.06779898491582e-85,3.09801285028402e-06,0.61066659492482,5.56505753925824e-18,1.26540821443065e-08,0.755092377176742,291,"PTGR2"
-10.6064634489616,-0.0228519288607131,0.000511972612309724,0.00883141806494069,-0.0060698336919189,4.361318922162,-0.0511061847440804,-0.00296216028292955,-0.00992745432853961,-0.00256683930518937,-0.00663949003582829,0.0105138890328057,-0.0184814749713572,0.0217951413016391,0.049172307970632,0.0018611744779157,0.064979447728861,0.00419217533252463,0.612905080558995,0.112921196680286,0.000426355652422346,0.000918862365731956,0.000468653852030804,0.00102889535711151,0.000637350714982319,0.000834933396611697,0,0.642123624895868,0.783254472567047,0.891891683898534,0.147646152075885,1.11253762162149e-12,0.650849228687522,3.71480121793541e-12,3.2927274590924e-27,4.3248169327707e-08,1.09637452772962e-10,3.90474549568894e-61,1.44648799562637e-108,292,"PTGR3"
-15.6021428502146,-0.0764745184685521,0.00432949155020006,0.114931152724034,0.0193019838344275,-0.653700273181303,1.34852414673967,-0.0139819763658406,0.00317693663928899,0.00810295001785377,-0.0133826270084366,0.00752659746556132,0.0078367276432872,0.0361261830405085,0.0887300849342119,0.00317378721906343,0.112478877107865,0.00721055106428686,6.76971764431785,1.14965626586646,0.00453075439072447,0.00727336570631247,0.00522109340464658,0.00916946798420951,0.00624239012467323,0.00789446560094414,0,0.388754592464099,0.1725233635629,0.306874575712954,0.0074304973395754,0.923073906787582,0.240803707491926,0.00202858534838355,0.662263329558031,0.120670791298887,0.144433885016753,0.2279240592353,0.320862866020949,293,"PTGS1"
-15.2294325873069,0.182551111635326,-0.00155714689690039,-0.194637913265467,-0.0106611171613747,-4.37130053021374,-0.448198560601698,-0.0223574928073377,-0.0417946274547805,-0.00057107769784625,-0.027863994759649,0.00357662976030933,0.0150175436649213,0.0903326478072221,0.199554824565111,0.00820186059609124,0.289535049409597,0.0179699792002557,6.91395263574876,1.05379216238622,0.0043199105485958,0.00894938714492743,0.00458072473607225,0.0098599416432273,0.00664846460331837,0.0079625556262244,0,0.360300954962043,0.849424413177229,0.501429003752449,0.552997955322286,0.527227878978623,0.670603638463821,2.27358999952222e-07,3.01037665492658e-06,0.900785025504307,0.00471362536519592,0.590602406303804,0.0592921833885441,294,"PTGS2"
-16.2649004454906,0.389601759947227,0.00758224172976556,-0.0530787050849969,0.00584417421093734,-0.630001555009613,3.46118690419789,-0.0129644902082649,-0.0523889179879101,-0.0245936319874827,-0.00530164002208369,0.0177858960686286,0.0212609081744377,0.0781270264882988,0.182437173991617,0.00660780667576708,0.238021473123128,0.0156305109258789,8.88084593199265,1.60975509940253,0.0063397201039224,0.0116671471318943,0.00695431614491155,0.0137645756673677,0.00818201355376844,0.0115169059824378,0,0.0327169813054868,0.25118856256649,0.823535779277461,0.708482230505959,0.943446014978929,0.031544728246907,0.0408585500899967,7.11250125067501e-06,0.000405534283640778,0.700114783240656,0.0297216736776121,0.0648833840871778,296,"PTH1R"
-12.4636050780807,-0.016833369084071,0.00639114128906276,-0.0934431731572695,0.0143507769966241,2.00827308419549,-1.95287820882412,0.0326227905697629,0.0469608464583862,0.0236651112177648,0.021423598884947,-0.00168692147396556,0.020873364767408,0.0426697733772303,0.0992931730424253,0.00375893774820414,0.123126492407906,0.00797935804088533,1.34455905189138,0.309064012765431,0.00112701776287324,0.00227937826036739,0.00127189088069451,0.00275633968579283,0.00175800699325685,0.00227412633565074,0,0.865378213211844,0.0890835416967613,0.447900338658519,0.0720997619218789,0.135272480676596,2.637979932562e-10,3.1403354302108e-184,2.60738977566885e-94,2.85979561411644e-77,7.69633213001702e-15,0.337274336291268,4.36609620694337e-20,298,"PTH2R"
-14.8786650726027,-0.0903452959934916,0.000811161306936286,-0.00591767928540528,-0.0212330229366917,4.77927202286894,-4.42333217894214,-0.00631228913182278,-0.0323112091379339,-0.00514099771273726,-0.028427665671631,0.0381444287133185,-0.0144676296940589,0.0629794025622585,0.144823199916347,0.0053702591917811,0.187115243972859,0.0122903033579189,4.75141711740677,0.863018327289231,0.00337710040462451,0.00678781692087268,0.00372386115034701,0.00765217935272368,0.00443732146337223,0.00640116180730287,0,0.532738150647675,0.879938674808171,0.974770425622126,0.08405565874802,0.314481745426457,2.96873772165168e-07,0.0616026933612223,1.93423373915094e-06,0.167415614315303,0.000203222663726331,8.2346446520021e-18,0.0238115179680308,299,"PTHLH"
-7.75291205714144,0.00726990578612675,0.00163469888898335,-0.0242857450878456,-0.00194854253799935,2.61912515992572,2.25801845709051,-0.0128751924711311,-0.00790061379122694,0.00114340163249259,-0.013042410764037,0.00875042418035445,0.00429467888136285,0.0181185527705005,0.0411024519230482,0.00154686131724521,0.054322786347348,0.00337430488589307,0.212578290146094,0.0420294922250296,0.000156509093174928,0.000338432552455051,0.000179193401915761,0.000390561210133016,0.000247013840010084,0.000321666519581952,0,0.859608303673272,0.290610001429291,0.654829077818091,0.563625462285451,7.00349856477606e-35,0,0,1.55924840456193e-120,1.76137177966123e-10,1.67405888095567e-244,7.08147980335065e-275,1.16338087496621e-40,300,"PTK2"
-9.11757587307034,-0.0379990147501672,0.00355026031788044,0.00775596902201103,0.000136543612556975,3.66732742651624,1.33269995374914,-0.0229376598071022,-5.39972205830241e-05,0.00389949076680452,-0.0089822172264293,0.00172030536855959,-0.0115151782141364,0.0250370014248204,0.0573058210865139,0.00216804522969739,0.0722458444864893,0.004678558045897,0.331147912759044,0.0660090917187268,0.000250324895135847,0.000545326135725041,0.000281123264012442,0.000608180394863579,0.000386221123214698,0.000500928113016437,0,0.507271821344998,0.101517733204896,0.914507172977966,0.976717062135468,1.66640790083872e-28,1.20735228730222e-90,0,0.92112380765327,9.48028078056572e-44,2.32126053142979e-49,8.4207349849473e-06,6.19019452917221e-117,301,"PTK2B"
-15.8150530969986,0.00947927478337337,0.00602845284664755,0.0719865625634578,-0.0297340329562001,16.7945251121317,-3.10666489855671,0.00415056377197613,0.0037113851780566,-0.00103171220200053,-0.0361922472763783,-0.00219808830262677,-0.0138737314990253,0.0537045684117787,0.132115147455008,0.00475444034370187,0.172363957656049,0.011184683177485,4.531940161296,1.23039753879852,0.00472948209408932,0.00851453508197049,0.00543928798817819,0.00942244301539338,0.0076026443336059,0.00854080030806549,0,0.94280078639279,0.20481128384959,0.676208313265718,0.00784986658867135,0.000210713298372363,0.0115722075363983,0.380164239986027,0.662917863314635,0.849561614732041,0.000122500015841048,0.772488364101224,0.104289081662657,302,"PTK6"
-12.8196620912261,-0.0513338809091465,0.00217453989366938,0.0261709977104664,0.00048664320454377,7.02519576902665,-1.10701390735327,0.0253077058955446,0.00793082888849587,-0.00355739507059474,0.0018716681051813,0.0463590650993297,-0.00546452677800892,0.0306940363637814,0.0719026965061385,0.00265971965193012,0.0914569738902453,0.00594327408461416,1.72126984238394,0.354524821486985,0.0013339350556283,0.0026655015411298,0.00146631798977473,0.0031748318083912,0.00175921669394588,0.0026346192980226,0,0.475267121782069,0.413595698389434,0.774758341561347,0.934741078680082,4.47646740455474e-05,0.00179304661357049,2.89436109674999e-80,0.00292644098276656,0.0152631829624011,0.555503784995497,4.85493121689041e-153,0.0380678081125776,303,"PTK7"
-10.7539653388706,0.19672188815583,-0.00291763525328454,-0.172104854785767,0.00540988422836412,-0.582909729912286,0.787206844431469,-0.0350109420368098,-0.0542784022444718,-0.000136838883550896,0.0154151509840093,0.000790982743287916,0.00870724905277091,0.0439139058828108,0.0991586636157089,0.0037556549739225,0.135745205291635,0.00811177215235785,0.556832647430764,0.112492354242263,0.000433907684544036,0.000966247464368593,0.000484491642882241,0.00104268170903592,0.000689894330811596,0.000867646584651442,0,0.0472658471477133,0.437238681588195,0.204850743063424,0.504824719944573,0.295177486325495,2.59883489396985e-12,0,0,0.77760762864938,1.85414019935667e-49,0.251577002700898,1.06441546061701e-23,304,"PTMA"
-10.4416820397421,0.140768814495355,0.00273077200019062,0.121981337854847,0.00962188812614584,-0.830678800619407,-2.89342607402729,-0.0282467072344906,-0.0286526489704715,-0.00247970421559692,0.00340618572855417,0.0065267957795218,0.00592004625884778,0.0380796633273424,0.0865187280568828,0.00328450727025249,0.113179269175389,0.00693454309177814,0.476295226276381,0.0967952870675631,0.000376356417238908,0.000845028899432301,0.000422900578798002,0.000903172247342653,0.000583682063349402,0.000754724538659569,0,0.10373011670376,0.405742084339049,0.28113594961443,0.165280141675205,0.081151795148103,2.48369257929324e-196,0,5.19987382077386e-252,4.53038655616071e-09,0.000162361651282951,4.98907182516978e-29,4.36477104032092e-15,305,"PTMS"
-10.4817185795673,-0.00283798697697073,-0.00134469609414454,-0.100125670836862,0.00382587691707821,-3.52112366093115,1.52558582181929,0.0388598930020559,-0.045677091973391,0.00104712671381193,0.00881357125144655,0.00023351087248829,-0.0228676429919599,0.0788615971780194,0.172386241328537,0.00688111851286086,0.233504134677086,0.0142102954626556,0.929212870501405,0.172135205475812,0.000660589409196976,0.00141763757813709,0.000715732796083688,0.00164171836222101,0.00110457694563133,0.00132161039923623,0,0.986865055507214,0.845065535560649,0.668071590643052,0.787750580011009,0.00015103486966158,7.80867664450779e-19,0,9.09251977357587e-228,0.143463696153407,7.93925226709925e-08,0.832572821315138,4.47586760274751e-67,306,"PTN"
-10.8824269973509,-0.0314370195641379,0.00345832825359438,0.000402361811541835,-0.00868425443101095,-4.87863776638708,-2.59242825346292,0.0042685908113915,0.0143449453389505,0.00162656748742017,0.0226700792013802,0.00233223901080365,0.00662478115563827,0.0159785818211035,0.0367664322122686,0.00137686053645117,0.0479194014816995,0.00301285774782851,0.625480488809689,0.118970379955409,0.000434025807777978,0.00091894046848762,0.000503085495847158,0.00108300606136937,0.00066149618328148,0.000896520730664435,0,0.392525249286068,0.0120134456953524,0.99330053183029,0.00394661186085054,6.19935452047338e-15,2.85296915414192e-105,7.96642079773617e-23,6.19355832055138e-55,0.00122419103060572,2.70621292112039e-97,0.000422360502733332,1.47454658188628e-13,307,"PTOV1"
-13.1661191857179,-0.132726097007034,0.00829652068660224,0.02381956125597,-0.00634076704534153,5.80589041554226,-3.02800560780858,0.00555299456626221,0.0221922061410113,0.00264582152058069,-0.00811256948305343,0.00355705498440065,-0.0010529667327703,0.0236271070505175,0.0563428532654711,0.00204914029516847,0.0708819810186158,0.00463821143687787,1.76657492904346,0.380699649688783,0.00143491169361661,0.00281664539185951,0.00165057041010722,0.00321675370447253,0.00215465275561209,0.00276055398944251,0,0.0184885152078846,5.14850505501528e-05,0.736836656523987,0.171602869777678,0.00101432229192148,1.80888570681662e-15,0.000108870728859144,3.30145502503845e-15,0.108940385353651,0.011669830492057,0.0987648014686291,0.702881885906758,308,"PTOV1-AS1"
-14.886792838445,-0.0596953083929411,0.00232276330587402,0.0924187504809416,0.00145712040159266,9.82974147973843,-1.37276315797783,-0.00222118038378368,-0.0192712240191663,-0.00114672216383744,-0.033347479713596,0.00161501966981513,-0.0155717725809098,0.044812844203712,0.106307731614126,0.00389605893265868,0.139630321505386,0.00893383429522806,4.37657736725568,0.803926777378785,0.00318353651620958,0.0061411744481678,0.00344637120635993,0.00693822701315916,0.00514857723292354,0.00582245758963841,0,0.57443418313538,0.551053117708987,0.508047059507126,0.870438639761221,0.0247047585202708,0.0877157175506607,0.485359531691165,0.00170084220424254,0.739335676525483,1.53718208149552e-06,0.753762032286105,0.00748557373407331,309,"PTOV1-AS2"
-14.9143133822696,-0.304701850691284,-0.000530869746700213,-0.152301906728979,-0.0312779226066054,15.5899718205332,-2.27151396192957,0.0188527947680119,-0.0147853183555908,0.0119467980185375,-0.0301508957792247,0.0153594975906005,-0.0444031531065825,0.0647289253881919,0.152136300117428,0.00569498006665595,0.193719553896473,0.0126236466122123,4.54046794418434,0.973147047167012,0.00373424246618452,0.00739619639783739,0.00412717250423711,0.00824374464390542,0.0059951783622485,0.00711706724311833,0,0.0451964527817243,0.925731058968726,0.431751555385827,0.0132223076256015,0.000595709033536924,0.0195855679159864,4.4499820867833e-07,0.0456036471359362,0.00379558616463337,0.000254759597245041,0.0104078784781623,4.40467742583142e-10,310,"PTP4A1"
-10.5826606327692,0.0321053619927353,-0.00111429661275756,-0.0337129331650998,-0.00751660876888122,0.070764503712913,1.71095716844251,-0.0205690191659578,-0.0227352686386697,-0.000151779140694823,0.00716235278129107,0.00247719003850677,0.00274565784849382,0.0214603599671796,0.0487595485932547,0.00183173042676474,0.0645358997548096,0.00403231504469455,0.584202049698732,0.108694437967976,0.000401221420643529,0.000869865566620926,0.000450554213533879,0.000989231136949496,0.000624381109753378,0.000810688259889699,0,0.510253795131304,0.542968612454016,0.601398552977909,0.0623086969154553,0.903587919190981,7.9205170930484e-56,0,1.40220351762399e-150,0.736213323906648,4.47617987521641e-13,7.26510152543251e-05,0.000707069245771741,311,"PTP4A2"
-12.3791133767662,-0.0340826500705476,0.0042450219108356,0.241413825905946,-0.00256086607479702,3.88750652214572,-4.15019301853177,-0.0139862993124535,0.00304703257356323,-0.00757323971380341,-0.0301479174201746,0.0132556311133493,-0.00631677372572971,0.0291337103116841,0.0666423768581624,0.00249341043402626,0.0876206790437551,0.00558186878132172,1.2760628577444,0.237050842437739,0.000928810614739381,0.00198685367157214,0.00102526815532336,0.00212427724588548,0.00129965097099162,0.00172415513754614,0,0.609052731500397,0.0886623810631764,0.0058653544872284,0.646390059175648,0.00231533930560699,1.2535375017437e-68,3.04564560848756e-51,0.125128858614995,1.50637545567418e-13,1.02567347688071e-45,1.99546972478211e-24,0.000248605512714843,312,"PTP4A3"
-11.1368607884915,-0.00643826730469203,0.00246164432094871,-0.0322974096348012,-0.00498049641235552,2.94613465879132,-1.43568649420873,-0.000672118750687068,0.000618667871455085,0.00163721535554553,0.0237407977016411,-0.00481568472654641,0.00658080730344345,0.0259989930604231,0.0599455135456658,0.00224123383503761,0.076151188839601,0.00482042931477424,0.614960830975782,0.134392929715403,0.0004914855004778,0.00106955105780003,0.000568369527519394,0.00119669741534422,0.000798768213881826,0.0010115501892607,0,0.914470077723316,0.272054580996677,0.671476697000602,0.301507513221138,1.66144159656246e-06,1.22581324898092e-26,0.171460780124595,0.562969141082895,0.00396985274943045,1.38263742945488e-87,1.65090841004488e-09,7.7350103005441e-11,313,"PTPA"
-9.06848261784769,-0.0888874926366578,0.00236084301638797,-0.0491183900614873,-0.00589110004939384,-6.33437228527546,-0.802038162527736,-0.00346833051580038,-0.00898335353115017,-0.000766075159640703,-0.00481888551612111,0.00307974000667867,0.0105886440532721,0.0177655867150266,0.0404990791218323,0.0015312815378176,0.0520507928073012,0.00332066231149589,0.362306698769193,0.0629553538397897,0.000237909613232995,0.000515008820324485,0.000265293224477301,0.000601900225242456,0.000379975613459893,0.000486419131119749,0,0.028177745880463,0.123135990869193,0.345342056428717,0.0760509416803186,1.915394231969e-68,3.55337345092408e-37,3.85705635006729e-48,3.88379969610679e-68,0.00388126004600946,1.18384076519525e-15,5.2702537738064e-16,4.60883277542581e-105,314,"PTPDC1"
-13.6933437339688,0.021966233892713,0.00354945880585048,0.0638409071897661,-0.00248786878858652,0.665851321744676,-0.538404073944655,0.00318731641631073,-0.0168014077510429,-0.00510579541746873,0.00367182861914641,0.00808482908523673,-0.0138262815272249,0.0305587732122526,0.0704711871839494,0.00259637775490541,0.0891874599341164,0.0059879298735649,2.65743788811632,0.47258237349321,0.00180049077465928,0.00358225462265094,0.00196842906388302,0.00412210603718119,0.00263972522034029,0.00338252731553969,0,0.755264592980925,0.171599904911955,0.47411122846603,0.677790102832287,0.802153238610558,0.254586010299862,0.0766857232246496,2.7296899771081e-06,0.00949098904941677,0.373055146807765,0.00219310236325886,4.35934966784723e-05,315,"PTPMT1"
-9.61257976322344,-0.0350628504764865,0.00041304016143709,-0.0339634142270415,-0.00616540996011409,-1.99428667963438,-0.0492080685265016,-0.00736448781451221,-0.00982301222729606,0.000801730478957016,-0.00824573556951798,0.00125525247488662,-0.00552555484143532,0.0138341546325722,0.031560277521107,0.00118966028702694,0.0405828081078933,0.00258920439134186,0.433419273322882,0.0749218305782132,0.000283066653852392,0.000607794933420854,0.00031548415425918,0.000704947207665672,0.000453402530063629,0.000571791647337977,0,0.266576775998226,0.728447316048812,0.402653460628744,0.0172564041202906,4.19887412288205e-06,0.511314586685575,3.19726855843619e-149,9.39028739104232e-59,0.0110450526652167,1.32109792151362e-31,0.00563121001460897,4.30545459716299e-22,316,"PTPN1"
-8.74584932094909,0.0138474489497196,-0.00121627706762531,0.121144590799449,0.0150376666448698,-0.89092066052543,-0.0243094355500349,0.0024475784096409,-0.00286637860715284,0.00369668113137266,0.00794997699686389,-0.0142365326914208,0.00993717980058139,0.0365693143786952,0.0816826703872093,0.003143582577004,0.108063041739413,0.00710644432477719,0.298140107257993,0.0537668263294166,0.000204332303477836,0.00044812974999354,0.000227830547120277,0.000513773676536851,0.000349278075687189,0.000422069313780365,0,0.865381839377204,0.698824360804163,0.26226454022965,0.0343396562454519,0.00280569209898113,0.651177471510809,4.61019358280621e-33,1.59172482219653e-10,3.32600215082643e-59,5.22218123800259e-54,0,1.44784980329847e-122,317,"PTPN11"
-10.022757039279,-0.132396439943466,0.00255631470132824,-0.0263461931415937,-0.00771597574700828,0.204859409274971,1.94932826660008,0.00131962251682049,-0.0122264525642077,-0.00332613286779877,-0.00386120745610535,0.0132303833183656,-0.00406268802670218,0.0204621885885746,0.0461358501884685,0.00175225892891746,0.0613226176568257,0.00388445898168026,0.567658453464593,0.0998162848177015,0.000373966558088327,0.000795337316475377,0.000413930245914256,0.000931257997183208,0.000566424744938908,0.000750301408638255,0,0.00410850405908429,0.144601407230468,0.667462948961381,0.0469921706763029,0.718185432709047,6.20508392325801e-85,0.000417577886154884,2.49691428988096e-53,9.32047145201186e-16,3.37998104079296e-05,1.15076441096657e-120,6.13773798732583e-08,318,"PTPN12"
-9.05883497036734,-0.0554469352083067,0.00362316196892357,-0.134546535764405,-0.013729763291445,1.56186555276569,0.302665031494631,-0.0267793657675462,0.00921677417576687,0.00767523201627393,-0.0190525992847785,0.037027033788469,0.0410909365522445,0.0484187215540037,0.109345489611421,0.00412160479668778,0.143486479280778,0.00882630518723714,0.447440457158268,0.0937489701591999,0.000345898145639998,0.000751957352057424,0.000411814035319263,0.000869989215147855,0.000611879233402762,0.000720601601518895,0,0.612098531288715,0.37936557993743,0.348401240110108,0.119815021410054,0.000481816728464926,0.00124457589626242,0,1.54016742541605e-34,1.59177225682859e-77,2.6086106786224e-106,0,0,319,"PTPN13"
-13.7015255306375,0.495685673165087,-0.00196213593475655,-0.36740345590963,-0.0343667882511284,14.6762137005257,0.650996378178589,-0.00571476881233528,-0.0154138955761624,0.00271761517375321,-0.0197171861720009,0.014852530002049,-0.00792000228602642,0.0637660388885292,0.145358997475018,0.0054258917613691,0.187005376558048,0.0123148630374144,2.41423292289822,0.548518758738564,0.00206785889634234,0.00423915371932043,0.00234677855956674,0.0047987703931067,0.00307170571278202,0.0039816255380947,0,0.000649440509329357,0.71763257938966,0.0494526903524763,0.00525981540484258,1.20905700299915e-09,0.235296222295109,0.0057164694661511,0.000276820036410305,0.246856106688251,3.97720896330938e-05,1.3296426801897e-06,0.0466859833588436,320,"PTPN14"
-10.7131878745893,-0.0469897269926923,0.00774667448189844,0.00281826851536374,-0.00301160191865798,-0.0468886338345558,-2.36084510002684,-0.0158722585449882,0.00967967636847696,0.000640664662433522,-0.0200500852863463,-0.0048500729938981,-3.07972051604243e-05,0.0300799599552229,0.0691840837546616,0.00254644867805478,0.0875441341864954,0.00567660488971769,0.626591584805447,0.116371501201202,0.000441107840780955,0.000966910248951065,0.000497732913084556,0.00109192528632545,0.000719247372425222,0.000894683926170906,0,0.497012087693337,0.00234896146426709,0.974318500998953,0.595745402755844,0.940348974685636,1.67028884909481e-91,1.55896729296216e-283,1.36455697736932e-23,0.198036589437018,2.63994366120997e-75,1.54870284464352e-11,0.972540288299666,321,"PTPN18"
-9.60958024036573,-0.00250076917552112,0.00204162305852754,0.0183317174401617,-0.00300613630076113,-2.65039048028595,0.31700195093553,-0.00951707389545865,0.002625272345762,-0.00346200468387832,0.000915283391469424,-0.00432545519981801,0.00251101284054634,0.0112315015827496,0.0254114000148353,0.000966452535503822,0.0331766469275826,0.00212380326335863,0.432956509329371,0.0788527816935756,0.000295767596898705,0.000633094839660283,0.000334791044694003,0.000732747440515044,0.000472009768852524,0.00060030716925169,0,0.921605693846516,0.0346442883632729,0.580572389155685,0.156936740382008,9.26350934705514e-10,5.81550221095921e-05,3.63907260391319e-227,3.37259745461018e-05,4.60712207821539e-25,0.211624226680705,5.00500537815243e-20,2.87839365707188e-05,322,"PTPN2"
-10.1642340718734,-0.0541952366711504,0.0042609415653619,0.638552401154447,-0.0228912903895396,-0.191423993236754,-0.119607208957081,-0.000976138186389366,-0.0203984276133125,-0.00672036482455405,-0.0250665231928542,0.0106852308883715,-0.0102870751115431,0.0934044809676901,0.200505573098798,0.0077219136785028,0.259937644685067,0.0169526505394036,0.803170530047015,0.14884399141082,0.00056458891756791,0.00122097183326765,0.000633888075369026,0.00141363878302737,0.000888319621124194,0.00115608777779933,0,0.786934912350905,0.581086310354885,0.0140274404582926,0.176917382328141,0.811620944173426,0.421642859830571,0.0838205242100521,1.17113197438852e-62,2.92248965554616e-26,2.37793631680063e-70,2.51423328552714e-33,5.67707956220488e-19,323,"PTPN20"
-11.2916216251636,-0.0663939632294188,-0.000535545968634538,-0.0396693247823399,-0.0034389865896676,0.40072719650667,-0.117916381121267,-0.00528916880536203,0.00467676619199432,0.00205852335132934,-0.00408167931693635,0.0085631004794692,0.00588451340052461,0.0141228315063701,0.0326061348720939,0.00122080829183246,0.0416659850556386,0.00272660229742668,0.995269832301241,0.184335147965769,0.000698711502640928,0.00140174389868323,0.000798969774814234,0.00165003597162056,0.00104959776275744,0.00137563618895455,0,0.0417261162960442,0.660892359927298,0.341056730942246,0.207210937400426,0.687219176985582,0.522377578594739,3.73542086145356e-14,0.000848736021224944,0.00998142539689051,0.013372526000539,3.39325417781282e-16,1.8886234188373e-05,324,"PTPN21"
-12.5687310004199,0.153810409928242,0.0014578828103074,-0.137971403678961,0.00549816560063677,2.25968900887413,0.256873814878822,0.000588377663696565,0.0258683550321219,0.00343676091664006,0.00316724146194749,-0.00709708992694071,0.00297097179856362,0.0348414374352188,0.0790979281474945,0.00301188910327888,0.105328343518301,0.00670472138308001,1.79739598880485,0.360710523186739,0.00133385307561409,0.00275031103426418,0.00154799312756531,0.00323896584421164,0.00212613262574195,0.00268341087850948,0,0.051828349216038,0.628355594502159,0.190223864333861,0.412191104450285,0.208680665048111,0.476382510566319,0.659132423516707,5.17288984896566e-21,0.0264092895950627,0.328145659902942,0.000843752906244431,0.268223693316235,325,"PTPN22"
-11.2795223549386,-0.0574097153518505,0.00239107757146252,-0.00828973421772028,-0.00563932437089508,-0.84882361131947,-1.23368254346858,-0.00631636512458969,0.011036163627064,0.00117022400660698,0.0107824024723995,-0.00081766189404614,0.00298963780470257,0.0188491661201465,0.0435070461406176,0.00161903052715381,0.0556355582116474,0.00355720385169784,0.760751632196681,0.145794900170634,0.000536895339584742,0.00114376533652019,0.000613283170567855,0.00131318070205172,0.000829769591916598,0.0010872032760385,0,0.186985362641536,0.13971380716764,0.881553121751654,0.112892500601083,0.264520731914808,2.6335523440941e-17,5.93990933984739e-32,4.96492867743273e-22,0.0563744181722496,2.19526857595577e-16,0.324423524095523,0.00596239105875845,326,"PTPN23"
-12.641272642346,-0.112381179155433,0.00369283566363121,0.130499381654536,-0.00618212906474914,-5.38156951660704,-5.20001965726957,-0.00567173764054737,0.00996427128777558,-0.00204576439847501,-0.0202746799128733,0.00861551674631357,-9.47716351769742e-05,0.0239302003340131,0.0553579900695272,0.00204525167106097,0.0709473662585596,0.00466321160426,1.74198142312071,0.276329543467717,0.00108910644011729,0.00224015037289854,0.00122878976497523,0.00259552769645127,0.00164158810029438,0.00212090991551728,0,0.042348351805264,0.0709862504002867,0.0658588680680647,0.184931310717815,0.00200603031775986,5.3592028949714e-79,1.911975730335e-07,8.66586871092749e-06,0.0959404513336044,5.65605592931217e-15,1.5352443875756e-07,0.964358850179086,327,"PTPN23-DT"
-13.9673344810099,-0.13832003155584,-0.00848442581234714,-0.22984995721123,-0.0280932213336434,16.8956479872418,-3.22862124916449,-0.0523362739080715,0.0333478260095694,-0.0215241822237013,-0.0522215304631181,-0.0776074623782004,-0.115473142330928,0.0887826852527417,0.21273876846276,0.00752466908775781,0.238714410892608,0.016229472696193,2.82122206505376,0.557603472102572,0.00214256414766409,0.00457331001423424,0.00258796215735073,0.00497806628229261,0.00422112902307956,0.00438464963780921,0,0.515571285780165,0.259510845072946,0.33561484289033,0.083451719446823,2.11434868724869e-09,7.03134528017414e-09,8.8509355143504e-132,3.05759519342827e-13,9.01880738506017e-17,9.56991978354584e-26,1.71728798210983e-75,7.46977206706686e-153,328,"PTPN3"
-8.43492225483932,0.0281056845627623,-0.00145304988409894,-0.00505974247200081,0.00184534092471827,-1.67359250814501,0.221422328076145,5.32742603388975e-05,0.00538390327475805,0.00268416413705965,-0.00133217829582153,-0.00321926758798566,0.0107207171388997,0.0143778118679846,0.0323522358466817,0.00123788766994913,0.0427845970721713,0.00269633766149571,0.264263166262691,0.0494171518224844,0.000183048280686454,0.000394064582485494,0.000208651030769323,0.0004637278352018,0.000296570515708494,0.000379656040827279,0,0.384989303537166,0.240469532952297,0.905860983217804,0.493730241786086,2.40357716486474e-10,7.44064149209232e-06,0.771021192316037,1.70068243306693e-42,7.14215325313587e-38,0.00406904436170301,1.88844152213175e-27,1.99993448530883e-175,329,"PTPN4"
-7.97463480026124,-0.0638980507049485,0.00223787710997735,-0.0222253767409741,-0.00997853145313409,1.16087577119174,-1.02838286120663,-0.00156658705393578,-0.00896005181101945,0.00672785975528871,-0.00393542085782003,-0.0162066400363785,-0.0158083346800626,0.0292119562080421,0.0673017836067223,0.0025056016033371,0.0848108001592049,0.00527787481407715,0.203854899080193,0.0398048787374394,0.000148551774587501,0.000325226144998856,0.000170625349117822,0.000372636805305584,0.000259150219445711,0.000309439260003618,0,0.342404086340042,0.371777055540245,0.793276471416134,0.0586731706946221,1.23648468978832e-08,3.53212327325968e-147,5.31578501622102e-26,4.39860428821213e-167,0,4.51776626099227e-26,0,0,330,"PTPN5"
-14.7477101114231,0.0677782919801241,0.00906433034355053,-0.221356939647387,0.018638722019021,3.14645429067068,-2.43975070816935,0.0143076121384795,0.0442170003296959,0.000679625916598648,0.022219033972071,0.00218192843731166,-0.0222573990743428,0.0519673555945764,0.118970779900204,0.00450926978508538,0.160318181298128,0.0102309505899524,3.65463975607039,0.819687465586005,0.00302515557228835,0.00601919134097052,0.00354181668177396,0.00686305627323755,0.0043128568633368,0.00578685692682067,0,0.56887754841575,0.0444148066628089,0.16736042568414,0.0684856903596407,0.389266758407583,0.00291615966636536,2.25022576630321e-06,2.04221113062245e-13,0.847831309242273,0.00120588757072067,0.612918037819344,0.000119964702009024,331,"PTPN6"
-10.5078790954557,-0.048166095759948,0.00810539059017571,0.00303539128964672,0.00188244864571744,10.8861782555594,-2.83789232955402,0.0579036718270659,-0.0422611648343473,-0.0091637368118069,-0.0358593784845576,-0.0391110391028219,-0.0460264561225261,0.0426796919381669,0.0974489901257567,0.00362569042848263,0.125166367330673,0.0080737125527284,0.670679855506889,0.116337465072959,0.000482680809685335,0.00100205845230694,0.000483492946849325,0.00116058830617285,0.000965788525211509,0.000937600336464592,0,0.621115629369024,0.025381654421468,0.980652514479386,0.815638913048791,3.01708589641578e-59,1.99855656303107e-131,0,0,4.15557444729682e-80,1.28700832817149e-209,0,0,332,"PTPN7"
-9.76756616133325,-0.0552694476276949,0.00290694612380241,-0.101219349328791,-0.00624640956887788,0.726186911903816,1.64011379328593,0.00111421420319718,0.0244006987038238,0.00405441166949921,0.0185167490708179,-0.00144182153380943,-0.00269339667736234,0.0211040438425226,0.0482258288752212,0.00182611919681288,0.0610015859082649,0.0039357375442336,0.427523751488385,0.0884753746103804,0.000321795881443211,0.000684242628062832,0.000368336877273232,0.00080467804713463,0.000499838686638676,0.000664310601334945,0,0.251772435710051,0.111413701222434,0.0970572774258813,0.112489968422867,0.0893967517608822,1.02861668349498e-76,0.00053520686017669,1.59777481619357e-278,3.52224714467282e-28,3.58616843011533e-117,0.00391943994997284,5.02580408514993e-05,333,"PTPN9"
-8.95354641429033,0.00495509683018873,0.00175424032101351,0.0107933313476844,0.000983050141800557,-0.748855254564068,0.524291190049604,-0.00613382042920449,0.00420373248579349,-0.00075906259113108,0.00649778487719378,0.0053305664650564,0.00474602677184914,0.0145227101526239,0.0330100044097828,0.00124516309377915,0.0424071672322313,0.00270245259293305,0.29737754464103,0.0569843606723058,0.00021160931965512,0.00045731760332661,0.000240788520394771,0.000528854850452077,0.000327823167521101,0.000435851828668561,0,0.880678665399001,0.158881356655942,0.799096420678733,0.716035580249227,0.011795730998625,3.55905334659903e-20,9.7269329937999e-185,3.85062880474398e-20,0.00161932297306085,1.0701655411352e-34,1.88216034565114e-59,1.29941925533187e-27,334,"PTPRA"
-9.86840249125027,0.0526849736352363,-0.00612392868212334,-0.169138482796814,-0.00932206507828642,-1.4445446529084,1.90192002161632,-0.00110694461166949,-0.00139480382752266,0.0258338987137456,0.0067431622852656,0.00636316420212057,-0.00323657442656095,0.0362069828667092,0.0814070879670771,0.00311546401995513,0.107823125847959,0.00681860153798786,0.589988126840073,0.113521761128828,0.000416527665363432,0.000896139861801251,0.000479347372010995,0.00105333464253221,0.000660918462681969,0.000865126280652897,0,0.517515974903804,0.0493384297014201,0.11672576055241,0.171577651019854,0.014348029102285,5.31287484517653e-63,0.00787100646090998,0.119599283332105,0,1.53627786556356e-10,6.10457903484644e-22,0.000183174044535513,335,"PTPRB"
-15.4450708315737,0.155033608365851,0.00970695823370143,0.0874145572712064,-0.00748867529798575,25.5980737502366,4.61358999235151,-0.0181710266821199,-0.0407916535386131,-0.00608474807815847,-0.0250382073329125,0.0342393856410579,-0.0093563085606999,0.087187163078954,0.194724491798057,0.00739214648569115,0.268303297200938,0.0170643975562957,5.13825749429934,1.17767109745641,0.00456516466624047,0.00924592776575697,0.00501331700726769,0.0100837473063471,0.00605032896349836,0.00849751508461111,0,0.425933799922811,0.189134182358002,0.744571891215834,0.660771738584557,6.2976354942566e-07,8.9452051424761e-05,6.8809214676953e-05,1.02490746065927e-05,0.22485581038015,0.0130271557328401,1.52173415912427e-08,0.270868772412628,336,"PTPRC"
-6.8092955298795,0.0128564335079293,-0.00122862932352883,0.154757519227809,-0.00373670761088993,-0.439566211195445,1.56562036323846,0.00791472261829673,-0.0141449460543909,-0.00612025646969509,0.00242003663932862,0.0201619678134496,-0.00678272426628669,0.0252292476559572,0.0573223867405227,0.00217338953500762,0.0750568417816207,0.00470072496256779,0.254053250411708,0.0534320579950371,0.000199252894356174,0.000434192528402798,0.000234762983635536,0.000499845329780072,0.000308994400468405,0.000418867093298705,0,0.82253714889116,0.571865905228475,0.0392200270272181,0.426659133139869,0.083592244368063,1.00293684624567e-188,0,8.51896057824751e-233,7.99555262998322e-150,1.28816650547184e-06,0,5.6484539305757e-59,337,"PTPRD"
-13.2089163958239,0.215434571419471,-0.00468705623385658,0.0530465947934382,-0.0102822822360012,3.16553976330742,-1.70208723297617,-0.0100212496858523,-0.0407328515493273,0.0171560769038919,-0.0235135025340515,-0.0181764897687647,-0.0099864472298543,0.0360077139673435,0.0802685415035976,0.00302272468885245,0.10306768226159,0.00699014804696987,2.25296389730427,0.384480230901096,0.00154357447864954,0.0032659324433731,0.00167242122964875,0.00360262794613431,0.00284673436162144,0.00296928586315157,0,0.00727638986220253,0.120996038596614,0.606778549588156,0.141299842919776,0.160004716166477,9.55605058946571e-06,8.45716770981391e-11,1.06070526371107e-35,1.08683676676028e-24,6.72057924789472e-11,1.71361720528254e-10,0.000770308948807877,338,"PTPRD-AS1"
-13.1772445341941,-0.0644743240146037,0.000730187121889351,0.180705079805975,-0.0196889103424406,0.988343486318006,-5.75663046579313,-0.00993826465440403,-0.0209395747539044,-0.00590047509959774,-0.0459473246475162,0.0383343666734421,-0.0137573585967552,0.0502912774521639,0.114274730803594,0.00429010833052068,0.155620115914348,0.009979398594933,2.33197225835757,0.376952303404879,0.00148354763091467,0.00317921589500338,0.00163712597693242,0.00361994963888593,0.00210233080882675,0.00293434846738113,0,0.572614926005238,0.864850893250113,0.245563184253546,0.04850062112921,0.671694900579565,1.18401278148089e-52,2.09870847151912e-11,4.5063103878947e-11,0.000313155900269802,6.4819694034906e-37,2.7615556223502e-74,2.75368096122212e-06,339,"PTPRD-DT"
-8.97234081355718,0.0288254811294999,0.000223795249850034,0.0861380933620131,0.00200617471222069,1.33377299766391,0.391469286613022,-0.0065310198039793,0.00826709118940511,0.0117409282591864,0.00086300031914718,-0.0145043595103768,-0.0246909043636775,0.0261234431380179,0.059738447115315,0.00225004775252218,0.0761789709778945,0.00483432355785819,0.357779038351365,0.0712935964425462,0.000266613130259898,0.00057993222579695,0.000306471938080987,0.000662862839459951,0.000447818632715303,0.000550910968735123,0,0.629430820886067,0.920771104896176,0.258167393572498,0.678152437135943,0.000193063717404556,3.99786633858001e-08,1.61983035907341e-132,4.15683944689118e-46,4.18473602027536e-321,0.192940675659104,3.93186577207859e-230,0,340,"PTPRE"
-10.1834226313074,-0.0509177889511262,0.0023283925287026,0.0433325083163107,-0.000829870213292053,6.24656179614923,0.0673274393624381,-0.00966663432339434,0.000827087600020294,-0.0234609107901584,-0.00187134570735204,0.0011115740370169,0.00750607870677363,0.0379971509553606,0.0864060441313889,0.00327249329142908,0.111565154332033,0.0070706142677943,0.466087562587158,0.0971365723064654,0.000364078264557205,0.000799156415994323,0.000408290462889082,0.000882729009537817,0.000556803105701254,0.00073588362293577,0,0.555670080351219,0.476771885553955,0.6977160492008,0.906567728543799,5.87597598683548e-41,0.488233353578614,2.50221765806488e-155,0.300691872350394,0,0.0340098471200505,0.0458958085077667,1.98090176484624e-24,341,"PTPRF"
-7.49552748649606,-0.000993883327179232,0.00039807116331974,0.0445068903270987,-0.00132590071764551,1.96482510497254,2.45854884422903,0.0110241663585358,-0.0187141230470571,-0.00134847184574869,-0.0104680355343239,-0.0211657497368123,-0.0020563872328782,0.0158630053497765,0.0361117259229046,0.00135486787615795,0.0463247100050408,0.00298187318431838,0.276803701168491,0.0565255616123503,0.00021294279195166,0.000457461807027685,0.000245989979604001,0.000528328270098531,0.000361787127467567,0.000440103381628456,0,0.978043030670846,0.768904541349166,0.336673268241329,0.656570088658102,1.26335808364479e-12,0,0,0,4.20981570123493e-08,2.27663777993961e-87,0,2.97541745762853e-06,342,"PTPRG"
-11.9766746486933,-0.00462477755644085,0.00343314392242978,0.146155276280561,-0.000766814951436106,6.04082125494255,-1.13306271556886,-0.0169724152907812,-0.018703420543486,-0.00912740195874225,-0.0347125055228591,0.0287819482831318,0.00404916588280778,0.0290615010051845,0.067246686109652,0.0024921558967239,0.0856469987474574,0.00547825076026059,1.37531284754419,0.265217061188841,0.0010171301800741,0.00212265338459663,0.00113999471819894,0.00239652508716943,0.00148683387506272,0.00199298191683021,0,0.945170058972746,0.168333023895775,0.0879179088014848,0.888680204350074,1.12144795435828e-05,1.93546042797371e-05,1.6413009757246e-62,1.23658753185595e-18,1.17990334833099e-15,1.51788470545291e-47,1.74945927581792e-83,0.0421827895432961,343,"PTPRG-AS1"
-14.2443130712208,0.23208170821189,0.00276751920974242,-0.284316787651752,0.00214122813780025,5.49481772441422,0.457351668992821,0.0205953293148507,0.00017127279627538,-0.00331602967468992,0.0163948500603626,0.00556434803464746,-0.0321645595268126,0.0413408274057302,0.0987211117687689,0.00357946357643636,0.122695886064158,0.00791343626905546,3.00852218991184,0.628052310931237,0.00231659074100465,0.00449448032845261,0.00257838392214555,0.0052162197567575,0.00329928079416313,0.00427763007106107,0,0.0187289602067037,0.439424198987965,0.0204902301172492,0.786713054187379,0.0677873904349502,0.466487290968274,6.09103722142779e-19,0.969602080235842,0.1984122090846,0.00167196121673505,0.0916930620717196,5.5092375865786e-14,344,"PTPRH"
-9.49816865574793,-0.0168937364981959,0.00225593718520461,0.0171601969545313,0.00885203111906232,2.9589164316722,2.15624660562325,-0.00982719869264642,0.00878754629586709,-0.00223802166754406,0.00592672806092648,-0.000423560004898756,-0.00121711658271847,0.0331316028427698,0.0754726205547957,0.00283793716848411,0.0958562390664519,0.00626072462840071,0.418360327197828,0.0853493708340754,0.000316917148968482,0.000689205740483209,0.000360252480963304,0.000784209080708248,0.000496702429531297,0.000650830011524172,0,0.82288236996182,0.426659184431645,0.857921890852965,0.157391614598885,1.52001841918687e-12,7.99500608522179e-141,4.1109374130096e-211,3.10742475866405e-37,5.21913896724647e-10,4.10616553961078e-14,0.393801297883076,0.0614700651498274,345,"PTPRJ"
-11.5526923832468,0.0668038788307926,0.0124467545705507,0.28893124773219,-0.0201263129178305,1.15495259593979,4.03779085429492,-0.048418062543019,-0.0026643048189992,0.0046557241117984,0.00272282982590956,0.00495336473015348,-0.024204155128682,0.0857809331459885,0.193719163005758,0.00742996125523007,0.272252098682614,0.0155225209728766,1.17530420096711,0.25216027407413,0.000930915296531944,0.00196270492091099,0.00107888729995346,0.00226130301079153,0.00155468117507529,0.00184706916447344,0,0.730207818875579,0.093892793981782,0.288570114070258,0.194773016929413,0.325763003492636,1.04029185877636e-57,0,0.174633250946038,1.59385131172842e-05,0.228551806568997,0.00144206334437994,3.11993833676747e-39,347,"PTPRK"
-12.6374659208958,-0.0239300243419232,0.0149910845333702,0.223688264066266,-7.95107538548006e-05,6.2012699667708,-0.804530506700692,-0.0383883509080801,0.00227644920551096,-0.00939874854728078,-0.0483090971587439,0.00400087721951245,0.0530892433511308,0.0401527879544681,0.0921276790669191,0.00340475543880723,0.117271900654132,0.00764984843700389,1.70822163630177,0.352883122292616,0.00136697125172608,0.00289651133630106,0.00152584798546666,0.0032066012748485,0.00217761232536615,0.00265717232941543,0,0.795057796291184,1.06771925695004e-05,0.0564645716945069,0.991707121884763,0.000283147883579004,0.0226149185423646,1.59008018796807e-173,0.431909701177463,7.28880958454089e-10,2.73032896694935e-51,0.0661690013527719,8.28833643155775e-89,348,"PTPRK-AS1"
-7.79122611189772,0.084132572023709,0.00889616748915649,0.128419972005699,-0.0121601702425306,-0.83912764729246,0.654604944718461,0.0513994649739746,-0.035546549102513,0.141682375393384,0.00500289095291302,0.0329743948235496,0.00596842696456807,0.0245977732054804,0.0562542251115589,0.00211996950377087,0.0736618453424393,0.00455224588170625,0.435458235373965,0.0947816677475273,0.000362983801722259,0.00075785601680306,0.00042638497775651,0.00087308583254576,0.000622061756618662,0.000722196545272563,0,0.13476370356338,2.71232071008754e-05,0.0812687190950152,0.00755701603428841,0.0539797364763402,4.96928439603682e-12,0,0,0,1.0035665561662e-08,0,1.40552624419399e-16,349,"PTPRM"
-9.59962321818653,-0.0729470883843086,-0.00176858706512386,-0.0738138061155927,0.00522043806060892,-7.40735943700949,-0.690472321971267,-0.0117658874501556,0.0188293083589175,0.00521156708635729,0.0362370225773021,-0.0353222510261888,0.0125673116775746,0.0363335171881013,0.0827697502897481,0.00318315869881508,0.103551907084783,0.00675727328691946,0.399315448829021,0.0771393030477706,0.000286643643930289,0.000629554263829335,0.000334761316525095,0.000720324629887097,0.000508331170978326,0.000598917362254479,0,0.378141688752697,0.578479156302064,0.475957532228185,0.439779407161577,8.13324541078969e-77,3.52341737335187e-19,0,1.50516812849827e-196,1.20087913207474e-54,0,0,9.30361214683374e-98,350,"PTPRN"
-6.55150017514045,-0.0872712697416381,0.00103372054603292,-0.0613656316537389,-0.00438947709570056,-0.262725273847065,0.196810484493517,0.0186406066925606,0.0148382109154192,0.00306902802688441,0.0139921218254861,-0.00333199532229891,-0.0129703460492014,0.0298816156474301,0.0679201024659941,0.00259492522521793,0.088400315155503,0.00556695057933622,0.178818197331619,0.0377788839819496,0.000140451991651032,0.000304310341945214,0.000166729020524467,0.000352415878990377,0.000227337127214084,0.000295114130757658,0,0.198823474247027,0.69036309657261,0.487570036557448,0.430410961331971,0.141770091689949,1.89312708470299e-07,0,0,1.14844286346694e-75,0,1.22195356757115e-48,0,351,"PTPRN2"
-13.9959487691152,-0.186656615608527,0.00205834544597743,0.0585171131989411,-0.0316539351565452,15.0600119444552,0.327682496345669,-0.0118630262337738,-0.0471642107903756,-0.00684850722329932,-0.0431346050516455,0.0119840008903681,-0.0346155368393435,0.0546858393943116,0.12900899402422,0.00473138772219545,0.164463264674242,0.0102812827180305,2.63525554103884,0.511107982047337,0.0019827378933084,0.00413953959405057,0.00205862041602147,0.00422128912522666,0.00285864586741316,0.00334905669169085,0,0.147939042379409,0.663533005127773,0.721985414377032,0.00207841454023808,1.09819992804137e-08,0.521443517391559,2.18857608743881e-09,4.50064470924955e-30,0.000878664267823901,1.64112304376823e-24,2.76268377415736e-05,4.84806388931842e-25,352,"PTPRN2-AS1"
-7.46362362119311,-0.0717564297101151,0.00396695993212691,0.0270584266832149,-0.0024464008450008,-4.25774831625087,1.02301087781048,-0.0194827473948325,0.0263715245144215,0.00339223013565063,0.0123727608191532,-0.020738965870631,0.0115548429468751,0.0205722167883973,0.0470858858408121,0.0017788525898284,0.0589068192700583,0.00387203866026954,0.260382103161444,0.0566313688329395,0.000210457518031712,0.00046128484892577,0.000251489211334389,0.000527556538129331,0.000341493613842338,0.000446151835234808,0,0.127521764352778,0.0257430148635349,0.645987975971311,0.527509671477295,4.21460849665939e-60,6.07951590354173e-73,0,0,1.82605033292975e-41,1.23318685045834e-121,0,6.85197743106414e-148,353,"PTPRO"
-10.6907071563624,0.38418343988457,-0.00772600100993614,0.0463047779943155,-0.0148722342842038,18.781805190136,-3.04007035128653,-0.0381413271055625,0.0209221573348776,-0.0341467093696101,-0.066693357513081,0.120549195114339,-0.055596578438173,0.0807618928312591,0.177715962728481,0.00688270020470132,0.25499488794552,0.0146666484344851,1.23791675767046,0.23546064717581,0.000889960503744922,0.00192695655384872,0.00105445338340886,0.00225193582169062,0.00175112198786756,0.00187054484400557,0,0.0306348661630073,0.261639409849296,0.855903708384804,0.310574528659002,5.41116970512722e-52,3.89384830638998e-38,0,1.83473443184356e-27,4.71256007175558e-230,9.29620978153766e-193,0,3.97556805764036e-194,354,"PTPRQ"
-8.49612971046449,0.0243780405114179,-0.0026358569594638,-0.0440926894038913,-0.00336944471636437,-4.62085332830749,1.1975984373142,0.00348258586257995,0.00307873372885161,0.0242754553424903,0.014385387660038,0.00432547180391258,0.00166179152733072,0.0223853763520092,0.0508847793547345,0.00192258423010641,0.0651868576160763,0.00420486278318172,0.364500908012655,0.0735708233576201,0.000271119055886894,0.000588067853088706,0.00031718144227306,0.00068499200075328,0.000432326284708839,0.000571503513690722,0,0.631879474582375,0.170375932135932,0.498783806710511,0.422945855016145,7.91008944407809e-37,1.41021328707367e-59,9.14829884678944e-38,1.64683591091659e-07,0,6.44753013835981e-98,1.44731536238199e-23,0.00364034784095497,355,"PTPRR"
-9.84461559916719,-0.0504950798561707,0.000192542041633369,-0.00185882637935062,0.00339485103989993,2.98599103609798,-0.177958907456088,0.00924323679072079,0.0183218899936493,0.00725165805966792,0.0130175897192339,0.00755323386639438,-0.0161960373815749,0.0379372482617996,0.0868265140083158,0.00329075140809615,0.112945427259317,0.00722491659456969,0.419021552307417,0.083810562654506,0.000309527222395681,0.00066831720220119,0.000347064693562244,0.000763526462569464,0.000465733850896353,0.000623272684774146,0,0.560861134266523,0.953342354513211,0.986869216795039,0.638440039023361,1.03249937111371e-12,0.0337247842677822,6.05347748529799e-196,1.81900984624446e-165,6.03921362776278e-97,3.53760152721694e-65,3.76744724923572e-59,7.22749991958743e-149,356,"PTPRS"
-8.16817152859881,0.0296154725336227,-0.00726570787833293,-0.0159095965884825,-0.0155707770840104,7.45248235709751,0.201138622227673,0.0285408919917229,-0.0270412488909789,0.00427421408186107,-0.0246280879435838,0.0107947034123812,-0.0165343804978992,0.0324215282690842,0.0734947681283308,0.00277571296815741,0.0941239913131507,0.00601222748993115,0.405612994030779,0.0801949662274756,0.000300103369705055,0.000649700134791695,0.000350362114305945,0.000757497446900866,0.000465931315096583,0.000623605195227486,0,0.686977442985435,0.0088550387310488,0.865774562426315,0.00960173093714624,2.14613744913978e-75,0.0121375338949748,0,0,3.13051298959741e-34,7.1143023910872e-232,9.57123525392885e-119,6.65205626726666e-155,358,"PTPRT"
-11.873565707053,-0.0893410076400992,0.0015097748029084,0.12559083665573,-0.00967508945217317,5.89052186898426,-2.58353029746854,0.00842219900538638,-0.0103576753325548,-0.00305777437839214,-0.0217133743480421,0.0208312348636659,-0.00510803311418938,0.0492609283716202,0.113136568537641,0.00428329898811785,0.140924366615437,0.00932436645193001,1.09302696139034,0.204932759041104,0.000800299419508592,0.00172537563318495,0.000842015719430736,0.00188420290546977,0.00113406937069031,0.00152117971058773,0,0.429718174056766,0.724478739373975,0.372825534057718,0.299449983203734,7.07788681735374e-08,1.93891296137196e-36,6.71040068065856e-26,1.93534935919672e-09,0.000281786058949698,9.99757088424652e-31,2.34500855242103e-75,0.000785251114760373,360,"PTPRT-DT"
-13.3163867851769,-0.185053065519352,0.0133827708245152,-0.438373515780177,-0.0173540267426651,15.8451255973414,-0.340164931666412,-0.0394378879411256,0.00276609094698793,-0.0167926271219981,-0.0367037880726426,0.0598737149205045,0.0840458531451059,0.0645792710688044,0.151407951266659,0.00552463717467011,0.195797907703209,0.0126057357836466,1.57046827321181,0.384685679406814,0.00144796120679681,0.00304915269739966,0.00167786526902031,0.00338397889258327,0.00202421335267212,0.00287085365475968,0,0.221626341981844,0.0154192156372461,0.0251618982537086,0.168612127343512,6.15273781340415e-24,0.376551985653026,2.37960384357595e-163,0.364318449790637,1.40099241273612e-23,2.07569917036172e-27,2.80363511542577e-192,2.12343446557798e-188,361,"PTPRU"
-13.1638767971842,-0.0950811327052509,-0.0490929192040763,-0.587772188920402,-0.0511831679905413,-13.4773577720139,9.23945437985297,-0.0394547677335381,-0.0224762718194644,-0.0204376673654285,0.043741488875353,0.0521982839065212,0.0234711966265703,0.163633433043596,0.357529803959088,0.0130055308476322,0.460061371103833,0.0297994435027672,2.6421144746755,0.476772622798711,0.00168310457187857,0.00347320753354073,0.0018543907772495,0.00420270390267444,0.00207222971112338,0.00333634791495059,0,0.790286158058827,0.000160153803481531,0.201392201965316,0.0858717819449544,3.37909625928934e-07,1.15713607791796e-83,1.60790205772342e-121,9.71440652612197e-11,3.01904986810172e-28,2.28104781101992e-25,5.23021225951416e-140,1.99265695733157e-12,362,"PTPRZ1"
-12.9159954983256,-0.00240770352848692,0.00295187026542758,-0.0612797138593949,-0.00637992136569786,0.024808195570727,-3.59969370149056,0.00259484227506599,0.000338199837170844,-0.00696177544189454,0.00087803726102065,0.00698738892880903,-0.00827988415895106,0.0313641213524845,0.0731743907136755,0.00273884632318083,0.0956662931115001,0.0059590523693189,1.70641402207009,0.318772387126722,0.00120970914725691,0.0025167711836651,0.00138023968840235,0.00286525472515069,0.00183246455708946,0.00238448295994918,0,0.973751433128734,0.281132521422226,0.521810543608843,0.28433725335207,0.988400599903611,1.43134967574547e-29,0.0319517793161172,0.893103313149107,4.5616457521971e-07,0.759267370871471,0.000137228997553498,0.000515822687991351,363,"PTRH1"
-11.0384681431664,-0.0680124455014365,0.00107153868656738,0.123235209311204,-0.00393856562435148,-2.40290861133106,-2.46201019970561,-0.00538706215414586,0.00353084143941286,-0.00148510074596936,-0.0132665415501043,0.00891790785620526,-0.00150068871353526,0.0195953279452519,0.0448184510440957,0.00165712622415648,0.0565248489587361,0.00374666624923039,0.814773394729957,0.139379797634256,0.000533057128892722,0.00113504381890664,0.00059344834853,0.00130708683326456,0.000798493948783291,0.00106067124531072,0,0.129137982718705,0.517874891934355,0.0292429888068724,0.293158156445478,0.00318624403399206,7.93525408382113e-70,5.19758225051188e-24,0.00186610696134494,0.0123321824719645,3.32377548804412e-24,5.82135431763494e-29,0.157113032936684,364,"PTRH2"
-13.9114679432012,0.102369218070194,-0.00412996215501316,-0.0434139623587546,-0.00435438367698934,-10.8763780384688,-2.23148913865283,-0.0290612614944348,-0.0559173989514032,-0.00884518011504526,-0.00707146039562215,0.0194218849635446,0.00766724904183135,0.0356040181161937,0.0800860276887965,0.00302019213465104,0.107510252922114,0.00692680826089004,3.15894588433823,0.490746506942259,0.00202177319454994,0.00410760764735204,0.00223402015758074,0.00457733682966435,0.00288451994687918,0.00377263063376087,0,0.201164578452288,0.171484255659015,0.686350751902109,0.529592808905875,0.000575213555031472,5.43818968207946e-06,7.5192684314184e-47,3.34598629187633e-42,7.51663682416022e-05,0.122374008973162,1.66036860451041e-11,0.0421197598739777,365,"PTRHD1"
-11.0990024680482,0.052859436323246,0.000823015827767192,0.10311229019806,0.0010444383435774,-3.64087472821413,-2.6387198535104,-0.00319163810383036,0.0113907658012725,0.00707713281971626,0.00309499021787983,-0.000791405461131262,7.99133878999086e-05,0.0265996014091808,0.0604109435100798,0.00225512507661167,0.0756038626447399,0.00498338077436644,0.855422976993418,0.157341036188536,0.000588079417607365,0.00126469873450255,0.000677191840656033,0.00146867777144675,0.000946038024994243,0.00121306699586771,0,0.381575159887476,0.715146104638408,0.172614937717608,0.833992138615928,2.07905235400181e-05,3.99748333207497e-63,5.72376183160981e-08,2.12344295952262e-19,1.45438526050549e-25,0.0350888967844164,0.402847134923125,0.947475638324697,366,"PTS"
-14.9273666880633,0.122382047390834,-0.015709166419554,-0.31057564206456,-0.0296655832319936,-6.09683405583927,0.385719118293479,-0.0702057525231781,-0.0070183827488646,0.0176334033160423,0.00939449041161106,-0.019499582696194,-0.0540385094005053,0.114186296287258,0.264940729807454,0.00999589242107017,0.380289897492997,0.0209625920490638,3.74849190063115,0.712064548368443,0.00267185999140389,0.00552320797055124,0.00316927518374722,0.00612488325310535,0.00440668549493739,0.00508822801374876,0,0.64413699798331,0.116052124793086,0.414110589314048,0.157019331620533,0.103848324643895,0.588031234975418,3.60872887127605e-152,0.203832664786107,2.6387172120402e-08,0.125073058196148,9.64423459571808e-06,2.39788525019336e-26,367,"PTTG1"
-11.5281963000264,-0.0260934325027274,0.000627763426169712,-0.0560312535850785,-0.0107073209606884,-0.525278999617478,1.4281555150963,-0.017363360991299,-0.0239464093112125,-0.00655469172281455,-0.00289250833818985,0.0071860297169367,-0.00986424295138763,0.0278074818567609,0.0634990229693753,0.00238276268588776,0.0805687352829616,0.00521951241229651,0.970552511658699,0.168076583382788,0.000643073800322898,0.00138879225804999,0.000691884446408389,0.00154230117467761,0.00095231349963766,0.00124060005706703,0,0.68112641596668,0.792195801423776,0.48677546100363,0.0402277630190524,0.588358389942435,1.94465874262691e-17,1.45518263147478e-160,1.27154216173145e-66,2.70155087179451e-21,0.0607308776314974,4.49293069754561e-14,1.8473296209777e-15,368,"PTTG1IP"
-14.6783566666732,0.00828912192582013,0.0109526878521503,0.0796373162904982,0.010131115703313,10.0330203067003,-0.975536469189587,0.0240628130304061,0.0231917836047409,0.0257591905644051,-0.00494301598062716,0.00190997471791536,-0.0151259640852492,0.0620042886549503,0.142529960666682,0.0053909049296772,0.176334292410507,0.0120863501597799,3.33043724695624,0.800475645717301,0.00302305200732724,0.00610345720055716,0.00324043232884467,0.00682446843195737,0.00456945080847232,0.00570476291297696,0,0.953623532607167,0.0421842932362489,0.651537761430691,0.401902730162654,0.00259085417635947,0.222959595943292,1.72352753419801e-15,0.000144825651109876,1.87558120049091e-15,0.468876765628294,0.675956032765189,0.00801440475367113,370,"PTTG2"
-15.3326504665239,0.135201179797952,-0.00372808227468255,-0.358386202059604,-0.00939443216905415,-7.48857121588914,-1.0243345760294,-0.00597114686679142,0.00192687919976281,-0.005343510841551,0.0010696881162918,-0.00611430389224315,-0.0010777621145456,0.0457160906963088,0.108974263042055,0.00402691406972839,0.143288354104932,0.00920752787531657,6.46675329345825,1.03974953496948,0.00404336673639675,0.00731893384624653,0.00465741380220981,0.00897773429444108,0.0062728150061582,0.00752457106054817,0,0.214727406870478,0.354554415364077,0.0123789429049583,0.30758664216908,0.246859562133142,0.324538435820603,0.13973569784897,0.792340007653533,0.251252332776842,0.905157306156931,0.329693976631769,0.886106669143823,371,"PTX3"
-9.66452438701804,-0.00857034335415906,0.00111702463151968,-0.355138339959712,0.00264738160551962,2.15067156096364,-0.0599731131159811,0.00765019199950425,0.00635647749173437,0.00675493195409855,-0.00102631637410835,0.0152526661000668,-0.00368380988131487,0.0240572174071251,0.05440886636779,0.00205956921321078,0.0693875062815918,0.00458370118671754,0.612479337256978,0.12658867557005,0.000469932388451158,0.0010074443285785,0.000547432861736008,0.00116609911506251,0.000760589228860162,0.000978285827027587,0,0.874837093144908,0.587571642195535,3.08484133724098e-07,0.563558398076846,0.0004457213279409,0.635668457840184,1.38339230826355e-59,2.7992490154197e-10,5.56455096681621e-35,0.378790022371875,1.8718996971417e-89,0.000166165398782247,373,"PUDP"
-12.0882679291466,-0.0348623828588008,0.00345675125574531,0.052024410887484,-0.00357225850862946,-2.51589460347581,-1.52633605209522,-0.0142134746925253,-0.0186517668040736,-0.0018504121905793,0.00733577116845513,0.00265632340073818,-0.00251288186702933,0.0193121870870874,0.0440855365023836,0.00166029628598122,0.0582396052305264,0.00370909990767779,1.14542329803509,0.205612225993385,0.000791454330495144,0.00168113650081968,0.00088431038314878,0.00186627704035395,0.00123644928005832,0.00154911214495605,0,0.429066791949514,0.0373416781553594,0.37170599240374,0.33549404248865,0.0280579024103588,1.14175462391154e-13,4.10456355534397e-72,1.33051251019649e-28,0.0363945480390612,8.46996573964589e-05,0.0316861163644328,0.104772671498525,374,"PUF60"
-9.28751903084797,0.00202795799600425,0.000819364628102017,-0.0441058460499803,-0.000652944757704363,-0.375123485964549,1.09015742843226,-0.0108738144396786,-0.0102016301741505,-0.00131000576086429,-0.00072415324522613,0.00671690766562605,0.00385403183165724,0.00860161962804343,0.0195832067462347,0.000740398692207163,0.0256395562854408,0.00162661049519376,0.337090402262382,0.060775952879719,0.000228506637730129,0.000487432305986058,0.000253521555842068,0.000559788683448457,0.000346992492527686,0.000456785401829225,0,0.917521729536436,0.268443869762074,0.0853912644804681,0.688115102709368,0.265782501392307,6.02988610903437e-72,0,2.89554888897212e-97,2.3758094446844e-07,0.195797075828479,1.76228219545936e-83,3.24774284131753e-17,375,"PUM1"
-9.07320130173627,0.00709799462553286,-0.000661726868246292,-0.0160411464391395,-0.00286485299028235,0.181488466565207,2.07467009654762,-0.0138257992344905,-0.020893822288328,-0.00183464739646006,-0.00767960305244831,0.00648444682129194,3.5797242548047e-05,0.0161657396685903,0.0364216652128371,0.00139102393741604,0.0487334790711059,0.0030568370098747,0.333437355698383,0.0584285639123812,0.00021950699939322,0.000475934594206226,0.000241759191438586,0.000546619292575538,0.000339609527614573,0.000442239244205362,0,0.845483871481134,0.634279525075161,0.742034220591106,0.348658155469884,0.586238113525284,3.72481156942848e-276,0,0,3.23033777050086e-14,7.78301257573974e-45,2.84148358768723e-81,0.935485356382837,376,"PUM2"
-8.36007963779484,-0.00452351812550334,0.000231497881124281,0.0552884597640095,0.00458581625514636,1.52285539252716,-0.34778179830805,-0.0126343368851788,0.00859462520197655,-0.00607521381309644,-0.0124625708059001,-0.00723353132501638,0.00124806673208067,0.0151271889312427,0.0339974140000623,0.00129139060614671,0.0441433827051778,0.00285804347654836,0.270676036598936,0.0529612284401056,0.000197287135429306,0.00043048535732969,0.000228216665157394,0.000493911205039719,0.000318443810484739,0.000410144759591803,0,0.894150064737327,0.857731607180438,0.210397026172716,0.108597296008866,1.8431001051329e-08,5.14340669286986e-11,0,1.1110502854066e-88,3.94380806965078e-156,1.7667309155074e-140,3.1664553283457e-114,0.00234239490559424,377,"PUM3"
-9.74492110407405,0.0573824507015612,-0.00137914288349709,-0.00639660594310849,-0.00245711498354985,0.289672332227625,-1.27824059148849,-0.0166655716308176,-0.0217594968305567,-0.00359534609411348,-0.00346164507652001,0.000793750971207229,0.00582915369764077,0.0147962405033766,0.033226397257218,0.00126970402312054,0.0439796546881816,0.00279498243152003,0.40218413689072,0.0733797666059993,0.000280304334551411,0.000613454342177547,0.000314023118657578,0.000685311207410812,0.000450368940618091,0.000565506378354872,0,0.0841651628733277,0.277393870867705,0.884359805576665,0.379338148936353,0.471372296598572,5.86633245713722e-68,0,1.40421547146358e-275,2.37041535741189e-30,4.39039360268042e-07,0.0779939599581507,6.49392510025889e-25,378,"PURA"
-10.9338184197264,0.0488415428164628,-0.00308101602221549,0.0200416195126902,-0.00554579597590885,-2.02548041758763,-0.962788471169384,-0.022004786709538,-0.0245975417904209,-0.00125177898668137,0.000360805661946019,-0.00260341542387568,0.00698319621953179,0.0203461494417435,0.0461380920080397,0.00175529665852431,0.0616009143885428,0.00384102888676345,0.708552938192606,0.124998124778299,0.000475431524117766,0.00103180889284221,0.000535960842155993,0.0011603148067299,0.000778717271181175,0.000955323931618633,0,0.289784370585492,0.0792134805572363,0.744919116459457,0.14878656376373,0.00425494167616668,1.3350973666072e-14,0,1.30935301004347e-125,0.0195131844985685,0.755834850475513,0.000828151816922499,2.67604194223343e-13,379,"PURB"
-9.19376537248882,0.00995713036829826,-0.00191681533621641,0.0646972039110823,-0.00562872307254588,-1.81593197927973,0.0821488399517126,-0.0124344542933005,-0.018321265157344,-0.00421469252540367,-0.0178683050819943,0.00705517815815666,-0.00236489513481,0.028858413058068,0.0650138514356615,0.00249892671030002,0.0874638552203707,0.00548024413924051,0.385300035410631,0.0651925769894763,0.000246956909136068,0.000538041227505685,0.000273406116237512,0.000619485500864258,0.000388585394821335,0.000498043055278969,0,0.878276844844376,0.443048551771697,0.459480728272437,0.304376444350786,2.44056040257466e-06,0.20763509570826,0,3.81899679305521e-254,1.28766389112597e-53,6.06352808233369e-183,1.1499541376474e-73,2.05057680060956e-06,380,"PURG"
-14.455814425289,0.0521058678812986,0.000422640137028208,-0.196150961287611,0.0135414568483517,1.67805703804269,0.401179506347221,0.00517816267743073,0.0334765403389996,0.00210406677214256,0.0132381713917661,-0.00520879194432216,-0.00737854345655989,0.0284415296032447,0.0690729047235145,0.00248983285149403,0.0852726238627075,0.00558551316059353,3.36588458305204,0.66639237439535,0.00247743694478895,0.00443571575963514,0.00284694757582574,0.00540255097023876,0.00353567758412295,0.00457698692787555,0,0.450632809808527,0.86520958988013,0.0214323287656722,0.0153341688551901,0.618097425037218,0.547162853100505,0.0366062178412022,4.45249483513074e-14,0.459870202634871,0.0142715165914698,0.140694696178458,0.106940996944001,381,"PURPL"
-10.785136201482,-0.102412855337569,0.00710870285650587,-0.0917835114570758,-0.0028156176881426,1.92871044470605,-1.14460996985096,0.00674339101881336,0.0204189348495649,-0.0076130706090428,-0.000884618291354049,-0.00371940579340673,0.00532234713263563,0.0300001203109084,0.0686689295335852,0.00259539554261372,0.0886698366204995,0.00564048326275075,0.603345726371977,0.120506082695115,0.000444865259333919,0.000955889723175321,0.000493394288976023,0.00110012205726023,0.00069640452997158,0.000899963859438983,0,0.135856455273565,0.0061632551238119,0.300615031659933,0.617652426415809,0.0013901328497575,2.13224903523936e-21,6.67983778458092e-52,3.06941992107481e-101,1.02880777150633e-53,0.421333899191848,9.25017711968098e-08,3.33986088275844e-09,382,"PUS1"
-10.5644107593707,0.0283617295118509,-0.000321288792827064,0.00458414437334262,-5.96208943565196e-05,-0.603226255335463,0.167541306174393,-0.00964354034034467,-0.000224241732405127,0.00052945045112351,-0.0129087917033379,0.0056166391600659,0.00481461573602304,0.0121669709191068,0.0277505536352726,0.00104036729818562,0.0362555302681565,0.00233986920147117,0.728233562610285,0.131916159447912,0.000500381292901872,0.00103465938503936,0.000564788380864553,0.00120431715776372,0.000766269797320297,0.000993319771611516,0,0.306769580945193,0.757456579802363,0.899383747194456,0.979671750872505,0.407476991446427,0.204063613004188,9.16172431236082e-83,0.828418764086394,0.348536614823525,8.31062314333369e-27,2.30418359261537e-13,1.25345731981931e-06,383,"PUS10"
-13.1973580248285,-0.0901728805653989,0.0040445299844133,0.0411073032992095,0.00478338114851905,-1.41883988443236,-1.47589916647885,-0.00704785073726662,-0.0137467571925641,-0.00303574362190896,-0.00636397572170773,0.00529831944616208,-0.00380104209735967,0.031922251384438,0.0719272871146789,0.00273902980619071,0.0975662888186653,0.00626875178382492,2.27999434543118,0.381028575207042,0.00148194950924829,0.00308898775716756,0.0016287164702204,0.00350537584527497,0.00229097720076992,0.00286569488832942,0,0.209962994980747,0.139775197791879,0.67351638032499,0.445432616568923,0.533744793261361,0.000107300768529241,1.97665214747162e-06,8.57717531469532e-06,0.0623375603577921,0.0694486006886406,0.0207397040234219,0.184709041286342,384,"PUS3"
-10.2076034663454,-0.0201984971990516,0.00395205142458438,0.0361902418062383,0.00577851922017169,-2.04808809965429,-0.276682954364151,0.0110971786070822,0.00334616862331813,0.00248781512204035,0.0119646911093602,0.000574318962916564,-0.0109455816003575,0.0206344914438607,0.0468109624850951,0.00175159900124543,0.0599154178168887,0.00390346106013471,0.571669402385737,0.107047457639492,0.0003983471581908,0.000857318135819266,0.000447605301451463,0.00100178807587625,0.000644798097751593,0.000816857083702888,0,0.6661115787221,0.024054758040677,0.545828890199096,0.138777772468178,0.000340133675704221,0.00974706498901338,8.60315669304116e-171,9.498208342297e-05,2.72796600539425e-08,7.03445312150668e-33,0.373092384115393,6.07664175365126e-41,385,"PUS7"
-9.44862292868174,-0.0185790589795579,0.000161993731304684,-0.00651663477057917,-0.000924946712620611,-6.29466688970016,-1.84373147772486,-0.00888372360055526,0.00307101537180137,0.000762726542696125,-0.00897588519011625,0.00876802829932577,0.00957111803965243,0.0238895451093888,0.0540157617738,0.00204989248691273,0.0713411276197682,0.00459262838958218,0.401042209224085,0.0674428519225088,0.000255956266190523,0.000557063956286696,0.000284351543127897,0.000647820054382502,0.000394430788447923,0.000521887690120319,0,0.730879186644198,0.937012358819586,0.927218691266225,0.84038728697406,1.61665096656763e-55,1.51291581029601e-164,5.97224483827351e-264,3.53049891141535e-08,0.00731098642130893,1.17796956401456e-43,1.77814778484511e-109,4.01045949343533e-75,386,"PUS7L"
-13.5806332921988,-0.0847718422067307,0.0075171331119231,0.170866278314238,0.0149202289313213,-12.2473320846626,-4.98703755224417,0.00115161498238614,0.00258231336336364,0.00372562561308609,0.00197503120456301,0.00146002839103408,0.000502116146227329,0.0549848969038408,0.125887904476375,0.00479694931036623,0.170004289460644,0.0105867595443057,2.74541656654795,0.429543167166525,0.00167146360584511,0.00365152255308142,0.00183069331228076,0.00416436076156864,0.00272239617784387,0.00336480609167305,0,0.500698268052762,0.117099414316516,0.314862954464603,0.158737860353893,8.15740992554276e-06,3.66202782026898e-31,0.49083209341071,0.47944958129725,0.041841820193529,0.635307411488713,0.591749372400856,0.881375400237219,387,"PUSL1"
-11.953049063402,0.0197486844338588,0.00525681864006732,-0.154823141419198,0.00942798899198862,0.50020359261179,-1.56726773637962,0.0261664795891665,0.062727389924413,0.0106572897287733,0.0199815426482816,-0.0133982658133111,0.0165622708444759,0.0397258006697841,0.0908830203849608,0.00338127775930811,0.112523473150144,0.00748332711888342,1.09110284611801,0.242781099802565,0.000882113141727893,0.00182728284622787,0.001003382319589,0.00219419255607506,0.001386518150815,0.00180329644559228,0,0.827976236784086,0.120021332368932,0.168846831102359,0.207717725658114,0.646637410398614,1.07878768469387e-10,2.27795709193506e-193,2.97600906753347e-258,2.3706916602954e-26,8.50367009620427e-20,4.31956233482041e-22,4.13668043428818e-20,389,"PVALEF"
-11.2820709852033,-0.0832777522468806,0.00323155526395802,0.0566910597666259,-0.0108045655247825,-0.27454361738514,-0.767117224846303,-0.0142436232867927,0.0250564013437968,0.00378203059779569,0.00937460667931096,-0.00637195556890882,-0.00328115880120096,0.0392467159619511,0.0899083760259487,0.00339449962201786,0.115432239143708,0.00747485404683395,0.758087989842205,0.150052394193961,0.000558874190602166,0.00122250190208389,0.00063359765250041,0.00137257322298576,0.000868222520093478,0.00113386157608522,0,0.354315386230625,0.341098233322481,0.623341708583435,0.148330110353784,0.717237918759299,3.18210788279971e-07,2.79828393604991e-143,2.33725800655201e-93,2.38513147038499e-09,8.49441494321374e-12,2.15065121478528e-13,0.00380621014065219,390,"PVR"
-15.3649603078184,-0.477153410357141,0.0196938329166873,0.418439105374639,0.0294097106932596,10.2050745457798,3.10482901080809,-0.0286906334778528,-0.035255698589964,-0.00859249739037056,-0.0474365481131451,0.00747092155936832,-0.00382191106000016,0.101241115744415,0.215937337142284,0.00825948742024113,0.277755721193252,0.0194064414991246,6.22395627862532,1.01912416190802,0.00407759545844495,0.00865154100998424,0.00413466286959564,0.00941886476985803,0.00615225012208783,0.00737939658167916,0,0.0271270586614312,0.0171074970144111,0.131938764251096,0.129655628528495,0.101079142766014,0.00231471664084405,1.97603264654509e-12,4.59990600686211e-05,0.0376944823549157,4.7453246297242e-07,0.224618032029234,0.604516547217477,391,"PVRIG"
-9.17542490764103,0.371196969590215,0.00109606646385327,-0.587571077764714,0.047940797130522,1.00741963520493,-0.480130330090075,-0.00400017014679497,-0.045496080812265,0.00639605782220401,-0.0167226261986997,0.0117828367583196,-0.0137876993878217,0.183914795984487,0.445889056340031,0.0182968904064089,0.578804335690166,0.0319233552838488,0.503849837858877,0.0987559851702684,0.000372385339442588,0.000832188698358652,0.000441897144331234,0.000946800226433625,0.000615745193791656,0.000805055769587875,0,0.40513395263648,0.952231678766719,0.310036095654766,0.133162508428005,0.0455603137869346,1.16332159031098e-06,6.46160748900006e-27,0,1.76655192368595e-47,8.19025277582389e-70,1.26876118595207e-81,9.43286382102334e-66,392,"PVT1"
-11.0321789099736,-0.0688440594372861,0.00115091282809539,0.0698166609073557,-0.00250964114707591,-5.50478070217942,-1.44763083500124,-0.0129992328688737,-0.00893241050954513,-0.0028435455101838,-0.00920959277419793,0.00596745266016107,0.000841199940743565,0.0155018136058978,0.0353500036398218,0.00132060782231685,0.0459985923197252,0.00296427762281465,0.812709445429529,0.129114378458202,0.00049585051422876,0.00105461665134408,0.000549936122213921,0.00121964810920008,0.000761987586306837,0.000985893458033764,0,0.0514750659089541,0.383479920187088,0.129064838903998,0.397202368111052,1.25817781708881e-11,3.56042551751478e-29,1.74468511886929e-151,2.45777924984465e-17,2.33239591945265e-07,4.31847531812348e-14,4.82350789081506e-15,0.393528358796232,393,"PWP1"
-11.6685400739765,0.0231818354942692,-0.001036775344683,0.00132879853397464,0.00159570805303863,-2.23270790830908,-1.70910971526355,-0.00267639175927543,0.00659217825567991,0.000358463047271849,-0.00105784080182982,-0.00350811911088826,-0.00422990478821116,0.0216635257829801,0.0491106118476323,0.00185341822770649,0.0634581077221404,0.00406471022573203,1.03276828729991,0.177296370087406,0.000673271335378788,0.0014275167662056,0.000746762113901834,0.00164480559265476,0.00108661513021901,0.00134412589381448,0,0.63690314614144,0.575898632001302,0.983293697253185,0.694632601013452,0.030628412164497,5.42692962505702e-22,7.03185793858566e-05,3.8757941495872e-06,0.631210984284766,0.520133051295882,0.00124448400992192,0.00164979894707652,394,"PWP2"
-6.51638665668412,0.05162010631491,0.000409169479317458,-0.0187905606687698,-0.00178515843818356,-1.74530903901747,1.27776099490755,-0.00375499816329216,-0.00665847883374132,-0.00379906681552756,-0.0121144025748858,-0.00451917343152502,-0.00432673796149914,0.0321347991315108,0.0717848186067749,0.00277029936159662,0.0936345127605692,0.00602712997518985,0.226219582547589,0.0481193676184052,0.000179862459506602,0.000392886925876653,0.000211719602297685,0.000447769912784135,0.000288611160008373,0.000375376172980812,0,0.472082369142086,0.882580596094716,0.840948910768969,0.76708716313387,1.2087761824436e-14,2.30995794994453e-155,8.65686235711048e-97,2.0057280410155e-64,5.35996215801069e-72,3.33814057785639e-161,2.91376368645311e-55,9.71144075279345e-31,395,"PWRN1"
-14.0433714838402,-0.173234264689004,0.0123671913722328,0.426330273995443,-0.0256862917840616,6.81313947828057,-1.53491728221537,-0.0400136859640934,-0.0778546806222957,-0.0181243973275488,-0.0894653594659593,0.0232422027134182,-0.0315361857091982,0.0771687643741509,0.178607597568492,0.00675848859222936,0.249797370239432,0.0145174328350623,3.41564904426141,0.505590940858865,0.00209766607280065,0.00454240853752825,0.00215428284385656,0.00487100037944336,0.00325290201805685,0.00385150532649395,0,0.332088648522391,0.067268586965075,0.0878770066796313,0.0768369546947777,0.0460773881123215,0.00239828728154383,4.04809432875882e-81,7.52755435697618e-66,3.98997673992479e-17,2.41669150150261e-75,8.9952034184329e-13,2.6556840088724e-16,396,"PWRN2"
-8.88510755043923,-0.636376814510885,0.00320245858894007,-0.349082776682928,0.0110947780044969,8.22707446144665,-0.647825806854911,0.00155782636594792,0.00996854616091427,0.000507367835665146,0.0014781379113143,0.00806083790242653,-0.00489167474927844,0.13249885152272,0.312595662089566,0.0125361717329993,0.432220784221602,0.0274673398324391,0.55601053315712,0.112202213259948,0.000416452536942762,0.000900800671565615,0.000492717674181858,0.00104615294622885,0.000686775241866593,0.000873810333009704,0,0.0417721888771516,0.79836979581656,0.419292547156935,0.68626699462716,1.54039329992264e-49,7.75335033805904e-09,0.000183504314532108,1.82757376877187e-28,0.303135181868849,0.157677142276477,8.2134128554244e-32,2.1671785605885e-08,397,"PWRN4"
-10.0780585000585,-0.0183964728052274,0.000503172612137972,0.0523706551412314,-0.00127497075205267,-2.0748785851342,0.202476131146034,-0.0014496772834537,0.00317857358540825,0.0021387929744355,0.0018812599375608,0.000952767762821578,-0.00277562961627192,0.0350059833250848,0.0794959816080867,0.003031750736011,0.105633231406934,0.00668237960373142,0.536153246049586,0.0950830414125601,0.000357164346875478,0.00077827309022733,0.000395142450294909,0.000901341451788559,0.000563067822651678,0.00073033104779254,0,0.816993290370391,0.868182391196452,0.62005089502615,0.848685486769586,0.000108864063922107,0.0332157012706323,4.93145194320612e-05,4.42410081625316e-05,6.20766836523201e-08,0.0368720585161623,0.0906266714377903,0.000144399255992686,398,"PWWP2A"
-11.6209229532821,-0.134516907531697,0.00943291123677724,0.00963610529506046,-0.00101655204852697,6.78542937896354,-1.16920215628131,0.00807265830900836,-0.00453587817114786,-0.000532617103705854,0.0108499101846533,-0.000373628684444179,-0.0095021047038535,0.0607236255221182,0.13817371945153,0.00528142849322972,0.176892479041071,0.0115271313703975,0.80512142745896,0.175802843798388,0.000670445534934811,0.00149577835415522,0.00072207657579467,0.00160015384954104,0.00107384561954479,0.00133138138028707,0,0.330287633552995,0.0740906761095984,0.956557232805959,0.929727434917407,3.52123442200774e-17,2.91813020810947e-11,2.17008375558079e-33,0.0024257453966606,0.460746257156292,1.19725967038975e-11,0.727888853317543,9.53711981830748e-13,399,"PWWP2B"
-10.5553071022155,-0.0445591139752547,-0.000806374218555084,-0.0333983320138426,-0.00608588702691589,-3.75433503631605,-2.7638821823159,-0.00707167764361666,-0.00601738353100585,-0.000720140103933838,-0.000333715329961312,0.0133692513650478,-0.00686271406767202,0.027501776917149,0.0612113206742978,0.00236708021658732,0.0817006218371959,0.00516586501985664,0.619133937231871,0.103156168434752,0.000396031930069918,0.000858654148789668,0.000447381872882559,0.000982454242462645,0.000591212746484068,0.000793345242591124,0,0.466640862982761,0.733358068643356,0.682694364742395,0.238758173682047,1.32901496817412e-09,3.87974030483888e-158,2.58049942901561e-71,2.41879089946901e-12,0.107468489704634,0.73410114866205,3.20891070181774e-113,5.13416961379202e-18,400,"PWWP3A"
-16.5973164629093,0.403037275697047,-0.00151983839900521,-0.0946906924776664,0.0222198678256454,3.50200408099708,6.75069537153476,-0.0497518980647816,0.00317795746210762,-0.0151552548257814,0.042241778581674,0.0385768191924447,0.00506796892483027,0.0944852969992637,0.216359044171007,0.00771834582245693,0.263571704585684,0.0176152142648702,7.44826242508935,1.90903581295323,0.00674680423941408,0.0122891464916124,0.00809535395533808,0.0140715757379732,0.00720070250449262,0.0117030665750073,0,0.0624880368598204,0.843896049401667,0.719400816609616,0.207164021106256,0.638228334986718,0.000405957093856639,1.65405793463633e-13,0.795944876637099,0.061193749318941,0.00268280543710544,8.44426273059609e-08,0.664981180666561,401,"PWWP3B"
-13.7163833806874,-0.0832087915627864,0.00600907636930815,0.143960353603835,0.000566060440244955,2.93381299453067,-2.74946642001663,-0.0546407139841475,0.00338774533510898,0.0122319372177542,-0.0133418457542453,0.000883208763393144,0.0141976476795066,0.0494248060533016,0.112633288031745,0.0041848486947581,0.144438572093164,0.00952540351803808,1.97023442578791,0.418293337925431,0.00168212070468283,0.00362060523627568,0.00187104254162207,0.00374390339924691,0.00244735639271273,0.00316030365487184,0,0.460053695524579,0.151027253509867,0.318915431412444,0.952612486001495,0.136469468816822,4.92922071179256e-11,1.83964995139389e-231,0.349435491986281,6.25564044104107e-11,0.000365776584050382,0.718187081591494,7.039364372496e-06,402,"PWWP4"
-15.5842909820216,-0.357643758663275,0.0172115803598041,0.911400465974215,-0.13477908188284,21.7506139728088,4.94098345295246,-0.0605193093416488,-0.0416016760612859,0.00724195172449889,-0.0279586272271653,0.00926086087875395,-0.0894921799963948,0.164377627606789,0.360076378137653,0.0130658913994816,0.528623719134285,0.0330138046078774,4.16306212193973,1.05539914754475,0.00369983330409513,0.00801154688303838,0.00439748533285297,0.00857434103721368,0.00580593577848213,0.00734884319847888,0,0.320590984109998,0.187741121028584,0.0846896856317804,4.45525075565934e-05,1.74468648774728e-07,2.84609214866124e-06,3.85815695434555e-60,2.07249820450207e-07,0.0995910784295663,0.00111125061809605,0.110697087842791,4.08526401051113e-34,403,"PXDC1"
-15.1730267971977,0.049559174065644,0.00126712048373239,-0.136009458638772,-0.0346116999561458,17.7894120288307,6.40240015817637,-0.0197988162441386,-0.0524040960156464,-0.0156871571965224,-0.0424164059297914,0.0327578657881817,-0.0678664775651249,0.0897583539051611,0.207550057486402,0.00774358802366412,0.284957273755762,0.017261183438409,5.40276010147664,1.02323137707816,0.00385601472515281,0.00783221033664908,0.00409689308868917,0.00878603678697534,0.00519493541590219,0.00712845889014382,0,0.811274791970439,0.870018646878206,0.633150130352204,0.0449443017756325,0.000992470270066993,3.92351572796508e-10,2.82852722053347e-07,2.2188739928116e-11,0.000128645414702542,1.38114520652082e-06,2.86836666982013e-10,1.72351363601257e-21,404,"PXDN"
-11.0232616333146,0.0746937011026344,1.31829168756329e-05,-0.0754147226235566,-0.00226870572935223,1.40109701063501,-0.0851175824125948,0.00583133455012731,0.00625637161742095,-0.00441669922311063,0.000441475747569669,0.0082078939205671,-0.0176514878626005,0.0387234540934597,0.085600110167525,0.00337305928124277,0.116535730694544,0.00740140732022307,0.98769623405423,0.187544019077534,0.000698910265530701,0.00150838478462263,0.000796679812170761,0.00174536323101045,0.00110231709445654,0.00143069093805952,0,0.382887223898884,0.996881638243912,0.517542506147279,0.75920604341262,0.156030098825908,0.649933993901297,7.21437430605487e-17,3.35789240224193e-05,2.95837492310124e-08,0.800312997250631,9.61858075644565e-14,5.67282922049361e-35,405,"PXDNL"
-9.8016507670502,0.00869718745041951,0.000651619242172341,-0.036196975049388,-0.00387227525629426,1.49290244152125,0.617209818188145,-0.00561050948832863,0.000104253362493881,0.000946560477776484,-0.00648628908590284,0.0100222822688815,-0.0038954498728462,0.0220873949098302,0.0505619984176427,0.00188796386374169,0.0652041376535527,0.00406468015934672,0.417412469385452,0.0783402843157937,0.000289916261271058,0.000620376964706774,0.000324164006308895,0.000717773006304449,0.000434624643670973,0.000582763521126704,0,0.863429385844071,0.729986179026665,0.578803624198398,0.340760239621641,0.000348140015076786,3.31135285448488e-15,1.95428529851254e-83,0.866545194931,0.00350025913464548,1.61493836374267e-19,1.17763160167488e-117,2.31803696976883e-11,406,"PXK"
-12.7850578807514,-0.477197551785308,0.0146552408417374,0.0123405568344272,0.0117252736574472,0.620584982266276,-2.16121794400755,-0.0233784963119504,0.0291062173889346,-0.0279126511197828,-0.0220146615449275,0.000733436212713115,0.0269973508862452,0.0689035921271916,0.160148544556727,0.00607988720716221,0.203503864828114,0.0135595665078556,1.6478626461091,0.297612299256132,0.00115193115943065,0.0024865202371896,0.00130600732314494,0.00282097619176779,0.00164918589367342,0.00231219806487121,0,0.00288513555297048,0.0159330222764396,0.951645593976696,0.387190655060836,0.706470928481917,3.81811877058527e-13,1.42220449743817e-91,1.19308813274401e-31,2.40845378834403e-101,6.00150952928467e-15,0.656517616703443,1.68957237770961e-31,407,"PXMP2"
-11.4060242368705,-0.10613740323123,0.00422781516503626,0.00594567232996354,-0.00390995542561126,0.126152712042512,-1.90968321816203,0.00152494166313996,0.0146215154674648,0.000857421050250992,0.0035641182377939,0.00773855160521558,0.00396622737513695,0.0307673097644886,0.0703593208609633,0.00261645958401999,0.0887750774104556,0.00581314369474958,0.852386825531502,0.161467559558441,0.000603999442273661,0.00129886545677564,0.000682053053282944,0.0014994898649988,0.00090637103235376,0.00123336144832718,0,0.131425270109007,0.106126008733018,0.94660195068012,0.501197972863043,0.88234326648285,2.82945756806247e-32,0.0115783854799556,2.13568351809162e-29,0.208710973831207,0.0174594272701311,1.36622644317982e-17,0.00130087469618505,408,"PXMP4"
-14.233272629984,0.144765492549826,0.0052480917248392,-0.258407041364276,-0.0160732194382778,0.398173870393024,1.76729208701171,0.008220247704076,-0.0147054686918472,-0.0385267262875727,0.0227024551589716,0.048462680705423,-0.0149774502219636,0.0506344400184301,0.118780367111582,0.00433539451527575,0.147076602488472,0.00968509900450405,2.9768893853035,0.607655919962939,0.0022581823435271,0.00449624916656667,0.00255809303789299,0.00532718169920091,0.00246588186328352,0.00443277703932284,0,0.222932956797203,0.226078540440679,0.0789253994856884,0.0969984999518055,0.893596304005737,0.00363310856384497,0.000272420571629463,0.00107316538814193,2.93566562238723e-51,2.02945027016222e-05,5.41888847575537e-86,0.00072803956931271,409,"PXN"
-12.507717344008,-0.00319621314612884,0.0031282869320785,0.0619375837208517,0.00739022278651278,-2.48114378599644,-4.27923041558928,0.0172401040078683,0.0386073425615521,0.00229448914279252,0.00674525901620294,0.00429977110375616,0.00946348894117114,0.0327611993958883,0.0749090101124795,0.0027800028307808,0.0933367322766189,0.0061875454398625,1.45994893971368,0.278633870579925,0.00104738443678633,0.00217534621243159,0.00118500750454099,0.00258105270648674,0.00157522205948297,0.00213273159756983,0,0.965966236488136,0.260469587310571,0.506950965342923,0.232333005009376,0.0892301000336378,3.13580440178955e-53,7.0925519322932e-61,1.79631259853057e-70,0.0528351924860167,0.00896528316644907,0.00634057234970543,9.11103582119022e-06,410,"PXN-AS1"
-13.7368099476963,0.012504376662087,-0.00393402758794928,-0.267119139788861,-0.00860298526452305,6.75069252333982,0.00174020396327589,0.0081379667319376,0.0253221615492823,0.00044115404624998,0.00502155878426662,0.000100340693320534,0.00500890979829761,0.0347850419461284,0.0815119701593016,0.00300419399703449,0.104643337689264,0.00676577861001812,2.50754918528803,0.52380868105951,0.00192378633347966,0.00372371733709341,0.00220858564465277,0.00444478172285658,0.00282061006974712,0.00374494871044574,0,0.878078584047818,0.190361032110334,0.0106902982415619,0.203535181034024,0.0070993518043313,0.997349262486436,2.33502094432005e-05,1.04446960728098e-11,0.841679980208129,0.258575263521898,0.971621952355731,0.18105591991606,411,"PXT1"
-9.93891616009247,-0.105258385713992,0.00784746326963736,0.0168370357509485,0.000613104198642846,4.62428562220551,0.591213321079472,-0.0146474854699357,-0.00613536291906695,-0.0101415152404476,-0.0169014872398211,-0.00852485060167265,-0.0138501086340137,0.0369187451853163,0.08406743253024,0.00318216196847925,0.106389497879926,0.00720087429237243,0.494459665671315,0.0930013197360579,0.000358433851226563,0.000787967866402035,0.000398197799703385,0.00087762931175758,0.000574422000392961,0.000717945779796627,0,0.21054403103382,0.0136601147210102,0.874253157046313,0.932147687815063,8.58433637376422e-21,2.0567540581197e-10,0,6.89939638225175e-15,4.40050262617519e-143,1.20690120839752e-82,7.98637054987702e-50,6.35528914368774e-83,412,"PXYLP1"
-15.399890652522,-0.0332291479234319,0.00299647884826277,-0.165468712263999,-0.0167131629683959,5.64533756610098,0.361469493233763,-0.0068444049716192,0.00874175213581876,-0.000157737433001518,0.00153190336567956,0.00647057287492745,0.00540520807308258,0.0381286992523235,0.0960572523383677,0.00335481350871688,0.116825853942421,0.00781177049857803,4.97789115192318,1.03596642205374,0.00394125114842474,0.00674323665674596,0.00461674158505427,0.00814185935695422,0.00528535169460156,0.00710720907601553,0,0.729394832251207,0.371756554303892,0.156667008507883,0.0323964388454824,0.256760084795551,0.727149305167958,0.0824565344965587,0.194846897084716,0.972744460960627,0.850757860463029,0.220859283710493,0.446941008804298,414,"PYCARD-AS1"
-13.6260311670704,0.0350590001104233,0.00280131461021276,0.153893027838045,-0.00114583945183377,-4.58785478872758,-4.3681386698582,0.00303687050451427,-0.0219358591160057,-0.0200789065366655,-0.0090412058100649,-0.011153810770845,-0.0186806304116782,0.0420386765749621,0.0947146728964166,0.0035301208840921,0.123504982904446,0.00811135296840898,2.80514211480236,0.444427670007937,0.00178045884569862,0.00380409907731385,0.00193453087750946,0.00424617551566741,0.00314181183983356,0.00346595468776284,0,0.711267866158141,0.427459564802871,0.212747097935535,0.887661652517959,0.101940925033737,8.47194325917851e-23,0.088070033664022,8.09950730888632e-09,3.0830867653283e-25,0.0332328695207541,0.000385054787495354,7.05556373560829e-08,415,"PYCR1"
-12.2420555865468,-0.101407158793374,0.00403283636032435,0.137373672546959,-0.011578162267517,-4.94655913358522,-2.3087944583367,-0.0194010699821307,-0.0226609193863591,-0.00307878496980478,-0.0110744918135458,0.0102205418752432,-0.00525494348757462,0.0272771776190548,0.06198361497696,0.00232690611718885,0.0801734230955194,0.00519162148238881,1.34054468506679,0.21813189019649,0.000859112186460196,0.00185312149406051,0.000937388809855234,0.00204039896603383,0.00128340447865226,0.0016470743213768,0,0.101832953747707,0.0830721405392885,0.0866285904326258,0.0257366219959243,0.000224287430209232,3.52041240540131e-26,6.41149547014713e-113,2.18910601421483e-34,0.00102190024317107,5.71133570758559e-08,1.67081719562594e-15,0.0014204090737936,416,"PYCR2"
-12.7250165366959,-0.147044272348153,0.00780681020669401,0.262310180902515,0.00129508807515561,-1.35282948647122,-5.59971899624431,-0.000999027652678513,0.0104131523368505,-0.00101823127192734,-0.00775947428595578,0.0105578409787966,-0.00198842707202442,0.0461271568484978,0.104035774071939,0.00396359012129411,0.132577894309643,0.0087036596056734,1.5562051433074,0.285173862991162,0.00111915737139032,0.0024572818057936,0.00124249427427115,0.00268719987892846,0.00166686364435181,0.00221126929602632,0,0.157537836952679,0.0488806694028093,0.0478682339439713,0.881712944237281,0.384675910419604,7.59301687469329e-86,0.372038974083424,2.25850193033378e-05,0.412497890657124,0.00388231802550477,2.3895368616323e-10,0.36853320252215,417,"PYCR3"
-16.9500816708076,0.181326298205847,0.00767386820947497,0.261417731235788,-0.0353375873654715,-23.7101650595492,-0.725615190825082,-0.102626176382752,0.00130007513408808,0.0635599617477216,0.0289034480870797,-0.00112190696726686,0.0324695628002619,0.0780022010401788,0.162034783042927,0.00616876861035287,0.233014147740605,0.0146857438805462,7.37443043262386,1.45930186941406,0.00667401896258257,0.0109473229484255,0.00741229372488068,0.011998385910635,0.00830581558934394,0.010244484345239,0,0.263115454146971,0.213504332461924,0.261906495652255,0.0161171825224033,0.00130360051599565,0.619023716737861,2.33634816865487e-53,0.905467594105279,9.91398837908166e-18,0.0159987221731922,0.892552678300733,0.00152718402361936,418,"PYDC1"
-16.8449864820739,-0.00603508358137115,-0.000156311071789223,0.0585705817758677,0.00325180013928738,26.1440740532944,4.07898164062078,-0.0427182310779517,0.00660196036134599,-0.160290261968066,-0.0258699083879415,-0.0982947716547406,-0.0603081295676224,0.0976705048407004,0.204770676319547,0.00755115662214249,0.247593920930615,0.0171073666378957,6.20704550068179,1.75107534646354,0.00676157875207105,0.0134758029162441,0.0099506327454286,0.0131124517272237,0.0128323377716825,0.0119491380020242,0,0.976487829814608,0.983484744035419,0.81299889485024,0.849244981392708,2.53119832492897e-05,0.0198370772093561,2.65331123654378e-10,0.624196023958214,2.22173866366701e-58,0.0485038943866964,1.86038676916774e-14,4.4863826244927e-07,419,"PYDC2"
-10.2609001604354,0.00017834055334714,-0.00508438802930877,-0.0409970798999995,0.0159779992003664,6.64848206611695,-1.03141435556506,-0.041937883362224,0.0155647809022069,-0.129830282228383,-0.0245863621646133,-0.056375632525098,-0.0930262784383375,0.065155661464749,0.146472365515726,0.00563972887365309,0.185075512218244,0.0121355073536455,1.14475724803987,0.230032212605064,0.000877653638340855,0.00191312527442141,0.00101550205865381,0.00219678676802014,0.00141828072630261,0.00183770225672766,0,0.999028518871656,0.367306283489997,0.824691131049753,0.187961955059938,6.3311968701899e-09,7.33314891077625e-06,0,4.09268779927208e-16,0,4.46425357814077e-29,0,0,420,"PYDC2-AS1"
-10.3437801648153,-0.0442765264630972,0.00166078988267223,-0.276482049224301,-0.00809793689374285,-0.921045180903983,-1.36830560432241,-0.00187889395197096,0.0276307811474696,0.00235996077555697,0.0192395960256375,-0.0151420114247266,0.00305386301998682,0.033595235690121,0.0777909730841504,0.00289267026302411,0.0985780790538035,0.00628632122569056,0.507556260740454,0.105689703965641,0.000380999702281795,0.000823760868594484,0.000448608840876721,0.000959120500227455,0.000639233994003335,0.000799993732709836,0,0.56923869877722,0.565874897012663,0.00503632555614441,0.197682004829962,0.0695752253775166,2.4609893256559e-38,8.16072355340162e-07,1.16843368618714e-246,1.43570234622507e-07,1.66338988687953e-89,4.82307677617742e-124,0.000134888002964498,422,"PYGB"
-12.1994827441075,0.0900831622424435,-0.00126897799964411,0.108315006599462,-2.0333899180989e-05,5.67734793583244,-2.65825052149063,0.0139022772774683,-0.00915223179208824,-0.0139497329744113,-0.0335545956482667,0.00692856702412849,-0.0103634927501483,0.0643378183111182,0.150144528681728,0.00576658639589441,0.207013658631562,0.0121845524764552,1.51832965866639,0.276188774362006,0.00106079249289843,0.00227220093655559,0.00113302156574727,0.00256727308078424,0.0016964700388514,0.00207779177982216,0,0.548522015106051,0.82582672282595,0.600816727836875,0.998668470038752,0.000184602133637244,6.28538025134798e-22,3.06004333946778e-39,5.62737264015278e-05,7.80887698199635e-35,4.87814067890183e-39,4.4246431303702e-05,6.10885531601944e-07,423,"PYGL"
-16.2075027681095,0.194811568240041,-0.00926603330051876,-0.158553002183502,-0.0124857611376255,3.03046066178673,4.03631693439465,-0.0162503288548408,-0.0227025273252482,-0.00703889123279938,0.025057634268153,0.015364940750593,-0.0256951612000167,0.0790966818006571,0.185504986465233,0.00677046209648387,0.238770048920081,0.0155213560993786,8.07364866090966,1.53763776542818,0.00564487960957851,0.0106679320560855,0.00649743346282873,0.0120063137581696,0.00675813591802429,0.00967616237903284,0,0.293640463816591,0.171125319871033,0.506664337891514,0.421151781394292,0.707398652855511,0.00866460213278611,0.0039922516495187,0.0333280076219926,0.278660154723628,0.0368846905591298,0.0229932273137595,0.00791882157987309,424,"PYGM"
-10.6315494945596,-0.024568285100885,0.000372032084599537,0.0738036148882883,-0.00327746084542822,-0.165636102823763,0.0989899187129995,-0.0106055691873337,-0.000190451132653963,0.000590325056492708,-0.00024724094358626,0.00575603525617,-0.00765183889671653,0.0226674422003785,0.051364570970422,0.00193768314968811,0.0665474700105908,0.00436680276907552,0.770286256629358,0.145365342168454,0.000542005364412227,0.0011599159020941,0.00062178732660609,0.00134071064165365,0.000839449424174185,0.00110078889973024,0,0.632428233824687,0.847743450578792,0.267414166321135,0.452929446358837,0.829742462311773,0.495888376653559,2.93973734652443e-85,0.869578491484133,0.342417072503925,0.853691536361331,7.03623490064267e-12,3.62110090544018e-12,425,"PYGO1"
-12.3842630377455,-0.0657890043193214,0.0033918053196114,0.0302971325470673,-0.00997063482792985,1.32633771107096,-3.07546729191823,-0.0159091447238063,-0.0131510640542382,-0.0057058864639525,0.00155106997169834,-0.0035240417577967,-0.00109904741788922,0.0257554718023159,0.05857264237935,0.00222452579847428,0.0763420547654649,0.00491040778726557,1.22665011662219,0.23700479909366,0.000926291527694847,0.00199720547784559,0.00103944301332989,0.00215649931534685,0.00149964901720904,0.00181282296866341,0,0.261351022854762,0.127325996037726,0.691470463930967,0.0423046696563511,0.279577847620809,1.66541870230139e-38,4.07986298981769e-66,4.55704737399358e-11,4.0337169139836e-08,0.471984657749806,0.0187778991672898,0.544340150936907,426,"PYGO2"
-13.5970022604285,-0.00585961823269678,-0.00235134739155849,0.0531982562463513,0.0268497059517444,0.00970974024020339,-5.39405749785451,0.0289424469720294,0.078088348462491,0.00768469659097779,0.0272656139768811,-0.0138385550829484,0.0144281018172093,0.0439275650933685,0.0997227243739229,0.0038016985687072,0.12689171597279,0.00830537702177342,1.85342860973379,0.444279324058144,0.0015958913218418,0.00319055744736405,0.00184054477909148,0.00382558299401176,0.00244839857406859,0.00320903085386624,0,0.953143980032034,0.536246347838486,0.675039743839799,0.00122579056439901,0.995820062154387,6.39290403138017e-34,1.66867289064549e-73,2.73875083759541e-132,2.976859797478e-05,1.02446984597644e-12,1.58513831907528e-08,6.92134060659022e-06,427,"PYHIN1"
-12.1860078895729,-0.113586414693772,0.00740782580853558,0.0824076148025469,0.00117011460634661,4.6147053748594,-0.754974859775035,-0.000671702483043835,-0.00434455912763602,-0.00223416733591827,-0.00551487120844296,0.00594075873161251,0.0024031038140063,0.0415614212218155,0.0947972201853362,0.00359160900480042,0.123269648614682,0.00809567778009196,1.26815338826706,0.242190725589953,0.000926448326395099,0.00201485420308814,0.00101134184418379,0.00224498986336144,0.00142459820808649,0.00184452845379761,0,0.230837582782184,0.0391566560041042,0.503804880940852,0.885077453110594,0.000273786637462301,0.0018253181758411,0.468433855958394,0.0310629968105192,0.0271668563518741,0.0140288478203385,3.0442686522073e-05,0.192633397095517,428,"PYM1"
-11.0866167071546,0.0146038454528666,-0.000459401751844994,0.0321642596794996,0.00347854362684457,-6.72161785494023,-0.296139235714154,-0.000657571563496019,-0.00885419597802668,0.000506617544392706,-0.000647098870589048,-0.000145539735816163,0.00422325176995218,0.0227033972303736,0.0518655787074399,0.00196800259339549,0.0679778529926689,0.00432697032201868,0.920073756884489,0.149273690432275,0.000564180778661002,0.00120379958413443,0.000620450655844095,0.00142108742191568,0.000905555600526279,0.0011440486269908,0,0.778272441162306,0.815423216950225,0.636100515230616,0.421442425118724,2.76195102952386e-13,0.0472706033787327,0.243803132591187,1.9063045983034e-13,0.414196178389282,0.648854062438921,0.872314945714339,0.00022293826007677,429,"PYROXD1"
-11.8158414279363,-0.0582308394194844,0.0113062723116076,-0.0473148102938042,-0.00871024429986481,4.19444463637175,-1.30768019427835,0.0115746942950171,0.00638721968105246,-0.00377900064246536,-0.0144760148118155,0.00820612393253985,-0.00213461259544873,0.047848177698166,0.105020495248938,0.00408624738334245,0.139180991590257,0.00900348029512418,1.09983421965426,0.20938705355627,0.000810459941302716,0.00174017548651632,0.00087141720577986,0.00196608371153127,0.00122717300730509,0.00159465729676238,0,0.579256414307997,0.00565906490272308,0.73389292555114,0.333328710545661,0.000136898175591755,4.23049132633404e-10,2.84833163128066e-46,0.000242127877166341,1.44693953328396e-05,1.80000367764238e-13,2.27769016428176e-11,0.180700040069591,430,"PYROXD2"
-12.0904814155584,0.120452353770192,-0.0047602525987845,-0.309297049481586,-0.00225558599446354,1.27567212140979,-1.5297016658397,0.021326364508339,0.0524591425010508,-0.0103083557344729,0.0180397239097135,-0.0229113679631608,-0.00199579799761129,0.0326342177006107,0.075377939196973,0.00279539725907177,0.0930209038944237,0.00610565739870669,1.17348641770907,0.247382601750896,0.000895241604776938,0.00183644632308175,0.00103227049034293,0.00221674163772083,0.00149272430909472,0.00184617202665441,0,0.110047680677503,0.0885887521832154,0.000884098621383516,0.711810538096933,0.277002018277019,6.26775092871533e-10,1.980399249706e-125,1.79952062932292e-179,1.75346341057726e-23,4.02039825555325e-16,3.61391192977537e-53,0.279676384010746,431,"PYY"
-14.512240430685,-0.276118891523885,0.00869430366685365,-0.185648987576102,-0.00844180366918702,-13.7897127606397,-6.68815529941286,-0.0160747927520587,0.0115618037843629,0.00428328861536346,-0.0245619827076791,0.0267697581246043,0.0236428303412126,0.0442421542827699,0.105925993351022,0.00385339084494076,0.131279055997765,0.00880145297115362,4.2810883886802,0.66692864288687,0.0027055578167119,0.0052918106549912,0.0030853301004406,0.00628548134317919,0.00364052856965007,0.00518853182566371,0,0.00914153735242199,0.024053507643797,0.157316276237256,0.337489477119704,0.0012771010000102,1.14479498242709e-23,2.82603499544859e-09,0.0288999675240217,0.165053127477169,9.31661897574416e-05,1.93428167099639e-13,5.19517708646761e-06,432,"PYY2"
-13.9282527733843,0.0387088500172702,-0.00610177073858803,-0.153946665724136,-0.0170552657976515,-4.34078317990801,-2.66348319200457,-0.0217399781407234,-0.0120784325867566,-0.0071812068667021,-0.027834670741109,0.015959716641619,-0.0109875038688728,0.0335944054168986,0.0786723781914721,0.00288401478114942,0.100382802738049,0.00657981687174506,3.23966710682304,0.499275726144898,0.00197867614132655,0.00390538245437097,0.00221032634587443,0.00443285700193402,0.00267569433312971,0.00354500362407943,0,0.622701013207255,0.034368540442573,0.125129070594724,0.00954037349390786,0.180282552954284,9.57058460044108e-08,4.40702792562696e-28,0.00198300683086105,0.00115837900203065,3.40381277865933e-10,2.45082421772611e-09,0.00193890936167132,433,"PZP"
-11.8233509833904,-0.0346113504441089,0.00343831783670998,0.180183650644782,0.00906703877817755,-3.51160069321689,-4.22436580877123,0.00298877028320097,0.00546826142467127,0.00121030412365028,-0.00273917974793957,0.00485998562767058,-0.00138935365408473,0.0142974294336972,0.0329386624927398,0.00123221615775676,0.0424093371403433,0.00276395525944351,1.06835835108544,0.179748834735587,0.000699070888332559,0.00143312770143108,0.000784506435662463,0.00165786190105972,0.00108749593465053,0.00137462131188541,0,0.293358769419243,0.0052650631269631,2.15035001406986e-05,0.00103638742668297,0.00101292209487727,3.9379473234768e-122,1.90840241983856e-05,0.000135844988201668,0.122889335142645,0.098486372622617,7.85975167255154e-06,0.31215171509316,434,"QARS1"
-9.71796197767929,-0.0557520936302774,0.000752770114693599,-0.0427478363125285,-0.0050101770916234,1.57226586736454,-0.029772422193809,-0.0141789856818149,-0.00375278712611694,0.00170241989723119,-0.00870323346344649,-0.000157704069023314,-0.00653042142347839,0.0216828413220506,0.0491672458048838,0.00184048552351,0.0636803520895587,0.00399785816957145,0.397786453885357,0.0742234516323308,0.000275746580976917,0.00059997624054878,0.000309159156719814,0.000682145754094709,0.000442976993392236,0.000557749334688137,0,0.256824947739825,0.682535061529336,0.502037276568091,0.210127357269408,7.73268131730215e-05,0.688332656641183,0,3.97788803147979e-10,3.65802751032276e-08,2.79128005434262e-37,0.721833364331608,1.15268874748465e-31,435,"QDPR"
-9.06891120499093,0.0171940448889326,-0.000602065547261272,-0.00580117718251634,0.00651495512336285,2.63973547033866,1.7968240266556,-0.00295586626064669,-0.0194825593478811,0.000303553856823579,-0.00740557104537956,0.0101818715127737,0.00796699977853808,0.0218078596424132,0.0489174810300783,0.00190571103901232,0.0654552439689219,0.00411377628306383,0.409778616198404,0.0791520352845842,0.000299289094153878,0.000648700361781169,0.000337763915201567,0.00074354702573091,0.00048311060232462,0.000610414663971227,0,0.725220167950641,0.752057927287798,0.929377435626823,0.113263796658849,1.18020031728199e-10,4.3871794545642e-114,5.27491526449753e-23,3.61668294409803e-198,0.36880391767698,2.28548618673888e-23,1.33057546364533e-98,6.2077299585947e-39,436,"QKI"
-16.2130622644326,0.307033971268126,0.00011674340680912,-0.178975361684437,0.00414173071621035,2.09072948644412,-0.0817008092500691,-0.0249422579789595,0.00383566598178628,-0.0175167022841249,0.0238490099799004,-0.0073236259503586,-0.00284307623689585,0.0660033386302545,0.16106722735642,0.00575870562068384,0.197945596982607,0.0128810697036925,6.66713764045794,1.49576194148602,0.00563562761682927,0.0102996513109142,0.00684160885585822,0.0115452839539304,0.00806861520906941,0.0103494268271735,0,0.0566181248588692,0.983825986572381,0.365908234781376,0.747804053706717,0.753834529824496,0.956439984043504,9.60778343077714e-06,0.709589572865266,0.0104576071999769,0.0388574952285292,0.364053516643438,0.783540147012797,438,"QPCT"
-11.9270463535728,-0.0617196513466519,0.00453224881449344,0.0485133778317471,0.00586894628682444,-1.66330401337028,-1.74907292269995,0.0113879063038208,0.0289234380259188,0.00584386104557289,0.0189607133790022,0.000880552161152403,-0.00102675824628318,0.0482539550659083,0.110359380917271,0.00414544687832653,0.137305553836806,0.00925022845066286,1.08864199112471,0.211437694346125,0.000788703305136923,0.00170975058058527,0.000878682835852137,0.001971685098495,0.00120420140373211,0.00161592018694747,0,0.575983894448059,0.274258742047204,0.723845389385462,0.525777394764279,0.126544687014063,1.31415414780866e-16,2.95057034931346e-47,3.38557199753841e-64,2.91690793695441e-11,6.81080722437346e-22,0.464636666093621,0.525166535318356,439,"QPCTL"
-14.7079342949768,0.0751171185226448,-0.00377756340852041,-0.081180324927683,-0.00664078811975369,11.0168217616079,4.7166466795872,-0.0100240499137045,0.000492563486395473,0.000477845518319964,0.0254957351519031,-0.000624832017859664,-0.00294567785065178,0.0446013789949513,0.105845172819262,0.00382341492694667,0.129640755463466,0.00864273147878396,3.16916761860773,0.771423192849529,0.00273638126556765,0.00531351932658535,0.00315050284575795,0.00607129368737834,0.00385968250209146,0.00522622956714084,0,0.477897227865161,0.323148874535275,0.531187390081262,0.442269285712887,0.000508476359688129,9.70338684791082e-10,0.000249034824506722,0.926141860407517,0.879445028841041,2.67634004333044e-05,0.871394922573319,0.573003610764505,440,"QPRT"
-14.2613673675039,0.454095218202823,0.00383786138137067,0.837219835590776,-0.030572674205582,-16.0519095543709,-0.64159700522702,0.00806601588451731,0.0489361537164046,0.0253736462456313,0.0282926712518069,-0.00965670783344522,0.0777463467816554,0.106456928955533,0.245833203889576,0.00962603998708169,0.301694650072029,0.0195860373155473,4.6780354173387,0.919874482425722,0.00347649635758208,0.00716510031758418,0.00399149995431705,0.00866491473742033,0.0053696909355539,0.00710615991276784,0,0.0647228011340912,0.69011738837112,0.00551920421254875,0.118537364724223,0.000600617014901637,0.485500444343522,0.0203324087242777,8.5037103423011e-12,2.05839002226484e-10,0.00109387182411438,0.0721178997044785,7.36311425912166e-28,442,"QRFPR"
-10.0494494098797,-0.0400037721994233,0.00204624992884034,-0.0797599457116902,0.000926688773588417,1.05617130349325,-0.34440228214833,0.0120900655662046,0.0315962858292394,0.00708005680189329,0.0214127201754803,-0.0054497976403348,0.00350845430137113,0.0269383846344767,0.0611618198744768,0.00232139060645964,0.0783980973792693,0.00512614636634218,0.436975196649241,0.0884667673524571,0.000321616895451337,0.000687151660210253,0.000366101783498783,0.000810919017894041,0.000509661984714543,0.000667146622933658,0,0.513070282497473,0.378060279800066,0.30897700278799,0.856542707040763,0.0156487954439095,9.90068133438916e-05,2.95828364690291e-309,0,2.52128235454741e-83,1.18480116496314e-153,1.0980380163924e-26,1.44923296849423e-07,443,"QRICH1"
-11.0949198550955,-0.0958700481234883,0.00144590848988219,-0.155798010326266,-0.00561909832295651,1.65999554253602,-0.736030780818127,0.0235194695905876,0.0489707721005599,0.00677868212642371,0.0195876474257455,-0.00952486817013561,0.0117454682165236,0.0454711784945464,0.105233564417918,0.00396594059502958,0.134815620694322,0.00863503213175302,0.669472584885667,0.142818741732658,0.000516791747248712,0.00107677162252684,0.000574334978102245,0.00128719361717872,0.000808523965862423,0.00105168432104341,0,0.362284003371688,0.715423841821601,0.247829391304019,0.515219009573231,0.0131545643223461,2.55531624568286e-07,0,0,3.78152289464817e-32,2.71391103208465e-52,4.91631179951454e-32,5.83217737174156e-29,444,"QRICH2"
-10.7803171403735,-0.00635755296051795,-0.00563063389520951,-0.0876141445064539,-0.00372700252188912,-5.3271285725279,0.529945757488493,-0.00790963744029441,-0.00486235048157634,0.0100372297438878,-0.00208033838327887,-0.00941452834877374,-0.0153839595106992,0.0272667544717827,0.0615215238500516,0.00233943523465569,0.0808495763040402,0.00512558909809973,0.833097318206445,0.133103303609104,0.000504375313605513,0.00107824270307557,0.000560632844037537,0.00127306663830796,0.000840150049810996,0.00102913290549672,0,0.91769417909574,0.0160914515358552,0.278511777228389,0.46714238830737,1.612156072228e-10,6.84926462100486e-05,2.00680789194863e-55,6.49763305176854e-06,1.10952970811731e-71,0.102234525458349,3.82016690840424e-29,1.59375386749198e-50,445,"QRSL1"
-9.65468869000845,-0.0170781684777365,0.00346514385516218,0.0865662685024167,0.00134173029915094,1.09884544308,1.135042229788,-0.00583289061669495,0.00123906693913716,0.00394385500366502,-0.00245861305145665,0.000165668562224278,-0.0054039884130015,0.0237430003879084,0.0536581878637668,0.00204082976070627,0.0697158046943059,0.00455176658713834,0.440618574064831,0.0824058075313226,0.000309197174251033,0.000673218582960357,0.00034446874448992,0.00077026508898288,0.000484561348537787,0.000628119912951166,0,0.750274809184223,0.0895248794368369,0.214346455641117,0.768168567738069,0.0126358813641475,3.66352231907634e-43,2.22821138576435e-79,0.0656930913798371,2.3761622220055e-30,0.00141337770739625,0.732430751316587,7.73655372390677e-18,446,"QSER1"
-10.7347990579299,-0.0244236502161542,0.0081905166547071,0.083222699115964,-0.0193014102339761,3.08515656232463,-0.0351980224655865,0.00321195018390852,-0.00277043757565189,-0.00958278842727259,0.00307696277541787,-0.00561468018620524,0.00518269262913087,0.0340771892553862,0.0776394604979509,0.00290799532552709,0.100075099910679,0.00642372752700913,0.60647178572789,0.12147470218771,0.000453286327420782,0.000985903315758136,0.000500963737592216,0.00111366394271781,0.000731510730151006,0.000916921468539151,0,0.75308224154107,0.00485423606605367,0.405633373966478,0.00265838000360432,3.63662500666661e-07,0.772002919764573,1.38124621708649e-12,0.00495338097520933,1.45642614614975e-81,0.00572870585319275,1.64828127975739e-14,1.58337656889449e-08,447,"QSOX1"
-10.9562683788785,-0.101230656096121,0.00303317286962901,0.034903309157199,-0.00593884175370562,-1.93943577403975,-0.848470667546992,-0.00143832556476672,0.00608312557290946,-0.00161652359752357,0.00340980532076423,0.00147610428220912,-0.00289512423675948,0.0228624319572227,0.0520193599307943,0.00197096387159005,0.0668626819285625,0.00436489971767904,0.727074188170844,0.125776162766745,0.000474471357139443,0.00102190598728841,0.000523715939678474,0.00117772488992263,0.000735298200883523,0.000953217924621917,0,0.0516524728043612,0.123821703592434,0.601660029917032,0.173643087312748,0.00764287191680991,1.52104237331159e-11,0.00243400288972291,2.63713809595622e-09,0.00202431257177862,0.0037885940510319,0.0446974424696641,0.00238778023877581,448,"QSOX2"
-10.0761859341079,-0.0226196016216627,0.00363177289521406,0.168106525329542,0.00604513294804422,-2.30414479467155,-5.80110223706541,0.00362698656302265,0.0125696156036925,-0.00280189457638865,-0.0214001932981409,0.0106642418885193,0.00155417831598929,0.01832037727836,0.0415913493374192,0.00157027069549253,0.0542572273382771,0.00346676144432833,0.464678827900778,0.0783036097941456,0.00030599674980277,0.000664322099413817,0.000339217455965582,0.000757332350345007,0.000468330876989972,0.00061556074160744,0,0.586542277912386,0.0207318572818841,0.00194617855342988,0.0812043189536865,7.10121433181474e-07,0,2.07564990532428e-32,7.6637502902447e-80,1.45822244017231e-16,1.15665396008568e-175,8.94180408185041e-115,0.0115758502381112,449,"QTRT1"
-10.5507241786454,0.00888204718983589,0.00347475608016162,0.171078632691436,-0.00509405486615304,2.56735352139893,-0.772944187218284,-0.0143046645482231,-0.00377699451903589,-0.000184939769718531,-0.0298019948745056,-0.00250633012412861,-0.0114026919832691,0.0268116102665238,0.0594609056528535,0.00226769713503162,0.0778882051238529,0.00508969393066413,0.731997233117154,0.129962614177802,0.000498654114709221,0.0010849922718357,0.000557112041433814,0.00122654437908018,0.000803476373540412,0.00100024301590816,0,0.881256750129703,0.12545236294616,0.0280587545705911,0.31689603631721,0.000452632881298706,2.72377037475204e-09,5.61527155365058e-181,0.000499311042811441,0.739918302433006,2.08195233302706e-130,0.00181245851267806,4.18495682849916e-30,450,"QTRT2"
-12.4043211121143,0.0180366090023197,0.00422235058234209,0.101718204246674,0.00285159727464311,2.44752387148672,-2.33460585127793,-0.0121092803287039,-0.016333987498845,-0.00602940721351756,-0.0110130833130677,0.00346735008818375,-0.00682779353550522,0.0230239923297012,0.0528274220944954,0.00198754561099584,0.0684631926170441,0.00436838209625659,1.30695117827507,0.242021069751372,0.000947371209586655,0.00200907614539972,0.00104995397195099,0.00219447359158111,0.00148551721675949,0.0018279671073308,0,0.732783565918395,0.0336363448691636,0.137349063747985,0.513897409127209,0.0611102039640483,5.09654290387902e-22,2.0673717652013e-37,4.28940785567453e-16,9.32644598979073e-09,5.20619720894219e-07,0.0195903329216546,0.000187577968873975,451,"R3HCC1"
-9.77218812391849,0.14470746621182,0.0024349114851453,-0.0330653706421528,0.00387108687586607,16.345381205618,-1.48757128739484,0.00225326999095846,0.00216154411466554,-0.0016101104974526,-0.0221213033382513,0.00901151263063284,-0.00313870698725835,0.0360560943512127,0.0819697317206757,0.00316133904571661,0.107241261928671,0.00697981882213256,0.489999333102764,0.103992270187003,0.000390430157718403,0.000846432942662747,0.000450427505658299,0.000960277474517372,0.0006153099648625,0.00080050841409071,0,0.0775004526040402,0.441172230159923,0.757833565145361,0.579160510638139,5.58353794273755e-244,2.04714120462083e-46,7.86857006441418e-09,0.0106582041730376,0.000350727022164314,2.01503430323632e-117,1.43971040798521e-48,8.82218205363041e-05,452,"R3HCC1L"
-7.80775519701633,0.0331382434521192,-0.000799340516780652,-0.0347372536622768,0.00113264694642294,-1.06959944191836,1.56643017928101,0.000755368465985676,0.0019352649323615,-0.00962898838712949,0.00565088246876749,-0.00735497387797391,0.00900286988722413,0.00950565615043879,0.0216655269516881,0.000816842360106616,0.0281268797670703,0.001799150554268,0.237054917449597,0.0475714983837695,0.000177154110242707,0.000380271972615991,0.000204581435079221,0.000441686792613667,0.000283310761372457,0.000367169500170105,0,0.126131164016934,0.327790619428111,0.21682313211317,0.528992059365596,6.42094101302089e-06,8.76248286275115e-238,2.00884019342975e-05,3.59652969002189e-07,0,1.77419126461305e-37,1.37325049533131e-148,9.11686514385517e-133,453,"R3HDM1"
-8.30993020504127,-0.0287805104653565,0.00146296192818237,-0.0663495933199358,0.00422549977883517,-0.150138708198181,1.35786239455871,0.00689655460848721,0.0113907258458782,0.00587969968199464,0.0137187319763804,-0.00977910998092437,-0.0026772732207173,0.0305533648392814,0.0687842686799991,0.00263209147550599,0.0913057374936894,0.00585057554355729,0.251021551858006,0.0485110688622447,0.000180058755559504,0.000390217598684447,0.000205087390375871,0.000455893488787974,0.000294700763873023,0.000375017924038027,0,0.675642226222267,0.578335770455173,0.46742509503076,0.470149025672209,0.549765985838902,2.10426399185203e-172,5.7459834611337e-321,2.54477816923474e-187,9.22947676395107e-181,6.1720640169288e-199,1.88208793145883e-241,9.3975395295618e-13,454,"R3HDM2"
-16.0135508339953,0.0591734228571189,0.00699991356936583,0.320814534245538,-0.0252565621809231,-24.6778557427108,-4.69018900109869,-0.0155040881717743,-0.0195286358159993,0.00635523331373721,-0.0180163618754974,0.0103138518565855,-0.0228057193632556,0.0368555807672272,0.0887939676295666,0.00335343344251997,0.128979006972549,0.00743752520485439,9.1995630523595,1.18289868506104,0.00503643277250518,0.00757740066097499,0.0060691547566321,0.00985912745575094,0.00733826445095746,0.00842833496606633,0,0.505147382055349,0.0368531608578109,0.0128702637285285,0.000684211442872387,0.00730734903154047,7.33970617530175e-05,0.00208124582677299,0.00995982603294274,0.29503663900915,0.0676428136355281,0.159875841427266,0.00681320223392566,455,"R3HDM2-DT"
-11.6137823882847,-0.0205674708279513,0.00295121974305565,-0.037896999787853,-0.00362591209461712,4.65994047093684,-1.04604625971877,-0.00510811045867145,-0.00127313746912112,0.00158137347577552,0.0102930624744318,-0.00525856678934435,-0.000657823088287556,0.0293155944770225,0.0672580398968366,0.00253971181875789,0.0865922712773251,0.0054998021434508,0.802775598133983,0.171886615950633,0.000640294086866608,0.00139854275638508,0.000719025378258181,0.00153562605215245,0.00104552149445079,0.00129152112282515,0,0.759757356096416,0.245223532156184,0.661640922010087,0.509715686760141,6.44483037080944e-09,1.1600078950143e-09,1.49016729603827e-15,0.36264773213481,0.0278545262487289,2.04401096534529e-11,4.91474983707315e-07,0.610514077029752,456,"R3HDM4"
-15.8483493317482,-0.0512548707127843,0.0105126753592819,-0.0290957000468501,-0.00588562142105112,-1.90785028599426,-1.35572563159422,0.0230656756546672,0.0236790707163685,-0.0182760984836437,-0.00736066693715515,0.0122971121085591,0.00310452780304199,0.0511244174666759,0.124098293478887,0.00439658458101081,0.153080822616369,0.0103982814865567,7.81050673542821,1.36835008490301,0.00544784251787976,0.00901123715115035,0.00601594494442178,0.0116892783855916,0.00704939565041628,0.00980388867970202,0,0.679593179531541,0.0167979564286156,0.84925618180927,0.571381091249444,0.80702391697386,0.321795967486557,2.29662747645215e-05,0.00859574818012956,0.00238198920015763,0.52889489437067,0.0810857478590617,0.751499403942865,457,"R3HDML"
-9.43765430133083,0.0130893388856074,0.00145631412194115,-0.0995374699452365,-0.000881829576121964,-0.397562133054527,1.12458975930893,0.0011260535807178,0.0127563939661891,0.00321947166341602,0.0162319165146713,-0.000275278546472976,0.00902515778183313,0.0122060830400894,0.027968180347713,0.00105407989136973,0.0359628106748074,0.002299021425673,0.365458725810633,0.0725476173891851,0.000265095986664314,0.000562658689586241,0.000302670908176237,0.000661615705158856,0.000412690426434851,0.000545206253660478,0,0.639778696479113,0.167095328089899,0.00564379908519369,0.701299136682167,0.276663919912395,3.39405980250952e-54,2.15956855679543e-05,8.53589418450093e-114,2.00756418258677e-26,6.44816243266618e-133,0.504750415154913,1.50663919792052e-61,459,"RAB10"
-10.4744500937661,0.0491469223930285,-0.00292450953555064,-0.122922930624564,-0.00846217444661611,-0.0285248270359391,-0.605673407555513,-0.0184767079958035,-0.0347878135519615,-0.00530754390788965,-0.0162098735618771,-0.000803949227935198,-0.00378419588181611,0.0230920789209529,0.0518995464958737,0.00199257590920894,0.070884090816242,0.00435042946671498,0.596745129314,0.100864402508523,0.00038939339911643,0.000852865324127764,0.00042662957725514,0.000953821150870457,0.000645652979246094,0.00077538880988673,0,0.343657906709634,0.142184929699622,0.0828932623162505,0.0517586819247165,0.961875089182886,1.91534615648412e-09,0,0,1.57243930380561e-35,8.99384996450932e-65,0.213068409374553,1.05878964380371e-06,460,"RAB11A"
-11.3566048309471,-0.296773584671615,0.00517200381374937,0.0114931688581126,-0.0336250927263303,1.3139830319836,-3.75311636353638,-0.00765933700137743,-0.0150345134804114,-0.0029248130758828,0.00244772709646535,0.0063541493658294,0.000134565714272734,0.0602328755308239,0.140242385704914,0.00512184124396275,0.173135492632659,0.0117174015745909,0.744439992040538,0.14252240518153,0.000538008732896115,0.00119380686588931,0.000612907911334242,0.00132979595859488,0.000853346740654998,0.00110747766669016,0,0.0343322581683349,0.312594064910846,0.947073293163932,0.00410898506958351,0.0775532806135831,7.92764198369016e-153,5.44185507199125e-46,2.28531860572937e-36,1.8238108513089e-06,0.0656686570950583,9.61022248279041e-14,0.903289881496224,461,"RAB11B"
-13.3502720507591,-0.152481491856215,0.00285218274910902,0.0898237519547595,-0.00101190466413948,-4.36460508354254,-3.52980432843617,0.00558514312358819,-0.00739771936806212,0.00105254632874711,-0.0136907608801263,0.0254522406445362,-0.0157355609901223,0.0351775277800716,0.0813973632484924,0.00300445828084637,0.102038706404303,0.0067559160350731,2.59437112420623,0.413136481885902,0.00161720704681976,0.00331174789185163,0.00175571218690433,0.00385879681216982,0.00228156907034924,0.00311944145897244,0,0.061027289863492,0.342459506792265,0.378701702535887,0.880937773228262,0.0925036186026414,1.29745838874389e-17,0.000553211879874928,0.0254974892703354,0.548840697524265,0.000388263792474578,6.72480568304773e-29,4.55060724245018e-07,462,"RAB11B-AS1"
-12.0608459258792,0.00179598056660294,0.0044370848700268,-0.0359076586583082,-0.0088485687025386,3.7018663833356,-0.216776326611178,0.00780212737260863,0.0144126969904227,-0.00479127414562562,0.00265041414097577,0.00318827724151654,0.00803214299039494,0.0238540181279902,0.0551819309949835,0.00204090734195193,0.0701008058573619,0.00460766980218711,1.25478996923155,0.254731836117184,0.000944897575745135,0.00192011760701774,0.00107747329613478,0.00226769473120684,0.00141403182836016,0.00188627701181948,0,0.974036207288275,0.0296995310702812,0.608490819291931,0.0548074041186905,0.00317580559499602,0.394770368834622,1.49236384366554e-16,6.08901372569738e-14,8.71717546848596e-06,0.242496209074531,0.0241495149094191,2.06080410067269e-05,463,"RAB11FIP1"
-9.47386366039673,-0.0174872878507713,-0.000300366668340192,0.0434132485305625,-1.32921151717482e-05,-0.825454146378619,0.118077875583764,-0.0225511176593929,-0.01712102454753,-0.00297182332783053,-0.0133964528165734,0.00227144055448959,0.0032379235387835,0.0190347174912512,0.042680013683848,0.00162625933642006,0.0567600353467013,0.00361035466144942,0.403111346299463,0.0709083456449015,0.000269249571174813,0.00058899119928991,0.000300274541660587,0.000668099517559259,0.000426730990393257,0.000544906343905501,0,0.682003920146636,0.853466001090734,0.4443573502016,0.997062463244928,0.0405886638481583,0.0958692090373792,0,9.01258774549514e-186,4.28861000157692e-23,1.95524384114412e-89,1.02133572078871e-07,2.81281654659358e-09,464,"RAB11FIP2"
-9.41653906169625,-0.0428179710861181,0.00234508545549976,-0.190519393663515,0.00153333217077911,0.948546566880655,0.409070314432381,0.0233393415041823,0.0329150479671401,0.00649860404034133,0.0299015166504061,-0.00755822809211274,0.000268828172995061,0.0280522522408975,0.0638009058999444,0.00240469266164929,0.0808690028626928,0.00524823871774584,0.333828261295793,0.0702464903457488,0.000253582817530187,0.000537394792251486,0.000288715951009709,0.000642658389684472,0.000405120813649355,0.000528262828906803,0,0.50214501430434,0.329455045812372,0.018477823672835,0.770163310500984,0.00449130055476577,5.76775447274021e-09,0,0,3.41572104827174e-112,0,1.11347470743405e-77,0.610828663639933,465,"RAB11FIP3"
-9.3538607816663,-0.0702840686493456,0.0049629080989975,-0.0253512999194858,-0.000584485038770707,3.12572137693007,0.869981891097644,0.00933887250537504,0.0138259811515216,0.00109508295269706,0.0239036300716218,-0.00955479432870582,-0.00425953717854544,0.0413567563969895,0.0946025268745428,0.00359279274230728,0.119652607340479,0.00783347432761255,0.332459141814073,0.0695754014172804,0.00025578993116133,0.000558244161837303,0.000289273051978189,0.000638182935299898,0.000419068875778166,0.000529201071252694,0,0.457517576125276,0.167171042683028,0.8322051825745,0.940522019111025,5.36267319989035e-21,7.0845495367226e-36,7.71545142763113e-292,2.03852581060552e-135,0.00015331494796208,4.83941086133539e-307,4.57914900270332e-115,8.34761396701418e-16,466,"RAB11FIP4"
-11.4416833932916,-0.214255314689216,0.00446861105755488,0.00164578471967845,-0.0134515335939562,5.8616253344627,-0.183613188272123,-0.00538358805541644,-0.00337787838475846,-0.00259231366759382,0.0107636940877124,-0.00902225098949964,-0.00760753867765283,0.034982343881923,0.0791105653444906,0.00295930766487175,0.101817396606973,0.00661285627534256,0.82835138119531,0.1683056783824,0.000622653800046843,0.00136949173697457,0.000705972905330177,0.00152110146034599,0.00105199228817803,0.00126891560515988,0,0.00676284202909355,0.131038553957411,0.987103490350037,0.0419365959306258,1.48102576611291e-12,0.27529460073661,5.32436854071548e-18,0.0136433213233887,0.000240684821500377,1.48107656393432e-12,9.79337274191317e-18,2.03101313648165e-09,467,"RAB11FIP5"
-10.4347909299597,-0.0212118962508558,-0.00150817855270531,-0.025870427724829,-0.0110615658524399,0.111578597807457,0.680870119483596,-0.0111246164020862,-0.0137508109075259,0.00193952349594709,-0.00721128465509815,0.00501718237679711,-0.00201873400009219,0.0211222360177205,0.0476792123819467,0.00179727045106807,0.0622365212631548,0.00396878265890417,0.60215301148613,0.103195543008052,0.000385416804248551,0.000825951844636992,0.000427093761997819,0.000959999821821265,0.000603713046344255,0.000775245179294328,0,0.656400894968972,0.401385436550134,0.677644759393053,0.00531749649992032,0.852994200704163,4.17124682080873e-11,3.39501234596069e-183,3.10586082261552e-62,5.59316420170891e-06,5.83393426086063e-14,9.52662724115292e-17,0.00921442988985617,468,"RAB12"
-10.4052061922778,0.0111956493339918,-0.00506172769568111,-0.0381647021226586,-0.012206201846595,-4.66607860180632,-0.168197457628308,-0.0264345070393342,-0.0398586953642983,-0.00509676789344766,-0.00749384754594388,0.00145024525917813,0.00481831700356378,0.0251084230405237,0.0563511912482878,0.00216559540086094,0.076542786948274,0.00472390465471428,0.588671880298871,0.0949465538533984,0.000366745253891565,0.000805259395789873,0.000402642826356361,0.000905025710602626,0.000592663403280547,0.00073299701014211,0,0.842515920479506,0.0194216336020182,0.618056891865096,0.00976838422829021,2.25498215783428e-15,0.076478227054448,0,0,1.00673892128153e-36,1.22907371306777e-16,0.0144052247567158,4.91635756763153e-11,470,"RAB14"
-10.6956110989707,-0.0632088584303367,0.00266320758925271,0.0758540258214212,-0.00750739617550221,0.690448735618746,-1.13331181748853,0.00458445882527721,-0.0120104213366829,-0.00567694568006027,0.00133635851289331,0.00647577981470034,-0.0209063556949192,0.032304103523404,0.0734432323219197,0.00281257806377682,0.0965813683400746,0.00614807471872898,0.65818452404536,0.114906607832467,0.000442586898644842,0.000963610987057664,0.000480326028732755,0.00107659167204712,0.000675670668448294,0.000866246545733254,0,0.389431285025626,0.343693829141228,0.432225033458248,0.222049259688689,0.294168909233997,6.02855934185986e-23,3.83621937503431e-25,1.17374131029204e-35,3.11582202072163e-32,0.214499997105774,9.31542232932624e-22,1.08839136393392e-128,471,"RAB15"
-14.4506958955334,-0.0456897595240453,0.0053887864363765,-0.00961089238484168,-0.0145679967078957,9.33236468092336,-1.06822640933957,0.00586798580817933,0.0232406433019891,0.0020855437792052,-0.00839067086495096,-0.00612620067054548,-0.0330841584589529,0.0271971895362935,0.0673613202005597,0.00240086389809103,0.0847256209101195,0.00557848102876046,3.13373778309841,0.693785823384281,0.00265239566063846,0.00464611873045558,0.00311443865580547,0.00546629257445228,0.00400727721089335,0.0047833322961091,0,0.49759489931662,0.0247989796411226,0.90968530375925,0.00901557475097845,0.00290107723216833,0.123631958292722,0.0269435771109197,5.66906193593578e-07,0.503089135287676,0.124787793143541,0.126321751145744,4.62774130397528e-12,472,"RAB17"
-9.94018191836839,-0.000237580191244984,-0.00464845532181053,-0.0963751463303401,-0.00872114823713382,-4.0542632121087,0.451328311336341,-0.0148146967613602,-0.00984278714041883,-0.000768741110403961,0.0014701344701502,-0.000539212317147231,0.00598710749384037,0.0243603587360037,0.054746597444564,0.00208074462513846,0.0724925711393873,0.00455288788541352,0.480843019985002,0.0805437037519495,0.000298616238260658,0.000643346315035534,0.000336152155880673,0.000756620228437138,0.000476580114106179,0.00061213264661737,0,0.996537483964064,0.0254808017480141,0.183700016891047,0.0554262088659229,3.41048298992712e-17,2.10041017293983e-08,0,7.72116758320005e-53,0.0222025732999642,0.0520127464299433,0.257878318277603,1.36217057586298e-22,474,"RAB18"
-14.766634228451,0.0316461615319568,-0.00101019638445664,-0.238304769580024,-0.00738196119858346,-1.96031683653669,0.589389969040507,0.0145509611144395,0.0329472070764825,0.00544398185745337,0.0174100908381644,-0.0033987709098725,-0.00489910567253444,0.0362449633795948,0.0876491692037018,0.00313072607658078,0.108385394081622,0.0072177144155667,4.22707612431885,0.767731641576858,0.00283090687243213,0.00509149318725747,0.00320469549281246,0.00649747093455162,0.00402528920772175,0.00534553804335066,0,0.718058411068394,0.74694396440184,0.0279007028687522,0.306423195480452,0.642825126619012,0.442663587983186,2.74686931670797e-07,9.73368622475919e-11,0.0893659811647797,0.00737282217078346,0.3984713601158,0.359412547902401,475,"RAB19"
-10.0777602464815,0.0625632254408948,-0.00517982321679137,-0.172865795007974,-0.00610632220765013,-0.15360639773732,0.792640698251093,-0.00750457269899679,-0.000543564446916781,0.00255357441831739,0.0102746139695513,-0.00310211087321292,-0.000765748950282192,0.0326198879333331,0.0741646774846642,0.00278781109612493,0.0971074843153529,0.00596866192421464,0.466022320092151,0.0872422941548408,0.000314507301770224,0.000674812468077838,0.000361301838035334,0.000796580152903871,0.000508644899596977,0.00065281181327293,0,0.398908766026284,0.0631654384770717,0.0750515726629589,0.306277660866656,0.741693399444141,1.03214056886405e-19,7.71845191657175e-126,0.420528638647457,1.57518174175607e-12,4.59505592338748e-38,1.06884291938731e-09,0.240795379799151,476,"RAB1A"
-12.0072128435617,0.0851922615265894,0.00332017292793374,0.0542579143943759,-0.00829250975584059,4.62924752579164,-2.2238441791022,-0.016615212278736,-0.0218405255574149,-0.00185870769865468,0.00894688325361574,-0.00194861796339525,0.00925093917681376,0.0300619539226128,0.0686281317199349,0.00257132627927768,0.0882893951562714,0.0055298174369907,0.868671898703805,0.196283965547661,0.000746600972910198,0.00163328274838632,0.000849985249621489,0.00173860893066132,0.00120469578614914,0.00148467407431891,0,0.214472552426873,0.19662403017331,0.538854437753513,0.133718257342673,9.86955704098784e-08,9.34933282958124e-30,1.02082900633134e-109,8.79439383408979e-41,0.0287605684690797,2.66098037735828e-07,0.105766362197308,4.63596625518232e-10,477,"RAB1B"
-15.5669807028962,0.308727936077315,-0.00242948488073442,-0.0932907428445283,0.00363131896375612,4.12342892570542,3.3697399626851,-0.0181719446296903,0.0036399216866839,0.0213536165839436,0.0156651957010113,0.0076272401570796,-0.0379726945894071,0.0639148275121723,0.154202736100983,0.00570204975838153,0.194459469542975,0.0125196170420678,5.65988501414023,1.16621261608216,0.00434701008217245,0.00832956171558236,0.00502245767445161,0.00928899134666028,0.00576199659315564,0.00775657330960307,0,0.0452749272095589,0.670055237136248,0.631409513345925,0.771777739513078,0.466285654614856,0.00385888042686202,2.91084010151749e-05,0.662119774588844,2.1222312130319e-05,0.0917137940695178,0.18559778191159,9.80310253477565e-07,478,"RAB20"
-10.4594166773795,0.0329426464414948,-0.00354026855147231,-0.039182233869305,-0.00990460995570728,-0.370809274997165,1.28926005859156,-0.0247707887989,-0.0318974734655887,-0.00311518091172251,0.00281314637372869,0.00258199381271945,-0.00519034231374595,0.0298164239453766,0.0671190472879563,0.00254917036493984,0.0903049285137624,0.00557246572500673,0.596221484306365,0.10670485158387,0.000398959718760229,0.000872385694882113,0.0004492935935181,0.000986660149961934,0.000632008127683798,0.00080716025864738,0,0.623561396801309,0.164895872356091,0.664369701465889,0.0754992237326185,0.533986521945413,1.30704448395142e-33,0,1.08820536771892e-292,4.10529477579435e-12,0.00435572088341034,4.40046043821627e-05,1.27290386255116e-10,479,"RAB21"
-10.4628337417493,-0.027706426923934,0.000674062074458885,0.0287534918716898,-0.00145220661977793,0.181352247677111,0.196097936653328,-0.0165177669516177,-0.0119295029876473,0.00203286761676741,0.0114996208340616,-0.0030520091937277,0.00686718420850259,0.0210410978583778,0.0475977380286438,0.00180426826667081,0.0612773675159836,0.00402142774371027,0.597424078827785,0.114654920270554,0.00043211509939557,0.00094440303302917,0.00048790513966055,0.00106002120028301,0.000694411500200603,0.000878197767061079,0,0.560502387113088,0.70870710969009,0.638901596752712,0.718011855763191,0.761465432644387,0.0872045660223319,1.06668772937125e-319,1.41028890336211e-36,3.0928172848066e-05,2.02764974603072e-27,1.10720883442742e-05,5.29775768725162e-15,480,"RAB22A"
-11.9064573509566,-0.0747841875729054,-0.00205860515451368,0.0600725855226708,-0.0112561587914024,0.0224935713021107,0.955047014791986,-0.0129847404322994,-0.022902758648611,0.00779085102117676,-0.00562647182236125,0.0065160492931119,-0.00236112240089199,0.0258667467793305,0.0588128165019897,0.00221578284299832,0.0781754468694936,0.00501493006767051,1.3513787378184,0.234558348061337,0.000885442474319978,0.00186431556890239,0.00098610125128189,0.00215626689557212,0.00139558049221674,0.00175843921179657,0,0.203528513506687,0.35285566644565,0.442230039325674,0.0247983490317698,0.986719900152688,4.66748627054802e-05,1.08509744635647e-48,1.09304337999505e-34,2.77429764560752e-15,0.00907123413620204,3.0258075337465e-06,0.179356963567325,481,"RAB23"
-11.9109785660217,-0.0722279750665998,0.00361012570554856,0.202164842590802,-0.00679941437300668,-14.1260357161287,-7.08244524857713,-0.0191917278722602,-0.0398859038794572,-0.00925687138691177,-0.0554400719790819,0.00773955294570553,-0.007657697279768,0.0369557726062542,0.0826659726151242,0.00313443320499059,0.112737568392062,0.00710427228963911,1.32213701047642,0.175821360379307,0.00074339933321463,0.00164323871949638,0.000778877417352016,0.00179150440720095,0.00119290129504904,0.00139215763310518,0,0.382263762039471,0.249418277417385,0.0729355130096611,0.338522796183817,1.20626562558137e-26,0,5.837221224411e-147,3.80496723723222e-130,1.41823926559164e-32,2.86704332700994e-210,8.69787596490187e-11,3.78508714071823e-08,482,"RAB24"
-15.5008222361868,0.254369585766271,0.0142290867528907,0.0631473723101847,0.0202305650807812,2.02412536967156,-2.90869589474031,0.0343108734414074,0.0715919985358176,0.0161040056974251,0.0322994296573843,-0.0205549813632334,0.0128836326194426,0.056915977708705,0.13452314015292,0.00493734370699226,0.181553370145687,0.0110555624927624,3.99705401782147,1.07858289140139,0.00383596974493442,0.00706413492343349,0.00458804132844156,0.00859436865155871,0.00596947117709682,0.00743052609895911,0,0.0586379127494297,0.00395245546772187,0.727977523415741,0.0672650114883687,0.612572851682552,0.00700144591429652,3.73600283417766e-19,3.88061094275217e-24,0.000448113807211555,0.000171134227911583,0.000574554226369598,0.0829395676170591,483,"RAB25"
-10.1641668221812,0.0134596878358104,0.00404502683195646,0.153382046409907,0.0104214065026672,-3.77884822242333,-4.93623721340108,0.00983225947440631,-0.0010656513488863,-0.000761463131834506,-0.0157051382949653,0.00796611423431748,-0.00825178518758703,0.0269474663943937,0.0615655375754148,0.00229923158160827,0.078250906011031,0.00506888760686657,0.531819938902921,0.0890449881649601,0.000346742169269483,0.000755070279758021,0.000382040346546416,0.000867616456756271,0.000556136906562061,0.000702768550300133,0,0.826943161368398,0.0785274001709002,0.0499804512276426,0.0397868219196722,1.19885017818939e-12,0,7.03691166297225e-177,0.158148108981136,0.0462451918849257,3.10242772039704e-73,1.54905478875423e-46,7.77896668243328e-32,484,"RAB26"
-10.207404397858,-0.187395904971987,0.00327034031274538,-0.104534872867026,-0.00525981665309024,2.81983300283175,0.209317298475783,0.0038828296450732,0.0107558948119994,-0.000172370374222696,-0.00941688723184577,0.000220195446831785,0.00761320328108637,0.028912686066464,0.0655353290841325,0.0024417171069968,0.0817999922433364,0.00536492505679784,0.605712588976031,0.119176814062431,0.000438091504034484,0.000939466808677509,0.000498665813690576,0.00109845015009881,0.000702759044406665,0.000903581379515063,0,0.00424357769944007,0.180453226337469,0.201273209052375,0.326884651272147,3.23355906554858e-06,0.0790270880950278,7.78502729416989e-19,2.38051048198465e-30,0.729595913809159,1.0092394071209e-17,0.754030008270358,3.5894698703735e-17,485,"RAB27A"
-9.895780269091,-0.0449289864577663,0.00346256970713235,0.182800759708932,0.00781172423084579,3.0238198537457,1.88286700403133,-0.0279582217169643,-0.00948580704693316,0.0104373930068041,-0.0146149509814974,0.00920756377697805,-0.0188386916971804,0.0364558901950386,0.0839474907090194,0.00315155869101243,0.104430163002688,0.00692927906224649,0.676001951598595,0.136530407787164,0.000513944389468763,0.00113060472570728,0.000590956093681768,0.00126537206763141,0.00081772691407229,0.00106063955453944,0,0.592509182469211,0.271905564144905,0.0800390752457047,0.259594439873748,7.70960895255634e-06,2.89429647697155e-43,0,4.86020034696602e-17,8.24536827079795e-70,7.38859013272173e-31,2.06877175042937e-29,1.40095771846448e-70,486,"RAB27B"
-9.25449134263199,-0.0290176437158763,0.000779481803609251,0.04834442032516,-9.15049780112763e-05,-1.911988550284,-0.138319536264939,0.00123985709566899,0.0163700304516626,0.00595669030460763,0.00932492274549099,-0.00150201919271315,0.00264291237354967,0.010862971162298,0.0247858791689088,0.000933927785950367,0.0316130825870932,0.00205275813745467,0.385415501407573,0.0754186227232573,0.000277258644692982,0.000590881542899123,0.000321786106123732,0.000693273192473537,0.000443383433523858,0.000575231558010171,0,0.241706164304011,0.403927479320727,0.126201587757873,0.964444794756789,7.01853193033519e-07,0.066650486476365,7.75483977954561e-06,6.1765148794158e-169,1.6730352048895e-76,3.05489445568957e-41,0.000704991989230537,4.3374842376569e-06,487,"RAB28"
-12.9509463940968,-0.0524582205454663,0.00699349097638801,0.0946302447922526,-0.00255363272527369,2.30979254634556,-3.01866315408503,-0.0103567121309123,-0.0199170973782644,-0.0102696544706437,-0.0158481920141496,0.0141856024476064,-0.0341832978726049,0.0288226188388865,0.0652557062866547,0.00246192303422403,0.0850534938378073,0.00561503011314862,1.90913747861985,0.335534521308274,0.00133373693275949,0.00281934828477677,0.00148071536864687,0.00309176388945308,0.00202570572914769,0.00257790458678704,0,0.421462180281843,0.00450200137701274,0.26588163683483,0.64926376179692,0.226331919424663,2.32858424683768e-19,8.15270518440478e-15,1.61273001861704e-12,4.0449105561464e-12,2.96059009246332e-07,2.50905396183108e-12,3.94318016405875e-40,488,"RAB29"
-8.99889051839349,0.0417472839164523,-0.00131111050530209,-0.0361235229748678,0.000479030357309263,-3.34750991758962,-0.274562543851874,-0.00538663713724613,-0.000749811852492129,0.00125013319963454,0.0160794675759255,-0.00523616703844094,0.00588771760896136,0.0170995056542672,0.0390026462048755,0.00146679269982642,0.0494957527381883,0.00315251837728085,0.308074349626646,0.0586950409565953,0.000216038485931316,0.000469074887062328,0.000249082402518519,0.000545747480765061,0.000352789517642555,0.000451439762156163,0,0.284452549320265,0.371395640701131,0.465493638063231,0.879225073370238,1.67533921911168e-27,2.89996106210882e-06,3.20925224265549e-137,0.109933809756384,5.19535013395059e-07,8.52985138841681e-191,7.81686425717741e-50,7.04984920160504e-39,489,"RAB2A"
-10.9505110026362,-0.00918655698489587,0.00266003850729829,0.0672795606887245,0.00568275169991562,-1.76320083153573,-2.01511382813612,-0.00586664218273796,-0.0204205866371948,-0.00824028935506133,-0.0106799399918743,0.0013394044543019,0.00477076767901624,0.0189275940421089,0.0427754071861244,0.00162580900530459,0.0558365818231718,0.00358311751771169,0.752374283193551,0.124553868963805,0.000486957127050581,0.00105552063497787,0.000531358555091348,0.00119086850037576,0.000791370935543973,0.000969878376492218,0,0.829952425728921,0.101811916894579,0.228227642286441,0.112743911155882,0.0191029659551765,7.1338073700369e-59,1.99791469649399e-33,2.18337279966774e-83,3.064425837299e-54,3.01415228681688e-19,0.0905484784466534,8.70168210419831e-07,490,"RAB2B"
-10.9493484830848,0.00701951867609379,0.000502753747431813,0.0745611866125725,-0.00834390473288653,1.87527358318528,1.91841147330829,-0.0029606170205652,-0.0267162106179069,-0.0119397883039057,-0.00300879240414721,0.00904902998939136,0.00145862152407975,0.0169380240560026,0.0385291309225956,0.00144622349727875,0.0501399648066585,0.00321733449541661,0.820040194304554,0.147679497797511,0.000556890334585053,0.00116808004729559,0.000610064845608897,0.00134631506279279,0.000838947230677074,0.00109828855844939,0,0.855435732368247,0.728116477110877,0.136998698601358,0.00950262056247064,0.0222070959650235,1.3875271480431e-38,1.05876635153116e-07,8.84941666879535e-116,2.71434098205729e-85,0.0254281645665173,4.00105783264753e-27,0.184149738299736,491,"RAB30"
-9.77616113867325,-0.0365578465288331,0.00319734001861326,0.00217630316275984,-0.00482236797783188,-2.33893956984202,-1.60754830875768,0.000873475887872686,-0.000738583511518643,-0.00390883227015396,-0.0160652890026247,0.0042199284146728,0.00342280306805142,0.0178334294906478,0.0404613907073004,0.00152813845753468,0.0533074383417438,0.00338856892481744,0.470510152152488,0.0797232320737626,0.000303676315551354,0.000650998474308059,0.000336131419811254,0.000763236575332082,0.000481615959731697,0.00061594416249526,0,0.366247739182577,0.0364107561554346,0.967435005176062,0.154698996249943,6.6583914402827e-07,2.02339989491211e-90,0.00402317971396257,0.256568296525923,2.93925375437791e-31,2.34057507022962e-98,1.91783145610549e-18,2.74447297931403e-08,492,"RAB30-DT"
-12.1872124094263,0.126131338155769,0.00640067520313222,-0.131742929004356,-0.0184398439194147,25.4961096944049,1.68770317501002,0.0481840994102285,-0.0664459048558891,-0.0324031403896084,-0.0268593034683086,0.0208027976894062,-0.0890855118508845,0.0540249653954697,0.123582315607055,0.0045161008880449,0.1518196514681,0.00979132374097458,1.53544759180349,0.313373517777915,0.00121252633665337,0.0025280752498989,0.00128940980892355,0.00289428691388224,0.00197720978736341,0.00243354979193505,0,0.307431613756707,0.156394884793112,0.385526062724004,0.0596618825507406,6.41184575667035e-62,7.22049688829295e-08,0,2.98469003946433e-152,2.32597552054927e-139,1.69302293638481e-20,6.89233398681671e-26,2.19478243549351e-293,493,"RAB31"
-14.0090019261231,0.0760038818861586,0.000111250453639672,0.0371519900988706,-0.0102393466264062,11.9654418635342,-1.4328351684822,0.0127697090582262,-0.0416357030075926,-0.0194542502560962,-0.0574281187807672,0.0183835917446434,0.0182897486248609,0.0487762433523235,0.109499313413152,0.00410199694063137,0.143693628116341,0.00944302782619757,3.47646926035891,0.59000950243812,0.00240879648940963,0.00479612465196292,0.00244850953019242,0.00549905463521423,0.00361163823539548,0.00446839418227161,0,0.487617159504758,0.97836318750188,0.795982452144783,0.278219059199633,0.000577777468592346,0.0151616312030384,1.1499241124104e-07,3.91912416619186e-18,1.93652780278278e-15,1.57295151408443e-25,3.57878934089199e-07,4.25576482769332e-05,494,"RAB32"
-14.2202836400285,-0.0258486678217366,0.0030534231335733,-0.232234644466932,-0.0115192268760643,-1.39509021294063,2.88493886859571,-0.0135167544453195,-0.0379895646911268,-0.0116385200027564,0.0126698728254319,0.00359611460975051,-0.0160797754429678,0.108272243916308,0.254586936566101,0.0090119319053777,0.31470732560549,0.0192427298417511,3.23182202631616,0.630228081792235,0.00224410177800672,0.00484405132576857,0.00244721821767956,0.00546077337938348,0.00344483663653363,0.00441888690368002,0,0.919128321794716,0.734745303160145,0.460551836208418,0.549421326730153,0.665979115423214,4.7031670827602e-06,1.70963952420606e-09,4.41596789918533e-15,1.97646250431257e-06,0.0203321754099726,0.296524989966813,0.000273832060214456,495,"RAB33A"
-12.2905440573487,-0.059294334811859,0.00266287210565458,0.0664634932778367,-0.00928736822071588,-1.06819064974967,-0.600107272320981,-0.0203064600354023,-0.0224798998824244,-0.00661261706519985,-0.0168794632784382,0.00203619585194677,0.000874443483570947,0.0351269919751452,0.0791114443408368,0.00302616499400785,0.106249546066907,0.00682373479782699,1.49681992860195,0.248095979542981,0.000962896945041841,0.0020883450856409,0.00105298348001891,0.0023464015689962,0.00152350791843469,0.00189886124468032,0,0.453553558461669,0.378886715353997,0.531615764028803,0.173501409705487,0.475449785209983,0.0155696052380456,1.00522974856742e-98,5.06595670142501e-27,3.38819616445694e-10,6.30282885156569e-13,0.181380000573953,0.645150614170259,496,"RAB33B"
-9.82333152797728,-0.0817176391708092,0.00487060756072957,0.0780152309565108,0.00613296807018856,-5.41448728711607,-1.39120012204047,0.0150789940547228,0.045814731539402,0.00559660615258583,0.0273724952104325,-0.00655522553254932,0.0184312856657878,0.0334223145539274,0.0760824558219152,0.002848618840191,0.0948339348668354,0.0063846883569218,0.572954079302868,0.118953158821475,0.000436284870550824,0.000939739647562595,0.000515678946803393,0.00111315627081614,0.000722061619286989,0.000926675510614783,0,0.282792747336948,0.0873003261016555,0.410706489956242,0.336766214874242,3.38428462069155e-21,1.34613718491707e-31,9.32561809361923e-262,0,1.93220660921863e-27,1.6166823467473e-133,1.10096638379281e-19,4.99862599762421e-88,497,"RAB33B-AS1"
-12.2426997393647,-0.0760676802072242,0.00311310368271871,0.00635834316996994,-0.00622146110352456,2.22163165445304,-1.69298120205918,-0.00314924720691363,0.0043419951293841,-0.00101434680633255,0.0247983024806636,-0.00476612136041844,0.00384364674736631,0.0348641629935806,0.0795632967389961,0.0029976813379564,0.100479507013276,0.00665647076312836,1.13930625673717,0.236044983200518,0.000880475261166207,0.00191136630843893,0.00101122221729633,0.0021257022688794,0.00140763321286446,0.00179096319670462,0,0.339039415761431,0.299035532594595,0.94954354179609,0.349969422252638,0.0511777454411201,7.37577694162004e-13,0.00034788154228757,0.0231063979946864,0.315817480942915,1.90303004978457e-31,0.000709422809252942,0.0318623010195723,499,"RAB35"
-12.3535160803526,-0.155009552357982,0.00521802017669765,0.099506563914175,-0.0101006240621556,1.12932081442426,-2.11614561555709,-0.0076503168228762,0.0112144170039278,-0.00019362244652493,0.00168359596330526,-0.00796665875793055,0.00229504286113114,0.0373446254859866,0.0861604606427184,0.00327722756899339,0.110626937998174,0.00705634453390884,1.2766757828572,0.24497538462908,0.000925434471616566,0.00200809032226628,0.00103464327195346,0.00222570644211108,0.00150258861916797,0.00183975007750964,0,0.0720060436876463,0.111338509283139,0.368397786599512,0.152308606471642,0.376383641017422,5.71071187057797e-18,1.37683407956225e-16,2.3421468713138e-08,0.851551393607736,0.449390123661902,1.14568452865764e-07,0.212223255270437,500,"RAB36"
-14.1094614899705,0.290235120962284,-0.00327382726929155,-0.966151492181636,0.0106008568790152,8.45570452415976,-3.44280398439502,0.0193869118768939,0.0498263637996857,-0.0010943526103543,-0.00769197983801636,-0.0207171162945303,-0.00275951813268447,0.107534751104276,0.272900332381649,0.0098371647287692,0.290713972868153,0.019453111364373,2.64356256113157,0.687465601998985,0.00248403779004011,0.00519535037192265,0.00288337649783819,0.00589517233760386,0.00404273762143282,0.0050281839747035,0,0.28754593539753,0.739283811883215,0.000889353338100618,0.585792013413967,0.00138095666429223,5.50084050787004e-07,5.96923626047622e-15,8.76009588010731e-22,0.704287963709906,0.191963329609699,2.98286310295636e-07,0.583135780647276,501,"RAB37"
-15.4963579953246,0.0738899669185939,0.00075557304561941,0.134481921408655,0.0103887697883263,-6.49345194421016,-1.24633826593384,0.00561142766007072,0.0082795043747787,-0.0142953903112915,-0.0104150075875605,0.00661160578625942,-0.0344339599795842,0.0433521962901889,0.108112734312497,0.00387008081171516,0.140414368733839,0.00903220632903388,8.45497662315124,1.33104642445058,0.00521881120983243,0.00844405130943752,0.00610715356500062,0.0112188967678191,0.00728634457754531,0.00964672547675975,0,0.49432067270209,0.845209421485035,0.33818862274536,0.250064876780931,0.442485084092175,0.349088006245624,0.282271314070481,0.32683282178402,0.0192444531230333,0.353228598387813,0.364196998649491,0.000357666983355082,502,"RAB38"
-12.3157405759268,0.0681037522211564,-0.00550961852987848,-0.0916208455482974,-0.00888116561618683,-3.48478817105134,-1.97844960296971,0.0231660051239642,0.00452468645588527,0.00342419301079927,0.0239835945745409,0.0159691750072465,-0.00344328611059632,0.0320634863015614,0.074264868667225,0.00281691920337093,0.0974042784758544,0.00610682997962692,1.70577726952426,0.3174327500266,0.00118985696859045,0.00242664998519347,0.00137173067758373,0.00290213197731626,0.00180000005129279,0.0024052454095082,0,0.359122406255894,0.0504766735080857,0.346897349375292,0.14586302446129,0.0410591002640029,4.58588153901205e-10,1.98929209840372e-84,0.0622401003246494,0.0125511448702784,1.40717753805497e-16,7.1996464851855e-19,0.152265856071135,503,"RAB39A"
-12.2925075061794,-0.00588186333192027,-0.00254368270436109,0.0158666535682361,-0.00903919584037958,-3.99788450018964,-2.16239112351538,-0.0225744502640735,-0.0280221522521056,-0.00297722373914789,-0.000461892382818188,0.00927206728171158,0.0119653529535011,0.0227475231649222,0.0515568608095105,0.00196099998483012,0.0685718317792713,0.00439580711567627,1.36846098642079,0.234868005227304,0.000924425992753425,0.00195375131319269,0.00102775168947947,0.00216986741904872,0.00138782833498013,0.00179170752073858,0,0.90917043027886,0.194584567245293,0.817013901651827,0.0397514680460194,0.0034841097413229,3.3588040570659e-20,1.04963537089385e-131,1.18286840609205e-46,0.00376951840385381,0.831430984861175,2.37333361463423e-11,2.41920767988457e-11,504,"RAB39B"
-11.6256331681416,0.243241163790029,-0.00349788010897946,-0.0313260222536778,0.00477652285404684,-4.49651875434883,-1.85469985782842,-0.0217800889192136,-0.0422351279787176,-0.00196453588415126,0.0227766626493172,-0.00671481875020068,0.00372517925913704,0.0478171515326978,0.107443328150882,0.00413557250394555,0.144341823699772,0.00869570372954238,0.824519113624526,0.161092459363232,0.000626027299042184,0.0013932545902619,0.000705104720748943,0.00150567514344597,0.00106252542005876,0.00125570119695296,0,0.0235801438931438,0.397662587070935,0.828187577242706,0.582801734003486,4.93866761333946e-08,1.13115825673699e-30,3.33251586637542e-265,7.49490221683306e-202,0.0053336231118189,1.07143977461874e-51,2.62108514592006e-10,0.00301099876651821,505,"RAB3A"
-14.1768488513511,0.242922436570009,-0.051186684757251,-1.32702044700515,-0.0449791567710887,-27.6830546379036,3.18444592006093,-0.0137990311099597,0.0584995574794249,-0.0952307550940811,0.130336302371125,-0.0481784596747849,0.0509457152826305,0.279690868235328,0.789771687232458,0.027642450289286,0.778835053108539,0.0614032183399425,3.80824518996558,0.692950684242286,0.00269217900440462,0.00557313325519521,0.00297361996153966,0.00646394329870926,0.00366540665096786,0.00522659698810183,0,0.758397641972578,0.0640628872426516,0.0884085522419619,0.463850531843205,3.61511135869308e-13,4.31739535243451e-06,2.96592625541674e-07,8.9444357833352e-26,4.86392159328417e-225,2.04492944534526e-90,1.83989421192491e-39,1.8925891146515e-22,506,"RAB3B"
-8.82290863534906,-0.0141068011898942,0.000205859550547791,0.183391540802484,-0.00464241427228061,-0.629103147593473,0.431137847473198,-0.0220175329288787,-0.00502530102583686,0.00772390547311893,0.000554221545013416,0.00292619299840103,-0.0147819809110439,0.0299623672264546,0.0685139349767359,0.00260742887829717,0.0892274811314775,0.00564642209834476,0.373861800578559,0.0740688804599742,0.000276915431238843,0.000606073289131848,0.000320947254034087,0.000686916898928644,0.000440072216769481,0.000573642178041058,0,0.836871511186311,0.937071465531991,0.0398475504719511,0.410970534183402,0.0924301274213132,5.85774625898936e-09,0,1.11760344266965e-16,5.68164174082337e-128,0.419767466274875,2.94395630514954e-11,1.9926667126789e-146,507,"RAB3C"
-11.656984466072,-0.102506750498511,0.00697939691884777,-0.0346291836950113,-0.0048543587234638,3.83738518166651,-0.69602895089058,0.00898033469717797,0.0193019584298194,0.00611358243473826,0.020935014466392,0.0037712898667817,-0.00488263260001576,0.0352181738310257,0.08095598329023,0.00306980482994855,0.101243241145123,0.00670795531444141,0.868860902167718,0.189454054659918,0.000695953987215359,0.00149680055550955,0.000784816474171552,0.00170027235667594,0.00104920640244972,0.00141659612686916,0,0.205440229872412,0.0229922302914226,0.73232119517879,0.469267192455833,1.00279336439971e-05,0.000238907360753355,4.29368488587873e-38,4.77295295405654e-38,6.71024442599924e-15,7.73500828006751e-35,0.000325113366382912,0.000567403144925039,508,"RAB3D"
-9.07453063777337,0.0401533197350971,-0.00378286506627034,-0.0765651871037654,-0.00938107327946011,-2.06820599644157,0.591496915429648,-0.00842668804949238,-0.0109892283715923,-0.00758179922947145,0.000169956778533653,-0.00515241694998576,0.00361180020746924,0.0314213116975917,0.0714866227886353,0.00269938309499944,0.0946970630802347,0.00578905823221215,0.351363444093428,0.0646540690866613,0.000238692891946492,0.00051734184256201,0.000273107634705724,0.000605360997297478,0.000389749121521246,0.000494816983086928,0,0.574327262309959,0.161100072845961,0.418786936568488,0.105128458364326,3.95104713903771e-09,5.76538472672585e-20,5.19427195952057e-273,3.93260713776918e-100,1.27593786128663e-169,0.778900029042216,6.74165549195373e-40,2.8934428796551e-13,509,"RAB3GAP1"
-9.2606722448199,0.0472762696874297,-0.00306438275797096,-0.0686475693760833,0.00013930121358887,-3.08048481575474,1.2566947133109,-0.018386836976142,-0.0105329390938487,0.00256840178754688,-0.00499217063575484,-0.00180917772006602,-0.00128107214281014,0.0239141953406657,0.0538469658666471,0.00205462423436298,0.0709081854332042,0.00441922688434908,0.385122596027665,0.0676932247874536,0.000253809804167239,0.00055114970382988,0.000285993309481487,0.000637191556572003,0.000406221346012679,0.000520652792919617,0,0.379957489170888,0.135841672476815,0.332984886926181,0.974853546285032,1.25727177906704e-15,6.21982697642612e-77,0,2.05102426233119e-81,2.69206268407704e-19,4.70163373751877e-15,8.44129743722858e-06,0.0138739156546406,510,"RAB3GAP2"
-16.6540079913799,0.270503885006216,-0.00635898671568834,-0.116096178532868,-0.0630196930522478,15.0689835913759,2.43450714175716,-0.00397820460426067,0.00250097741341222,-0.0210438874908179,0.00623059469456864,-0.00126163693889972,-0.0153040118691141,0.0868579346617301,0.220110012418553,0.00785885828469949,0.282044649806182,0.0174242077142719,6.97173270404615,1.86283684045909,0.00649964301855669,0.0118700288345883,0.00782751395781166,0.0140690728271146,0.00906651118854492,0.0124255990248284,0,0.219091089354354,0.418429490543698,0.680615475443137,0.00029827957656653,0.0306613487221226,0.191252934995445,0.540494692010001,0.833123850613263,0.00717843767687332,0.657868795650682,0.88932883735355,0.21807916818035,511,"RAB3IL1"
-10.2269765032691,-0.0466535680027926,-0.00345010660767197,-0.0767722379067829,-0.0150336052647037,-1.4686014275968,-0.423966949488607,-0.00465654591395598,-0.00580105458195722,-0.0030273194019595,-0.00468673012792298,0.00805579309744383,0.00675544756930097,0.0217477078200988,0.0491040860962198,0.00187868172368413,0.0649118023241374,0.00411219784731766,0.621806944875584,0.11168941241836,0.000417738180623797,0.000890639939919461,0.000475508469902784,0.00104915351795638,0.000644620482347457,0.000857148167702311,0,0.342063762946682,0.0662910080914343,0.236921655511025,0.000256324709766331,0.0181850476077084,0.00014708166684332,7.40247261820952e-29,7.3490284214292e-11,1.93404272521061e-10,7.92671421636835e-06,7.7565864530298e-36,3.2397508805986e-15,512,"RAB3IP"
-11.6872798860019,0.0254178165499897,-0.00523560209672322,-0.0589864512066808,0.00186572206405206,-0.779217180918999,0.53731118715459,0.0010238199564015,-0.00285919207052034,-0.00251245082024513,-0.00352131267801423,0.0122502589773946,0.00702594300909974,0.0377762476007512,0.0847258494362793,0.00328676171233575,0.121051635978294,0.00724704004239751,1.19811916854435,0.20445506607338,0.000758296001763815,0.00160590119113965,0.000838302310610973,0.0019075605388963,0.00114762977077953,0.00153422340623636,0,0.764176599973197,0.111174478094049,0.626057518912242,0.796834433159541,0.515455181909557,0.00858844732622341,0.176965077396498,0.075005879195595,0.00272587991569727,0.0648955605266038,1.3412147512404e-26,4.66136835249684e-06,513,"RAB40A"
-13.6153424663033,-0.0418005584963129,0.00476607174349313,0.0422570857523959,-0.00962266405607623,3.22532903591829,-0.95234424059687,0.00513731274250412,0.0188031995823959,-0.000860469734045399,-0.00340062820953545,-0.000302249234094624,-0.00340475529727487,0.0245631168149913,0.0579378686844962,0.00211202576579442,0.0734210601747321,0.00481772191189329,2.32879985258402,0.450779401116846,0.00170334541924331,0.00323175758455716,0.00190005440481812,0.00381894884365485,0.00250991105229025,0.00319540447946312,0,0.470619071637626,0.0240308772856955,0.564923118779634,0.0457874638487506,0.166060182780884,0.0346297593534048,0.0025612187483859,5.9464052957823e-09,0.650645350123284,0.373217950489437,0.904148635814081,0.28664239026074,514,"RAB40AL"
-9.31731101137298,-0.0594202190685164,-0.000465277016218765,-0.151942046320453,0.00132909568820077,-1.19951044900645,-1.15637119755151,0.000570090722843141,0.0136176145514882,0.00362243797593839,0.0205747345821868,8.12309251424114e-05,-0.0119928794858462,0.0253132767947929,0.0571642967293967,0.00217400795652672,0.0767000026244969,0.0047852083565344,0.33633746206706,0.0655772484122088,0.000239687300069696,0.000523747760676055,0.000278282292738019,0.000605436011033975,0.000385988485311344,0.000501975914859106,0,0.298589069444093,0.830532955346998,0.0475922369494889,0.781203623122803,0.000361933088496364,1.35722035817468e-69,0.0173843228911909,4.90977208408657e-149,9.77718105324142e-39,3.92743036822095e-253,0.833317182815914,3.76783310212239e-126,515,"RAB40B"
-9.65909492936828,-0.0581521657335089,0.00519699237500112,-0.0331958048060587,0.00121292894693542,3.60972656246685,-1.47644037146243,0.0258161988419978,0.0310760198054559,0.00399375325923312,0.0184713063553621,-0.00313714079055701,-0.00671374506109089,0.0428841078963198,0.0980260432372316,0.00370012637942299,0.124624234478053,0.00806796192604926,0.3642561540874,0.0779670532664122,0.000287120714586617,0.000615523202300475,0.000323395684949681,0.000717909970113186,0.00046282989784443,0.000594364833734771,0,0.55302603594143,0.160156752519016,0.789956445729141,0.880497202340354,3.77183942341594e-23,5.68274090613647e-80,0,0,4.90560996379237e-35,5.49909244375137e-146,1.21705660920626e-11,1.3785921755322e-29,516,"RAB40C"
-10.539146402559,-0.124624876338251,0.00759547075248016,-0.00863806019344952,-0.00475293743783174,6.27543799225103,1.32031784827783,0.019613935308123,0.00125321924474887,-0.00214190743083969,0.00120288033238618,-0.00939817452021949,-0.00683176318552088,0.0408131551457687,0.0926173221195472,0.00353959570988478,0.121759284958628,0.00785018460228796,0.587564087586582,0.112913897690828,0.00042795523877009,0.000917642094307964,0.000453500005312467,0.00105172687310406,0.000721805550426323,0.000853197044500363,0,0.178435008845185,0.0318842874234117,0.943442524123338,0.544876384393034,1.25686074482444e-26,1.38183915380523e-31,0,0.172034705883853,2.32323038223463e-06,0.25274006303843,9.37170855999978e-39,1.17300593174414e-15,519,"RAB43"
-15.0792898485069,-0.0743353829083669,0.00561488997952454,-0.202338512125816,-0.0221766164249326,11.9544354591172,-2.84668394101075,0.00478524848586269,0.00645250649955049,0.005658624835911,-0.0247962603732187,0.00299198835615025,-0.0238624312550326,0.0445718720055317,0.107261518683178,0.00388786213806,0.134220417286753,0.00883214627616889,3.94273925354248,0.876467393503085,0.00340706769252583,0.00639211729640988,0.0038161128564954,0.00697859485974168,0.00500396540601545,0.00588855171072326,0,0.488291119141346,0.148679869341355,0.131680190825679,0.0120424564193255,0.00242928989052987,0.00116257561811826,0.160168097929795,0.312760092235777,0.138121100814781,0.000380592187094034,0.549890999169475,5.07072527072884e-05,520,"RAB44"
-10.9784380506672,0.0158103487743349,-0.000654945272055082,-0.0568945985483106,-0.00561175822890014,-2.75062203710054,-1.18040001853466,-0.00113416833628578,-0.00361254452054818,-0.00295933744092652,0.011186886476539,-0.00514811812799341,-0.0014107425573715,0.0138630333790376,0.0317867575456433,0.00118750541496963,0.0408219683603608,0.00263143493544963,0.772647418857261,0.140377421034501,0.00052496783882545,0.00109304007026137,0.000599353060034127,0.00127634459934042,0.00085062756137802,0.00105725911968019,0,0.618915532409826,0.581270170283155,0.163400658683807,0.0329587987118206,0.000370859864188833,4.14368623931562e-17,0.0307376191937771,0.000949618023739913,7.91089508102443e-07,1.87132820608471e-18,1.42933078956565e-09,0.182092632649348,521,"RAB4A"
-12.0503022957939,0.00716311101026668,0.00313360436387734,0.110231716093153,0.00358457102710455,-4.4870000557948,-3.62638706786658,-0.00297382561673966,0.00510420693652345,-0.00309188077804516,-0.00462295334785042,0.013506150757124,-0.00474648605004285,0.0251520112390591,0.0566686351000208,0.00216912695918339,0.0755478502083565,0.00485041563125458,1.33066256370524,0.227203256700837,0.000881856914778421,0.00186803512179687,0.000981766753282013,0.00211688193746856,0.00130177436790475,0.00172070152199197,0,0.899412570979284,0.148559446584624,0.14453814046392,0.459892741303871,0.000746232488708346,2.38942475833926e-57,0.000745617627361605,0.00628760045437089,0.00163660526091857,0.0289732468124175,3.21586663333728e-25,0.00580744400009383,522,"RAB4A-AS1"
-11.4780030339435,0.00262701708278145,0.00460274726755272,0.0504852831425251,0.000279507677256098,-1.35555599530048,-2.55063258837773,0.0148845756089674,0.00895320455718679,0.000607328108630303,0.0150026863879767,-0.00193413433832677,-0.0113038660442694,0.0275462956266194,0.0634189231578612,0.00234578671961143,0.0785523541254839,0.00520890900799087,0.915095536884418,0.171199851336345,0.000641817575402157,0.00137057125167624,0.00072629785487886,0.00160291905941086,0.00104741083514408,0.00132154833171566,0,0.966958488264489,0.0497469157914455,0.520421382354085,0.957206416290079,0.138519378726288,3.36720089329168e-50,5.57510071681536e-119,6.4697235280742e-11,0.403044069377447,8.00366878337235e-21,0.0648071434552218,1.1940942510333e-17,523,"RAB4B"
-10.2289057818277,-0.0117924810033884,-0.0016669536060368,-0.0517607424625944,-0.004120569292041,-2.6700927640656,0.556789727898386,-0.0125968158065093,-0.0117197537729815,0.00187087300457545,-0.00377769340181204,0.000738714002571593,-0.00207191954747123,0.0189038622550455,0.0428803001571756,0.00163185830329839,0.0570503004713046,0.00355614635542456,0.556462647181631,0.0930922010586675,0.000349725085070593,0.000752985935658673,0.000388931605202621,0.000874671456835032,0.000557322115907535,0.000706653374812916,0,0.783309099184608,0.307014605934163,0.364257396128355,0.246571323359798,1.59992082934592e-06,2.21694753575821e-09,4.18862763710861e-284,1.2711010658859e-54,1.50713035679532e-06,1.5674802836914e-05,0.185015160037749,0.00336768558291927,524,"RAB5A"
-10.994971822599,-0.0180554749861888,0.00163379216568167,0.060381455173883,-0.00306631792118583,1.63765013716885,-0.381432656683973,-0.0173002350860896,-0.0168759746115656,-0.00179303714582089,0.00592076025132307,0.00097003190794902,0.000998588852078703,0.0175669541238557,0.0400804380330248,0.00150912212207506,0.0518289211743808,0.00330334459268824,0.649222287234029,0.125392950658637,0.000472973919654049,0.00102817147876864,0.000528442808504136,0.00113179734516122,0.000740833512014981,0.000939096716847892,0,0.652363665921308,0.278981135670628,0.244013041635557,0.353279740017774,0.0116530626454241,0.00235090977164113,6.50302506405865e-293,1.52917179837859e-60,0.000691169796343466,1.68331094756246e-07,0.190405971704798,0.287623085457435,525,"RAB5B"
-11.6048247493252,-0.0738823048111118,0.00235156630823171,0.0346147457683805,-0.00624455653742226,0.982021602205929,-0.571735048314474,-0.00597619413099752,-0.0112178927187647,-0.00079429910392764,0.0135169008503052,0.000869399850181023,-0.0012998474076539,0.0238561613016863,0.0541725703519365,0.00204121158748865,0.0696434808902228,0.00456610644405648,0.920829132177823,0.173640070879901,0.000656116780018866,0.00142206140739676,0.000731884202094407,0.00159059832976308,0.00103720471459119,0.00131728795550095,0,0.172620331101115,0.249302842864837,0.619169450602829,0.171440789552166,0.286218613954918,0.000992498329857506,8.35822635905052e-20,3.05906904398531e-15,0.277797771847642,1.92889034587634e-17,0.401910342875193,0.323760179987548,526,"RAB5C"
-15.7598514489587,-0.0958815693139202,-0.00065579797998911,-0.0217760180946121,-0.0214766274554412,-12.3431702253114,-7.9784075370098,0.003036356219528,-0.0281708146586907,-0.0100280720847756,-0.0328436388095893,0.010514357678305,-0.0294334237093365,0.0687478056851503,0.157194367718609,0.00592878473031427,0.209438361630034,0.0136665932899468,8.5500424273377,1.15636921455953,0.0048578518115548,0.00956593261016289,0.0051404274076741,0.010615131711508,0.00742514895232309,0.00843360978462029,0,0.54189128541972,0.91192359743163,0.917190459583791,0.116073753607207,0.148840695775635,5.21737741056145e-12,0.531944194450298,0.00323048174514953,0.0510779180672237,0.00197451070970498,0.156761831600665,0.000482993638295899,527,"RAB5C-AS1"
-12.6712097750254,0.000137912595080966,0.0012090957515109,0.0391863661859874,-0.0037835273451611,-7.11037604208725,-1.42345116006686,-0.0204304293097173,-0.0267569490409409,-0.00239207030741343,-0.000185061673955498,0.0021109274283229,0.00382945482067881,0.0144629634947393,0.0335530974442922,0.00124652343986509,0.044001054093219,0.00285966271891424,1.63940270982749,0.266248344498985,0.00105672812718417,0.00204955423597284,0.00118577160161033,0.00233973696040619,0.00162752071822053,0.00195930966796537,0,0.996720481001781,0.332059282396143,0.373155661723354,0.185812868616991,1.44325874651068e-05,8.97561562870202e-08,2.79807996461347e-83,5.9502984510965e-39,0.0436630497632274,0.936956999601841,0.194624198338601,0.0506430751758798,528,"RAB5IF"
-8.79767877834765,0.0115745925260721,0.000106465523922486,-0.0640048070514524,0.00252894343971069,-2.13286434654032,1.54000011749319,-0.00296091587406495,0.00272604728018463,0.000404476740037042,0.0155382681964501,-0.00726267792088665,0.00376626362512195,0.0130540608035283,0.0296115363177178,0.00112204612430407,0.0383757221924102,0.00244933410189887,0.298344833193794,0.056496445801881,0.000208212470568072,0.000447425482568279,0.000237836436341602,0.000524543906742834,0.000337273258448299,0.000430559429657504,0,0.695885058976601,0.924406045430679,0.0953462380095819,0.301836804601186,8.74184470016992e-13,1.3230595950793e-163,6.82200849096831e-46,1.10994031579202e-09,0.0890085676390092,7.68378378307108e-193,7.55823550721269e-103,2.18378294165485e-18,529,"RAB6A"
-10.0263274191573,-0.055197095791489,0.00265360510924776,0.0409791917503081,-0.00826195567292295,2.48459805404082,-0.529314071087624,-0.00779263578321755,-0.019040392089539,-0.00485105313288781,0.00935071233870504,0.0030461339114751,0.00700024191434359,0.0268734676793823,0.0613565645698913,0.00233462341010532,0.0778802404636561,0.00503343692986563,0.439625415666923,0.0865346057865326,0.000328129337060316,0.000722344718034823,0.000366415691305375,0.00080092359321953,0.000517023070910937,0.000665136536610282,0,0.368326820734396,0.255692616699139,0.59876166050296,0.100711430352974,1.58937905878028e-08,9.54786399479561e-10,1.13402482810428e-124,4.03138087720335e-153,5.20960754722703e-40,1.71243177132551e-31,3.82291506985187e-09,6.66009457138256e-26,530,"RAB6B"
-13.5131609135291,-0.0955981014432959,0.0083858029370188,0.33608540950169,-0.0184569028825699,-13.1989046338264,-5.89442498597184,-0.0270837513939495,-0.0236138935720109,-0.00371261078475054,-0.0418058343314033,0.00697237038444171,-0.00328736145059592,0.031104241157973,0.0715383759711008,0.00268331702879721,0.0934770818045873,0.00611237118074547,2.78452081042032,0.392641408385638,0.00163110854013096,0.00335072465680505,0.00178030948934518,0.00375052767042594,0.00252665580555787,0.00301307259823716,0,0.181444981336807,0.00177706595018497,0.00032392135419069,0.00253110516684545,2.13613696983138e-06,6.105549475083e-51,6.46502818241297e-62,1.82293059402493e-12,0.0370353821528255,7.43498453621351e-29,0.00578854213075723,0.275258389230006,531,"RAB6C"
-13.1039144804038,0.0213273206187937,0.00641464038368233,0.0473575491895383,-0.00785154406264864,2.14092202990015,0.863852628054722,-0.0285346051163244,0.00187368267321541,0.00520473999536388,-0.0215565110353063,0.00321427539145167,0.0150804392711672,0.0446226897387624,0.102025228536684,0.00383367060393451,0.129170999118517,0.00853716922305671,1.9865389303533,0.385861768863108,0.00144507999452087,0.00304902300638029,0.00160755456785039,0.00344835936342614,0.00216995955049278,0.00282267479334333,0,0.834417266535935,0.0942806038153475,0.713897419729796,0.357735092109924,0.281161136139865,0.025171412310144,8.67628458914491e-87,0.538872399006652,0.00120507805551245,4.07214838338738e-10,0.138537167146569,9.1619764995708e-08,532,"RAB6C-AS1"
-14.3216028711,-0.0948607695006761,0.0036559331137211,0.0270453502286011,-0.0103251165353474,-3.41881547103985,-4.45577906810538,-0.0337241260420766,-0.0182863611635318,0.00284759846597063,-0.0323074065012304,-0.00165402890596202,0.00432267794337535,0.0425686233908501,0.0992165041384415,0.00371586561071249,0.127406162231627,0.00833958316325403,3.53026283093996,0.595303891987239,0.00240349737052644,0.00488189422060237,0.00265796023617932,0.00534509963207369,0.00379863643930006,0.00443540138402507,0,0.339022377255572,0.325178851581507,0.831891229777245,0.215684380000624,0.332829233271181,7.16117391804937e-14,1.00335242019262e-44,0.000179854770815252,0.284013308879293,1.50056447323364e-09,0.66325250869814,0.329765901441592,533,"RAB6D"
-9.49094214652235,-0.0299564479174195,0.00296882223313844,-0.0253400093409063,0.0007012967776391,0.725593655110015,1.60284731885265,-0.00294732950879224,0.00390525698336331,0.00258910721134601,0.0101051294199154,-0.00454031898276184,0.000188296315417898,0.0209923443238158,0.0475515444382396,0.0018050798655927,0.0606940696368697,0.00397641761872272,0.382476359066549,0.0735231266864129,0.000272756248268846,0.000591466290865832,0.000304611788620937,0.000679741314715312,0.000433838699531925,0.000556593868573094,0,0.528708688476275,0.100030849495463,0.676309889617716,0.860008012671247,0.0578155159983931,2.29060712983999e-105,3.23385700932617e-27,4.03816636602923e-11,1.90089941822076e-17,5.46763388012947e-50,1.24478287257542e-25,0.735136298342778,534,"RAB7A"
-12.2667346555546,-0.101351486854023,0.00387783019528058,0.0969657059618138,-0.00622700306125702,-4.16073493813204,-2.49435397556893,-3.14863392202606e-05,0.00802158768801269,-0.000685852634622161,0.0156091366944145,-0.000715052233060985,0.00327558590431563,0.0318247473978222,0.073529552187971,0.00274393017516526,0.091820576977155,0.00604137643103357,1.31071959902876,0.239353967522532,0.000894053724038027,0.00192029327923672,0.00100762012610593,0.00220026400158154,0.00140176215935377,0.00181200173528947,0,0.168086739073357,0.157585349580554,0.290952409078486,0.302669383118831,0.00150151890165166,1.98447399044404e-25,0.9719063059479,2.95025918765389e-05,0.496082933887244,1.3009168749529e-12,0.60997473060805,0.0706505948859497,536,"RAB8A"
-10.4042041147946,0.0192063215441956,9.90934449811706e-05,-0.0401673073078516,-0.00364735738834303,-1.86612503215659,0.493169375505537,-0.01712684355414,-0.011495014651877,0.00133598643910104,-0.00660887615543517,-0.0089803055281779,0.0144906914031606,0.0146007331762171,0.0334450748238429,0.00125437695574621,0.0431147945492753,0.00276112793531437,0.643801892248573,0.117278011641494,0.000444750265755263,0.000939538549922371,0.000502673219064305,0.00108040221332684,0.000719537866087995,0.000891326276286971,0,0.56578878008497,0.937034103382431,0.351524521022815,0.186512548547878,0.00374831146324333,2.60931243198155e-05,0,2.02740346973963e-34,0.00786611156725714,9.5322470624631e-10,9.51974994240424e-36,1.97804097997079e-59,537,"RAB8B"
-11.1831019231567,-0.0836236431483195,0.00517329194512326,0.0591043426936318,-0.0105105240767659,1.73856616493234,0.198727357793087,-0.0142759332681516,-0.00930343385729385,0.00271535032855173,-0.0181934729861875,-0.000356115551681437,0.00676036072735323,0.0169029742924148,0.038817323366928,0.00145210637022125,0.0496295074997494,0.00323804728922309,0.880620828493593,0.160753793363881,0.000616027326388478,0.00129174980989273,0.000682234450818219,0.0014716905106568,0.000968861543860358,0.00121192702490634,0,0.03121769586645,0.00036718282092198,0.233688396911655,0.00117061367990453,0.0483532593903869,0.216376097156117,8.29323537395379e-119,5.92509275189963e-13,6.88909607837843e-05,4.18045887770251e-35,0.713200727495175,2.43032370076605e-08,538,"RAB9A"
-10.2418981889309,-0.0807425643902596,-0.000151492237558896,0.0725603121722366,-0.00436041519447369,-3.96277708648481,-1.41723686486049,-0.0176605393114933,-0.00453335377939551,0.0011511621825567,-0.00746314314579564,0.00413069016811955,0.00518943719025772,0.0143565016608656,0.0326318260291284,0.00124441449249504,0.0423245164183526,0.00272801584690147,0.561353218287875,0.0953641123610801,0.000365206219957824,0.0007870102083565,0.000406362551464096,0.000897979844098959,0.000565446117398894,0.000731629279344809,0,0.0133478794557976,0.903106704463319,0.0864589257529422,0.109957680782256,1.67308451706042e-12,5.87534480440213e-50,0,8.40032115433008e-09,0.00461357294462795,9.48698391903816e-17,2.76879421959601e-13,1.31247501292527e-12,539,"RAB9B"
-12.8289359363724,0.262124037842745,0.00188479808777083,0.00869893239564158,0.0129158476688927,-4.25331273650258,-2.44168098994242,-0.0492935609364901,-0.0540283002831071,-0.0137901641971004,-0.0194105020289572,0.00424749150298017,0.00194335588633551,0.079253083969267,0.1750916417757,0.00692746140136036,0.243403474812854,0.0140556892940211,1.44842313332027,0.270448096725067,0.0011047099976056,0.00245736078380819,0.00118961797925318,0.00255822289762319,0.00169706483337269,0.00209594416378179,0,0.134375648600727,0.785563349874553,0.97149068384037,0.358145097031891,0.00331925368755453,1.74392039197359e-19,0,3.89379077972537e-107,4.51943044922277e-31,3.26150587992607e-14,0.0123199225518424,0.353823580182424,540,"RABAC1"
-8.80275322425748,0.00540498816750853,0.00174806680381591,-0.0307039141327084,0.00489605098022313,-1.66119672554846,0.585453495687949,0.00435181366531186,0.0119233141815934,0.00281149707346829,0.0137115646261708,-0.00286150499917245,0.00513202197859262,0.0138272272586614,0.0312892817721694,0.00118323221025524,0.0403912654347081,0.00259529089672123,0.283579540455766,0.0542864587498889,0.00020021107135116,0.000430547057540584,0.000227494929680017,0.000505575803375922,0.000319894932708217,0.00041516788357087,0,0.862853850555506,0.139577607871671,0.44715762274726,0.0592258082059017,4.68596219208743e-09,4.07356618550332e-27,9.34565108598468e-105,8.3833345871269e-169,4.38234646554637e-35,5.61493080943423e-162,3.71478142446169e-19,4.23164341925831e-35,541,"RABEP1"
-12.1635477385219,0.00683998069093909,0.00304535097129753,-0.0966293045498183,0.00446958902082553,-4.37135940365132,-3.30484590416933,0.0188988093886175,0.025235804947879,-0.000177491054192907,0.0154335242438927,-0.00278780077295739,-0.00767202273459136,0.0271641254057867,0.0617967919959131,0.00235028190692574,0.0807291394553216,0.00517366088190735,1.33080480087109,0.236489558519527,0.000893900161255235,0.00186243448876968,0.00100854981472941,0.00221265898029684,0.00142486604206731,0.00181317835204727,0,0.911866105619206,0.195065560417657,0.231323334769446,0.387636096079817,0.00102073351225732,2.22775928104717e-44,3.27141919087368e-99,7.93359044669781e-42,0.860304624522789,3.05646850260994e-12,0.0504021230095761,2.32389453190472e-05,542,"RABEP2"
-10.5224565484948,-0.124291959555413,0.00447639719417407,-0.0284149554025131,0.00543205720164169,-0.691711153735524,-1.05855921870131,0.0163980133959283,0.0343465590203788,0.00833469469482943,0.0197868436889255,-0.00213072154100781,0.00189806127735681,0.0400930587919732,0.0911986746844036,0.003419502087699,0.113389506983954,0.00754633689574557,0.572304921650065,0.114664308350607,0.000420871615466197,0.000896684747506255,0.000475968994305901,0.00106332525945797,0.000658961541917264,0.000871721709031584,0,0.172923409691831,0.190507708719359,0.802126484760251,0.471631506244449,0.226800823858271,2.66094353708282e-20,0,5.26673978466769e-321,1.18093891739899e-68,2.74400403710972e-77,0.0012230322058664,0.0294529225868467,543,"RABEPK"
-8.60792700304112,0.00526604329550129,2.56643552481013e-05,-0.00847586466763176,-0.000535573181015628,-0.304410684952046,1.43154028627485,-0.00470542932658453,-0.00816788887859168,0.000519527486366624,-0.00404422005658489,0.000613054510767897,0.00380976550459486,0.0140003084495776,0.031524154000506,0.00119754503154646,0.0412337605422955,0.00265312403713372,0.283546023001572,0.0513903859389798,0.000192137873874234,0.000414912221226224,0.000214970989226776,0.000483048731019458,0.000308097831040855,0.000393700545539256,0,0.867332370368362,0.982901999569906,0.837137413417806,0.840022177118575,0.283008837566084,9.06387143670995e-171,1.89446954713173e-132,2.85261060994216e-86,0.0156604992230325,5.65131443110828e-17,0.0466124540361841,3.78335553743361e-22,544,"RABGAP1"
-7.24651617284429,0.0550058783831852,0.00208975412067347,0.0124050650588339,0.00590915420174825,-0.448083193351877,1.13805724524445,0.000899777815973306,-0.000974291771326904,0.0716558212583306,-0.00493671812891147,0.0148429855790345,0.0235018144317227,0.0138818390339582,0.0313048333722509,0.00119249678492053,0.041118112287943,0.00262602895048063,0.23527493193891,0.0497876352644397,0.000185259645688647,0.000403139010594464,0.000218126796365519,0.000463157209684729,0.000296694779978849,0.000386706760303109,0,0.0788999183259935,0.0797017726937501,0.762885763669385,0.0244347094104965,0.0568439433572378,1.21037039122548e-115,1.19269479682866e-06,0.0156591743458204,0,1.58564451633451e-26,0,0,545,"RABGAP1L"
-14.2272839423875,0.0659370639574936,-0.00200743232305768,-0.240547960576523,0.00479203821333214,5.26227202406532,-2.17833619432509,-0.0131419390281572,-0.0274271660116716,0.0274823145286116,-0.0403327316980715,0.0264539708136986,-0.00807069841314239,0.0427082728939653,0.0991786067116457,0.00366463522423717,0.130254754705675,0.00829784099410627,3.36932679163002,0.583703599142408,0.00232595320560335,0.00461717800989898,0.0025487202300202,0.00507283937916294,0.00316211434073748,0.00403359524896242,0,0.5061582591465,0.58383951751698,0.064783390010298,0.563598886891983,0.118331094434802,0.000190024487219971,1.60326124439875e-08,2.84597394101163e-09,4.15101768066996e-27,1.85428798604061e-15,5.96516259396174e-17,0.0454064363899667,546,"RABGAP1L-AS1"
-13.4419486417706,0.028346300519262,0.00313897862130215,-0.0345067968225,-0.000802864514782278,1.90681657396318,-0.0955051809669824,0.000152507948146378,0.031791668948261,0.0129478320575385,0.0121144838273581,-0.00179024366091569,0.0104342813544369,0.0211859200761296,0.0520638927184557,0.0018926086241333,0.0676533515612448,0.00432846141579678,2.46787736878287,0.512408248211711,0.00192011495430667,0.00339166175098352,0.00234209667719479,0.00420671237737493,0.00285550944270139,0.00369670434329617,0,0.586130338537289,0.097207294020617,0.610014311697004,0.852848671742563,0.439726876433758,0.852142901076175,0.936693417063863,7.01805437534411e-21,3.23333824210871e-08,0.00397929455896375,0.530696139232966,0.00476374233959359,547,"RABGAP1L-DT"
-13.8074879760097,0.102734090197917,0.00382333058689673,-0.0924226376346096,0.0104460383105067,3.56697474409481,0.247174715184722,0.00618095191199586,0.0187597320137449,0.0520762730199961,0.00199617637933532,0.0146991924296006,0.0102760218323499,0.02818171708982,0.0665108123431608,0.00243108024691359,0.0829046652500526,0.00539866898584231,2.33765299756811,0.492857437915161,0.0018450343074344,0.00350819350963167,0.00211063874184317,0.00413258178650378,0.00257969581727784,0.00345193458403121,0,0.12243762620261,0.115791093568036,0.264933464537482,0.0529990742130621,0.12704009463933,0.616009698596334,0.00080797807410539,8.92241456687657e-08,2.07330015023505e-134,0.629071789480403,1.21197448924501e-08,0.0029119058703572,548,"RABGAP1L-IT1"
-8.96400098203826,-0.006168326092692,0.00291348611922506,-0.0510302209264274,-0.00432515762715225,1.22368048747578,0.544531710378926,0.00481191120383979,0.0278169077352065,0.000775819147163151,0.0125730266198811,-0.00910389880643234,0.00788062900695463,0.0306737266398595,0.0698731732990528,0.00263754196428954,0.0887472455821896,0.00584535568368654,0.292245630251922,0.0599709152119981,0.000218737020048582,0.000471006745904581,0.000250572718240243,0.000550714565964929,0.000348584661917548,0.000454595183480544,0,0.92965501776946,0.269323539175396,0.565287069711552,0.459342096613804,2.8246128188642e-05,1.086447319928e-19,2.96915144112432e-107,0,0.00196028925884144,2.28921551329064e-115,2.35277240037892e-150,2.5390621068336e-67,549,"RABGEF1"
-12.3008749948204,-0.0426332013617768,0.00664963346336163,0.143449304597863,0.00813910632534621,-3.6604608550576,-5.42371640403029,0.00139103313691114,-0.00317226836043108,-0.00237110671338142,-0.0114806299560472,0.00512551003444001,0.00526586717122747,0.0199979045248661,0.045732658835404,0.0017204090190786,0.059688313572555,0.00385528334638262,1.35368461086276,0.226565994673903,0.000895691412591894,0.00185963015365655,0.0010087540972948,0.00213087785739396,0.00142224911895002,0.00176854883539056,0,0.351219427924374,0.000111022391078995,0.0162475686466033,0.0347588662067682,0.00684954150143909,1.2089981801392e-126,0.120416633813433,0.088034182135094,0.0187466991409917,7.13465418804288e-08,0.000313591051347184,0.00290602668594087,550,"RABGGTA"
-11.2700007085626,-0.00327899802760033,-0.00494858312909489,-0.0348900848204379,-0.00745524784101436,-8.80170878316042,-0.719491687442946,-0.0191000915991607,-0.0315419725941447,-0.00549937303997941,-0.0187817941874488,0.00370433045855083,0.00412063930863073,0.0397602425399363,0.0883101123245258,0.00343572359970708,0.124032969250424,0.00760096726187414,1.01112502339778,0.144151170355117,0.000561302461549213,0.00122051132109225,0.000602860343105242,0.0014113628868956,0.000902843111284377,0.00111817183870413,0,0.970380958706332,0.149773452160629,0.77848271827084,0.326677157641468,3.17947563872585e-18,5.99959154592352e-07,8.54064679980137e-254,2.89802920779445e-147,7.36591445265412e-20,2.09207059081167e-40,4.0789527804934e-05,0.000228561278698773,551,"RABGGTB"
-12.1415421998079,0.049346410103242,-0.00282274888963673,0.0157548244808968,-0.00607694664146806,-7.91445831291167,-2.91942502106068,0.00035365221549296,-0.0207067943461198,0.00317263225379914,-0.00141341739089817,0.000101553801761008,-0.0114721899014244,0.0252026665897658,0.057236051179151,0.002144184222806,0.0751392284624384,0.00479013779582356,1.4996033263396,0.230883346578309,0.00089031786591645,0.00187507774208098,0.000995968122096518,0.00219949365029018,0.00149739146785331,0.00178681231141133,0,0.388601629032999,0.18801717249711,0.83392126875763,0.204570516929556,1.30814521438801e-07,1.19849637473183e-36,0.691205108454571,2.36549197453807e-28,0.00144516238594708,0.520476963620799,0.945928543982901,1.35846720386451e-10,552,"RABIF"
-10.1411180026824,0.0081015571038758,0.00184646766491135,-0.0223772863584725,0.00275094264558688,-0.663399703081677,0.373359839006433,0.00590585186240472,0.0175815163627832,0.00111392030428913,0.0100477030202843,-0.000515551867751362,0.00773624392070506,0.0238073032614619,0.0537057208518871,0.00201519246281874,0.0688479958571854,0.00441616798061277,0.46537790230825,0.0890655803913887,0.000325735733295317,0.000694468287941333,0.000360661275452409,0.000818424017570058,0.000501765484960828,0.000663992443358091,0,0.880093321824734,0.35952340784815,0.745162518983285,0.533333629102115,0.154010545604796,2.76548075511566e-05,1.82066003936319e-73,2.10170042879992e-141,0.00201135991071303,1.20541045168804e-34,0.304196498732044,2.26509586747928e-31,553,"RABL2A"
-10.0939937822175,-0.0199145585518172,0.000275393510195757,0.028592224237781,-0.00247518410720893,-4.4899949508844,-3.26775428534473,-0.00173416235475511,0.01228828260791,3.64202970822584e-05,-0.00520659758579473,0.00244932824347349,0.00247190161162228,0.0183219655304106,0.0414742675496959,0.00155233205524986,0.0523194497949452,0.00343471108771908,0.484276256659184,0.0834968684501466,0.000315800679855793,0.00068290061590102,0.00035294759308383,0.000791884450310592,0.000495866908194988,0.000643669965394638,0,0.631108925502364,0.859189247030478,0.58472695156816,0.471132128118533,1.83448028539807e-20,0,3.98942455511679e-08,2.16138499055561e-72,0.917812997244535,4.86707925596518e-11,7.8328286856295e-07,0.000122871729003213,554,"RABL2B"
-10.9408910583496,-0.0260907066127459,0.002107400993994,0.0423221850343819,0.00833209937258885,-0.757024104872005,-1.94040638205363,0.00918163373936928,0.0130689728558097,0.00420519081571805,-0.00109149631660408,0.00268333641240794,0.0230204030478889,0.0216609771264774,0.0493818103653782,0.00187823072137802,0.0632486151201953,0.00413067256879702,0.810807652625055,0.152724224250516,0.00057502015868971,0.00121448814097273,0.000646365695162521,0.00142400632957889,0.000906693862278018,0.00117538621905217,0,0.597258863715677,0.261856525998279,0.503406108279058,0.0436820543891869,0.350475847696035,5.52603773789909e-37,2.15245478264971e-57,5.2659318702807e-27,7.72294001178309e-11,0.443380746081003,0.00308165254817797,2.06003728788046e-85,555,"RABL3"
-9.50463815075691,-0.0114872542125677,0.00559303833193207,0.00231572471498793,0.00833373388166832,2.08455942674462,-2.0259589379986,0.00488020519521652,0.0160816238974266,0.000572117120682017,0.0101951954266685,-0.00943783311073051,0.0135066423286283,0.0234175956633294,0.0533494594688749,0.00199613805387,0.0671895367498583,0.00436641243604486,0.324330409738385,0.067986726647903,0.000252268644326713,0.000550336980876404,0.000288826819238988,0.000626476138696786,0.000420793891025779,0.00052257651793802,0,0.829517127375136,0.00507979548114473,0.972505908665385,0.0563137383654998,1.29915121715793e-10,3.98542244886394e-195,2.23428463970545e-83,1.03673794450185e-187,0.0476102277294028,1.51269968211782e-59,2.06881438281237e-111,2.68126935725403e-147,556,"RABL6"
-10.475890006981,0.0490071558613853,0.00248547313022593,0.0743189255382856,0.00193983106534465,-1.41390100960627,-0.535598644690641,-0.0228878244039029,-0.0264729333605826,0.001207141850621,0.012139622259266,-0.000626051356214099,0.000310515093572509,0.0216568848911021,0.0483451625873035,0.00184482141300566,0.0633617863839438,0.00409639513249515,0.530143782569781,0.0987779698243666,0.000382552968156398,0.000851424969969659,0.000426011363014728,0.000927320480913559,0.000613240401594441,0.000766001493994519,0,0.310729236022851,0.177893188305328,0.240823970102043,0.635823771634103,0.00765284325683939,5.88541667355229e-08,0,3.04159223870299e-212,0.00460282391272044,3.70327556917678e-39,0.307306277263414,0.685204534660036,557,"RAC1"
-15.9599144045835,-0.0965787235614105,0.00151719358435401,-0.129865615655416,0.00718401106980613,0.905271612659248,-3.69419691463584,0.014832364498204,0.0320799336554848,0.029689071721935,-0.00248760646331192,0.0236722705953595,-0.0309124131724821,0.0367411969059419,0.101136519502702,0.003399641146969,0.119051300055014,0.00743192702410725,6.9335670870686,1.29919496497271,0.00512436412258108,0.00748105086887933,0.00617288753314159,0.0101856401186,0.00629958628822406,0.00898766991081748,0,0.339610962228545,0.655394633099993,0.275344417801044,0.333723147456978,0.896120523995778,0.0044627904146077,0.00379788275568674,1.80160327794649e-05,1.51238525570185e-06,0.807055158981092,0.000171448019724983,0.000582952101163593,558,"RAC2"
-13.6816847148284,-0.0270414109027092,-0.00163491866393104,-0.0129121521262415,-0.00551797509931602,-3.24633613387357,-2.22544822178133,0.0298712972825879,0.0164475955558165,0.00392440642907606,0.0262210712574267,0.00373384711872904,-0.00302190472783726,0.0340741816036668,0.080414719837857,0.00294280207042112,0.104232601013045,0.00663879929944435,2.64282772735288,0.4676960975009,0.0017514852702776,0.00338353611946802,0.00193115925316443,0.00424001802171517,0.00264456227171196,0.00348789173003579,0,0.736663959992919,0.578508070313152,0.901411674877789,0.405877235183369,0.219312954546804,1.95209768637717e-06,3.21764522122143e-65,1.16754763975088e-06,0.0421384124869052,6.24226892830319e-10,0.157980560585468,0.386271577488149,559,"RAC3"
-10.9405989382538,-0.086387427529738,-0.00172351162937691,-0.0575830432003265,-0.0117842880900361,0.396765320843422,0.164265441448803,-0.0111592798974761,-0.0109964264961904,-0.000292822739388709,-0.016964617013638,0.00581652781966325,0.00922867456944945,0.0224663766109308,0.0508534736146016,0.00192989431655148,0.0677320241790609,0.0042653755168703,0.780008653307086,0.13109155271312,0.000495592488730369,0.0010523756510473,0.000543432264515684,0.00122564068449813,0.000770504281125669,0.00098761785998868,0,0.0893659674078829,0.371824983731926,0.395236255937047,0.00573116317468554,0.610985064706761,0.210184259267805,2.8257576209344e-112,1.47851019505901e-25,0.589997644139021,1.43331065040112e-43,4.38652201729753e-14,9.24311747387145e-21,560,"RACGAP1"
-11.223905106188,-0.0438252341773976,-0.000448797394658515,0.00122899191910889,-0.00724453052730955,-1.05439945837544,-1.3693744695715,-0.0285530776617186,-0.0308975617253206,-0.00413575337428893,-0.00167122919305448,0.00801749345920968,0.00251123414213255,0.0201876647163048,0.0455632319005987,0.00170850981807378,0.0591482564669226,0.00378800428851068,0.734117088757648,0.132445786206221,0.000516320704525803,0.00112847875503874,0.000577686132220205,0.00123406025255164,0.000790292269424489,0.00102180120957697,0,0.336122316104633,0.792794510182569,0.983422620009197,0.0558130288041729,0.150921998430487,4.68763930845175e-25,0,4.76806136353378e-165,8.11668307446492e-13,0.1756558319236,3.4887613009272e-24,0.0139847718192173,561,"RACK1"
-11.6429541924757,-0.00651699989979494,0.000270698777251072,0.0933777427383067,0.0026550428624497,-2.67870784833295,0.115997377850604,-0.0127247086814271,-0.00989965066792944,-0.00436175531195113,-0.00125977126646581,-0.00419911483425741,0.00816950900795323,0.02313810059663,0.0517460526004425,0.00197152655723983,0.0676578373402837,0.00437632909935002,1.07922993752872,0.182065389524208,0.000693660570057302,0.00148178328263957,0.000762564183901539,0.00169122191818183,0.00111398917575648,0.00137477726164442,0,0.899777858438099,0.890790390638491,0.16754147276677,0.544061549535253,0.0130627184172456,0.524047122522198,3.66704813779273e-75,2.37474063302109e-11,1.06616025028104e-08,0.456339303430643,0.000163614542174928,2.80838352762774e-09,562,"RAD1"
-10.8644767193149,-0.0775555754973153,0.00311210279221837,-0.00886287923598442,0.0034180574470468,-3.99080906902343,0.086026931125619,-0.00217510808529519,0.00357622576793302,0.00300493105067315,0.012996203818458,0.00381497902511643,0.00557740786577271,0.0196472355759859,0.0444901822512057,0.00168044016561772,0.0583464369014479,0.00374062609467258,0.734136140072441,0.129321139879301,0.00048254916992645,0.00103202740308538,0.000542617522833269,0.00120771796855569,0.000743259719987898,0.000982131019803231,0,0.0812975480799347,0.0640320094189231,0.879265058436773,0.360839744811782,5.44712178629309e-08,0.505910173651327,6.55845942152275e-06,0.000529752515203928,3.06218284019296e-08,5.26195667322846e-27,2.8551314892929e-07,1.35576596512895e-08,563,"RAD17"
-9.22036611097254,-0.0686350631604132,0.00196810747045621,-0.0596694607484829,-0.00496439652318087,2.69280013965448,0.894556479699588,-0.00477885072541873,-0.00421189760502079,-0.00137009658367648,-0.0177336935375461,0.00550921286268231,0.0101300060664708,0.0280817876776106,0.064064069908932,0.002427236347177,0.0825205838948976,0.00517894971717148,0.409477901850602,0.0785216589543273,0.00029213085019099,0.000631846883184102,0.000332647091288244,0.000733364023350444,0.000466289994467499,0.000603279080728015,0,0.284011932350644,0.41745586821689,0.469627185241674,0.337774371186333,4.8269014837359e-11,4.55824880267385e-30,3.77732899193587e-60,2.62851461376939e-11,3.80901464008371e-05,3.50024054307762e-129,3.26577430965365e-32,2.81279091976338e-63,564,"RAD18"
-10.5035172917713,0.0718814127978017,-0.00687810961704674,-0.091108761680846,-0.00727218122950307,-1.72413007063702,0.968224977376097,-0.0292044626224219,-0.0327084916426182,-0.00083762240818287,-0.00424599247699451,0.00154610290479631,-0.00215235192341848,0.0299252962091498,0.0671456262927407,0.00254197721984893,0.0898741259026634,0.00558628470005301,0.610446850510012,0.104132786128345,0.000393646551299476,0.000862162829973569,0.000440855787222805,0.000976071758077433,0.00063179954892733,0.000796784844620552,0,0.284380776090803,0.00681378380325917,0.310708078472053,0.192987468875976,0.0047373104931038,1.43133794865316e-20,0,6.15085740231249e-315,0.0574341875604143,1.36086447832708e-05,0.0143994289580927,0.00690697828581369,565,"RAD21"
-16.0789667093618,0.203609340884119,-3.16657939514509e-06,-0.0587415442450702,0.00936211692238448,-27.8651566016143,-6.01659678428034,-0.00674711792297285,0.0138894810401232,-0.011630015449258,0.00638772583769317,0.000917661633161911,-0.0234654986583246,0.0386704586394922,0.0984737445652383,0.00362435150642875,0.130089667090572,0.00779323474002509,9.686259106186,1.32117234483431,0.00540057582488127,0.00817180022964934,0.00673539042027411,0.0109528156504049,0.0079120794177904,0.00958095727621818,0,0.0386728483993971,0.999302891983843,0.651595661535011,0.229629674329282,0.00401766084202468,5.26395386389366e-06,0.211543280731391,0.0891903128244712,0.0842211072021185,0.559755982496106,0.907666523141268,0.0143181471125732,566,"RAD21-AS1"
-13.2973461078309,-0.0983741401848648,-0.0069687958788923,-0.483148969467734,-0.0330625727736731,2.60045947104913,-3.34170439414428,-0.0255628881059919,-0.0108514768302953,-0.000311908074471618,-0.0521288715374568,0.00842251342311518,-0.0246067982032204,0.112582154327693,0.259806079022192,0.00960330382051808,0.314677500189432,0.0214406810679733,2.52297041403419,0.440728367178861,0.00165883663927272,0.00351360134219724,0.00185993405119822,0.00407481697391647,0.00262938595620623,0.00332146832021544,0,0.704951879924352,0.468043242822434,0.124690958800907,0.123061777765407,0.30267522832462,3.39662184550039e-14,1.39930269155718e-53,0.00201223829495999,0.866820508458612,1.79560576022307e-37,0.00135898013264609,1.27822877216335e-13,567,"RAD21L1"
-11.1872960749101,0.0489287663390115,0.000178927865245537,0.0399201767089205,0.00389310209744118,-4.41819983768301,-3.32754789279681,-0.0130268009690196,-0.0117462735014036,0.00121337493538558,0.00280069402983462,-0.00310660621151545,0.00575515907208342,0.0112398710225817,0.0257546594048285,0.000969643297658221,0.0335792747720659,0.0021511438347447,0.758923253043152,0.133096143955765,0.000516903168450481,0.00107736519687437,0.00058867513813917,0.00121250987649916,0.00084270203010805,0.00101500766875143,0,0.0574590426653739,0.85359802831882,0.234505075956792,0.0703295494502763,5.8262913605881e-09,5.94966472917478e-138,3.84447498612844e-140,1.1179119628854e-27,0.0392843295491471,0.0208974607366797,0.000227375149474238,1.42743669595945e-08,568,"RAD23A"
-9.98734005530043,-0.00173559643904387,-0.00206187363577115,-0.0335569882672319,-0.0056530752598156,-2.22857485898856,-0.0346154847609031,-0.0156782498029246,-0.0242569450035821,-0.00306745939649972,-0.0100338226606946,0.00659833691718918,-0.00328455511155772,0.0170494264028075,0.0383410136372329,0.00146013540053334,0.0509975223545775,0.00321945391411444,0.509029938141694,0.0844029650015996,0.000322644457467648,0.0006988678219016,0.00035636187214605,0.000798770242913724,0.000503760812822425,0.000644934101855326,0,0.963894204286554,0.157917204711349,0.510530337293029,0.0791035683419308,1.19728252952418e-05,0.681716698846418,0,5.77997597694925e-264,7.45349891203002e-18,3.43371397061902e-36,3.3736158224519e-39,3.52713624259975e-07,569,"RAD23B"
-9.1879960812483,-0.0161930864058216,0.00155661979103572,0.0176659250929863,0.00527249759594162,-1.39360540855769,-1.61594921478375,0.00223293920801227,0.0127486694507979,0.00124356933475126,0.0103120956102367,0.00113689197298903,0.00754731998061288,0.0109221064141557,0.024663250578757,0.000932039494418117,0.0315704529694892,0.00205325130933301,0.325669966897314,0.0627282171974322,0.000232637132197774,0.000499645956809974,0.000267475667662174,0.000581954671223065,0.000366540585766908,0.00048203221898499,0,0.511459113763366,0.0948952013939183,0.575771762632668,0.0102323343660337,1.87570181592552e-05,2.41954179452186e-146,8.12120703310151e-22,1.32988484129e-143,3.33095387083239e-06,2.95182415062014e-70,0.00192425191082664,2.96237711697764e-55,570,"RAD50"
-14.2868681410343,-0.023054926868643,0.00275661652344873,-0.165331486910704,0.0119677721813483,6.66042448364235,0.123877924551527,-0.000884842423538973,0.00525197838835762,0.00129301024676997,-0.00776539592247606,0.00326894773031373,0.00195062667945651,0.0324942911176712,0.0782016717944648,0.00283291128037524,0.0985204659889919,0.00650952361531216,3.27066960247509,0.653357308521264,0.00248852048012364,0.00464499205588161,0.00281175692492808,0.0054383849789893,0.00367331559682657,0.00461476259385902,0,0.768136174263027,0.330519294688111,0.0933190740124216,0.0659884675200472,0.0417091960339734,0.849620933337578,0.722162855613952,0.258191726561344,0.645617808928879,0.15332456015206,0.373510201430651,0.672519447780189,571,"RAD51"
-11.1556207326521,-0.0310332053314625,0.00105857162856123,-0.0177197149213977,-0.00475629663080549,-2.6690561697259,-2.04211643738882,0.00323458844192014,0.00537315073826339,-0.00294596322903413,-0.00696745373431422,0.0149134105330864,0.00318668955456008,0.0239681177653197,0.0548394231668946,0.00206704567267407,0.0723792805495848,0.00459598942061756,0.890707427379843,0.153964517041791,0.000582925388984637,0.00122893669385915,0.000650914092648127,0.00144667129481299,0.000856644064360813,0.00117074976393062,0,0.571467020762855,0.608568314961305,0.80659773880366,0.300725047463998,0.00273046589846583,3.76623498447362e-40,2.87490162100282e-08,1.23003645583137e-05,6.01428868558891e-06,1.46320181809597e-06,7.03696875988382e-68,0.00649034568963381,572,"RAD51-AS1"
-12.4829309143968,0.0706216791935955,0.000423290946861937,0.178039582874814,0.00747496677006621,-1.31901391424025,-3.15196042704345,0.0100825039876297,-0.00325388454738025,-0.00176523157026466,-0.0186348850950126,0.0134927240550666,0.00642078958797917,0.034927071940381,0.0804861147117692,0.00298058919399326,0.10008338157027,0.00666087198866972,1.73780295139404,0.287997620145967,0.0011192812317474,0.00232929318378075,0.00122830776463579,0.0027511109086824,0.0017171908497454,0.00223873176229729,0,0.380248081395168,0.887067475762376,0.0752541013051972,0.261768719081139,0.447845164842827,7.06861339582283e-28,2.09816488494605e-19,0.162431391706267,0.150682531066009,1.2562923125692e-11,3.92063731873776e-15,0.00413013198332975,573,"RAD51AP1"
-16.483642111778,0.192678762881136,0.00278879306417578,-0.154138140148789,0.0139314298228976,-1.48298755490711,-0.0766766964123406,-0.111560048058896,0.136409614823207,0.00381524577496484,0.00490998704087121,-0.011804650013662,0.0419744851920953,0.136465003393419,0.287629523354357,0.0116783385511496,0.44028420679192,0.0264447068695945,4.59334453752022,1.19560308218817,0.00525567166737399,0.00935829549930701,0.00556085904161737,0.0102654621668338,0.00561806876177936,0.00869002572387714,0,0.50293097039072,0.811260283897551,0.726272788016793,0.59832307450152,0.746804512707243,0.948864935796694,5.42463202195743e-100,3.9730169812873e-48,0.492656810610666,0.632435553465178,0.0356239767558689,1.36402051587369e-06,574,"RAD51AP2"
-10.4037303518621,-0.215931050664357,0.00441939252997588,-0.0451155611962594,-0.00643510189437807,-0.777364193055526,2.00802838774742,-0.0143472605450594,0.00289490730298543,0.0008965583282504,0.0045776927188444,0.0272928620323091,0.00510088604941716,0.0280239412812601,0.0642481712659007,0.00241685014196788,0.0833794905031886,0.00532971402118726,0.956632375198494,0.200999516599436,0.00074315799658645,0.00159106554360622,0.000875799686067158,0.00183107702689091,0.00128644699615431,0.00154315233996338,0,0.000776916976255571,0.067463252205082,0.588447594913855,0.227277761061711,0.416444598832957,1.68216472206032e-23,4.80050161599678e-83,0.068838675171302,0.305975814143589,0.0124193277487904,6.84141017129927e-100,0.000948079832561119,575,"RAD51B"
-11.6405768940506,-0.0216291662985978,-0.00124977671998677,-0.0870974795003848,-0.0123304865671829,-2.70664109589084,-2.67835327448498,0.00325512743572836,0.013833729767633,-0.0031812067050124,-0.00213176179653486,0.00733964137735811,0.00876661456692788,0.0174291624462769,0.0403542114349179,0.00149980371328648,0.0526068182280822,0.00335143594144825,1.05482393192741,0.188306901128622,0.000706536353603676,0.00143524593426446,0.000808710765646254,0.00171920851735378,0.00105918348902826,0.00141906843168652,0,0.59197038535654,0.404679208335959,0.0977965666844268,0.000233998638091424,0.0102889264233667,6.56426152503895e-46,4.0820198765675e-06,5.49438317855952e-22,8.36562844823948e-05,0.214987606951245,4.22247802293763e-12,6.50318479668782e-10,576,"RAD51C"
-10.6061855903392,-0.0620742638967017,0.00246660611582101,-0.0160151112811092,-0.000162719371226166,0.981944380158362,0.105279110197457,0.00854983013044355,0.0199041585227415,0.00346072868329728,0.00929921709988403,0.00206930915420313,0.000428991592906403,0.0243513066492982,0.0551281965964365,0.00207338449261496,0.0704615070515954,0.00464009187434372,0.610513541140084,0.115449632037312,0.000426403751145123,0.000906309131436807,0.000473753049754755,0.00106717426720724,0.000653710864348772,0.000868556988970543,0,0.260166175574149,0.234183178265779,0.82019918266787,0.972025409853021,0.107749609110095,0.361818667717659,1.97749110598881e-89,6.68345716829147e-107,2.77429340157966e-13,2.93674910875757e-18,0.00154826908584973,0.621367619206824,577,"RAD51D"
-10.2956284211564,-0.0068963283654554,0.00137111392472387,-0.0757845706647749,-0.00235828320204647,-0.0255817656577366,-0.331538526321061,0.00240693378236835,0.0165018557574881,0.0004633152897783,0.000132253367836189,0.000750789724404593,0.00563892483555673,0.0216980666859051,0.0492403514283881,0.00187408528866421,0.0643049762201502,0.0040916439059878,0.549259183808725,0.101832824441814,0.000378366585515446,0.000806058758223591,0.000423614888108998,0.000945291385967135,0.000590704641108487,0.000770373379975867,0,0.88861700105424,0.464401956003797,0.238590168722908,0.564368023716708,0.962851929691228,0.00113107723951371,1.99948563727121e-10,3.80447328195179e-93,0.274078613524806,0.888733064355126,0.203726163997381,2.48471105207366e-13,578,"RAD52"
-11.2336363530766,-0.0148920963087599,-3.37053341194262e-05,-0.11388210500567,-0.0110327884974575,1.08644685023641,-0.705525242661548,-0.00452736441469687,-0.0287282423642102,-0.0100264740060791,-0.0334767898950885,0.0163180536385107,0.00214743439047072,0.0248167063333078,0.0563298995114904,0.00213478017827383,0.0756809797323164,0.0046854083143477,0.954213836236319,0.155054584526993,0.000603471319336057,0.00127652566254205,0.000650056204949486,0.00147045999353915,0.000903884917835378,0.00117443350778063,0,0.791492626849967,0.987402989448781,0.132384452289899,0.0185370524061895,0.254879222282037,5.36017308670208e-06,6.27540273673658e-14,3.70600028489488e-112,1.12871123597864e-53,9.91759333394079e-115,7.43922885425237e-73,0.0674767517015989,579,"RAD54B"
-12.1081160826069,0.0662544882426579,0.00467349186979956,-0.111072156280834,-0.00910315051938449,3.5786962794188,-0.670154405440481,0.0147980969680864,0.0140175117088432,0.00151280016119969,-0.00848165005034723,-0.00362285242378378,-0.013212008170269,0.0488100573532228,0.113422533961271,0.00416616261332342,0.148099276670104,0.00913820579355486,1.20707026900607,0.239405317243589,0.000877808644979218,0.00186301956272809,0.000972527935904825,0.00218454061584693,0.00143608050746831,0.0017800458676487,0,0.559127019145548,0.261958648765556,0.453264063179522,0.319170527194291,0.0030290069144447,0.00512220786344591,9.16398831417599e-64,5.3092072294921e-14,0.119818970256603,0.000103354708089778,0.0116445686104372,1.15116557410056e-13,580,"RAD54L"
-9.54494934859018,-0.0362064412192914,0.00515194177550254,-0.0439262108506653,-0.000226455657351398,0.637058657473688,-0.0523640368238521,0.0213131921501484,0.0126614157568702,-0.00180265484241492,0.0166242594995324,0.00193873454482109,0.00432485942812038,0.0165679134410801,0.037654942185919,0.00142427077425937,0.0480972944357365,0.00310271431074513,0.368702856400193,0.0731495201626511,0.000269634046006507,0.0005713854569214,0.000299728273264047,0.000676261146918381,0.000422206046573112,0.000552889550180699,0,0.336284618908462,0.000297751045832716,0.361096240768754,0.941817014357412,0.0840173447145112,0.474084373231465,0,8.51435824761389e-109,1.8066905404625e-09,1.93894999077344e-133,4.39195926134261e-06,5.18731564996518e-15,581,"RAD54L2"
-9.30562723864236,-0.0636757400066355,0.00697759937998384,-0.0876413714577921,0.000289492450288316,2.57889210621957,0.358297941109799,0.0127056128058295,0.0455664893408846,0.00620662095539053,0.0184003610787411,-0.00736635831690025,0.00419476189049259,0.0294208433333365,0.0672161832347928,0.00253233074984735,0.0862354787957477,0.00562837278347859,0.335251819977286,0.0728222919845848,0.000263683888355316,0.000562490709349262,0.000305489504681355,0.000665105974575808,0.000421494691114792,0.000550859211607768,0,0.343471912973527,0.00586193430388589,0.309485144455205,0.95897930681164,1.44396946450722e-14,8.64697744423808e-07,0,0,9.10248435038917e-92,1.82652037286752e-168,2.15424458826167e-68,2.63806404239837e-14,582,"RAD9A"
-14.0303211895289,-0.0449904489293581,0.00460409107563671,-0.0203553172342584,0.0138089552828298,-0.776131941955792,-1.29764943437333,-0.00856125658919031,-0.00728492172582396,-0.00289398232707754,-0.010205580136428,0.00972888794207138,-0.0119075978992173,0.0145821109988145,0.0386391749983618,0.00135451740472805,0.0487068764261704,0.00296543287861995,3.0332761698952,0.532552631392297,0.00214034568520822,0.00321914694387525,0.00257628615707089,0.00414418970645589,0.00298612542136821,0.00372953890206847,0,0.244272498560626,0.000676169416369909,0.676009520647707,3.21410731096958e-06,0.798049293503524,0.0148236299552364,6.3358261391512e-05,0.0236358388079517,0.26130349769729,0.0137924554147548,0.00112188315697576,0.00140910168330511,583,"RAD9B"
-11.6472460222042,-0.141372215021986,-0.000902373730515067,-0.0412918547086253,-0.0126485823121209,-6.55445793143811,-0.804183984784696,0.0496658700667004,0.028668222855673,0.0216167901981057,0.0448495613613633,0.00498907563142537,0.0163456580638498,0.0532723416438802,0.124773902887773,0.004713199623195,0.160544870448789,0.0102995940188963,1.11650759354349,0.212050006179606,0.000783733894965902,0.00159175927184401,0.000849549962959635,0.00198879307249181,0.00118166245654602,0.00159592314463539,0,0.257202867383047,0.848167787371543,0.797025759001812,0.219422153587251,4.34482538826797e-09,0.000149182633326686,0,1.61454556858926e-72,8.02101391661542e-143,1.30855227058212e-112,2.4205615386569e-05,1.28373651117683e-24,584,"RADIL"
-11.0670429551091,0.0660595813936666,-0.00155471376097147,-0.165657072279607,0.0128517605699574,-4.26890441912647,1.04417578337898,-0.065502950536512,0.0101460862785832,0.00552063897428662,-0.0225937769917034,-0.0295150340475651,0.0471678492873019,0.0237801818120904,0.0538957506930161,0.00203066529026813,0.0688210704955272,0.00451144533393238,0.8641704917443,0.160443120678883,0.00063887103307102,0.00133963688479696,0.000713284428601824,0.00148918463694055,0.00099732938711283,0.00124377226870707,0,0.220314665178628,0.443903671233906,0.0160811267887831,0.00438980613717114,7.81679306810551e-07,7.61201646675681e-11,0,3.62578090989546e-14,9.96170804531317e-15,5.42732136492524e-52,1.78138883526732e-192,1.06648187000299e-314,585,"RADX"
-11.3459585454201,-0.047938061338674,-0.0013174768038553,-0.0267270310212887,-0.00782134005560896,-0.468045852538772,-1.22923801094724,-0.0139332837864335,-0.0212031988548628,-0.00424355693618982,-0.0129671462565466,0.00672640007882531,-0.00165822308808616,0.0141020107481454,0.0322212094271528,0.00120648717488497,0.0420377164457577,0.00269913991607101,0.895251044781501,0.149711500097406,0.000579024622610835,0.00120823920634388,0.00064024620288435,0.00137386540634954,0.000896850660719605,0.00112449672031612,0,0.136809000547019,0.274835721020891,0.52491530219047,0.00375891183845993,0.601106749072321,2.19880702458504e-16,6.04843822726697e-128,6.07051970637474e-69,3.40247101888145e-11,3.78370324765039e-21,6.38069101785356e-14,0.140310492497725,586,"RAE1"
-16.3228547961862,-0.0471226569486444,0.00108246744630588,0.111280618065804,-0.015762483897199,9.88924873858212,-1.49695103058164,0.00582346750997862,0.00430100299914333,-0.00553721793787336,-0.0113835138234596,0.011157553279344,-0.0247157354297392,0.058217350332565,0.144754964032486,0.00518447148112254,0.183019792007701,0.011807115930005,7.51086386424296,1.57278147250059,0.00613084560991103,0.0104815389202585,0.00696235227221729,0.0117741605818701,0.00753051517847721,0.00959466292819935,0,0.744776983218163,0.834611930322576,0.543170860379993,0.181876786347234,0.187952852780888,0.341205638409511,0.342181528949108,0.68155597129574,0.426434070675502,0.3336331798955,0.138434668459213,0.00999541494480988,587,"RAET1E"
-9.90526173716283,-0.028711669156387,-6.87419420256665e-05,-0.0734110546737307,-0.00818857782706919,1.71832500249915,1.20421591381503,-0.00814752861568119,-0.00344677202409396,0.000172626767400175,-0.00400509239268314,0.000556361441021248,-0.00131653352814652,0.0202994552930574,0.0464463136486275,0.00173774813560293,0.0602883143019265,0.00375676119900983,0.434828107962404,0.0801101962803816,0.000293998344225798,0.00062993668230134,0.000328742112916969,0.00073407617817686,0.000462507948091965,0.000596971046859115,0,0.536463972303449,0.968445465889622,0.223350770165243,0.0292803889067863,7.75869666296534e-05,4.53163329822003e-51,4.88998118741134e-169,4.45948719573029e-08,0.599504617755098,4.87081634468943e-08,0.229006125196699,0.0274291408901292,591,"RAF1"
-14.499467099346,-0.0292198941638288,0.0054580726632561,-0.265356692350873,0.00168902656776641,-3.03852281480579,-3.65105546956561,0.0217225846660436,0.036205006318891,0.00176568276594019,0.0138223713266084,-0.00795500923417541,0.0120864078493215,0.0395811385344078,0.096595235317081,0.00348032158375492,0.119248393448503,0.00792653001825702,3.7422690281175,0.7370774165109,0.0027536937303156,0.0051387426343757,0.00322562403442155,0.00635339855867812,0.00425963685298861,0.00535518878098797,0,0.76227223162403,0.116818889294743,0.026064907370737,0.831260475430187,0.41682224257289,7.29196066315985e-07,3.05776458418733e-15,1.84797979939281e-12,0.584109029780764,0.0295861560812358,0.0618272962945634,0.0240110296752254,592,"RAG1"
-16.434351799561,-0.270801106824916,-0.00207873782972563,0.0530932641647894,-0.034948377111592,18.12686082161,-6.00583742672799,-0.01565432183187,-0.0276029287818191,-0.0135387364952523,-0.0662679378288711,0.0131838938641351,-0.024312624432278,0.0547678214066547,0.135683467637405,0.00479717289661983,0.174257814673567,0.0108868881599892,6.37061009571772,1.43644308481191,0.00601512696726049,0.0102987895348197,0.0069606279271753,0.0106700316725786,0.00785778667269644,0.0089413574512084,0,0.0459524529445244,0.664778241703602,0.760608164837294,0.0013267279890761,0.00443572832861225,2.90168648952259e-05,0.00925488837193045,0.00735757708420847,0.0517695288498764,5.27625568908798e-10,0.0933836794459737,0.00654558443066733,593,"RAG2"
-9.64322686710646,-0.117743170890802,0.00919860560398755,0.0383460211567685,-0.00428608626967961,5.10882538832426,0.147044882423991,0.00729340230086294,0.0147566454405076,0.00496131846961964,0.0105675649512017,-0.00246853501922202,-0.0108438865829472,0.0548467241481384,0.126645930264616,0.00483084879021517,0.15801942171596,0.0104257370886168,0.368438718538818,0.0782582126476705,0.000292272582398671,0.000640916111862701,0.000325692153892849,0.000717921823359286,0.000466844352401134,0.000594233257251632,0,0.352524596208133,0.0568921370148239,0.808263755280833,0.680994585675077,1.01589247163581e-43,0.0602485048327204,1.92690351536044e-137,2.66184563452086e-117,2.13062942243336e-52,4.82079900845523e-49,1.23860802030429e-07,2.12531356477247e-74,594,"RAI1"
-15.6554638349337,-0.217996829104257,0.00799248639412323,-0.0841083989831448,-0.0287931801279879,19.3785185540519,3.08244981622437,-0.021647908806592,-0.0421352972666411,-0.01774523944023,-0.0226331537091856,0.00889971636152424,-0.0294200778095536,0.066406416378967,0.157553688191798,0.00587888847839051,0.201866072547919,0.0129973836704518,4.51237128613372,1.13228763059365,0.00439669131624934,0.00859246536820532,0.00463367922198783,0.00808292601969464,0.00515853281668783,0.00630502445677812,0,0.166470183962029,0.173980795785043,0.676931170457824,0.0267390783378494,1.75062987995494e-05,0.00648252413698088,8.49309194697419e-07,9.40244090531809e-07,0.000128340295418698,0.00510837908282704,0.0844839083902158,3.06922233104278e-06,595,"RAI1-AS1"
-11.6791139019577,-0.263714410161875,0.0095582208460278,0.0988049293674063,-0.0343137858291733,3.82268738772441,-0.510974790302456,-0.0178250926807445,0.0159168208629964,0.0324443138886049,-0.00345321736746645,0.0439709455475872,-0.0455490181882633,0.0687440346319696,0.161394262653477,0.00598211522001407,0.2046342348187,0.012321582784832,1.21684321520089,0.252926246330722,0.00092622911630784,0.00199301493447182,0.00110905757479667,0.00234217566839408,0.00158244573100727,0.00194162548112297,0,0.102263814037866,0.110087600812395,0.62921165290666,0.00535521417642144,0.00168096872073873,0.0433572404751682,1.56069198603737e-82,1.39045843800433e-15,3.9998475184701e-188,0.140383855405368,6.28059215467046e-170,1.064435484371e-121,596,"RAI14"
-12.0990848584689,-0.0950234520076984,0.0129406053140008,0.338166535315988,-0.00804108603563571,14.6010898911022,-0.921799828883903,-0.0454142533359636,-0.00956787494145861,0.14494129973205,-0.0600406322842944,0.0505286577249895,-0.0451516586430835,0.0548419947556322,0.122422056499144,0.00464652713113981,0.158728291633816,0.0105615855962093,1.24117749299331,0.253450395265793,0.000994368845574226,0.00215066981198766,0.00123641967346461,0.00239673939528366,0.00150760352139413,0.00199890402995212,0,0.437633549899737,0.0053526754805607,0.0331324809351878,0.446446752012588,5.99008561688784e-32,0.000275828800233983,0,8.635603326642e-06,0,1.70412803430021e-138,2.82964075350291e-246,5.65981270253238e-113,598,"RAI2"
-9.80414980184773,-0.0493889040266677,0.000320683132455469,-0.0464100728951138,-0.0021819094048208,0.287524032285326,2.1041744074584,-0.0187378721269897,-0.00838975736091156,-0.00170349204350041,-0.00264390744812205,-0.0070453195285093,-0.0114271222705429,0.0122675616105384,0.0278081199128544,0.0010569059169874,0.0362510639093247,0.00233478166766109,0.499505418805371,0.0919615032179569,0.000345885504746859,0.000736285913368617,0.000389088635824201,0.00084204103578628,0.000552004045577607,0.000692064085801442,0,0.075722941880729,0.76157215681686,0.200460637013572,0.350033683598095,0.564873787845039,7.17770914469001e-116,0,4.44356089807897e-30,1.19685838681758e-05,0.00169017298745667,2.63277160766264e-37,3.02481557486945e-61,599,"RALA"
-12.1476420960999,0.00570241691537796,5.352052411016e-05,0.0362193266036845,-0.0062478887183496,0.0140096392517223,0.0275782919946476,-0.0162621643852572,-0.0300405904886867,0.00148962776398883,-0.013334216835414,0.00200459523143979,-0.00649494626857892,0.0323823182855217,0.0744849350219698,0.00279898912143351,0.0930771456305455,0.00627171885526589,1.47695345664423,0.250907246766692,0.000980741245423834,0.00211591879214231,0.0010717856088893,0.00237075822600238,0.00156864624425719,0.00192795704638847,0,0.938975179894001,0.984744278765282,0.697178258220698,0.319152793932348,0.992431780981721,0.912477349081959,9.482642146773e-62,9.50460104771557e-46,0.164572579315253,1.86097339556376e-08,0.201279698363919,0.000754898568613563,600,"RALB"
-10.8142264802576,-0.023746877284149,0.000962669471098774,0.00500458130388201,-0.00285536399466736,-1.29003544268223,-0.0648235959424087,-0.0096680537892733,-0.0104944280357736,7.36678532143301e-05,0.0121369439648406,0.00106844684603263,0.00993252498579538,0.0148349407304207,0.0339918400081514,0.0012667983307744,0.0433277298003596,0.00282858519906843,0.688416241550187,0.129414610636122,0.000483581670007481,0.00102447714568621,0.000548585513568,0.00117502774603884,0.000755465295190582,0.000974909504512338,0,0.484798772938287,0.447300478943963,0.908044640382937,0.312750622036209,0.0609417569031948,0.616442495167207,6.38819532341541e-89,1.26322268084815e-24,0.893175704188998,5.20628326087345e-25,0.157276836491045,2.23984231537982e-24,601,"RALBP1"
-8.47985666224246,0.00399566423636826,-0.00183258899678397,-0.108041056835169,-0.00491282291010755,-3.96712741490455,1.74040156627731,-0.0101456747002745,0.00351638598788382,-7.38320092048849e-05,0.00892103997948571,-0.00717409834259301,0.00776987631819927,0.0217358005332617,0.0488518960953145,0.00187125278433752,0.065043937965789,0.0040666294857928,0.294944533720328,0.0562676176040185,0.000207354618733733,0.000448974276975433,0.000240629628079887,0.000526146857190417,0.000329110908863372,0.000434975858566456,0,0.934812606978707,0.327412990527121,0.096703949575576,0.227015625476506,3.06134730362625e-41,4.60693276054117e-210,0,4.80004063832977e-15,0.758973973000765,1.75508258365762e-64,2.40156427833841e-105,2.29914787587357e-71,602,"RALGAPA1"
-9.43906135928976,-0.019638144926154,-0.00378025798898645,-0.00770815019201669,-0.00147620793953089,-3.3627874032323,0.861228662610114,0.00504348513046105,-0.00645656751418105,-0.00142377449161687,0.007501592552847,0.021628067905429,-0.00613674994407899,0.016707234796734,0.037841774047533,0.00143533804318695,0.050206126790929,0.00312099817057998,0.474394790813138,0.0867760421010698,0.00032173260161192,0.000688635353060624,0.000366251396192139,0.00081231427743411,0.000490980840125763,0.000663098324008497,0,0.603792728990847,0.00844586586592912,0.877980278479659,0.636218710050323,1.35490968437769e-12,3.24985787807534e-23,2.20671052726034e-55,6.85962926640298e-21,0.000101313666686034,2.58671810460951e-20,0,2.14912058053036e-20,603,"RALGAPA2"
-9.65613549444501,-0.00255091271040219,-0.000575551375705091,-0.0101798918718049,-0.00348314838592028,-2.72242933227654,1.23284684761181,-0.00878780589055801,-0.013067150318405,-0.000764881748576756,9.83723074802016e-05,0.00110405955861278,-0.000887547291716038,0.00992673803935318,0.0225911471919314,0.00085271464595595,0.0296005797578252,0.00187480480834541,0.424348223938511,0.0720421586411419,0.000269710413262537,0.000573082456511499,0.000298095951412296,0.000668313643869331,0.000424861863339535,0.000540822165949086,0,0.910096774590767,0.499698870165148,0.730915076710171,0.0631871156555957,1.40310827535732e-10,1.19024647836575e-65,7.28804965516539e-233,4.42879104899038e-115,0.0102911132102453,0.882978247963614,0.00935961002401128,0.100775110220477,604,"RALGAPB"
-9.91919503303442,-0.0486404396654598,0.00503557714055569,-0.0162109421215921,0.00209199842117073,0.571764384503918,-1.4396215642381,0.00512977352062369,0.0138857593357075,0.00097523808071165,0.00224152426572805,0.000878143468883645,-0.000474879232981177,0.0368996715218835,0.0841259198742867,0.00319415282625147,0.108266041610813,0.00696513324811202,0.408428223969691,0.0783042838897304,0.000294648666821015,0.000644044442074175,0.000323683799710018,0.00073153183952817,0.000461473129690252,0.000596816360785204,0,0.563138464996093,0.114910964096508,0.880975687459789,0.763907936947513,0.161539076241112,1.73349690954811e-75,6.95298435901237e-68,4.2430692850222e-103,0.00258734772148675,0.00218288453528317,0.0570518273274787,0.426213776962921,605,"RALGDS"
-9.13822547308708,-0.0578485640385209,0.000440590983100262,0.0244764242282884,-0.00367453668264643,0.514985396080623,-0.31853975644405,0.0112948678257578,0.0134312073529954,-0.00156889095643537,0.00543191299445829,0.00227363789017896,-0.000958984231448073,0.0160341251523319,0.036472114569495,0.00138085015583465,0.0471932926435336,0.00298642668444164,0.351976341291261,0.0674065238262304,0.000249451652299041,0.000532611395394357,0.000283497645366359,0.000627658612867338,0.000392833497452039,0.000515947494921726,0,0.112715736865987,0.749671716684226,0.604010406682876,0.218542679857237,0.143433169120829,2.29378476931195e-06,0,2.56534881570282e-140,3.12914593635197e-08,4.96174244429066e-18,7.13183823918351e-09,0.0630717013870928,606,"RALGPS1"
-8.2809730002142,0.0444650031693037,-0.00176261905605782,0.102615097742469,0.000652142540620572,-2.78041284503953,1.00267529593054,-0.00828181554967839,0.00588873512081067,0.00562669052733875,0.000285762015723535,-0.00244064495845942,0.0129026357873413,0.0150716110499516,0.0340461462673025,0.00130590703679454,0.0448442108767805,0.0028345390571696,0.288924818511642,0.0565103395399089,0.000210743630566056,0.000455878405653454,0.000243960458090927,0.000531112940942506,0.000337402916020947,0.000439014722268155,0,0.191545204738504,0.177103305635314,0.0221225352999702,0.818037337845086,6.37466812360242e-22,1.94470586439874e-70,0,3.59363711029615e-38,1.06582488494725e-117,0.590546822335652,4.70281617885735e-13,7.37414467500619e-190,607,"RALGPS2"
-15.9082893738241,-0.0318335826281817,0.00841947974405089,0.224423902631738,-0.0192770937003868,-7.95846192504555,-5.96056291788486,-0.017629751072601,-0.0497236830167661,-0.00217672192335323,-0.0614445579583027,0.0166834020991223,-0.0286747920612014,0.0462748995554872,0.103613201615633,0.00384522279333031,0.139236638112889,0.00896156244088285,8.43701652123622,1.1550736368073,0.0049973945939289,0.00868742808586928,0.00545990668653503,0.0100510411579778,0.00772354415063441,0.00839137829458602,0,0.758664649104175,0.0285536381629714,0.107001889202688,0.0314693929826482,0.345538128422107,2.46512896572528e-07,0.00041904686854945,1.04267540011838e-08,0.690133551457078,9.76203909831594e-10,0.0307671900298413,0.000632750370117157,608,"RALGPS2-AS1"
-11.5724206004551,-0.028878167323533,0.0041792124935603,0.0306373140169447,-0.0112922471988312,-0.833949370875307,1.36562648713892,-0.00501378949648348,-0.00933222432331809,0.00121470383264218,0.00711532142086611,0.0249804922598656,-0.00828006790560252,0.013734735336321,0.0321616897214693,0.00118562064144292,0.0408746138821616,0.00266619247479615,1.04752778587041,0.196026833715531,0.000733887239615963,0.00146244696283915,0.000828525952289286,0.00171500709948657,0.000981798900993223,0.00141844669097411,0,0.369235779148061,0.000423618007781007,0.453529500641452,2.28200219166464e-05,0.425966978655866,3.24857544136461e-12,8.38408475628424e-12,1.75660334147781e-10,0.142620409911212,3.34137565246169e-05,8.31154793726365e-143,5.3015599667455e-09,609,"RALY"
-15.0635274983988,0.21560747639056,-0.00478599560054255,-0.0950115897480897,0.00789807845612969,-2.77456528570095,-1.54290920009998,-0.0170211752424851,0.00179305341262471,-0.00027821084497357,0.00427891289759655,0.0272580753649487,-0.0120607837599535,0.0564340426987356,0.134239366039246,0.00491895355844213,0.163188866245473,0.0110224555278153,4.92114098013503,0.915601984639773,0.0034629605981027,0.00677905620212682,0.0040144147571716,0.00777719426046119,0.00436710951717871,0.00650032294703009,0,0.108242725730607,0.330568075364758,0.560419460783596,0.473655280226883,0.572886655636295,0.0919633183672883,8.86877759091199e-07,0.791395455017599,0.94474846577262,0.582190967583078,4.32911584859599e-10,0.0635372710750761,610,"RALY-AS1"
-6.04787025280696,-0.0492247255773217,-0.0022277650417678,-0.0515408487926672,0.00536153542363748,-2.69340082986613,2.37048811680683,-0.0119336854947708,-0.00433829249026206,-0.0098118958960321,-0.00253976808423234,-0.00794048152631718,0.0115176893305317,0.0141662821615258,0.0320646532318371,0.00121258370651486,0.0410658607194313,0.00266949678292662,0.200136339016419,0.0434563058821837,0.000162770716597878,0.000356356873149199,0.000192547468297339,0.000403923714730332,0.000258532715571506,0.0003406887559476,0,0.124741831216291,0.0661796143171485,0.209450530365163,0.0445961062934497,2.76930073922475e-41,0,0,4.27545033161739e-34,0,3.22116759976238e-10,3.74202130118572e-207,1.55251684912654e-250,611,"RALYL"
-13.689560151979,-0.120566316471837,0.00680940443224369,0.365814893031982,-0.020328041561536,-6.50877668620925,-3.69370414739039,-0.0168354563135691,-0.0376849724877233,0.0016207398828233,-0.00958611726599697,0.00470241570330876,0.0119104741045966,0.0497423213738664,0.114926844127513,0.00420622069096198,0.14745115959685,0.00939215954779222,2.64666897572317,0.443557662756096,0.00172394354062986,0.00369329925843855,0.00194037748859854,0.00415317373474286,0.00283729777136186,0.00342640940311905,0,0.294145853840854,0.105471146824719,0.0131042877317757,0.0304365097415443,0.0139234074630226,8.26024472717162e-17,1.58070440736436e-22,1.91043673747049e-24,0.403565478925955,0.020991205885971,0.0974472924249486,0.000508799984100468,612,"RAMAC"
-12.4187486735661,-0.00964046224527869,0.00305510592018472,0.00933511392560969,-0.0226841845639743,3.25141946365042,1.89520273479028,0.0108306510963617,-0.0232875050389055,0.0068805251586339,-0.0130476784014313,-0.00411848721321604,0.0167409556515772,0.0607713954431305,0.142634725695077,0.00516080583713332,0.176598008021474,0.010825466553251,1.42131740371202,0.264540019338016,0.000975508060540459,0.00200837744658182,0.00103783720421805,0.00240285584609756,0.0016392542539566,0.00192765053843729,0,0.946113237552196,0.553862413624707,0.957842809005427,0.0361313313799466,0.0221602611632794,7.82742175238874e-13,1.21881339376074e-28,4.35930290785468e-31,3.36422833596252e-11,5.63315635474226e-08,0.0119907938162536,3.79935629721105e-18,613,"RAMACL"
-9.71819518238913,-0.165953470569703,0.00810387986736557,-0.0651975211838035,-0.0122314158888564,3.60914874443474,-0.390071580196545,0.0139321685179663,0.018773776809159,0.00583942458586495,0.0131101296146309,0.0106859057082307,0.000981139215143707,0.0309344829778414,0.0714238356975691,0.0026682430370566,0.0892659114492716,0.00575555920303279,0.372974580357696,0.0795776788788334,0.00028869476132337,0.00061747299606957,0.000328444795259307,0.00072178811695591,0.000441486912822369,0.000595097432357575,0,0.0201521661723766,0.00238818996961903,0.46516146702817,0.0335742544173921,3.78886693341038e-22,9.49763819971815e-07,0,4.83277125038043e-203,1.02771662857459e-70,1.00588675188881e-73,2.00184055437586e-129,0.0992083943011153,614,"RAMP1"
-16.2828886259989,0.502468961534926,0.00507120911085396,-0.168701826153584,0.0331842860072398,-9.56433179967676,-1.99039125878853,-0.0410044301678246,-0.0381962646781236,-0.0105704557724683,-0.0159174918874911,-0.00426267120758952,-0.00323165907035802,0.156833982745081,0.349267500051575,0.0128530988185128,0.496805237523108,0.0320148028408825,8.07832049076106,1.44782838966762,0.00577618345862075,0.0124452875938124,0.00653426504538714,0.0137078820635517,0.00920593400973751,0.0112863784568912,0,0.150253549217196,0.693173930465785,0.734177839240028,0.299955207140748,0.236432647419232,0.16921128184033,1.25772435881802e-12,0.00214679733610367,0.105728084064984,0.245563563472351,0.64333915879711,0.774623325040245,615,"RAMP2"
-15.0064027039189,-0.138513471130973,-0.00292314525196329,-0.101915911607607,-0.00530219749417843,1.27807513580872,-1.83478125926897,-0.00216090976722927,0.036675543646409,-0.00606078182311583,0.00244569556590528,-0.0096917407987835,-0.0184545686008652,0.0440851107964141,0.107082754043294,0.0038141381014914,0.134846400608635,0.00896542316822266,4.82288323812979,0.884636001793868,0.00330526151103378,0.00618662434539991,0.00386870528266977,0.0074562100264655,0.00501083220740153,0.00628425508886463,0,0.195831958499732,0.443439921839923,0.449773554666273,0.554248986027016,0.791007692383264,0.0380744617635915,0.513254353475848,3.06274176164827e-09,0.117204099169718,0.742905712453621,0.0530937144142687,0.00331793491379454,616,"RAMP2-AS1"
-11.7269176714779,0.0579873562556762,-0.000624900319854198,-0.0332782193916987,-0.00552112631101407,-8.74707296922855,-1.14522858174182,-0.0389913366029167,-0.0581574386940249,-0.00189012671831672,-0.0023009092802451,0.00329190378388136,0.00303816168648662,0.0305063512310034,0.0683863594160852,0.00266339585511098,0.0963570761023034,0.00582205955628366,0.968292094731206,0.162810128048344,0.000659378309630108,0.0014571004172576,0.000716699521643511,0.00156403278577643,0.00105025251630106,0.00127569904892935,0,0.396472798214424,0.814499492857307,0.729821095489799,0.3429708736393,1.66257042901615e-19,2.0049949981282e-12,0,0,0.00835774590816806,0.141253590005655,0.00172210242447577,0.0172391937187359,618,"RAN"
-12.2386598033598,0.0548749367155497,-0.00157628557526681,-0.00716002306160408,-0.00546373972456617,-3.49859746159989,-3.0975182720172,-0.0181551774423204,-0.0273115986157487,-0.00277556702070505,-0.0201726147514127,0.00525090845985024,0.00787573242791937,0.0332131706033649,0.0754589816226834,0.00287616024971491,0.0990222617104172,0.0061866809221459,1.36770817653484,0.221388948404358,0.000872967298851011,0.00187853248898073,0.000969020378631777,0.00212166725478348,0.00139948174303849,0.0017311774552652,0,0.46709398765711,0.583656150709806,0.942357430267529,0.377157636398171,0.0105276104208486,1.76172422124614e-44,4.59899651356176e-96,6.87930338515176e-48,0.00417929328468652,1.94537245433084e-21,0.000175402979430665,5.38118360481439e-06,619,"RANBP1"
-10.0681586010908,-0.0722353866632666,0.00728038173762338,-0.0345202861550759,-0.000338276977564105,3.63951332274177,0.302314043502835,0.00625669795574794,0.0214886091774737,0.00127328902055829,0.00495751598610096,-0.00302958397084861,0.000119898339268382,0.0321922821008784,0.0729722237685592,0.00276323794719062,0.0938549888324964,0.00606619332919644,0.443404695248829,0.0901442561566068,0.000333393679300298,0.000719882792176516,0.000372698762087344,0.000828091069191027,0.000524130710971134,0.000679942702450434,0,0.322221777947791,0.00842046091603457,0.713019021987461,0.955529581327884,2.24702338848527e-16,0.000797475501611127,1.41410381032752e-78,8.73953181522631e-196,0.000634543581317889,2.141679587586e-09,7.46087975980425e-09,0.860030024097132,620,"RANBP10"
-13.8224700188445,0.118197365378301,-0.00106807516359288,-0.206249420880635,0.00766667030570301,4.72759175018821,8.44013493613476,-0.0570907597508496,0.00855581973036192,0.0161228650683646,0.0268211039453408,0.0154264390355109,-0.0523364379576619,0.0680132309568001,0.153927344637907,0.00556842656061469,0.187072638600281,0.0130660631933285,2.48403879724217,0.555334065885497,0.00201809474385204,0.00413524043322946,0.00229187948756591,0.00466727103013149,0.00277184106277446,0.00389372765386508,0,0.442559885605801,0.847891703642544,0.270240092204367,0.557363513289072,0.057016075137661,3.62905421105064e-52,4.66174223064882e-176,0.0385459216339745,1.99577463931303e-12,9.10368489296942e-09,2.61532918379729e-08,3.46688043523937e-41,621,"RANBP17"
-9.12940062560048,-0.00581567212709469,0.0014494570188747,-0.0326722852520523,-0.0032681941260394,-4.58977493931499,-1.33748583767892,0.00166127845944677,0.00504194654866083,0.00977684489469583,0.0109789242150582,-0.0133898432999751,0.00207173720551537,0.0190022320792744,0.0427183360513883,0.00162255392774425,0.0559240782857762,0.00353655771649187,0.325544914327091,0.0593116052660265,0.000218657020301086,0.000475730024300748,0.000250591505481746,0.000557568822280082,0.000374777480216045,0.000457754842507908,0,0.891710646111406,0.371686772849521,0.559068455270288,0.355425253206264,3.86580027668806e-45,1.33818687118496e-112,3.01567784603907e-14,3.03329773153823e-26,0,2.59049625375665e-86,1.48207544285454e-279,6.01486056767323e-06,622,"RANBP2"
-10.857734085008,-0.14267193342592,0.000967674673629079,-0.0212691489894124,-0.0132947267862651,2.74380929401078,0.565232015360271,-0.0100886632874072,0.0044302410032731,0.000288384744559028,0.00568503168532189,0.00127181805337313,-0.00507220990638995,0.024272650421982,0.0556836091631257,0.00209663769553508,0.0715473830789776,0.00454747297201678,0.633027390162163,0.121011016252398,0.000445027705047956,0.000958071979718581,0.000501780916893501,0.00109133003322467,0.000684756609441368,0.000897265302864745,0,0.0104014683976311,0.644413792089486,0.766257626162841,0.00346073886177103,1.46142074219755e-05,2.99862888915448e-06,8.91146759137322e-114,3.76189772384904e-06,0.565479039799769,1.89586104877068e-07,0.0632644139597064,1.57702862576742e-08,623,"RANBP3"
-13.8100036862063,-0.0567271582608469,-0.00373181859441514,-0.226925170952506,-0.00279243053866641,-0.334740920183184,-1.21816179786451,-0.0221095849594461,0.0162314444034287,-0.0100216968657324,0.00601395435591586,0.0107077903129704,-0.0167072607378989,0.0400642900520105,0.0931695269105889,0.00350379768392074,0.11787664845214,0.00778399192969556,2.54746693861174,0.47614734684618,0.00182054153456014,0.00371008529137199,0.00211617845166129,0.00409940702330846,0.00236413552942666,0.00335889314162287,0,0.542617523346973,0.28684053520128,0.0542159629285862,0.719789479343594,0.895457719746309,0.0105163681208876,6.134898491228e-34,1.21459301090665e-05,2.18244064220748e-06,0.142367810263408,5.91899356211848e-06,6.5572586184782e-07,624,"RANBP3-DT"
-15.2480655114602,0.50016952813017,0.00611296796528986,0.407471946565962,0.0387542149223228,16.7734049170408,6.75353411429856,-0.0447474741133798,-0.0426615626817941,-0.0172489728445234,0.00664387032900472,0.0390833232278626,-0.0276430561967951,0.178522275744875,0.368901666080531,0.0136546665590866,0.481598757300527,0.0330104818530466,3.29656206791352,0.97226008275034,0.00364002386006979,0.00808916410690743,0.00395722469039251,0.00799424976865734,0.00410416455623056,0.0067076868240052,0,0.175151898785673,0.65438168167538,0.397507109395124,0.240396127057471,3.6157181822621e-07,3.75198911252195e-12,9.85495995357778e-35,1.33543889323617e-07,1.30744064125094e-05,0.405927785000882,1.68501456094281e-21,3.77065741222497e-05,625,"RANBP3L"
-11.9125540894567,0.0526654427262582,-0.00307284877233344,-0.0129649030508332,-0.00704576867159545,-5.46961743199639,-4.09789415155615,-0.0143344938107888,-0.0222207601994255,-0.00571750044841382,0.00204729802995676,0.00434013447365106,-0.000677201826301569,0.0254981162028574,0.0573521407479714,0.00218860734846249,0.0773655988959183,0.00488067875004338,1.14517528044376,0.195948346621016,0.000758468793896335,0.00163898908789512,0.00086109489135907,0.0018366159664724,0.00121222407489012,0.00152088352940258,0,0.358471209914214,0.160312855548264,0.866913950548726,0.148850323845602,1.78614495855273e-06,4.06621219554351e-97,1.15678163511535e-79,7.14343358300134e-42,3.14102661566105e-11,0.264973816714891,0.000343190609773005,0.656125587253899,626,"RANBP6"
-9.47848939518933,0.0266029043007825,5.59964465695225e-05,-0.0263646463402959,-0.00143609760769013,-2.00009075165358,2.01317969880685,-0.0115823470874965,-0.0241625204785922,-0.00185192120144924,-0.0105399032621197,0.0127333213044403,-0.00470236414860209,0.0196940355912704,0.0440123584420245,0.001698422116908,0.0599251183373077,0.0037471967271801,0.433179498323802,0.0727968365204586,0.00027710630186424,0.00059783781004048,0.000301777756187143,0.000687657998641785,0.000414774991395573,0.000548864988449891,0,0.54555002562817,0.97369876030279,0.659966183801571,0.701537482500626,3.888902174723e-06,2.44556995651558e-168,0,0,8.42503855826338e-10,5.02859345136569e-53,5.80707098329554e-207,1.05817167104266e-17,627,"RANBP9"
-10.1795532738605,0.0178935117824515,0.00157635272838616,-0.0648659388370512,-0.00292143607149977,2.04565919911731,-0.385601694754629,0.00116687141036089,-0.000468398248471424,-0.00110181813299958,0.0182973630613604,-0.0101783694761089,-0.00416346056058424,0.026187309659882,0.059591922157012,0.00225728630710331,0.0776547360268137,0.00483025151445889,0.434384808472973,0.0888352639300595,0.00032564927506205,0.000710279214746999,0.000370061653985176,0.000804663158077938,0.00055217242355207,0.000669545853837948,0,0.763973194333302,0.484964753360042,0.403542019328039,0.545298142284401,2.48538610440127e-06,1.42069811388033e-05,0.000339390859794216,0.509602667687163,0.0029071326519011,1.83718082701717e-114,7.09933655514599e-76,5.0245724325644e-10,628,"RANGAP1"
-12.1878415443884,0.00938747068390561,0.000673132168279627,0.106045260245422,0.00176848456562418,-7.084095985715,-5.47978463865295,-0.0171336544168547,-0.0242504301574656,-0.00704316086378861,-0.0321931640659344,0.0160022115642425,-0.00226242128806634,0.0251659197545711,0.0567217924131283,0.00213639113715337,0.0756301216589092,0.00482307162441235,1.38024771937057,0.209729446196759,0.000850213465015934,0.00182184971572294,0.000927046251605507,0.00200795618803605,0.00125320173900447,0.00160325642160115,0,0.868550255029724,0.752701606833123,0.160868543656308,0.713863811225281,2.85946731205095e-07,1.75874188251335e-150,2.57522399697632e-90,2.00100178581706e-40,3.02090005341241e-14,7.54046253550088e-58,2.4407590034072e-37,0.158202965914756,629,"RANGRF"
-9.75989023188007,0.00783142502358128,0.00050978167435398,-0.0160530409335007,0.00292348231623028,-1.60328096196973,1.23572385479231,-0.00206844007739517,-0.00200973523409354,-0.000308682205371458,0.00173090179717406,0.000961267252370025,0.00334867792657183,0.00916281200161079,0.0208982205513867,0.000788059748485607,0.0270543480021633,0.00174964212699079,0.491956040389593,0.0905828597696793,0.000339445221873608,0.000703938855024463,0.000382487563422613,0.000826120955236865,0.000528669823556825,0.000678635507811387,0,0.707852920560301,0.517708309620273,0.552938446902008,0.0947408346591393,0.00111808690931612,2.25552454813948e-42,1.10406078093033e-09,0.00430387919027691,0.419644278379104,0.0361518005564061,0.0690220745923692,8.03860676573682e-07,630,"RAP1A"
-10.2185489396055,-0.0198543950541237,-0.0025959170903141,-0.0358035752344004,-0.00980028642583275,-4.15995989600643,2.44634958425638,-0.00636515187779528,-0.015803993440301,-0.00601016925793322,0.0112097921993932,0.00863960107834136,-0.00129110102099908,0.0194993885679219,0.0440183293139581,0.00166783355028012,0.0586658914370654,0.00367871964951198,0.598048834308335,0.102053296702644,0.000376763241290202,0.000805408431635817,0.000421168449329377,0.000950154046271184,0.000573443600274487,0.000765379816926505,0,0.651954698059602,0.119598621480695,0.541665561551212,0.00772065014852902,3.5035150554857e-12,5.54255946343297e-127,4.95545667719804e-64,9.96697696457121e-86,3.35486175238608e-46,4.0032482214626e-32,2.70320563979771e-51,0.0916271533483225,631,"RAP1B"
-7.79734631909754,-0.0194972631398956,0.000448985774539321,0.0673719055230609,0.00326175253320259,-1.83677297869631,-1.70210095936601,-0.00966790974689494,-0.00530847313848937,0.00738637095264601,-0.00900473251785229,0.0186773867821685,-0.0190550818466772,0.0258633477916627,0.0587550839845866,0.00221969858449137,0.0776675864727944,0.00482619376829485,0.207619002785441,0.0393390260953372,0.000149054973021443,0.000326626546599043,0.000170253974660073,0.000373927312150381,0.000233416551700858,0.000309319940056845,0,0.740010385976011,0.839703066118481,0.385701436478157,0.499139901803506,9.00289125424358e-19,0,0,2.14704565230664e-59,0,3.9059174097308e-128,0,0,632,"RAP1GAP"
-9.37155940507373,0.024259532675589,0.0016649795070468,-0.0657713560911043,-0.00418231366115096,5.8691616725854,0.585440243142263,0.0118681673780159,0.0258026981885545,0.000223869393874611,0.00571601176270427,-0.00198801038999146,-0.00543035301429468,0.0309739102446113,0.0715424620648338,0.00268335311950302,0.0917934780422426,0.00574977125005688,0.365744908423459,0.0771535112052316,0.000281218965057031,0.000601097908698188,0.000323819083618806,0.00070717432523533,0.000452913883645432,0.000584437711870748,0,0.73453983386934,0.534938735810222,0.473673730381346,0.466988404573503,5.98544856935611e-58,3.24900404595735e-14,0,0,0.489351301445483,6.32500516362854e-16,1.13675152503598e-05,1.52006748151063e-20,633,"RAP1GAP2"
-8.34906769706358,0.00699855586346708,0.00370143535742959,-0.00516794105559525,-0.00456611496475742,-3.68765912929415,0.663004099655807,0.0161205686106697,-0.0100524836235595,-0.00454053965770717,0.0111657791972866,-0.00357443248178586,0.00850654397652291,0.0177161659006455,0.0404655065383952,0.0015351749001089,0.0516709361252601,0.00328720029074042,0.29808953787729,0.0576546686494252,0.000213168560920755,0.000462925739285618,0.000245767979612456,0.00054294721444528,0.00035176336615522,0.000446628615105539,0,0.862689826059528,0.0159051927720273,0.920331304802829,0.1648148268474,3.75224370937064e-35,1.32568865833291e-30,0,1.47687214368033e-104,3.28815912295848e-76,5.63505068466569e-94,2.94604246079657e-24,7.07509086895042e-81,634,"RAP1GDS1"
-9.73921683264597,-0.0617323168548722,-0.00086690475616816,-0.0175302386918827,-0.00445096423638198,-3.63822251520257,0.408279668345277,-0.0103026840329244,-0.0274929354674554,-0.0049080525027104,-0.00907621005264279,-0.00485643177848081,0.00640698686298977,0.0235252072984729,0.0527402176535182,0.00201473845851063,0.0698530049481296,0.00448340495669914,0.542394373804769,0.0927990722514178,0.000353255323676694,0.000771651957986708,0.000392417843708147,0.000888678442847938,0.00058528816774351,0.000721237697246808,0,0.241800637052243,0.666990857510862,0.801845825648975,0.320824847347979,1.97706451877949e-11,1.08445908349815e-05,5.39506917162378e-187,5.04172884372796e-278,6.81767302842138e-36,1.73142835485022e-24,1.06320198393606e-16,6.4892647902755e-19,635,"RAP2A"
-11.2481972113085,0.0198416126605314,-0.00129488421978195,0.000913875719582559,-0.000225653207001732,-0.327754967607195,-1.79658141997239,-0.0275408776182109,-0.0212203601471493,-0.000773832490095435,-0.0156756458524097,0.0100776340698961,0.00679688289098335,0.0268291592569233,0.060103224036828,0.0023055866532823,0.0803756586290414,0.00509527758259775,0.828657733348451,0.145199810355745,0.000564693095738656,0.00123478481042586,0.000623012755650314,0.00136153035617731,0.000857698086679844,0.00111313755369033,0,0.741305063529606,0.574368849204892,0.990928203525961,0.964675845401847,0.692455370481211,3.65137732136181e-35,0,3.41157376557042e-66,0.214206569293594,1.13126686606783e-30,7.09298058606535e-32,1.0212166544173e-09,636,"RAP2B"
-12.712696275654,-0.00680565100344324,-0.000977211024075193,0.0042607215345512,-0.0109110647530562,1.29344053089146,0.215859411737942,-0.0252235561833327,-0.0380803000205561,0.00255885119645641,-0.015013579266138,-0.00578206901887915,-0.0142707273612762,0.0265550261858471,0.0608097912405556,0.0022982721717281,0.0800934228890747,0.0051611609326292,1.76843038431038,0.299784754683299,0.00116383785693883,0.00244505868691372,0.00127953097671994,0.00271242055565511,0.00193366421557039,0.00222909654529466,0,0.910889196410456,0.67069542065505,0.957575028282692,0.0345091358243107,0.464531223180763,0.471495445022697,3.71002570847676e-104,1.08683206610911e-54,0.0455180529892024,3.11011416283772e-08,0.0027878243237949,1.53331556996939e-10,637,"RAP2C"
-11.0863082093995,0.0174850462843582,0.002600310911672,0.151364958834965,0.00799289765875337,2.48248648757102,-1.24526803356276,-0.00198977943309735,0.0172520470044646,0.00387632076360418,-0.0046094391961215,-0.00150440407818489,-0.0205667565857247,0.0223760026022316,0.0512514519390852,0.00192740283936753,0.0653959098913308,0.00432283300798245,1.23631908601068,0.256701355146371,0.000968034996791061,0.00198936112565531,0.00114712024674867,0.00229359605282622,0.00154644584090363,0.00197486150651497,0,0.732981651543481,0.177296226993285,0.0206351798284674,0.0644584999258913,0.0446469221766545,1.22816998146093e-06,0.0398323806049677,4.24019850754556e-18,0.00072703550210521,0.0444629865041502,0.330645781005177,2.13410880852934e-25,638,"RAP2C-AS1"
-9.00775100246288,-0.0909484744269488,0.00213237359901339,-0.102574123785036,-0.00499927571028565,7.77178091062004,0.872902910827648,0.00676398668697429,-0.00928603141323751,-0.00767093729254767,-0.000408660580565452,0.0085311152437834,-0.0207303375898818,0.01847275609026,0.0422829304263007,0.0015782066807705,0.0532949242631765,0.00343692977739883,0.329561797102588,0.066763040679238,0.000246113395497324,0.000534403218184695,0.000280766669949187,0.000611816119155788,0.000400486942899011,0.00051008425126029,0,0.0314801366467107,0.176651518768722,0.0542730473746403,0.145786667766667,5.87452039540375e-123,4.59718179655363e-39,2.78698748370117e-166,1.24418640882003e-67,2.36275128273001e-164,0.504167592211701,1.09110884395674e-100,0,639,"RAPGEF1"
-9.17228452223465,0.0372633693641939,-0.0013676064441759,-0.020561799597991,-0.00480742612074089,-1.24398407332757,1.5614412769569,-0.0175266257984331,-0.0211302163269357,0.00232426473770581,-0.00861455472280112,0.00811079608557941,-0.00211494208676397,0.0220500216898442,0.0497611053852257,0.00188642973948783,0.0658247984625343,0.00413362581773031,0.401049658788098,0.0736326906225663,0.000276809794650649,0.000600353351982602,0.000312365966762044,0.00068863858169919,0.000429671240134044,0.000562736907101018,0,0.453950458984956,0.46846995509697,0.754758108309422,0.244827608598536,0.00192334511839569,8.43945947839062e-100,0,2.27795081206172e-271,1.00048136851407e-13,6.62030734727239e-36,1.77161158717881e-79,0.000171062019222153,640,"RAPGEF2"
-14.5721849363807,0.485115555787082,0.0245535731827069,0.195564682189329,-0.0541767604333363,19.1636262169436,8.76742705651793,-0.0571464388038195,-0.0405802674160554,-0.0371951631225671,-0.0774869560354341,0.00720560159170299,0.03252569470321,0.145196817313062,0.336746249408109,0.0113683933203556,0.379076484395569,0.0263183914808023,2.98897980767787,0.748485585088796,0.00274105917758861,0.00570591410102036,0.00294957925026253,0.00626165601324619,0.00369622464131938,0.00512766125926056,0,0.149698636347167,0.0307873566299999,0.605925868364926,0.039540880289534,1.44163667793396e-10,1.0862752418424e-31,1.57916883418712e-96,1.14401400681961e-12,1.85219508629727e-36,3.57631291903567e-35,0.0512418225058087,2.25065536610296e-10,641,"RAPGEF3"
-7.6181528952018,-0.0176788360681846,0.00113968002409153,-0.00354532810138878,-0.00507130879523515,2.30064992194087,1.09108649271986,-0.0115827838464997,-0.00542474541378986,0.00479458659310745,-0.0121312657773638,0.00586242872567624,-0.00900496740468837,0.0157658767850944,0.0356272476756736,0.00135331486639199,0.046729337371634,0.00292914965935773,0.22212550374444,0.0448393035241092,0.00016714357715584,0.00036415852872623,0.000194147572023257,0.000417093754220096,0.000266850625144814,0.00034739155523364,0,0.619741514026495,0.399709824281061,0.939522979584476,0.0833938903461456,3.87216296227312e-25,8.71917955965287e-131,0,3.46476719468376e-50,1.19310209697038e-134,5.52047597261657e-186,5.7069438753021e-107,3.79578364522064e-148,642,"RAPGEF4"
-10.304487482642,0.399278495080925,-0.00912552984197892,0.169293192617921,-0.0285524083873694,6.67786550880091,-1.51756484973626,-0.00316417523120959,-0.00475170263575404,0.00587193856217127,-0.0200380471555393,0.0245234814645117,-0.0356190134146945,0.0855000458180193,0.187265224301005,0.00679979374039752,0.230472249621433,0.0161999546287102,0.716246268071959,0.143842954617136,0.000542805703294607,0.00119501073071166,0.000621052263140811,0.00135445905357355,0.000873568447013636,0.00112939879003908,0,0.0329941017094007,0.179586142385975,0.462614122815438,0.0779849777339472,1.12648326158057e-20,5.071567971638e-26,5.56616239413942e-09,7.00003768859328e-05,3.23572219952378e-21,1.59830939499018e-49,2.10708595823117e-173,2.61661115274855e-218,643,"RAPGEF4-AS1"
-6.92432238299958,0.0291804691401445,0.000217398825181974,-0.168046928017977,-0.00136623182913702,-0.32407087823217,1.99157105319496,-0.0134453643061261,-0.00236951629657543,0.000866832913377218,-0.00548189554127805,-0.0211845294215023,0.00159721861948189,0.0365374191642376,0.0826591532732253,0.00314698178520076,0.10765047313004,0.00672476977824981,0.21748184619516,0.046272676737977,0.000172973288969085,0.00037824125495124,0.000204292920722047,0.000431597966702513,0.000281476272058406,0.000365303115872616,0,0.724072223745276,0.944924594188855,0.118513801695753,0.839006768274096,0.136196518744323,0,0,3.73871589505497e-10,2.20464582031538e-05,5.80862306763912e-37,0,1.2293855800493e-05,644,"RAPGEF5"
-7.95263382367123,0.0841446313884621,-0.0084957016070791,-0.590621979939943,0.0177057375185094,2.4714377344162,0.16133938911529,0.00404731519400714,0.00652621300118095,0.00123757052959535,0.00364163379871023,0.00246811566528681,0.00645381087264061,0.0443182511439494,0.100010894186354,0.00386175953796973,0.130068984494833,0.00836013611811348,0.210534158238597,0.0430414030187897,0.000158456208051541,0.000344492959776798,0.00018405361377528,0.000401157336764265,0.000254418810971897,0.000334091718489112,0,0.400149280363436,0.027810007002557,5.60314974791188e-06,0.0341855111166678,8.05346553477557e-32,0.000177916924668844,6.7087587165293e-144,4.91142027923426e-80,1.76841811539894e-11,1.10771911512477e-19,2.98571961623086e-22,3.828743864976e-83,645,"RAPGEF6"
-9.8662517161797,-0.0467725571261823,0.0051834398317803,0.0175116717993851,0.00147038157167732,1.7150273379434,-0.747313248075806,0.00276550709688007,0.0190099342527837,0.00462549712225592,0.00544939156255543,-0.0017371434967037,0.00178492935043544,0.0303680982955568,0.069007440156293,0.0026201603778936,0.088972806176208,0.00572581141797959,0.394249289740358,0.0783119282197641,0.000291398051560173,0.000634425937063668,0.000324665818068959,0.000723926847497751,0.000460841448829275,0.000594297444776511,0,0.497904813239176,0.0478958819167317,0.843968011722222,0.797334086970861,1.36069949532151e-05,1.39058163630793e-21,2.29974986165971e-21,2.89194874208729e-197,4.68302809926818e-46,5.17033887048025e-14,0.000163572554799324,0.00266957055073003,646,"RAPGEFL1"
-10.3481298864015,0.0479657601536103,-0.00543007867067185,-0.117415412446641,-0.00439291136732585,1.77742807576646,1.46831210014418,-0.0258433563181543,-0.00763890929763569,-0.00420528553108545,-0.014147993337284,-0.0111408728545901,-0.00537392079131309,0.0237857092785439,0.0540225133932314,0.00206803547339335,0.0740081568154113,0.00450942462598821,0.605371143999765,0.110018887152127,0.000414226490942669,0.000893787150836647,0.000466124892964774,0.00101984678077451,0.000676996535333683,0.000833132112519386,0,0.37460280486561,0.00864663336980248,0.112621424959816,0.329975971012471,0.00332370947078978,1.24981569720058e-40,0,1.26684053160335e-17,1.85023877080844e-19,9.27643048192642e-44,7.55543068397286e-61,1.11656611432381e-10,647,"RAPH1"
-15.3431581392384,-0.1615676327493,0.00474063624718256,-0.0755667940782524,-0.00786290254659793,3.58603535488279,0.0596402751801284,-0.00059686722771033,-0.0233655440017787,0.00147587897156739,-0.00359081138008526,0.0176622146035538,-0.0278664326882786,0.0274436833549773,0.0739820256502062,0.0025085231444618,0.0893042778728465,0.00547948439285444,5.41399536826095,0.966251372734947,0.00383286770604199,0.00580863567639265,0.00450713578849291,0.00741730018514325,0.00524680260838449,0.00659393220477969,0,0.0289712989263306,0.0587831557322239,0.397456707958978,0.151295291530812,0.507738001885469,0.950783141913365,0.87625104408557,5.75707302284459e-05,0.743324642033667,0.628305681895085,0.000761889121733651,2.37805861588021e-05,648,"RAPSN"
-12.2180395726931,-0.228938980125388,0.00702516729759886,0.0504802450015582,-0.0102843902073974,3.43799018102454,-1.42659714601615,0.0216870285904486,-0.00687115161741776,0.0262552004225287,0.00363988241498219,0.00919420235016792,0.0103805687582355,0.0706834219041963,0.163537978082387,0.00630206116837212,0.207174800863901,0.0137153238571751,1.26260210270462,0.242241708396657,0.000944146297138096,0.00203919397058412,0.000985616713612035,0.00228607488592234,0.00147472392194141,0.00185284039863383,0,0.161539301918116,0.264961335612643,0.807494031652503,0.453347044346427,0.00647037440706263,3.88192916300403e-09,9.30384789621359e-117,0.000752929628260701,2.44232603051955e-156,0.111340364589082,4.53152549215612e-10,2.11262015350768e-08,649,"RARA"
-7.09279151109699,0.0237624942847393,-0.00622645176766891,-0.0450635493821556,0.00985621433053231,-4.6055523851046,0.640727469936844,0.0188121213197366,-0.0126163074279087,-0.0140469880875283,0.00887740138813033,-0.0129303636919441,-0.00939929787791643,0.0233799098060049,0.0524751018977233,0.00200113805512332,0.0670329134077607,0.0043913386201714,0.284092825865619,0.0591903885709753,0.000222808084971715,0.000485711334099467,0.00026189150428501,0.000556117559839558,0.000354940090893991,0.000467167191867207,0,0.650668498631192,0.00186167606213319,0.501418161121695,0.0248023740896173,4.18677247670633e-59,2.6248963854111e-27,0,9.51477404919082e-149,0,2.30694802108487e-57,1.44188978484058e-290,4.95340322398919e-90,651,"RARB"
-12.613198888765,-0.165509919884327,0.00847273918074451,0.163418735897346,-0.00191302906355662,7.01362201390289,-3.04465153278541,-0.00133045133867457,-0.0155288895262636,-0.0118697394731845,-0.028614652664254,0.0275491269565369,-0.0014816835613048,0.0349284843647389,0.0793903203587404,0.00298949016106753,0.103128850965953,0.00680455244451128,1.50445873025147,0.278662841344345,0.00110075267569979,0.00235156647310658,0.00118379657351186,0.00255315532753714,0.00147071610714705,0.00207327447213461,0,0.0370909132656359,0.00459441210369382,0.113055572508457,0.778603339110618,3.13317736514808e-06,8.66453188630491e-28,0.226788044746246,4.01193314860547e-11,1.16174605496311e-23,3.74353104774236e-29,2.72658377409463e-78,0.474819986670315,652,"RARG"
-12.9572861369381,-0.0151316461717369,-0.000113443528857366,-0.0469108516991188,-0.00866080287833077,3.56149031712315,-2.82817676722788,-0.0246424326520473,-0.0358597393026863,-0.00944372977884537,-0.0530270944550806,0.0114645749042559,-0.0206196223248023,0.0278374220414148,0.0629205584711772,0.00235845526755366,0.0828035604800396,0.00539987479780747,1.97989864685803,0.313334991401477,0.00127928231882053,0.00267925764494149,0.00136547289040822,0.00289269220438489,0.00192867665079253,0.00231264183827266,0,0.809951879877123,0.961635927654189,0.571032309301665,0.108738395810431,0.0720464366305745,1.77983010318157e-19,1.10463600428122e-82,7.47912010420991e-41,4.64288195707107e-12,4.64796705483096e-75,2.77691435450362e-09,4.83230383124147e-19,653,"RARRES1"
-10.4950196014093,-0.0455419967506279,0.000744738601835292,-0.0274800543195286,-0.000406324215876046,-3.33788476759694,-0.0338125539143884,-0.00619077980449834,-0.00904340960921203,-0.000640829985193209,-0.00676625960635065,0.00318211144423571,0.00549597512499392,0.0201396211066348,0.0451143131631761,0.00171011249586866,0.0583888904479766,0.00383305639843899,0.651554952238816,0.106179041829196,0.00040631871822841,0.000873683582825177,0.000443709984969306,0.00101751968197254,0.000638200429396899,0.000816763303813401,0,0.31274448968345,0.663206069912368,0.637898976545603,0.915578163144733,3.0078888666128e-07,0.750144773012453,2.03155596766533e-52,4.14579001706383e-25,0.14866749917101,2.93575389116423e-11,6.16201120733837e-07,1.70869200977922e-11,655,"RARS1"
-9.89480746206855,-0.000461696683402545,-0.00165454923220799,-0.0293024313202268,0.00197478549745382,-5.85139164084712,1.20913142225264,-0.00664656620808271,-0.0109089407270617,-0.00567675056886984,0.00144679867255694,0.000667296104102184,0.00324609110667474,0.013877338932976,0.0313930672118459,0.00118977491518354,0.0406841391105427,0.00263630296188071,0.515577437387569,0.0837199563991289,0.000316377708656854,0.000676093360790596,0.00034691139626772,0.000793904091046478,0.00049420502976717,0.000637559123954474,0,0.988265964150475,0.164334456102943,0.4713759238115,0.453812720908203,7.48440245900127e-30,2.79228414673922e-47,5.50404990292086e-98,1.44204029340971e-58,3.47422967360267e-60,0.0683966337272925,0.176938554101388,3.55362908703651e-07,656,"RARS2"
-9.36353124156907,0.036035397387592,-0.00133525269174379,-0.0241712048375799,-0.00436646028848132,-0.925950553264722,0.792256014920883,-0.0164989764032832,-0.0175891920070607,-0.00261499642224231,-0.0180075712253205,0.0039133676884328,0.00538934646969319,0.0223817170419585,0.0503496440005609,0.00191051911070278,0.0666303786267578,0.00416856184972567,0.429029765799295,0.0772366592602084,0.000291642154457814,0.000631168770483032,0.000327093780812955,0.000727433991583637,0.000458907899851765,0.000593490710362093,0,0.474174682838575,0.484617509215368,0.716780040888092,0.294881002831793,0.0309089321442094,1.094906061909e-24,0,6.5829278104112e-171,1.29954956625324e-15,2.74417899851359e-135,1.49458257669747e-17,1.07819718583421e-19,657,"RASA1"
-9.07395290887607,0.0422363882040927,-0.00169476191324849,0.0863329667177658,0.00264348671301654,-3.67901132960824,1.50926471413765,-0.0088115184633184,-0.00116159698061417,0.0005171744011771,0.000540413407981784,-0.00329044424601883,0.00733591693899058,0.0162564836524634,0.0365226753107622,0.0014001523075737,0.0486012885630416,0.00308649356298471,0.371077075398444,0.0655382840067618,0.000244675620460327,0.000527808068638435,0.000275296178074257,0.000619577450881021,0.000390314995344546,0.000502162415149263,0,0.247500046525069,0.2261206318023,0.0756750170881447,0.391738295001658,3.60368977515564e-23,2.40222731430894e-117,5.22461379069573e-284,0.0277505904240827,0.0602976415747183,0.38308347282568,3.4499356319144e-17,2.47356919075764e-48,658,"RASA2"
-14.9443028388013,0.126924546200913,-0.00219806399333332,-0.0885634922165857,0.000471586022431042,-10.8431773374687,1.93145089435972,-0.00336431493819031,0.0135892248125,0.0071117897655164,0.0126396242460705,-0.00745558943688275,0.0176025477020638,0.0295675924185347,0.0722856663568106,0.00261426180753004,0.0922021652569574,0.00587283380345576,5.16324525026978,0.81611855718249,0.00311984498962291,0.00522484173328616,0.00354254665493384,0.00674976010221101,0.00453609143013242,0.00560641198279999,0,0.0791098684686928,0.400461559131322,0.336785558653623,0.93599900110448,0.0357226688035954,0.0179508548577049,0.280873288438746,0.00929829791975847,0.0446926266877309,0.061123160649926,0.100255684241373,0.00169111044161473,659,"RASA2-IT1"
-14.9732409995562,0.544144305382264,0.00937146815042302,0.140306415072297,-0.0342467962617816,21.2449806531748,7.05269009944152,-0.0676739862645184,-0.00712114674863496,0.00326760926972573,-0.0442253897172987,0.023529872987186,-0.0160555926470212,0.15495470588368,0.355163846925169,0.01226134097685,0.424533597625431,0.0267060323044209,3.15171786418136,0.890715824118238,0.00324977104100741,0.0065723122292952,0.00363926943594117,0.00715917100796496,0.00399508598476586,0.00596585259315066,0,0.125499305117772,0.444682399806796,0.741025643063293,0.199715750094614,1.57557892821697e-11,2.41356563162178e-15,2.61077516842939e-96,0.278583415664601,0.369252161275656,6.51469957993911e-10,3.86888492054412e-09,0.00711851199574765,660,"RASA3"
-12.3667868242659,0.252198763325265,-0.00114930863115983,0.340456276587086,-0.00258906285126121,-2.45090074911467,-3.15235058491358,-0.00733443177869441,-0.011820610600149,-0.0142053703555057,-0.0193326835995096,0.0138054059145514,-0.0187170928082966,0.0473596356122201,0.107686726980518,0.00390481352012496,0.137548270608095,0.0088005781206371,1.3928606007776,0.235559503499074,0.000902971569707891,0.00194162007735862,0.00100614721113265,0.00211472472413829,0.00123729057685968,0.00165416507633013,0,0.0191824097796697,0.76850479820498,0.013317026516651,0.768610917908756,0.0784728210773069,7.66363548038855e-41,4.56489111330273e-16,1.14319735179804e-09,2.91810299414138e-45,6.13426595949009e-20,6.56155147783957e-29,1.10438543939442e-29,662,"RASA4"
-11.2118955381239,0.0973929686112257,-0.000122083970565282,0.159053082667041,-0.0158808685801283,4.12992416603152,-0.421672469844459,0.0254558346370824,0.0391964546659003,-0.00106585051568885,0.0159053070374944,-0.00139714283511762,-0.0105362579076484,0.0492324197264725,0.113888117234077,0.00413850435976488,0.138799850508541,0.00902966477776674,0.656937226359143,0.144206446108253,0.000516959468554888,0.00105408774695091,0.00057732904194433,0.00128720355578413,0.000773702236063908,0.00105252144958151,0,0.392460602386124,0.976466186645444,0.25182957286,0.078621003485551,3.24422163520364e-10,0.00345466056350954,0,1.18417103397125e-302,0.0648667816715346,4.49399439343421e-35,0.0709513350409559,1.37068693506036e-23,663,"RASA4B"
-10.8870194469516,-0.23356331832545,-0.00451100864020756,0.183816758541223,0.00117901970576248,7.11173482697767,-0.272419968217366,-0.0131685021583196,0.0103528902933091,0.000221914765538744,-0.0143457802847256,0.0140638280890217,-0.00184887975643245,0.0773587366323426,0.176251281600251,0.00674589137549183,0.219004267581172,0.0141447219322829,0.68414351638818,0.133454505791474,0.000505683435509659,0.00109354566166904,0.000558111313851432,0.00121018410169653,0.000733365018741379,0.000987192179135447,0,0.185114006502775,0.503683928217495,0.40128439210153,0.93357003271913,2.61034783864031e-25,0.0412215488838543,1.70133821661848e-149,2.87257223540351e-21,0.690912237756544,2.04637455489927e-32,5.74784365005341e-82,0.0610867389384236,664,"RASAL1"
-7.75698429806163,0.0222196499572845,8.70925051288217e-05,0.0248621952543307,-0.000333947448037778,-0.240733264024883,2.00656187421996,0.0080263598997254,-0.0191344669989908,-0.0048665308269959,-0.00384962223219271,0.00972251012578723,-0.00553689579180786,0.016985912500849,0.0384378021542612,0.00145372538183215,0.0500399675949492,0.00316232448373792,0.248001997096185,0.0478280645699923,0.000178461974470932,0.000386989363718749,0.000204273754614697,0.000448992474756349,0.000287293132957316,0.000368894130651507,0,0.56321844691125,0.952227415339333,0.619297125177891,0.915898223689656,0.331702260384342,0,0,0,1.90329387317299e-125,1.00027357972249e-17,4.79496304403145e-251,6.36792531926087e-51,665,"RASAL2"
-13.2649122086406,-0.0395672931309269,-0.0012019203560491,-0.0419494189288517,-0.00631841583627141,1.81169915747105,-0.0860691919548401,-0.00151720849311245,-0.034546316420246,-0.0128181198185664,-0.026922971543519,0.0105767548741982,-0.00341753991152589,0.0333356474144777,0.0776745795643679,0.00283386969176664,0.100570191071562,0.00647847643878708,2.43557695597446,0.38713255100451,0.00150871411400796,0.00306378576288819,0.00158977775894725,0.00357552849789693,0.0023121644865357,0.00286883350758672,0,0.610473118698555,0.671473271378627,0.676593685203398,0.329414703320882,0.456968410005586,0.82406099732595,0.314593485552516,1.73005287037927e-29,7.4543552717133e-16,5.0822774231397e-14,4.77596858193547e-06,0.233549711200474,666,"RASAL2-AS1"
-12.5644454647259,0.362599151971549,0.000678699369124829,-0.672005343335615,-0.0329801628973384,-2.51025803438738,-1.31499335288549,-0.0261601228082393,-0.071953957386829,0.00331094595497767,0.00145373216936651,0.00910436272276859,-0.00758180292982544,0.142793433258705,0.337859338302364,0.0129138627412577,0.494942636241402,0.0256266055031293,1.36019155496546,0.283252338913073,0.00105613102136694,0.00229507362129323,0.00120288183328124,0.00256225834946706,0.00169722161821388,0.00212455330786073,0,0.283170091908877,0.958085774188809,0.174544962799819,0.198111676101613,0.0649622186686054,3.44251767433148e-06,1.89873623903205e-135,9.28710720202223e-216,0.00591400879372854,0.570467162181738,8.1275204866373e-08,0.000358815234421596,668,"RASD1"
-9.7355978980463,0.0383469034518738,0.00328009691665496,0.0815250353153672,-0.00394562171909953,11.7210853757484,-2.51018950169966,0.0228565799651863,-0.0548497112066732,0.00126372724058,-0.0121934296019748,0.00931074962848285,0.00476967699477946,0.0369749249499353,0.0828553952146376,0.00320544340232444,0.110268437444448,0.00675309572571639,0.366489372567556,0.0758205718275623,0.000297517668236149,0.000651012889061059,0.00031633906958909,0.000710956105367331,0.000508827477941539,0.00059580479735331,0,0.643495388999065,0.306170936626436,0.459705142227154,0.559039620932432,1.9367558180371e-224,2.35891024464415e-240,0,0,6.47351311948281e-05,6.20477262257676e-66,8.51506596531878e-75,1.19044422470945e-15,669,"RASD2"
-13.161150750655,0.394591037667534,0.00207192824692835,-0.084044518518379,0.014196139147268,0.560391795432947,-1.61559270642857,0.016898283015023,0.0435314212141982,0.000186232393945815,0.0130256418448637,-0.00922480076837134,0.015377395334969,0.0530063337560292,0.122224740280177,0.00466988411141981,0.158289203854872,0.00961898171426248,1.62435720064049,0.372608761923013,0.00133354814314886,0.0026999732718694,0.00153431009120789,0.00325669659910468,0.00203083813381513,0.00270222412702523,0,0.00124482330603471,0.65727487635121,0.595449637864608,0.139985142103765,0.730099664843455,1.45167809623384e-05,8.4886895039836e-37,1.76122190866784e-58,0.903391174990892,6.34366178917751e-05,5.56275667310437e-06,1.26561177150587e-08,670,"RASEF"
-10.0515206190007,-0.0694311022606798,0.00630279759516851,0.0131612714799403,-0.00660458534509469,4.19576948738165,-0.192970137943022,0.00549022604492432,0.0139180727878069,0.00371057524447136,0.00742463492850109,0.000120650455612934,-0.00255584452743276,0.0365339587823865,0.0842016609785416,0.00316404573436542,0.105224845394747,0.00687625877376832,0.42904297208954,0.0904053252221826,0.000333702840831842,0.000725202234048583,0.000373259378735814,0.000822640712776689,0.000523373078918854,0.000680413585872857,0,0.409609428009609,0.046370416627753,0.900462113938386,0.336808108741368,1.38068787729705e-22,0.0328018996509569,8.05561873282839e-61,4.31798662278097e-82,2.760140335744e-23,1.79092880747554e-19,0.817684022547671,0.000172436902533093,671,"RASGEF1A"
-8.88578470218448,0.0015116726031809,-0.0159270261842927,-1.1309457081114,0.00118899131574086,3.05670238450777,-0.379696515676932,0.014017655972925,-0.00904191211831844,0.00939081808927664,0.00322139219477451,0.000410825400820795,-0.0135694211751064,0.0816638994483293,0.181116271866351,0.00729617736802329,0.23169453869543,0.015237906143094,0.365687600585093,0.0712307847772993,0.000264143443896812,0.000567752277194269,0.000306079164735754,0.000669025691604811,0.000450865654173435,0.000553402400012126,0,0.993340597092986,0.0290411498784355,1.05446100439735e-06,0.937805363780828,6.33698909787093e-17,9.79365442393675e-08,0,4.19578042450867e-57,1.0200273983908e-206,1.47162995329374e-06,0.362193957127472,9.04246931485319e-133,672,"RASGEF1B"
-13.117873318732,0.131107576467928,-0.00902003673675565,-0.171394092309707,-0.00348269166664674,3.63407406198819,0.391853554432037,0.0108210164769613,0.0394801763842411,-0.0140045343878886,0.0167406422571999,-0.00156906249379949,-0.00997088580373744,0.0641117046400324,0.149156811770966,0.00545630630676751,0.184942531099383,0.0123852252223759,2.17551242215285,0.453636074906103,0.00166001587616765,0.00346038291193176,0.0018843780390293,0.00408399626692184,0.00247838211612606,0.00338916575711081,0,0.379405860040843,0.0983024290666582,0.354060277391821,0.778559089419501,0.0948313332020746,0.387694482035968,7.09560805485382e-11,3.76203441202249e-30,1.07037878682551e-13,4.14789142814148e-05,0.526668664759761,0.00326112310256669,673,"RASGEF1C"
-10.8829123244245,-0.0748564653333628,-0.0117797477405729,0.133550254508543,0.0106939913332489,-0.486879652639822,2.13341550058386,0.0140994043822847,0.00116076726485553,0.0243104697902416,0.0309559943231249,-0.102253799878848,-0.0281432948661433,0.0597504035006223,0.13261933308113,0.00519434951736786,0.174424581459353,0.0116068683162837,0.887306319218972,0.153655092081215,0.000580310556312798,0.00126579764669331,0.0006490192553845,0.0014511527309853,0.00126266718863644,0.00119701139552882,0,0.572450572590345,0.0233413770537948,0.443877509280825,0.356867580001695,0.583199994144423,7.87089076844232e-44,2.14459917824335e-130,0.359129880235277,4.57917751236894e-307,5.73010758881421e-101,0,3.12576011243515e-122,674,"RASGRF1"
-9.81015373601167,0.0185957328904289,0.00219363908836892,-0.105152570898409,-0.00166473399646115,-0.870736482190975,1.05244659904022,0.0392386031762929,0.00513237892105775,-0.0629215002710788,0.0239957498404429,0.0223155352669077,0.098617835830589,0.0650006767163135,0.151280820901872,0.00580516618735024,0.200227687305368,0.0123911778734839,0.742209009417657,0.158129887808931,0.000585758967784882,0.00122466702335492,0.000676644740055188,0.0014668754223776,0.000953702490369603,0.00121560431872076,0,0.902168907058317,0.705521930157761,0.599468502126003,0.893127141475928,0.240728105215036,2.82179184365608e-11,0,2.77928230504097e-05,0,3.78890712361607e-60,4.3910254304691e-121,0,675,"RASGRF2"
-13.4662128524136,-0.111776531580402,0.00087715901036137,-0.0636120937495948,-0.00345916239464904,-6.31115227447538,2.31695655399493,0.0544626879671851,-0.00435381985025904,-0.121757685903038,0.0237700919499567,0.0185620170930701,0.182964566006619,0.0985419410581428,0.234134234459184,0.00890382400317934,0.303436938646808,0.0191021460754863,2.28190040113322,0.439965063975978,0.00179509736511775,0.00334124874434741,0.00187933873688509,0.00413807489537242,0.00216282325556757,0.00341656172502151,0,0.633074735478097,0.921523469641841,0.833949753794366,0.856298792514438,0.00567931049675582,1.39254948433994e-07,3.43709004590587e-202,0.192557112330328,0,9.23351962500376e-09,9.2987598653641e-18,0,676,"RASGRF2-AS1"
-9.17227483748954,0.0215340102413523,-0.00513717326271319,-0.0926019018159093,0.00202659998041527,-2.23416153950756,0.160368937151345,-0.00730064739717012,-0.00484367376476871,0.0129589578598046,-0.00580305702002835,-0.0158486079206547,-0.0127376764364982,0.0158386201078378,0.0357909224506408,0.00135373196877133,0.0467654393877911,0.0029545674942433,0.40974931660071,0.0737824228373078,0.000277867045825854,0.000597017756368077,0.000315694682456189,0.000695146977072597,0.000471951845956499,0.000567687278722698,0,0.547399665575257,0.0001477487991268,0.0476883168377171,0.492762907612536,4.96642603257168e-08,0.0297398109276035,3.81351581865444e-152,4.93383026284065e-16,0,6.94538948774753e-17,3.17910813216172e-247,1.68218324457388e-111,677,"RASGRP1"
-10.2598067740321,0.0364570502575934,-9.04969392068196e-05,0.047511487748607,0.0118130934715858,0.400282824384267,-1.75483037866213,0.0180858528511556,-0.0131093118782958,0.00240256337318081,-0.00559565394859911,0.00694754817942156,0.000520090867708763,0.0301249809801034,0.0677913685737278,0.00256195090826471,0.0902774717302813,0.00563401885573774,0.552422032424657,0.0952905373610607,0.000366855260598108,0.000789543653910481,0.000391736510423304,0.000916695851380144,0.000599584265406481,0.000740420394185037,0,0.590726821972092,0.971821826344813,0.59869167676204,0.0360162709157301,0.468699880937702,9.85308173392444e-76,0,6.55715229123995e-62,8.61771514438198e-10,1.03345687770309e-09,4.78098188881203e-31,0.482413256084116,678,"RASGRP2"
-14.1159688726572,0.449561714036082,-0.0156792942730432,-0.262168014535969,-0.0246250907368876,9.59886093640993,8.97919640688768,-0.0150587865266989,-0.0412853746229694,-0.00663700182907915,-0.000231684798447332,0.0123072417644299,-0.0217952570373278,0.128070100497956,0.287029240766892,0.0101182547138684,0.356231663472498,0.0233558461919862,3.01760974950873,0.603417484924754,0.00209617173526735,0.00433727197824753,0.00225118304842753,0.00509396047567426,0.00292962330869744,0.00403326849821704,0,0.117288335724167,0.121236442879206,0.461762285618398,0.29172555986846,0.00146793767804062,4.40725478470986e-50,6.77271569649186e-13,1.75287437534829e-21,0.00319600824061454,0.963722920419544,2.65780971428293e-05,6.52183643100309e-08,679,"RASGRP3"
-15.309011271938,-0.156832934252352,0.000715762244261839,-0.2263593563409,-0.00478539577062099,11.8803180183269,-0.150506179007633,0.00264163435708724,0.0139640069046722,-0.00376327680556302,-0.0101105736950896,0.0014896519969093,-0.010519038952123,0.0584710950676997,0.1397986941565,0.00503670759227063,0.178551224612271,0.0114197173674097,4.37652365317138,1.02284428703542,0.00384289806435846,0.00741064432843664,0.00425159421342742,0.00819173446009954,0.00563406032271639,0.00701848369932682,0,0.261926924899312,0.886993789382058,0.204885159544837,0.675181945697038,0.00663647030001498,0.883017759542492,0.491826397980399,0.0595220396573644,0.376078501998696,0.217113151818039,0.791470829795951,0.133935301437811,680,"RASGRP4"
-14.5792588256411,0.0154779320507778,0.00247401840765262,-0.174996619020353,-0.00160122980444984,2.45591579215811,-1.77122336392681,0.00278486487097047,0.0105910087918951,-0.000492076338776547,0.00617983692127068,0.00597537423397268,-0.000421903228497424,0.0360646440781473,0.0871732787353142,0.00312859215117704,0.110058111863286,0.00719945001017703,3.66812359874772,0.72102908547528,0.00272662380263428,0.0051151595581495,0.00316401253844359,0.00605874697057957,0.00387798935467019,0.00516202616506338,0,0.859073543936899,0.429074191176814,0.111826160010986,0.823994714082115,0.503157971954197,0.014028945418484,0.307083842514758,0.0384042489217828,0.876409118644369,0.307735113502372,0.123354908166398,0.934859753212296,681,"RASIP1"
-13.1130582646102,0.0713727335988998,0.0129430438741841,0.203957701262466,0.0153785377362336,-1.04170559812764,-6.4207640205652,-0.0127185616783207,-0.0154869253459948,-0.0232547416360818,-0.0359064981358614,0.00449155293825037,-0.0192017927633729,0.0485080272433169,0.108807409924514,0.00411287471360074,0.1431872599606,0.00947826311527264,1.96110415633031,0.341702080226756,0.00139967150282909,0.00309169570948953,0.00151848198687554,0.00324415991565007,0.00213245930408387,0.00260821743700933,0,0.511853261686387,0.00164978672829666,0.154327141640254,0.104695072883949,0.595291827703956,9.02691706704482e-79,1.01978911668129e-19,5.46564582429805e-07,6.12119979311662e-53,1.79274837826526e-28,0.0351801777814011,1.81125014614933e-13,682,"RASL10A"
-11.7485556849166,-0.117178568589609,0.00934787170488295,0.0773061943923392,-4.44487241975099e-05,8.40623646723134,-0.190791251138959,0.00520323004196682,-0.00798671919446874,-0.00513741282958779,0.00554218581604273,0.00931127213071875,-0.00808574220658658,0.0476404420682681,0.107384755831432,0.00411248207661716,0.136222608284946,0.00907528523772236,0.875142092521473,0.189088020578242,0.000720881529269175,0.00158411509345156,0.000770549006036431,0.00169606884421988,0.00105524418043673,0.00139882654007594,0,0.275183564558938,0.0230232502305587,0.57037520374839,0.996092154894758,7.57395193881454e-22,0.312970986031997,5.28076885786701e-13,4.61283156653599e-07,2.60710104585598e-11,0.00108438407041442,1.10631759240066e-18,7.4534222301274e-09,683,"RASL10B"
-12.7613424126612,-0.200234796118561,0.0102829658446682,0.0479795953163314,-0.00826639881175314,-7.84446280397064,-4.10178069417321,-0.0481506987325946,-0.0364716895311363,0.00692838935673551,-0.040110500682912,-0.0294346354914202,-0.0371480480802557,0.0400182733652829,0.0912425338761447,0.00356424819693617,0.125387462554346,0.00764513275774864,1.7639343906877,0.281394813919301,0.00117688922071282,0.00259353935806452,0.00126480408816264,0.00273887720306452,0.00210862665162257,0.00221728041758845,0,0.0281970792049486,0.00391375363838243,0.701978802489852,0.279580162478924,8.70212141756552e-06,3.95719305331682e-48,0,6.45495514357354e-45,4.30558920589001e-08,1.45278783215332e-48,2.76714749961408e-44,5.30513677993194e-63,684,"RASL11A"
-12.2679037098749,-0.0587148435731641,0.00351219312507409,0.05277429975026,-0.00458408671152142,-2.4688888252709,-5.1492588105989,0.00530626187266371,0.0109001155979847,0.00479754881484555,-0.00401020744304543,0.00278130446747347,-0.00355536491344923,0.0202443102375046,0.0470402939822206,0.00174648288635705,0.0590082610362953,0.00390892495130255,1.31771793426815,0.232818673388079,0.000900443303245576,0.00185479428992115,0.00102718628277296,0.00214330010694478,0.00142220780186608,0.00178636451851215,0,0.211964450404532,0.0443244866032128,0.371132285359586,0.240906852022756,0.0609842692272969,2.16710471698855e-108,3.79375229951527e-09,4.18463019734646e-09,3.00360295380217e-06,0.0613390706459202,0.0505094007726473,0.0465601406119895,687,"RASSF1"
-14.6107879894336,-0.102604911358883,0.00679723747282418,0.21845699349496,-0.013360121038258,-11.4506984922821,-7.10484052802996,-0.0183866279419739,-0.0162002619907378,-0.00811733366716693,-0.043625558853393,0.0127073165230691,-0.0135284516143172,0.0557012195580718,0.125503262684156,0.00472659978589757,0.166314514223929,0.010859105737631,4.56234527771231,0.662031337996727,0.00280054596467271,0.00585073437812251,0.00295323364554907,0.00622527263049329,0.00395658859227556,0.00484806221132106,0,0.413615467001802,0.150410825259153,0.189008691621873,0.21857915688695,0.012079023722287,7.21142959083771e-27,5.19028880412808e-11,0.00562410696754031,0.00598456973514937,2.42068600772107e-12,0.00131958943675893,0.0052628912969357,688,"RASSF1-AS1"
-15.9382627789616,0.784828819077409,-0.00105101888923673,0.736302364804751,-0.0452621056946046,25.7928525685071,14.739178989989,-0.052637044575824,-0.102064807840843,-0.020374086799669,-0.00545363326884033,0.0297347226437923,-0.0206376978904794,0.210299479990978,0.467840009418629,0.015810581212706,0.556084060087176,0.0362407442281683,4.29981187372356,1.42449331916494,0.0047820862980743,0.0101257863436352,0.00534121352355599,0.0102073539111688,0.00555924011468985,0.00839030998406465,0,0.0934333891805096,0.946999131912357,0.18547493485564,0.211691152137428,1.99025638043686e-09,4.31973615216174e-25,3.53073073347208e-28,6.79387323464382e-24,0.000136456059741347,0.593144559334552,8.85869197228645e-08,0.0139050775768272,691,"RASSF2"
-13.2473751330843,0.0223273532546005,0.00238740044070021,-0.216644737677637,0.00518229243693013,4.64979698624771,0.328888045016133,0.0141990047237348,0.0291740752222268,0.0022140590455831,0.0142202094608775,0.00184010463494366,0.00192343694714729,0.0291597434346288,0.0681264339525528,0.00251095766927782,0.0868942149921686,0.00566491559977104,1.9049285992511,0.406518908393145,0.00149608716500127,0.00294657615005584,0.00169027019676024,0.00350191504539668,0.00215662058351277,0.00292547870185569,0,0.743112743152033,0.341709574823337,0.0126597182999241,0.360294072336708,0.0146495021238481,0.418494986197262,2.29355165277438e-21,4.12098595908374e-23,0.190234848587294,4.89268206666167e-05,0.393528876512604,0.51087381863311,692,"RASSF3"
-16.3531975895773,-0.120791074239294,0.00517780455819717,-0.255510842231845,-0.0177966070843484,0.275201254974783,1.50500506639017,0.0091126591690648,0.0187586773275808,-0.0100157483251401,0.026240201307387,-0.00751000109469353,-0.00772548985733061,0.0472134695744439,0.129781096424742,0.00434913228828984,0.15361986509734,0.00959752016355674,8.08026651832368,1.56572570927527,0.00588095634848462,0.00908212752189687,0.0070269621545362,0.0120294409917341,0.00828210613695311,0.010580941608949,0,0.35199358861024,0.233835247346314,0.0962590142364055,0.0636973628813369,0.97283055103781,0.336442140196786,0.121256780253256,0.0388804726504124,0.154061488462327,0.0291588892931692,0.364526156708155,0.465309167909161,693,"RASSF3-DT"
-15.1025046436324,0.232503836558324,0.0254805855060194,0.235070639261008,-1.71052516886423e-05,8.22865953832612,9.87913043294439,-0.0216560330115386,-0.0721494135473258,-0.0259912931528706,0.0198509567615497,0.0488407457559502,-0.0332489822626064,0.125740412688648,0.280874181217312,0.00974574436386819,0.317400688120493,0.0236649914065714,4.15708452674466,0.938101922898303,0.00346003767215619,0.00745274079052723,0.00371383452662713,0.00825889127973752,0.00389828164830089,0.00660752466830344,0,0.407791459447498,0.00893491192445688,0.458928957659038,0.999423282484742,0.0477675672479398,6.21852013654374e-26,3.87700049110821e-10,3.63418183799076e-22,2.58706316593397e-12,0.016235140771594,5.1950267801611e-36,4.85420644542913e-07,694,"RASSF4"
-12.409214723459,0.0969584976446573,0.0110938603358137,0.0762945843278614,-0.0145326872054329,13.1920271361168,-2.01719681936444,0.0238508348388024,-0.0137654998962113,-0.025187859578374,-0.0219715353155801,0.0359156499026157,-0.0192621486172823,0.0597558506524053,0.134407901503293,0.00496124144725891,0.168297588309469,0.0114113549086679,1.48332209559855,0.311922514646504,0.00118484277889803,0.00253308387644634,0.00131712900708681,0.00288578225114025,0.00171582884990023,0.00241360117828656,0,0.470678834319007,0.025344847424823,0.650310112767208,0.202830519126152,5.9176985809051e-19,9.9980546248271e-11,4.03339997940013e-90,5.501656541523e-08,1.61539983522554e-81,2.66319358008076e-14,2.74032136175209e-97,1.45543979119447e-15,695,"RASSF5"
-15.804205742904,0.0962305423090342,0.000199390720074567,-0.220785862964201,0.0147577046243324,-3.65450626386305,0.884400038872104,0.0244980438672604,0.0471177096115132,-0.00273339575593008,0.0370009798207936,-0.00470743188175214,0.00719595518618509,0.0401471691834935,0.101584568059492,0.00350550906675668,0.120825679074367,0.00773215299300585,6.14830809130598,1.23444002971308,0.00461990683586782,0.00720392092204696,0.00531335268170683,0.00968274012022853,0.00584531140199552,0.00833657624403641,0,0.343488533573692,0.954641385129101,0.067653307676301,0.056311751432874,0.552249836042712,0.473720791548307,1.14093702836698e-07,6.1287048242711e-11,0.606945109353036,0.000132731978312326,0.420626584793441,0.388039213498274,696,"RASSF6"
-11.3868843609788,-0.0308361248993284,0.00418697975493906,0.393808702884903,0.000216813424718092,-7.51128195490074,-5.89626758760453,-0.00293071685425807,-0.00582655728995582,-0.0142217264493568,-0.02315493343237,0.00106557091380887,-0.0111836665236299,0.056029219649155,0.125867655559298,0.00475311436869119,0.16424508342689,0.010939207528659,0.993601268201877,0.14921014386117,0.000605160084053296,0.00136255698821467,0.000645657842589378,0.00150224136292739,0.000991643431700362,0.00119754741066838,0,0.806465355649094,0.378376353917271,0.0164988468234712,0.984187084997102,4.04142469255033e-14,0,1.27971447032604e-06,1.9011602372493e-05,1.59718646479346e-107,1.32632874420465e-53,0.282576038000573,9.74238098383015e-21,697,"RASSF7"
-12.1239438696684,0.18574348735456,0.00408558039524376,0.0223249206618815,-0.00707415864244202,13.326157347663,2.36250569434946,-0.0202718789090049,-0.0418087111189207,-0.00700556096320273,-0.0337947475128351,0.0320119939515999,-0.0652286096806695,0.0409249925116418,0.0948473929603313,0.00351604384913185,0.117859044323183,0.0078164641355833,1.7651573109105,0.358798420986725,0.00137988826735458,0.00288486828328906,0.0015269895346639,0.00323874837301525,0.00196525014072803,0.00268415908342883,0,0.0501900759413851,0.245242692090291,0.849763248275071,0.365447860405877,4.36738151878839e-14,4.56440205507733e-11,7.36662366381146e-49,1.35298963783396e-47,4.47887552552309e-06,1.72504103812602e-25,1.18111431749448e-59,1.89831974508106e-130,698,"RASSF8"
-12.1657383196434,0.0683211062789841,-0.000415246329576278,-0.0752300843541463,-0.0026297334993566,5.30811062450402,-3.23982614995449,-0.0164913814002309,0.0013643627225742,-0.00101647534971881,-0.0304433696759736,0.0182855356521344,-0.0408490313676598,0.0429900835278434,0.0984080442925831,0.00359825508855133,0.122102888566706,0.00807842513425139,1.33725229426438,0.256257657150304,0.000981978715609863,0.00211954951582618,0.00111747275565679,0.00237943030525042,0.00142606079848784,0.0019765120100425,0,0.487517021057738,0.908126384563873,0.537815038463454,0.744783375346375,7.20490065049851e-05,1.22536535858687e-36,2.69874172480821e-63,0.519767327964951,0.363023050395158,1.76220907402627e-37,1.22823297551227e-37,6.83246489632559e-95,699,"RASSF8-AS1"
-12.2806040642975,-0.0301492482306056,0.00096265373528995,-0.159956462994768,-0.000252299070386659,-0.676727331545568,-1.16735725042664,0.0128733353992664,0.0235587592691176,0.00577264412331502,0.0210928740717884,-0.00261386173982944,0.00315060943461161,0.0233358123013039,0.0541369070575602,0.00201242894555987,0.0696454838575135,0.00441298187048019,1.22047265009997,0.241519711897081,0.000876812770378407,0.00179863578938367,0.000993423472496722,0.0021391609485014,0.00135163544283493,0.00176719490514486,0,0.577590646959797,0.632398162173565,0.0216345122917489,0.954408169633933,0.579250582003975,1.34232236570005e-06,8.41156069072013e-49,3.37485264046595e-39,6.21529473876025e-09,6.18339291974598e-23,0.0531314331661916,0.0746138570258846,701,"RAVER1"
-9.50844111968899,0.00951897754566937,-0.00102555365823992,-0.110335396343135,-0.0126870452482401,2.34619483095457,1.64518176417705,0.0114181854924608,-0.0303841066073206,-0.00176547129283178,-0.0228971014311105,0.000442909752863096,0.0192246864430582,0.026981029862932,0.0609895666986785,0.00230397063451573,0.0804901242761264,0.0050138736824695,0.470842678824615,0.0831888048548435,0.000314044290947987,0.000666352694912017,0.000340909716291713,0.000790326346648074,0.000504005462089657,0.000636880023743435,0,0.875973504313202,0.656229821471594,0.170439116297946,0.0113936489732014,6.26157388924813e-07,4.74689276764943e-87,1.92734796305014e-289,0,2.23429911691258e-07,1.49559680589496e-184,0.379520752195444,3.64629052979903e-200,702,"RAVER2"
-16.5361940528618,-0.0919057074464638,0.000752933418359009,-0.272466157786652,-0.0347347589056052,14.7962944004322,-6.23636893878696,0.0354610071508318,0.0505143831020054,-0.00754163789036257,-0.0183755616188543,0.00473892980311823,-0.0302963690718975,0.0843990421345284,0.219079085097317,0.00769268321682338,0.281605769232147,0.0175082907524663,7.1123628358994,1.80779180991355,0.006841118727239,0.0121675060962839,0.0079001064612054,0.0144339860650154,0.00953887040893898,0.0124113882754955,0,0.674843980046842,0.922030308064966,0.3332718275578,0.0472666012114016,0.0374922771760698,0.000561175887954301,2.17748579070964e-07,3.30186838111642e-05,0.339767449314395,0.202991065225244,0.619328691654843,0.0146460983023508,704,"RAX2"
-9.42700160165404,0.00262159898297373,-0.00254936819018079,-0.0588242039188696,-0.00322926397174526,-1.22003917540414,-0.19991737175484,-0.00825868434415418,0.0118690185519414,-0.00872531092318906,0.0041096928443547,-0.00608354145878272,-0.00196630498072796,0.0244394141994623,0.0549963551693918,0.00209214705419899,0.0742921236832106,0.00457942413677157,0.46642747186127,0.0927085772235573,0.000340110846534331,0.000738230378520864,0.00040104892176127,0.000859317183658529,0.000550813714880954,0.000715927276260062,0,0.961980363169486,0.223018231517421,0.428479654250207,0.480705609742281,0.008904205103304,0.0310519432765317,3.01325173190456e-130,3.65930252103533e-58,6.03128420304402e-105,1.7311995216995e-06,2.32687818984217e-28,0.00602321373862608,705,"RB1"
-14.6764240344406,0.0300490580191018,0.00741726324136983,0.40263193108281,0.000712389792546673,0.504327670292203,-3.61141149287374,-0.0140041324456744,-0.00463257990178173,-0.00693772281622638,-0.0308027827458335,0.0122563299721689,-0.00483933329295347,0.0281966107366235,0.0673837934184926,0.0025011314190479,0.0940608067694178,0.0058837312529464,4.2894094136219,0.733148225170955,0.00295206304425965,0.00513811835400245,0.00342304385009127,0.00611653084515403,0.00416699759529544,0.0052204905832304,0,0.65564134652023,0.00302129281932226,1.86432486927378e-05,0.903629337895057,0.906404348410319,8.39748998575215e-07,2.09698296864131e-06,0.367263972277389,0.0426859329204775,4.75387579661536e-07,0.00326853034286663,0.353932648597889,706,"RB1-DT"
-9.20696547695464,0.0256873158807031,-0.00100779080505006,0.00749242559248926,-0.001015307307774,0.855816986224853,0.296460300107803,-0.00382286200667788,0.00424083715787075,-0.00124103413880226,0.00293138664039759,0.00442995657588262,0.00645690829533964,0.0162994231464436,0.0367574069836242,0.00139849279736157,0.0481982941048705,0.00304484397283084,0.328144972023802,0.0627668424371024,0.000230618599409988,0.000494940385050561,0.000262113932207189,0.000578350163415941,0.00035902353743134,0.000475420276852634,0,0.484655945553169,0.471139417457544,0.876466556242684,0.73879361341681,0.00910608748947301,2.32163243044487e-06,1.02963824406745e-61,1.0495123411473e-17,2.19365715591189e-06,4.00894389653065e-07,5.59125298805937e-35,5.15776510122314e-42,707,"RB1CC1"
-11.1299095204921,-0.0600446953931093,0.000778794710726979,0.00321527449560728,0.000963336459080533,-1.98201445176476,-0.221351731485896,0.00264935151755344,0.00715180313990078,-0.000111341930522178,0.0118399232903683,-0.00256242377790219,0.00592431068295244,0.0175469692708026,0.0398759290711211,0.00151761371168371,0.0519816372880855,0.00335836262147309,0.805610461305415,0.144163578586686,0.000532979331778559,0.00112030767611572,0.000595141008206464,0.00131775357102074,0.00083868330041349,0.0010738892302358,0,0.132121605401437,0.607832002615609,0.950679064714925,0.774229424319908,0.0138834830624059,0.124680541444407,6.66656818099185e-07,1.72763806269578e-10,0.851594021715689,2.58899591071744e-19,0.00224840248518423,3.45450017196546e-08,708,"RBAK"
-16.4775250231859,0.056471750588581,-0.0067772489902516,0.0465423414906044,-0.00132839424290191,-16.5662361882505,-6.92459012522029,-0.0252072578252519,0.0215782308351408,-0.028778588281971,0.0069267777865544,-0.00559185323845757,0.0175036918709999,0.0951249925415306,0.220772407759487,0.008260793591579,0.297350627703505,0.0190141839927721,10.4034016131038,1.56693533842888,0.00618999861659124,0.0121164083293003,0.00759672817856158,0.0141735290753342,0.00915128316741676,0.0119352038139767,0,0.798111679367779,0.411981635740939,0.87562044885493,0.944302438867263,0.111297889731653,9.90700143276631e-06,4.65600027581893e-05,0.074927180642084,0.000151689426510872,0.625045404835841,0.541169253163181,0.1424958024979,709,"RBAKDN"
-10.0275869811671,-0.0402056292066542,0.00255624895219701,0.0570202801893479,-0.00310145199423978,-1.26732380239931,-1.56981679881117,-0.00321223151794535,-0.00487973889205815,0.000472821537525823,-0.00387298659942428,0.00682654862807374,-0.000778877632638219,0.0115612163253574,0.0263810981617976,0.000994665123464588,0.0342961931012119,0.00219133428979409,0.460884091281662,0.080690250488772,0.000306721161300294,0.000655783880148132,0.000341347847213924,0.000753957714002922,0.000472908400865414,0.000615427301818828,0,0.127500798971515,0.0101710443697707,0.0963958629240918,0.156972988818492,0.00596376790123756,2.65122511539007e-84,1.15176146394229e-25,9.98670828243118e-14,0.166003411238862,2.79344492927077e-07,3.10540271261421e-47,0.205660493816141,710,"RBBP4"
-10.7932366684108,-0.106249351652939,-0.000442947959280505,-0.0134899004143619,-0.00897744780293737,-0.250160089965183,-0.0768129918741096,-0.0131834424336763,-0.0083571872044731,-0.00202605549082118,0.00521175397519379,0.00368189340583127,0.00603036946053157,0.021935699760825,0.0495001792992563,0.00189265826894961,0.0654683947458423,0.00419220469988158,0.674197958757299,0.119882932112454,0.000449730278331037,0.000970103388945901,0.000505552341076851,0.001111621744229,0.000695414461387798,0.00091134367069928,0,0.0318375901150935,0.814957937722028,0.836750212167171,0.0322367854778201,0.710601464945724,0.521695946950473,6.85560443019539e-189,7.01012906425822e-18,6.13368748966359e-05,2.75317233772527e-06,1.19322264032775e-07,3.66538673549128e-11,711,"RBBP5"
-9.46590671624539,-0.0250526546769716,0.000588525773386502,0.0130887370116024,0.00450861867084083,-2.54060619956243,-3.77871741792481,0.00969796517807885,0.0365630245537466,0.00481162344163529,0.0140160617186455,-0.00697965564712954,0.0107897908481396,0.0208268260808732,0.0470416033206699,0.00179912862133584,0.0604702625477927,0.00391594109236449,0.336417601953661,0.0674350692557459,0.000246226859418436,0.0005313881262407,0.00028587535251792,0.00062300689024342,0.000398277116278379,0.000515998049291194,0,0.594335571562637,0.743579303512077,0.828637656934798,0.249588286027029,4.28815637353171e-14,0,0,0,1.44165966746813e-63,4.39694855484177e-112,9.29583837707406e-69,4.29468441120871e-97,712,"RBBP6"
-10.257066200716,-0.0124951572710483,-0.000701687772694868,-0.0687960246403927,-0.0115122368719248,-6.77650570324741,-1.69591959397398,-0.0118698515826287,-0.0164268468885446,0.00244093655351253,-0.00431294859897229,0.00184037108613092,0.00716070177731754,0.0325570365123252,0.0737358543976238,0.00279203086025083,0.0984442599985887,0.00609643951550195,0.607321205159824,0.102046844417997,0.000386078209522391,0.000840767098607778,0.00043983785786295,0.000983257150352623,0.000631989315925603,0.000798612483751881,0,0.865436119211086,0.801568215109967,0.484656865605198,0.0589784219863764,6.54283219016408e-29,5.07468440376331e-62,1.44027016755962e-207,5.22612163070228e-85,2.862778569356e-08,1.15247800063623e-05,0.00359089531009753,3.0628446709966e-19,713,"RBBP7"
-11.0212877641702,-0.0572137668618926,0.00185270634267382,0.0196673202191305,0.00135187592404319,-4.41448672204366,-0.114376000202239,-0.00813412327074812,0.0139263165551363,0.00561826252695518,0.00379643298627051,-0.0139267709646594,0.00850859550233149,0.0365298480461047,0.0837116546466252,0.00320874665877744,0.108889684538281,0.00703040406430555,0.905393617320864,0.165129474146292,0.000619983242449262,0.00134697172856553,0.000700386986385298,0.00155396413654484,0.00104245755070089,0.00126319040010277,0,0.494314713100886,0.5636743211169,0.856668268464726,0.84751510383234,1.08387452954226e-06,0.48853275966776,2.5324127755861e-39,4.69497927221889e-25,1.04330119636041e-15,0.014563176594248,1.04182453563125e-40,1.63032536542782e-11,714,"RBBP8"
-12.8761615792479,-0.146814938101674,0.00617521305211038,-0.00329931632193833,-0.0114587272627777,-5.75978430887052,-2.83636059479769,-0.0114442970988338,-0.0097884875855008,-0.00160121519446647,-0.01861998100423,0.00600883029367471,0.0142213039574678,0.0428334890524751,0.0977861781094323,0.00372365561201649,0.129914128641187,0.00832996481019875,1.96354889566514,0.320783453555644,0.00125213278605048,0.00268824772174862,0.00137059405025724,0.00306414879595249,0.00192383684537501,0.00247274583668096,0,0.133255384599052,0.0972420336062307,0.979738996562659,0.168944477740207,0.00335321155909438,9.40378086836007e-19,6.25430527346037e-20,0.000271354538489677,0.242700436940383,1.2266399484942e-09,0.00178800406440598,8.86020142459886e-09,716,"RBBP9"
-10.9662492444009,-0.0719199550300286,0.00270539191090872,-0.0240301964240992,-0.00192677793193129,-1.8698185619341,-1.10925306538252,-0.00154590144346822,0.00795823448433267,0.00512227519102304,0.000271860826143021,0.00845877248489905,-0.000667223484740318,0.0249542130721549,0.0562639084920623,0.00215254295121691,0.0763311252205951,0.00474911127794489,0.719507379255562,0.12613357587011,0.000473805838768984,0.00101720216151426,0.000527774391624007,0.00118298313351579,0.000711986403737437,0.000956974241997044,0,0.201157444867023,0.208813290005219,0.752901990377895,0.684953218763196,0.00935643566903715,1.43977487460513e-18,0.00110343837758121,5.13130300084572e-15,2.85880161312895e-22,0.818239760491123,1.49425364493368e-32,0.48566387966381,717,"RBCK1"
-10.5230119955826,-0.0937823068801093,0.00231002778254677,0.0677718002804275,-0.00422899460480305,-5.45380809001412,-4.0144004749175,-0.0178031963952185,-0.00794296795435767,-0.00550765649007267,-0.0294078537650404,0.0186654610403569,-0.00300559130521304,0.0280991046124158,0.0627303102808553,0.00239506722413697,0.0831830698229993,0.00533870249214849,0.638902429599904,0.100243786806961,0.000399121054294325,0.000875504908656853,0.000435468862895523,0.000971885715421447,0.000575756923809447,0.000771557303666986,0,0.134912391043905,0.33479835375598,0.415226479303297,0.42827961543316,1.38690961047068e-17,0,0,1.16378384043541e-19,1.15275635046623e-36,4.02683730606598e-201,1.48209446315704e-230,9.80016926157054e-05,718,"RBFA"
-10.2795699331478,-0.152671814685898,0.00500602958026475,-0.00490405882379672,0.01527873236481,-0.23650290987579,-0.339885059356878,0.00511226001525488,0.0401486218485543,0.00351122815874897,0.0139388099055738,0.00455215401783063,0.0091390249710277,0.0451250806572744,0.10159820502197,0.00383181192692438,0.133137045270828,0.00875619927430357,0.561534335014379,0.113125718945262,0.000412688965624431,0.000891957676938199,0.000473452361417176,0.00104899187126386,0.000652154044548476,0.000859631864596208,0,0.132915935191805,0.191403218371945,0.97061683195218,0.0810014770682285,0.673629006554657,0.00266026750735192,3.04721349544144e-35,0,1.20507787609534e-13,2.72417551944944e-40,2.94797607069533e-12,2.13065655374144e-26,719,"RBFADN"
-4.86758236362621,0.00386688469482173,0.000473831300782292,-0.0357241147410951,0.00077090789121069,0.425573791960835,1.70093828213409,-0.00329245228071911,0.0084877017280743,0.00298820570329329,0.000750137518714731,0.0110353455477311,0.00257443550064084,0.0157921313368387,0.0357902617406046,0.00136141803687252,0.0466510087094937,0.00297161822723742,0.146261278969594,0.0323427443018488,0.000120588303714721,0.000261741337085817,0.000143798564824312,0.000299457225826627,0.000202520453565004,0.000253854991061473,0,0.913961639376749,0.727808286062923,0.443810975953045,0.795308424527209,0.0036179681626322,0,3.88127637187177e-164,1.11289540430671e-230,6.49819184574582e-96,0.0122454667518377,0,3.62014421179479e-24,720,"RBFOX1"
-7.8944176880188,0.00259235514693445,0.00215683478515877,0.0726779336714642,0.00343242815305183,-1.38358874449073,1.57862727887229,-0.00679727779386957,-0.015212867424301,-0.001670442915768,-0.008384142341004,0.00041961147709023,0.00123126753107304,0.0168601959725011,0.0380168476178918,0.00144647114284014,0.0498054007462171,0.0031994546101881,0.215323325733239,0.0390035631666265,0.000147614906805965,0.000322996234192175,0.000164002459155604,0.000369962244214464,0.000235178903605028,0.00030164480788937,0,0.945634673985632,0.135934940345248,0.144499611611436,0.283353392157266,1.31321578727532e-10,0,0,0,2.30233199712138e-24,1.05867430518753e-113,0.0743875274456035,4.46794770351971e-05,721,"RBFOX2"
-8.04153527476561,-0.0939062519758242,0.0053336111416597,-0.0074444485269612,-0.00221505221892067,5.22948538732103,-0.163371028806609,0.0245780387033591,0.017644234894161,0.011426315201325,0.00636557651551095,0.0163276437175217,0.00321181462587781,0.035733092957555,0.0816965057859773,0.00309308441044088,0.104900670311156,0.00663590128657845,0.243895235842991,0.0508657114137914,0.000188307426150256,0.000400833282142443,0.00021784023222811,0.000472911386769399,0.000304099102057672,0.000390074160896381,0,0.250369446725698,0.08464170105657,0.943424302752027,0.738531806074605,5.47906316927021e-102,0.00131901323276887,0,0,0,2.67463725386606e-41,0,1.81280980629222e-16,722,"RBFOX3"
-11.6604211175749,0.0242928765601307,0.000917113531372712,0.0829176295996338,-0.0185988798316818,-0.616017972435698,-3.85568542572066,-0.0130778140747453,-0.0247769034222599,-0.00702187840462857,-0.035136967593746,0.0130534089504954,-0.000343209149046609,0.0376190133009943,0.0859940011821779,0.00318642639176366,0.107820247844421,0.00698345346397135,1.06018151627075,0.173797252139201,0.000684717368857952,0.0014813497149162,0.00075564681897602,0.00167068189316113,0.00105139218378312,0.00135061117476307,0,0.777563969283887,0.773485419044941,0.441872063565795,0.00773833928207685,0.561207071927328,4.79838385153295e-109,2.54526941166687e-81,8.48878007616306e-63,1.5064927983938e-20,3.3770843024292e-98,2.15723369539426e-35,0.799407521622122,723,"RBIS"
-10.9528677196793,-0.0881208578742044,0.00602541285573357,0.00863485093380553,-0.0070442645559802,-0.439840318986861,-2.04172647132997,-0.00937837840781526,-0.0070083013827535,-0.00161976324655027,-0.0247173745113979,0.00561228816657501,-0.000216037165193729,0.0244151569624376,0.0559699279479903,0.00207188180204446,0.0709044749524518,0.00463669240537477,0.906927293465268,0.168314866603945,0.000642045578478543,0.00137708087995792,0.000730102830595919,0.00157358326372648,0.00101730773265886,0.00129427968224004,0,0.115387560034158,0.00363534737250719,0.903072092359989,0.128701228724221,0.62769153361811,7.28935006902473e-34,2.53326378308318e-48,3.59492738825064e-07,0.0265179502547979,1.33950286869928e-55,3.45218537363696e-08,0.867435427579723,724,"RBKS"
-11.3109837559161,-0.0456126192355269,0.0046219843466619,-0.0847251175653529,0.000637491402538992,2.91956392094878,0.381870449954536,0.014614897243598,0.0184650596484394,-0.00198953579355302,0.00769747025678482,0.0103668387351367,0.0123429425528119,0.0162737729991016,0.0377577443594196,0.00139752572955077,0.0481753150963145,0.00311401494629403,0.899572140542353,0.185126472446318,0.00068638613220642,0.00137898137599407,0.000775783160709753,0.0016449786940454,0.00101236691111309,0.00136379864403329,0,0.22703438536413,0.000942125847721472,0.0786313315691204,0.837793336782667,0.00117243402356276,0.0391359662452487,1.33142951792303e-100,6.88444948008191e-41,0.0103309275528292,2.87752364027947e-06,1.30966573457474e-24,1.42427103027032e-19,725,"RBL1"
-9.64229518265485,0.0141115296036551,0.000889012432558695,0.000406831403867572,-0.0073109218709492,-2.7985138390337,-0.0513838926887702,0.00070645760012632,-0.000616939023181955,-0.000239513172769752,0.00177065319495075,0.00234838251673396,0.00371437704248744,0.0159939721555918,0.0361566650399617,0.00137627632568424,0.0479253576039168,0.00300597004260354,0.411304510412751,0.0711865642882389,0.000264843782664779,0.000565106838108229,0.000294809494696771,0.000669381755231207,0.000416568340319296,0.000540993471190783,0,0.696323245685334,0.518308565326286,0.993226955129161,0.0150101540099412,1.01757060413737e-11,0.470405092265426,0.00764292158920488,0.274955735749252,0.416542807344392,0.00816409963842171,1.7258831183052e-08,6.60990496641891e-12,726,"RBL2"
-10.7695737086547,-0.0928871888671646,0.00418477977248247,-0.0696678256757092,-0.00184022395207237,1.23309805862806,-0.0124486593339683,0.00905448159183824,0.0234449099827726,0.00607550914957034,0.0196348929304523,-0.00456757548312227,0.00590694490629149,0.0242060480275656,0.0551882455117369,0.00208499921543326,0.0711159215144483,0.00461753597504001,0.608174180166719,0.121843762184476,0.000444441492277812,0.000946166090708376,0.000500174311144417,0.00110784664220964,0.000695563618335679,0.000909381454739537,0,0.0923562505893256,0.0447401473395705,0.327265072647223,0.690239973535825,0.0426071203725765,0.918622507353207,2.92007032021124e-92,1.51561064861528e-135,5.96670178529067e-34,2.76301619272186e-70,5.14336680733997e-11,8.27232329124291e-11,727,"RBM10"
-11.7805575999821,-0.00575778401088525,-0.00154266984080878,0.012124945388868,-0.00570733162573006,-6.24057648703857,-2.86904756174158,-0.0158341306290556,-0.00192343855437678,-0.0056068652030616,-0.0187813383737872,0.00618400767399751,0.0133816846680089,0.0358687585563514,0.0808674171849835,0.00306440151413,0.109331495029007,0.00685112382739739,1.2219041929425,0.197798453618113,0.000757000126787449,0.00162131642308724,0.000847789253536275,0.00189379170661325,0.00116878108772705,0.00153349506243744,0,0.943238346132234,0.614671575168292,0.911695046567794,0.40481629037779,3.26872234386684e-07,1.12795334235375e-47,3.75399029542737e-97,0.235486588190697,3.75305162561166e-11,3.50028344064527e-23,1.21656800517409e-07,2.63220913558131e-18,728,"RBM11"
-11.4383930789193,-0.104892599182603,0.00277631370037105,0.122520593518193,-0.00356334206623594,-1.8507668395581,-0.127354787856257,-0.0066094631653068,0.00299307134993366,-0.00106377468318556,0.0082800347716018,-0.0027583935831183,0.00421730056929764,0.0422951963757651,0.0960665886320279,0.00366942038817257,0.125416095694683,0.0081498912480009,0.892844081686097,0.158371526021948,0.000589014776585366,0.0012912239085014,0.000644648612682003,0.00146416163469552,0.000925445898407397,0.00118407556026986,0,0.274888538519673,0.449284603450299,0.328612307314268,0.661947658970286,0.0381825938925417,0.421309165348915,3.20821312952743e-29,0.0204487179144605,0.0989097942307924,1.55721926503721e-08,0.00287674611972057,0.000368486583977222,729,"RBM12"
-10.3988912206144,-0.0189040110694349,-0.00426265796613219,-0.10331947096746,-0.0145784192852773,-7.0085427513332,-0.519516934200294,-0.0138325453205719,-0.0154371806090466,-0.00303992384100429,-0.00618307598527924,-0.00535891721813279,-0.000297050304070266,0.0302261072899901,0.0682851190594405,0.00260826279627605,0.0925813253707393,0.00570535088866063,0.639751491595116,0.101498670112675,0.000380224904766643,0.00082115561870429,0.000424575831263577,0.000965993498212621,0.000627561215146966,0.000775576742605891,0,0.781903429814875,0.102197959488192,0.264428090375878,0.0106121097881322,6.28076732069847e-28,3.08039726742544e-07,8.85009172866532e-290,7.64672514983427e-79,8.07312912284197e-13,1.54622791971761e-10,1.3506765973052e-17,0.701715546500611,730,"RBM12B"
-15.1655795226642,0.0151492190852345,0.00761916069914253,0.0418450159498149,-0.00620647650236788,-19.87025508744,-4.1151448492005,-0.00243442892003642,-0.0163121918727001,0.00271778167313931,0.00457786633633979,0.00943110759465608,-0.0179320313104404,0.0527763025397873,0.123958293190976,0.00459841405704955,0.165102104748015,0.0105080795659537,6.51733738791947,0.955495605833016,0.00382762964708533,0.00741002226492235,0.00423647636902756,0.00859503206780016,0.0056192263095111,0.00699487760420689,0,0.902730943174532,0.0975375639610081,0.799921020650581,0.55476265335544,0.00229734285748671,1.65620415185228e-05,0.524766807051374,0.0277099253990823,0.521185296810935,0.594298237033303,0.0932760454159437,0.010359442929822,731,"RBM12B-DT"
-10.2798991463516,-0.163734727193168,0.00471490332779332,0.0732612003561528,-0.00644881989783904,0.123433192272402,-0.591753674847836,-0.00404407574115461,-0.00403570767021449,-0.00236890280087956,-0.0104254683429817,0.00273253415913642,0.000489301697983577,0.0265955783720086,0.0603338049193571,0.00229244623127514,0.0790161108199671,0.0050125922957344,0.532969241086203,0.0926239591937943,0.000351864871672279,0.000765375546873674,0.000379685627678985,0.000870228316898073,0.000549909236462564,0.000701159194392491,0,0.00665134907668903,0.0397138677167321,0.353839374238093,0.198260275719178,0.816852327738147,1.67219416062467e-10,1.42619992055495e-30,1.34324005621133e-07,4.40049653045322e-10,4.51489914186676e-33,6.72768832607266e-07,0.485273009524981,732,"RBM14"
-11.1537427831331,-0.0480375357599732,-0.00163786419197704,0.0493983267571606,-0.00854502161076102,-3.22633082169387,-4.17329149482032,-0.00574798408320739,-0.00420709867913565,9.46003223056197e-05,-0.0228080608707673,0.00788689324630654,-0.00476043920376454,0.0228298385702347,0.0514844781875954,0.0019837389328619,0.0697795256421738,0.00430270381544191,0.843557501692899,0.134278238950676,0.00052100064567125,0.00112209956244236,0.000571949725662281,0.00127566056052737,0.000815667311059182,0.00102398234830762,0,0.350794720863727,0.409005482899191,0.47899489474425,0.0470371476912804,0.000130946261183469,4.56811212076263e-212,2.66103468280081e-28,0.000177322054235147,0.868629377037972,1.70626643143231e-71,4.07342088567145e-22,3.33634651487407e-06,733,"RBM15"
-13.4100861081579,-0.0612577820866768,0.0023904177087276,-0.000880374110507635,0.00523982772136893,-8.05457628869769,-3.40836185856642,-0.000917582000493836,0.0102308915434332,0.00102898551409307,-0.00796559285966204,0.0102650607333057,0.00266303731652352,0.0376308681570856,0.0893912440479123,0.00331153670504329,0.11626697165219,0.00726726742013439,2.89222628646146,0.488178138804642,0.00185655990359062,0.00372905345453338,0.00212483025893293,0.00447065888937063,0.00281922017629495,0.00366294470748066,0,0.493169011745893,0.470389501476028,0.993958471712303,0.470898685610168,0.00535433597443678,2.91422957616982e-12,0.621138278145866,0.00607764613428869,0.628196279441128,0.0747901412026767,0.000271476349731314,0.467213159583099,734,"RBM15-AS1"
-12.9684827541967,0.0467528509684117,0.0032849779902319,0.181680254606642,-0.019356826685086,5.31516687010616,-2.3386270879866,-0.0227364385794789,-0.0188034137410991,-0.00181759862776765,0.00378151058610707,-0.00114430372353821,-0.000639905878595607,0.0280418091933178,0.0651382530772503,0.00242953280304917,0.0843990270396539,0.00529243764841658,1.40799677257796,0.310895057469908,0.00118882689614164,0.00251012916168593,0.00136295221091519,0.00266724684496187,0.00186914700918532,0.00229807737642188,0,0.472912680249005,0.17634244693523,0.0313474174938129,0.000254736816640379,0.000160017212891222,5.38458212214427e-14,1.5606047676193e-81,6.83433084378439e-14,0.182343268960395,0.156261426474968,0.540401221203095,0.780664860177738,735,"RBM15B"
-10.1945620290441,-0.0462451169006465,-0.000674946453617637,0.00759464135027427,-0.00386635883652066,-3.80139478543673,-0.596250698332818,-0.00519202521268639,-0.0173615094387832,-0.00335633510117801,-0.0067199015977054,0.0056226204852096,0.000367163376392041,0.015826578641144,0.0356863876796977,0.00135243032708657,0.0469921767043117,0.00300657950188098,0.552827722254392,0.0880479359354966,0.000336006533974392,0.000721485292839169,0.000365088908614886,0.000838335813079585,0.000528078636354441,0.000672898934308718,0,0.195018367513077,0.61773577467389,0.871609032379873,0.198454948668914,6.14383626004171e-12,1.27113153762609e-11,7.29621087818492e-54,6.01984698705391e-128,3.81327603169145e-20,1.09454953407429e-15,1.7946359578567e-26,0.585310560156654,736,"RBM17"
-11.3820502719933,-0.0566223846418677,0.000160100563694136,0.0571533275767137,-0.00796438029284879,-1.55245091438506,-1.18915836173123,-0.0106996232535229,-0.0175356003925462,-0.00237208418761617,-0.00990405539904874,0.00192966188244338,-0.00410342421655481,0.0243096852943036,0.0549023100930702,0.0020893791130193,0.0725240252502715,0.00467843558880341,0.964893562833255,0.158475855493861,0.000611944792491894,0.00132279187391124,0.000670812183623571,0.00150202220236224,0.000984026607005194,0.00121718372374954,0,0.302386221189813,0.938921150984189,0.430661254145763,0.0886879562823017,0.107630580305728,6.20319879782633e-14,1.87653862698454e-68,4.13718946476977e-40,0.000406023145623156,4.2866799143156e-11,0.0498807174127076,0.000748293506490775,737,"RBM18"
-10.2330228183764,0.028895355766015,0.00552331978352366,0.118602488029648,0.00679552456079347,1.49891179225958,-2.66357456758146,0.0135998447381816,0.0118877437018655,-0.0011432038389768,-0.00147519852693176,0.00787574235064348,0.00858263666877989,0.026398332452506,0.0605298428214628,0.00226167952800358,0.0777317075651717,0.00488561151170261,0.476697781398942,0.0950642436649769,0.000354411074022605,0.00076170473954194,0.00039895528111808,0.000882664940515605,0.000547330686957253,0.000727772071465356,0,0.633096029947032,0.0146008098959186,0.127061447796546,0.164247837642874,0.00166447722326067,9.6223673246564e-173,3.70549234380935e-322,6.54779468291074e-55,0.0041635957611031,0.0946622996005047,6.03453321821725e-47,4.24015082785663e-32,738,"RBM19"
-9.16134785038604,-0.0717219480422498,0.00232556427849891,-0.0771918048853456,-0.00342927128438293,-3.90905498571093,1.03739190775364,0.0152394780665559,0.0108456877590669,-0.00467431088260947,0.00108578292880779,-0.000623562803105357,0.0272685010923171,0.0464241347337346,0.10539286937484,0.00404345142832748,0.136182244674857,0.00876044678454291,0.5406901117664,0.107844128645887,0.000409055447707165,0.000874963123103078,0.000459895096793119,0.00101978381414563,0.000610944626935969,0.000835690466236561,0,0.496175307094562,0.56519433884353,0.570831566600758,0.695465113344628,4.83879682817382e-13,6.62395753925238e-22,8.70034323313222e-304,2.76091783491424e-35,2.8745542158814e-24,0.287003231002571,0.30741860828427,1.54495791823865e-233,739,"RBM20"
-11.5531542945995,-0.0591515774257236,0.000896550598031025,0.0109889962031597,-0.00614411548966878,-5.97845241236981,-2.55955787492187,-0.0150136916896288,-0.0176032610530081,0.000432518926866664,-0.0121706783422792,0.00476894649871694,9.43127178423248e-05,0.0155803894137641,0.0354559311420291,0.00134273017398474,0.0466919516428759,0.00302389795500472,1.0309223996164,0.161487028715422,0.000636058986833562,0.00133709453451724,0.000702139748601516,0.00152311577041001,0.000999374806837801,0.00123894830298346,0,0.0952536837260636,0.504320516375374,0.813936336019042,0.042168561320578,6.66600751003289e-09,1.40740676321553e-56,3.48611574399884e-123,1.38970198209419e-39,0.537893728587097,1.34233917641742e-15,1.82469037746195e-06,0.939321077375669,740,"RBM22"
-10.9022486119067,-0.0414978663611608,0.000416456350014554,-0.0292643130291004,-0.00489897852735353,-1.99628840275339,-1.16560656874288,-0.0125104423518324,-0.00192253937952699,0.0012637847737498,-0.00231899962340647,-0.000538057004210849,0.00144988323492599,0.0183367141609898,0.0417088087141423,0.00157612658535867,0.0536061472523925,0.00346556386242946,0.704819935250834,0.121761582844159,0.000463348085523573,0.000997719716279971,0.000519933748405873,0.00114037786547444,0.000736151725428399,0.000932518135607898,0,0.319764231533318,0.791604444594613,0.585125480663268,0.157474511122649,0.00462089505094173,1.03988607858056e-21,1.47410295760054e-160,0.0539879386081479,0.0150711413337467,0.0419983843530543,0.464837159072295,0.119992677621076,741,"RBM23"
-11.5429600974125,-0.0565010356928678,0.000416586247557972,0.0523351735080521,-0.00523798233195994,-2.1431985120227,0.230481904753275,-0.0192850514422867,-0.0156343368297997,0.00270465585528249,-0.0116692444012365,0.0178936299737267,0.0024769698342034,0.0294270385050102,0.0662889818937222,0.00252506733587056,0.0881482886371075,0.00566928070987833,1.04943330405385,0.175232366245864,0.000673481600398439,0.00144803447063007,0.00073230439505225,0.00163349243135963,0.00095076932378254,0.0013074935242123,0,0.394023026693515,0.868959524995829,0.552701137423213,0.355526086597269,0.0411273676046476,0.188411449680276,2.47459484170648e-180,3.55878318031245e-27,0.000221319771850691,9.08254565906891e-13,5.16292799805542e-79,0.0581664485080557,742,"RBM24"
-8.61353053938444,0.0872794913160077,1.79862262496759e-05,0.0277081412848202,0.0139441655670428,0.628049187304634,-2.5384935513894,0.00729283644585525,0.0237209502337212,0.00383824665369074,0.00283243052648558,-0.00303487723643504,0.00939258615194324,0.0150936755264358,0.033902872088167,0.00129468955621316,0.0436011948101989,0.00281733156233768,0.225831408969153,0.045126771116429,0.000168165203007248,0.000363201426139147,0.000191578161670922,0.000420022726755495,0.000269769881221023,0.000348212793024607,0,0.0100414644782065,0.988915898360658,0.525108617582846,7.44338268195577e-07,0.00541828389178113,0,0,0,2.73464002705945e-89,1.54597553204691e-11,2.31922513518845e-29,3.00850605224105e-160,743,"RBM25"
-14.0437952827166,-0.0734800580009137,0.00323265467689402,0.0160684493951428,-0.00501685912642715,-7.49248351835684,-7.71783619198111,-0.0184506429247595,-0.00929608482179772,-0.00190448568876915,-0.0506487943889651,0.0176097034490093,-0.00221757664122695,0.0391903360432279,0.0889518805147164,0.00335081649233824,0.114938566395129,0.00764157521661689,3.4076295864559,0.51416041443774,0.00215206538922021,0.00439938203910771,0.00231692076771004,0.00479376029625166,0.00304220980769935,0.00382749034570486,0,0.408767075053459,0.334676853011874,0.888817753356046,0.511488579528834,0.0278965811577411,6.26159998415156e-51,1.00422882614733e-17,0.0345970604082149,0.411082591516109,4.30361176433371e-26,7.10355396340164e-09,0.562331864641063,744,"RBM25-AS1"
-8.08446065438688,0.0303339820897983,-0.00374307217755919,-0.0594907759527531,0.00433182743762976,-6.82472223901866,1.76244927548574,-0.00724345977967463,-0.0165789273931158,0.00233538627216801,-0.0010514822942755,-0.00226365237525703,-0.00134422808527265,0.0235471887877665,0.0524679352601077,0.00202520523670401,0.0706742361804088,0.00442907355861139,0.254500762489494,0.0430169709925098,0.00016140455912562,0.000351820929565287,0.000180177768192892,0.000412162929964154,0.00025980784473852,0.000333079556515938,0,0.563167415972601,0.0645671420877087,0.399922061082819,0.328052717060074,2.09634912550878e-158,0,0,0,2.02075990546766e-38,0.0107373460089962,2.96473674495161e-18,5.44265718564867e-05,745,"RBM26"
-11.6689104724432,-0.0542867524426507,-2.68549952573099e-06,-0.119736533106762,-0.00524070993101138,-3.84290169698527,-0.363133278660969,-0.00638781645359324,-0.0055623239872096,0.00457189078759199,-0.00986741843921809,-0.00433378958983765,-0.00306251022087025,0.0445832717613425,0.0997317786276098,0.00389303037924069,0.136170426479061,0.00845101807324323,1.26530017851016,0.209932757663732,0.000800156044513319,0.00173199669827919,0.000871433376745101,0.00199380444474766,0.00131359736853457,0.00160606811718707,0,0.586216107552807,0.999449601407913,0.379231163651686,0.535173753248553,0.00238829545640011,0.0836731708008678,1.42572111366641e-15,0.00132039568547158,1.55097344641866e-07,7.45803259080959e-07,0.00096968915841821,0.0565416894861812,746,"RBM26-AS1"
-10.1171835974414,0.00285346689987403,-0.00070615060471384,-0.0588710936317372,-0.000861134426177873,-1.18213460441036,1.20480888711986,-0.015343627068137,-0.00868035282662508,-0.00415628790873309,-0.00373229326454922,-0.000470690621517438,0.0128663341306506,0.0121098960877176,0.0275067225670681,0.00103686539489112,0.0360502116229835,0.00230292978551344,0.519159074968792,0.0913319258376154,0.00034304349376973,0.000727976563457952,0.000382494226790036,0.00084285586002809,0.000533550703514793,0.000687084928497472,0,0.917378004984964,0.495843863992827,0.102462590771565,0.708456431135555,0.0227851454815685,9.8157389633624e-40,0,8.88013638256861e-33,1.66873543091247e-27,9.50442269470119e-06,0.377676575460363,3.04062113984298e-78,747,"RBM27"
-10.3629468029201,-0.0315169854857685,0.00138777661175961,0.0464056205795751,0.003466193494981,1.31829023748895,-2.15958065457801,-0.00191599802091337,-0.000957692368817567,0.000114758955362724,-0.0147979200480333,0.00486053636262179,-0.00113494778524007,0.0189034985036286,0.0426503203692583,0.0016159107202809,0.0555420070282439,0.00358962620842299,0.56031793405115,0.0973862552281998,0.000375312303403107,0.00081230782333334,0.000414244777659312,0.000924430143066217,0.000593034065718073,0.000753566494657086,0,0.459929795472491,0.390439774554774,0.403433473478093,0.334237343049357,0.0186349598686399,5.93255069927278e-109,3.30660718129473e-07,0.238407271617808,0.781755727486752,1.13064822270141e-57,2.4841675372233e-16,0.132041066049917,748,"RBM28"
-11.4056214475242,-0.0522501821822791,0.00495731412384856,0.24394203115331,0.00463943845255798,-4.36981315561076,-2.34946020995215,-0.00670624879570084,-0.00406063278896312,-0.000543421061303329,-0.00932344093278826,0.00466433088677401,-0.00175860883422743,0.0278711746375644,0.0625348534349137,0.00237770140830333,0.0806402157265389,0.00531890011124377,0.947317414086209,0.151116763314572,0.000591017103706488,0.00129643062570346,0.000640828277408086,0.00146726029374538,0.000928985125014873,0.00117967445204435,0,0.403415438334641,0.0370766811304805,0.00248578302248867,0.383069154156747,3.97225259572786e-06,1.65912261395726e-54,7.67841523880889e-30,0.00173523166058829,0.396439116093497,2.09351086224637e-10,5.14329655825583e-07,0.136025107454043,749,"RBM3"
-9.01770422891054,0.0366694555824843,-0.00024040569374974,0.0545058310209837,0.00268141116588294,0.969388708396048,-0.146612834047705,-0.00286315689681734,-0.00321121561906648,0.00114508106927354,-0.00793299740511343,0.00584590102398875,-0.00429745680937183,0.010633515304479,0.0241044505601664,0.000914288505107581,0.0313795470740323,0.0019871914273913,0.298321911292398,0.0539093205957744,0.000202499862449621,0.000434200309466647,0.000224708901121059,0.000500446451052333,0.000313512023158959,0.000407133054502926,0,0.128191282898593,0.792594570742021,0.0823896585429279,0.177225475267848,0.00115619445357247,0.00653570947583904,2.1819160630164e-45,1.40664311394009e-13,3.47194504756402e-07,1.36522762138947e-56,1.34826709172086e-77,4.79535220411267e-26,750,"RBM33"
-12.5629283658243,-0.042475543647762,0.00238165696444305,0.0399526289391287,0.000604772392667259,-1.52986614799868,-1.92122404397516,0.00510652100707111,0.0188105333333944,0.00430354555144886,-0.00101249598464632,0.00576136110060966,-0.000531714395611935,0.029080189191582,0.0674014615849356,0.00247951050413316,0.0832388698230033,0.00559165808427444,1.54137396382595,0.275144834664866,0.0010398859876255,0.00215437660690209,0.00115361855994928,0.00253936982565487,0.00154190366128561,0.00207213471041687,0,0.528572061468761,0.33678595518023,0.631244722170705,0.913871802233067,0.320937076327256,2.89783656522012e-12,9.07728126563024e-07,2.51736208979968e-18,0.000191118875114527,0.690099979926418,0.000186581135958378,0.797485850341109,751,"RBM33-DT"
-13.3667519116654,0.143703274776707,-0.00640932732926318,0.031112836285215,0.0129353815917794,0.108477834567588,-3.25248118450032,0.000673170552789506,0.00930603923711004,0.00171096303643537,-0.00703089156410521,0.000664818597873542,0.0046830664816155,0.0496533019437212,0.112656193650947,0.00416660890841484,0.145291130802576,0.00976093315910201,2.29155192541515,0.401206297003961,0.00150010938559394,0.00316292988187931,0.00168146182127518,0.00370935320394955,0.00240392005209152,0.0030438149650702,0,0.202099986344292,0.123985084554767,0.830436844978515,0.185098270160051,0.962243720833871,5.19895106481461e-16,0.653613710922722,0.00325867105115016,0.308894245647961,0.0580328800770429,0.782121027395459,0.123913794407421,752,"RBM34"
-13.4245392615707,-0.0662641705162631,0.00474298485135585,0.0430786129810749,-0.00857047545600824,7.32334733666199,-0.846719413804565,-0.00966505194760337,-0.00135092472061186,0.000848692895443113,0.00841930558379613,0.0196394328586349,-0.0203757468459287,0.0300961490345926,0.070261524792534,0.00260937374960136,0.0907689421022794,0.00587652773439409,1.86852025507197,0.413212470798641,0.00154299139035049,0.00315747717779949,0.00175248557359294,0.00342071853415561,0.00202948836576733,0.00287887830266974,0,0.345625923380991,0.0691143237701356,0.635074674060207,0.144723410713949,8.87954974030251e-05,0.0404509794889718,3.75609698236796e-10,0.668760767437753,0.628187499135617,0.0138446847003287,3.77500007922618e-22,1.46599681894101e-12,753,"RBM38"
-16.4026212798298,-0.325910440879926,0.00477271013595367,0.00824766923891955,-0.0219882046938029,1.7261657150622,-4.32804508524796,-0.0150696413506596,0.00248521746951765,-0.0143689476379099,-0.0318520678600728,0.0334546168141277,-0.0250936495239232,0.068579929975829,0.168748827947017,0.00611490082304558,0.218421206355974,0.0139650132063059,9.54976879541101,1.58541089746448,0.00634877745660069,0.0114567777428522,0.00724906387199646,0.0133206130312676,0.00756479867940555,0.0113304961745768,0,0.0534416939479701,0.435093736726355,0.969878728579686,0.115367081354653,0.856560111498634,0.00633496761331078,0.0176142459834028,0.828269790198362,0.0474591258815219,0.0167940271010035,9.7607476139026e-06,0.0267806650151012,754,"RBM38-AS1"
-8.86434186578363,-0.0615901655452117,0.000711450526369932,-0.00578179392055588,-0.00278760097092597,-4.18717500058894,-1.13747338371087,-0.00568662040466664,-0.00785063951940234,-0.000768249879508402,-0.00779979307802419,0.00563585737611398,0.00229658101206202,0.0143437288040282,0.0323454086290082,0.00123472133397903,0.0428219712032951,0.00271422172924209,0.2915561938833,0.0479201645439631,0.000182621204249974,0.000396880093620405,0.000201430094124133,0.000460659243579076,0.000286348545757847,0.000370672947363803,0,0.0568920373269594,0.564477764455984,0.892596590050411,0.304403939017189,9.02938329089653e-47,1.50249358928376e-124,7.17293203233195e-213,4.34988313322918e-87,0.000136747833769062,2.62208647416555e-64,3.08781789867733e-86,5.80239413851274e-10,755,"RBM39"
-9.90845553296417,-0.0147210331142601,0.00287952985256507,0.0641632682784359,-0.00398940304407015,0.128170580845018,0.621634281135037,-0.00303001259634686,0.0140276664008262,0.00160819630916686,0.00109718242648617,-0.00103938767845524,0.00728513935685051,0.0267308072096189,0.0608315481087028,0.00230361054512612,0.0774702278513461,0.00504615501726241,0.437621934512299,0.0816217884633879,0.000301812429756582,0.000648746152880418,0.000335168921441615,0.000754689338579589,0.000466150666221995,0.000612450134582345,0,0.80878273025313,0.211296903694238,0.407539515457796,0.429187523950393,0.769614105955075,2.61589677303686e-14,1.02305159188285e-23,1.09774430476407e-103,1.60124604771903e-06,0.14599622722951,0.0257657216325304,1.25542469911802e-32,756,"RBM4"
-9.8680125329901,-0.0288845824093514,0.00222289709618994,0.0802227377996404,-0.000810977294172337,-3.41702331581507,-0.39128120067722,0.0086572153739906,0.0212045618685511,0.000990472044427108,0.0169309094119906,0.00271147384286888,0.00524283811784506,0.0117749501583775,0.0268302978395611,0.00101430435527643,0.0346588240943708,0.00225000644366016,0.47939373375005,0.0908152533679006,0.000334396114514181,0.00070158702411593,0.000383248859402093,0.00083725198580491,0.000516083928956891,0.000687869646280005,0,0.281674267438098,0.0284121306320413,0.0206325831027056,0.71852311240813,1.01984796838602e-12,1.64335358234256e-05,8.83457263076301e-148,1.15629855773119e-200,0.00975458627482616,6.26898388782326e-91,1.48879641914743e-07,2.50068756762268e-14,757,"RBM41"
-12.9573853590051,0.00440048578011262,0.00380077709737932,0.0807819147117437,-0.00243417152649049,-1.86910420357096,-2.34132465358347,-0.0139211229881438,-0.0200601944766522,-0.00501326315361555,-0.00289052472806965,0.00522798276064147,0.00166825079593316,0.0172271542292479,0.0405718661364183,0.00149929459122582,0.0529373350791411,0.00338714780231819,1.73754676476825,0.30892571458402,0.00121213141128973,0.00235499859105877,0.00137789880638372,0.00266401690155193,0.00182769850231562,0.00226270169479798,0,0.913629612573777,0.0112433344262683,0.127012022077113,0.472357005676011,0.28205497232282,3.4843130335738e-14,1.57244776910864e-30,1.62143995360892e-17,0.00027440193744877,0.277910617837498,0.00423082172032039,0.460950455594275,758,"RBM42"
-13.4339269636195,0.0437160992973055,-0.000108780816890916,-0.372015496369503,0.0166579869767532,3.17575487091156,-3.3794797199305,-0.0376339128488203,0.00478524076851455,-0.0136714423466453,-0.034052825004331,-0.00655412319604004,0.028348307734412,0.0359958576934124,0.0817350983084952,0.00305359629132698,0.108067480873441,0.00706213637880203,2.14990908843057,0.410580512111122,0.00162555511187958,0.00335658185952651,0.0018500262675175,0.00371566492336743,0.00253415127672305,0.00312547434614958,0,0.59275289172085,0.971582301115048,0.000576498094477921,0.0183353952761905,0.139633356327712,1.85688969179396e-16,1.40657731631876e-118,0.15397543243793,1.46979168899689e-13,4.97010129463663e-20,0.00970071489635222,1.18927785941467e-19,759,"RBM43"
-14.1780777875917,0.0267264864835295,-0.00342716689111427,-0.112920491299075,0.00247254296192923,2.38409700609809,-0.61376555972335,0.00806258912781009,0.00928211963327728,4.28106663226388e-05,0.00147176933488325,0.0100213226313899,-0.0152002371738358,0.0444680565475708,0.102094451617462,0.00384564243058909,0.134819182984272,0.0087600075731411,3.80407716345813,0.697786050022368,0.00263275121530433,0.00521787237073279,0.00296024578740257,0.00608399991849708,0.00380921509307436,0.00499823150478195,0,0.793489541723066,0.372831598148394,0.402272296728273,0.777749123744712,0.530841797692838,0.379081514007098,0.00219555390622141,0.0752546976810971,0.988461505725232,0.808851313228409,0.00851815464735434,0.00235697463957452,760,"RBM44"
-10.5367778031168,-0.0265153729586975,-0.00155062822400569,-0.0146617816181344,-0.00687944099043551,-4.29610994314257,-1.7883757845729,-0.00421618867044309,-0.0050602040872035,-0.00158618441096795,-0.0169302196532002,0.00999645852164388,0.000476814620712595,0.0236431903646863,0.0532184581000395,0.0020260675226622,0.0715996873047228,0.0044893989730656,0.698108850022105,0.112081477615794,0.000426209739508773,0.000912038334906279,0.000472184205508359,0.00107298166237345,0.000657193114652161,0.000859647582824091,0,0.618317429547634,0.44406978505141,0.837748404176502,0.125430019765249,7.55881416027147e-10,2.58657157093752e-57,4.49640625325759e-23,2.88565898652207e-08,0.000781545581085646,4.36309675766225e-56,2.99678639152307e-52,0.579125257355587,761,"RBM45"
-16.0890720762458,0.0493713390715137,-0.00540416729107992,-0.360766811636665,-0.00115115612005902,-8.08902741407546,1.17931673845289,-0.00375660079938406,0.00972026932572168,-0.0140944286813199,0.0191390850390701,0.0277181991890808,0.00710330570790537,0.055708251867982,0.141235532917982,0.00497408589132007,0.172282560877019,0.0109122815591953,8.46222832911536,1.43034209757157,0.0053591170955602,0.0091865544048814,0.00624011154118448,0.0115156859466755,0.00568826581645927,0.00955284059813695,0,0.726663374629838,0.277273578685702,0.0362562941828473,0.915985583879094,0.339123752898152,0.409655643253961,0.483319351537948,0.290011039906655,0.0239031623094354,0.0965125133847549,1.09986708769755e-06,0.457130321718307,762,"RBM46"
-13.3046350522779,0.0280673948757028,-0.000948751261123294,-0.253763092012184,0.00343913410552704,6.94004986882156,1.05123750997666,0.00862873390852798,0.0304259253078769,0.00504549164400512,0.0150475547330697,-0.00345257047522585,0.00173344994336681,0.0412916869837273,0.0958384047828992,0.00356715678207271,0.120875651154472,0.0079119314242065,1.78360217956596,0.39521487868576,0.00143547980292052,0.00293145019044342,0.00160948175755165,0.00341310662441916,0.00214679620037513,0.00284153572622202,0,0.769627890994538,0.790263485590246,0.0357840229531128,0.663796942150526,9.98195244368116e-05,0.00781606523083603,1.84331054079249e-09,3.08549296520428e-25,0.00171939181521826,1.03966017188342e-05,0.107781916602414,0.541835429851628,763,"RBM47"
-10.2997646449915,0.0434555381270104,0.00277555381910559,-0.0846361071839864,-0.00548620885907184,-7.10479080620364,-4.86834991474516,0.00984854949554149,0.00529962196612502,-0.0025152228948863,-0.00283666810948011,1.02885359975008e-06,0.000326367874747849,0.026508809251809,0.0610058819696817,0.00227789500596889,0.0773630384763975,0.00494236960864963,0.542838884645223,0.0921403678636102,0.000349829520311702,0.000756926703339599,0.000394760089685604,0.000891275669240584,0.000573894766503613,0.000725178882670263,0,0.476268384615745,0.223044236072888,0.273949631736095,0.266983455554037,3.84550155752641e-39,0,2.23802502876385e-174,2.53237260152691e-12,1.87160513994785e-10,0.00145905859434523,0.998569587996351,0.65267327607134,764,"RBM48"
-12.445175017444,-0.0646847377806479,0.00390950840941781,-0.0599362608362477,-0.00418061072685955,-3.23454075159817,-1.76407293704426,-0.00968536377833055,-0.0173041186881197,-0.0047051449037476,-0.0116049223652874,0.00589412822177689,-0.000127832292663327,0.0179773769018958,0.0417030825538135,0.00154608599224301,0.0543098537689358,0.00352439488617644,1.52862112625659,0.25371222162492,0.000990759645327856,0.00200379913258019,0.00109269168418842,0.00229735230304392,0.00150044986567128,0.0018869791077259,0,0.120882970287921,0.0114502555250994,0.269767440605053,0.235546293483342,0.0343460066792233,3.57480166274736e-12,1.43171761585467e-22,5.83913133506675e-18,1.66223081518585e-05,4.38506623935372e-07,8.55695476024383e-05,0.945989093752524,765,"RBM4B"
-9.6058644042893,-0.00267383284324785,-0.000661171553124431,0.0287911218662401,0.00123993054344368,-2.99709343158048,2.00005859521127,-0.0163444823674802,-0.00692093302031644,-0.00184879522794813,-0.00439442163720912,-0.000428732058445725,0.000306059019709517,0.0199844091382407,0.044658407836247,0.00170192678359207,0.0586856889074558,0.00378587359680475,0.412069539797059,0.066682804972641,0.000251746805366035,0.000545809138965646,0.000273557814248233,0.000632604660541311,0.00039261129520132,0.000504316987120499,0,0.952256784346623,0.697657792946745,0.623710315952837,0.74327836921047,3.5088540587048e-13,1.18864190384695e-197,0,7.62014847153356e-37,1.39586922393307e-11,3.74320037813821e-12,0.274832514448469,0.543931701260189,766,"RBM5"
-15.5457819968964,-0.233734037936718,-0.00544820190268604,-0.182526563647961,-0.0299259707991,3.36727876130169,-1.96473344689541,-0.027749851335164,-0.0437931162180811,-0.00849040380670126,-0.0502600408122868,0.0126651445272484,-0.0150355919394601,0.0523742994135062,0.12390783826321,0.00452806515578298,0.161779586527689,0.0105112343552011,6.64104362122752,0.992681563775916,0.00408898666678967,0.00773451368847106,0.00445062981265008,0.00828579695646073,0.0053493692528809,0.0063171060270978,0,0.0592472760794264,0.228896037863024,0.259217627984855,0.00441269450587393,0.612126329735009,0.0477914413674022,1.1489753773816e-11,1.49585032964261e-08,0.0564318232486339,1.31293148719138e-09,0.0179040809572457,0.0173060973569171,767,"RBM5-AS1"
-8.71905696883777,0.0149852788333177,0.00168970508787595,-0.0201548265442848,0.00511947397777685,0.955878448399971,0.433439155824901,0.00702048957833089,0.018085019751213,0.00211089565906144,0.00877547692859169,0.00202074185494307,0.00302701370926431,0.0164245298703768,0.0370189698434073,0.00140640476568284,0.0482268120553801,0.00308896506293438,0.259971954446552,0.0512008412012119,0.000189282805413932,0.00040587369479554,0.00021358093526618,0.00047489659462812,0.000293370693161291,0.000389787851335199,0,0.685624531958514,0.229582181429605,0.676007470226815,0.0974501906641594,0.000236129775104806,2.55123031835833e-17,4.07999487829831e-301,0,4.916016025133e-23,3.06414566305639e-76,5.65760845338962e-12,8.11327799456696e-15,768,"RBM6"
-12.2251151225695,-0.0646861965579113,-0.000139704995670556,0.0598739109703889,-0.0103964669066111,-3.04493567555978,-1.93223338775395,-0.0227121297346249,-0.0292713536359877,-0.00500662426734196,-0.0280474686825094,0.0045644265737307,-0.00571382062716768,0.0296337264620449,0.0671924078405789,0.00257999688341894,0.0918594523922703,0.00571023043852938,1.44373025732179,0.222687754885733,0.000879991605321946,0.00189907315855626,0.000950869997508247,0.00211409464093782,0.00139717720991397,0.00169649259500954,0,0.335697607164123,0.956816223245692,0.514530764245333,0.0686564583075774,0.0349380914671768,4.06798621074048e-18,6.93952617117981e-147,1.3283046714373e-53,1.39953828470776e-07,3.60205549334628e-40,0.0010873528416172,0.000757101624235431,769,"RBM7"
-11.2488110761522,-0.0554866342737723,0.00121636934189873,0.0358501855030941,-0.00465932266751805,-2.46883198237746,-2.91379629044985,-0.0219215759841713,-0.0275026718935893,-0.00402840175120904,-0.0186403405088996,0.00881420208353311,0.00449302826560536,0.0180593429104595,0.0410761735257287,0.0015601088893214,0.0545379736638517,0.00345880743761267,0.829496913297415,0.137299080753926,0.00054570085912049,0.00118209868769452,0.000601889001817113,0.00130890545272599,0.000849030143327106,0.00106954097926171,0,0.176752182828127,0.4355854267307,0.510960036555215,0.177951457302832,0.00291748942941758,5.94991384490265e-100,0,9.80530047234226e-120,2.1874382071093e-11,5.08707419876138e-46,3.01024230361867e-25,2.65863073118005e-05,770,"RBM8A"
-8.24040843252652,-0.0789811477919812,0.00541386389364657,0.116456308662595,-0.00161689684827067,2.55690460610979,1.183553316226,0.0226826201580398,-0.0484996957158657,0.00725307913066319,-0.0134016393938439,0.00377081148890678,-0.0204965250069413,0.0216860277391165,0.0488379365154059,0.00186296314212697,0.0649359752219198,0.00408226209876215,0.338429760140584,0.0641016971190928,0.000241500543917653,0.000532380353243977,0.000274552362205175,0.000611850762258697,0.000420446116098868,0.000502976567849761,0,0.105833186122345,0.0036602304718022,0.07290866598873,0.69204701024123,4.18215931675882e-14,4.04787289200619e-76,0,0,8.54913887501149e-154,2.40864421341611e-106,3.00317057434848e-19,0,771,"RBMS1"
-11.9141280928273,0.0292602105229636,-0.00166585378356328,-0.352796244038013,0.0114443934385437,-0.219334254865978,0.681942125313935,0.00830835802428686,0.0354887989624658,0.00652094784764484,0.0150919981926259,-0.0025774723737028,0.00513005885926915,0.0295777737803716,0.0674063147512011,0.0025465800829116,0.0850495250503458,0.00560575628665009,1.25453360695264,0.252289989397289,0.000931938012385779,0.00193240278704387,0.00106587797061606,0.00227601874457254,0.00143943743246076,0.00188602796362369,0,0.664225205322625,0.513013040448235,3.35206220218014e-05,0.0411968678401111,0.861210618932883,0.00687148748130177,4.87199512340609e-19,2.4992088268765e-75,9.48092719641475e-10,3.33700359749713e-11,0.0733557547360237,0.00652753431093938,772,"RBMS2"
-8.30211253716607,0.0683491831508116,-0.00903224074260432,0.040221062012548,-0.000591849854744053,2.42683893906847,1.25693030784225,-0.00896130811215574,0.000654542638367278,-0.0130235551097703,-0.0252773706361405,0.0119753283767219,0.0160935980752871,0.0243069204861564,0.0555805457500354,0.00211439318791649,0.0719321275862468,0.00453784966285386,0.437290591374178,0.0884743001334803,0.0003343242172761,0.000717316395049611,0.000387469316099801,0.000823174443714883,0.000521417337482376,0.000687582017910678,0,0.218797429268751,1.9391134949498e-05,0.576057333968162,0.896230046736873,2.8613273016221e-08,8.32242598446368e-46,2.88331427938533e-158,0.361511857506301,1.1266012247803e-247,4.56371433770123e-207,9.9939709300347e-117,3.70601632590783e-121,773,"RBMS3"
-14.3745434092295,0.084921946632066,-0.0116807791145635,-0.234591294368967,-0.00760684639165917,6.49345333767065,-4.14412790602088,-0.00709746535994185,-0.0205761950612247,-0.0150541930315645,-0.0593337582049444,0.0205971397824467,0.0027676623739015,0.0382626875036603,0.089363303737362,0.00329083326791618,0.115602716471286,0.00757057097041124,3.95409592167432,0.616570000439433,0.00253478565389732,0.00486016311782695,0.00274178829509411,0.00554178944566912,0.00349183582411953,0.00446692530604665,0,0.34195984407556,0.000385978419698211,0.0424288864148664,0.314997192112305,0.100546623334399,1.80158535880314e-11,0.00510985141671646,2.29935963055405e-05,4.00462905532548e-08,9.47724903186765e-27,3.66473459445243e-09,0.535527733878263,775,"RBMS3-AS2"
-13.1134622654391,-0.0362783761754339,-0.00713419145229023,-0.0543277400294285,-0.0113725086095328,10.8193209648138,-3.22212185684217,-0.00360425830166734,0.000947956934820866,-0.0106720977632804,-0.0419053003330017,0.0135197445765796,-0.00236338543328584,0.0390006792833004,0.0900382886311939,0.00343610755621875,0.121406180680345,0.00744832714898213,1.80901018266816,0.350287289253025,0.00135677201653433,0.00279295598790097,0.00148412286870351,0.00306033231602749,0.0019371409933687,0.00251117468849809,0,0.687005860948123,0.037871557703106,0.654523160228168,0.126797303257614,2.2204974814754e-09,3.62940410451582e-20,0.00789575832181946,0.734300955639262,6.43914694409114e-13,1.11710988100976e-42,2.96810917851779e-12,0.346629347293133,776,"RBMS3-AS3"
-9.71192622619099,-0.0260281352951831,0.00095794554729612,0.0339961376890547,-0.0017055068552562,-1.70443267028893,-0.499028777084392,-0.0085467168534488,-0.0026507181324214,0.00125152615907014,-0.0103346048122037,0.00746410175543684,0.00179122318942805,0.0109407657155489,0.0248612682671928,0.000938532573351173,0.0324066589952287,0.0020785661156835,0.434034153012981,0.074757526449788,0.000284497970639207,0.000605765871036228,0.000315834818812221,0.00070112074492034,0.000432717954071286,0.000568590662616237,0,0.295129494925819,0.307403992476843,0.294156071374726,0.411919242935696,8.6028000463747e-05,2.46730061165402e-11,2.82799950833577e-198,1.20980738372004e-05,7.41388166968703e-05,3.56144607163605e-49,1.13172941663778e-66,0.00163110717438123,777,"RBMX"
-11.8503218256952,-0.0400508888390095,-0.000876025545100411,-0.076895695798344,0.0107720498675677,-5.2944449899815,-1.17854208921227,-0.0117157952568322,0.000721435386189151,0.00114489581788564,0.000832503689805396,0.00517473826203201,0.0127501708532645,0.0202056950936117,0.0458361154315002,0.00174449960393965,0.0607109137914968,0.00381384234381644,1.14983725875283,0.192586866276074,0.000731405719217042,0.00153174790872543,0.000818948731953195,0.00177886969952467,0.00110340026301059,0.00144832993301595,0,0.38223560364327,0.615551903494686,0.205302757884416,0.00473601764269486,4.13424618462736e-06,9.38487533435995e-10,9.53877412556178e-58,0.637649070192308,0.162111053885144,0.639787536261544,2.73458033748416e-06,1.32778918243441e-18,778,"RBMX2"
-12.6609105402953,-0.00317790684459126,-0.00500631914635884,-0.0567274558151916,-0.0070704107799901,-1.81006109739506,0.643490700911437,-0.0154640618835173,-0.0160777510294855,0.000686697063950949,0.00703026844559778,-0.00120665518312884,0.00604382844206942,0.0221923205871947,0.0512980428458488,0.00188496846026492,0.0659249510825068,0.00430854541289669,1.69289121935898,0.291747855522122,0.00109260365595179,0.0022213843439713,0.00123254380592394,0.00259455456984315,0.00172312185925736,0.00214152058619324,0,0.950602756956534,0.00790931571808903,0.389521545603288,0.100793187201517,0.284973755943985,0.0274092254385423,1.77929454491085e-45,4.56300616903769e-13,0.57743310586551,0.00673594338881985,0.483757022364476,0.00476934054839684,779,"RBMXL1"
-15.2089945127176,0.0348709453993779,0.00743049563350252,0.267229389904047,-0.00640473088198295,6.01440540472354,-2.82281233775076,0.00818627589000287,0.0265516783890834,0.00163032747907349,-0.0199748723089429,0.0144110806834388,-0.0135179751941759,0.0368053992037186,0.0894797770638578,0.00326572768707398,0.116941919681607,0.00751242550496493,4.75416856678942,0.949846495667867,0.00373426313973261,0.00640625323135829,0.00424823840378101,0.00766743807927194,0.00471300427588829,0.00646603822341658,0,0.696752807151302,0.022888206957945,0.0223042533169889,0.393907975821806,0.205842513243782,0.00296000070965165,0.0283646000643882,3.40332904524637e-05,0.701152235601495,0.00918324377444062,0.00223022612511063,0.0365628856448024,780,"RBMXL2"
-16.4560100287107,0.424584301692544,-0.0209394255215064,-0.567977877197823,-0.00502333616986109,20.1672603872916,8.05627797958813,-0.0568487466695318,-0.100104646095291,-0.00954133137564348,-0.0345274022570342,0.0481999444478864,-0.031302344422068,0.249961422310526,0.55584229287955,0.0198044692298977,0.629658401820501,0.0470901527341257,6.39500629696657,1.57615332722743,0.00592618439689322,0.0131197012153605,0.00554439807884334,0.0125319713517106,0.00681466196539616,0.0103587249356087,0,0.444952169352016,0.290371002605581,0.36703493424847,0.915046915470013,0.00161272684287436,3.19857578424799e-07,8.57200698697356e-22,2.34569764216208e-14,0.0852697336035434,0.00586660718724952,1.51645094568375e-12,0.00251248512396179,783,"RBP1"
-13.6513580613115,-0.0670595291982459,0.00152992354299467,0.156786347617105,-0.0215238410966556,16.0304299309803,-1.52862361545695,-0.0285952118655537,-0.0584606959553042,-0.0116925633361636,-0.0812377022429262,0.0160994921157465,-0.0118891848234967,0.0309965967652325,0.0708371332796983,0.00261832329891207,0.0929510850897074,0.00605073410378612,2.32235341938922,0.417217009028566,0.00172925526100235,0.00351717984490306,0.00178655387383842,0.00359504931593992,0.00247703613162726,0.00285719027876778,0,0.343805952893918,0.559008925028948,0.0916491468881063,0.00037478876995506,5.10355376904743e-12,0.000248445162948804,2.01519901122462e-61,4.8723922136277e-62,5.95916745983084e-11,4.62744763346668e-113,8.0588314545848e-11,3.16655077471835e-05,784,"RBP2"
-11.9345843323824,0.0706098375631103,0.00153926850105328,-0.0644320195614285,-0.00218592119128712,-8.68740555855081,-1.92646475154591,-0.0227227661639689,-0.0101015126238521,-0.011838189235289,0.00757312601840235,-0.0206597577164275,0.0192629945074167,0.0301736866902927,0.0686770059394567,0.00259656495252854,0.0891401838117617,0.00564424169962733,1.1388199528262,0.198926249058879,0.000765334567643546,0.00166099674343341,0.000867525364357003,0.00186759435754124,0.0013058513286103,0.00153170267932814,0,0.303882191973873,0.553308615787913,0.469792464138272,0.698546403529492,2.37634237834977e-14,3.51552157116258e-22,1.03438402806588e-193,1.18991427268861e-09,2.13476553900806e-42,5.01307544586809e-05,2.23238832207235e-56,2.85444086284235e-36,786,"RBP4"
-14.7978532654975,-0.0566882961236693,-0.00132825007938766,-0.240935503621656,-0.0109614680546262,11.9019327817996,-0.383832291662664,0.00787626986192316,-0.00968537317928087,0.00583613822652935,-0.0088430881485308,-0.00684132750399922,-0.0184127474269489,0.0493141356873116,0.118363071801242,0.00421679068995088,0.146477982080524,0.0096615377365087,3.78201318080963,0.821830329953652,0.00310163604196484,0.00602639259810207,0.00344989536887438,0.00682677094696457,0.00525888768374504,0.00585405378598336,0,0.631984399959528,0.752768673953484,0.0999990656189214,0.256565196494717,0.00164964314627042,0.640467208282235,0.0111045313024828,0.108019417833364,0.0907059404889284,0.195197982490014,0.193290048668882,0.00165917365309594,787,"RBP5"
-15.8582640024568,0.425977601427214,-0.0120355779202756,-0.717909881959394,0.00948771207249359,0.0826328796895167,12.4118761335002,-0.0363894643430246,-0.0331808940098822,-0.0055042988210346,0.018332090972007,0.00151028804281382,-0.00851236997009379,0.211846636607631,0.533381560055013,0.0180296228785783,0.633159580047127,0.0384841900049852,6.08453829569283,1.31232078454093,0.00426434580573863,0.00911537950926034,0.00453197183768317,0.0105200050438524,0.00586404662827089,0.00831498812361704,0,0.424501630961013,0.504424312489259,0.256856219736026,0.805267867088228,0.989164424799684,3.1401245466442e-21,1.42080673756322e-17,0.000272532054346548,0.224538406569659,0.0814046701232769,0.796753849272084,0.305959004315186,788,"RBP7"
-9.66891419994667,-0.0299371637642479,0.000204274768490294,0.0185817448069147,0.00165064510153389,-2.72152097437397,2.35297196590954,-0.0158921205353179,-0.00655842796030587,-0.00279734989612255,0.00444602796336135,-0.0032971560275827,-0.0102503685622067,0.0234446294433779,0.0529274079450109,0.00201243219081572,0.0700424180698562,0.00451326606086755,0.508506886943652,0.0924271198041086,0.000346673227979707,0.000754594498043797,0.000389771883218945,0.000866695465537084,0.000548842430865808,0.000705565803671205,0,0.571647462072411,0.919148468833994,0.790783959036417,0.714565184720496,8.69948546753017e-08,5.8171707587736e-143,0,3.58228541311451e-18,7.13150660915828e-13,2.89954968440958e-07,1.88437295356557e-09,8.06901736129664e-48,789,"RBPJ"
-16.6364393517814,0.338464558630078,-0.00295046409541199,-0.1967054770189,0.0269664306034127,-1.94937080170062,-7.10758202285448,0.0453125725369501,0.0144459550446279,-0.0289048082454629,-0.0259971126535996,0.0323324003397719,-0.0389152051580133,0.0585971222415153,0.150673252753451,0.00542721126680056,0.189383710315778,0.0112833441813435,12.188158343151,2.02205317621795,0.00868533734634589,0.0123174420136178,0.00965833663130051,0.0168771044592629,0.0113182022416447,0.0153438924906485,0,0.02468172685339,0.586687330882391,0.298962417642581,0.0168514710724569,0.872928548294173,0.000439700672309225,1.81712379530476e-07,0.240874095196143,0.00276492884550371,0.123468352820513,0.00428106921351716,0.0112062191304057,790,"RBPJL"
-12.487649061086,-0.141650291423202,0.00329512205731152,0.0542327263062352,-0.0212350058067093,6.43171310336864,-1.65758395028765,-0.00988456522982692,-0.0384722736397714,-0.00686565713387327,-0.0486856662296379,0.0132452932402151,-0.0257326840673923,0.0386056598755068,0.0874224804272635,0.00324776808408751,0.111718766073861,0.0073980734150349,1.72423113677288,0.285204474726085,0.0011355044591147,0.00243743831988475,0.00120349629598341,0.0027059447064688,0.00179871601320638,0.00218585008041431,0,0.105168717390812,0.310305854594322,0.627364464028394,0.00410027184289914,0.000191333949232913,6.17624780277099e-09,3.17577436745428e-18,4.01612803207785e-56,1.16507354450286e-08,2.24622070356614e-72,1.78815779917065e-13,5.41665036381658e-32,791,"RBPMS"
-15.3609977198968,-0.282480642311847,-0.0060201290914549,-0.535715647952,-0.0238091619745803,3.63743623546945,0.195681757636378,0.00674216173987856,0.0207930923412859,0.00116203722438792,0.00385703717044566,0.000107639510864826,-0.00979525187120269,0.0846802174366367,0.195725695032959,0.00756106547538969,0.250608406064237,0.0163845252437009,5.68315308901344,1.04597925523789,0.00390217282378977,0.00789483602866858,0.00407583210278914,0.00891500501866825,0.005553372636222,0.0071628288466492,0,0.14895073111573,0.42591512427883,0.0325443214171666,0.146182295508906,0.522147632002506,0.851597940056172,0.0840246603055081,0.00844455008649273,0.775564242216545,0.665272299046884,0.984535788941726,0.171464989202505,793,"RBPMS2"
-10.8340425479773,-0.0157094750102681,-0.00124341731814705,-0.0198373159070775,-0.00575414361314196,0.808083591484059,0.861962619633969,-0.0195530889494389,-0.0150974921494591,-0.00251261497886551,0.000627238989110545,-0.00298742340098049,0.00511273355005835,0.0174590253669705,0.0397439099807025,0.00148456197065961,0.0512429116819028,0.00326195083185787,0.669459571690048,0.122035052114213,0.000456082782415752,0.000976980478762665,0.000514604843410473,0.00111280779639829,0.000732624703936708,0.000916443152343054,0,0.692645499134404,0.402274991959391,0.698665061357581,0.0777287613424051,0.227405747224221,1.62666735473894e-12,0,7.176926474726e-54,1.04690571152844e-06,0.572989369846685,4.54834952311101e-05,2.42061264592495e-08,794,"RBSN"
-10.4878405035756,-0.0283251094534946,0.000155946219478843,-0.0671339073707086,-0.00681692977625553,1.06275661351245,-1.03135799781519,0.000308066260812765,0.00759479021210205,0.00265763751477655,0.00902022488021993,-0.000400052077127999,0.00519695300901377,0.0158897663341141,0.0364665478631538,0.00136909666573665,0.0469014411428152,0.00298938852084195,0.539443703200936,0.103515652075648,0.000382411482009852,0.000812359181317082,0.00043581954569855,0.000944804377170678,0.000605926589833084,0.000782695331651884,0,0.437310838093341,0.909313528228357,0.152320588748376,0.0225853990019671,0.048827213868379,2.20604953747615e-23,0.420480205970709,8.84347626775845e-21,1.07388450399779e-09,1.33264494528476e-21,0.50910500984453,3.140749119558e-11,795,"RBX1"
-9.28585608848449,-0.0184873521128342,0.00305995590462586,0.00287867671124838,-0.0032354931353706,0.345212856243563,0.763093044214551,-0.00844332522879961,0.000503051679342015,-5.86456549286224e-06,-0.00502760751620405,0.00183246312566508,0.00443277284834645,0.0144780211367482,0.032879502647895,0.00124179633525762,0.0427971288227166,0.00275734609453682,0.359812130083626,0.0668971416714832,0.000249753198683987,0.00053841525860569,0.000281112050352347,0.000623530177308469,0.00039279852277134,0.00050909414875059,0,0.573928052127526,0.0137343724664032,0.94637208196246,0.240632060654434,0.337344541172271,3.85982666411005e-30,1.57351478678518e-250,0.350139296071178,0.98335572289099,7.43627930953835e-16,3.08395439547928e-06,3.11536494107584e-18,796,"RC3H1"
-16.4331659284912,-0.0684728142388715,0.010547738242891,0.258408573233329,-0.0292619131309468,-5.53592822484338,-5.61704490014311,-0.0206504882204764,-0.0285371561279428,-0.00294173946274994,-0.0306102072957442,0.0339287301661212,-0.00115699120118704,0.0984410149400858,0.218549313625248,0.00872026818991035,0.321974602370637,0.0195724983863702,9.57733029349871,1.60387641500306,0.00653841791786796,0.0130996581207965,0.00705287564324027,0.0139576573812278,0.00814569469261018,0.011310289801652,0,0.754048181739534,0.226445544778009,0.42222076998667,0.134900734629854,0.563247813086771,0.000461488265877246,0.00158675263001782,0.0293713818623422,0.6766068171797,0.02830188385395,3.11032429395843e-05,0.918522165594072,797,"RC3H1-DT"
-14.1187466290222,-0.0601712826568759,0.00939593435081038,-0.212954609523368,-0.0080058530722436,4.11739405592292,0.0535026693490981,0.0136730061266702,0.0319094122687507,0.00495175618650181,0.0119045292992478,0.00353262694457625,-0.00317381234032161,0.0430363891529962,0.101031714180203,0.00373176009669892,0.129396702146734,0.00835219556819462,2.73066108074296,0.579423388968935,0.0021259686026356,0.00423092434545313,0.00236633583290593,0.00497711693834274,0.00296372580529475,0.0041242825168896,0,0.551463682786183,0.0118080582945964,0.0998152609944544,0.337794180134587,0.131596039532446,0.926429672568628,1.2641373835541e-10,4.63001658089963e-14,0.0363863180117085,0.0167635804885902,0.233279002662701,0.441571085618154,798,"RC3H1-IT1"
-9.8285567237596,-0.0391563067612943,0.00139360112127582,-0.0380770863458373,-0.0021609551924414,-1.92261734022881,0.476620770191468,-0.00916135752612017,-0.00896521786084668,0.000962575685782669,0.00394094930453418,0.00566282612418893,0.00280619160096807,0.015780416626907,0.0356409757591737,0.00136168660322841,0.0468680472497188,0.0030150947698927,0.466494089947279,0.083200188967517,0.000313154136461281,0.000676485335022609,0.000349210549196844,0.000778700295707419,0.000484511197405293,0.000635097738662914,0,0.271928732942515,0.306101040594735,0.416543974433611,0.473551699252494,3.76546795867858e-05,1.01261650342227e-08,3.86656664525906e-188,4.35594952598716e-40,0.00584354786533985,4.17211838599809e-07,1.47305859028736e-31,9.93794176820729e-06,799,"RC3H2"
-9.30584768361228,-0.0289470001228009,0.00382014756300943,0.0691246088479043,-0.00117295970862292,2.69321615483411,0.460827532033693,-0.00342127016176873,-0.0197990144454921,0.000192314406900279,-0.0129421357208841,-0.00654961245987252,-0.0188056294985809,0.0209918285510252,0.0473260539845175,0.00181225624658596,0.0612637997608752,0.00397609356894103,0.423531610548822,0.0793059400322838,0.000302721148551589,0.00066269078650616,0.00033723710926135,0.00074572745869493,0.000506969086102002,0.000611468428978628,0,0.540769080970308,0.0350352187538005,0.259188670672259,0.767991553871546,2.0313807272816e-10,6.2191046321574e-09,1.28670355979726e-29,3.95136527960678e-196,0.568498203440628,1.80649906504667e-67,3.50972368105077e-38,1.05267422161462e-207,800,"RCAN1"
-7.43028104777456,-0.0723768462002354,0.00452412211907164,0.0743905789868005,-0.00293028939793315,3.56494235509448,1.47291323600371,0.0135689084016566,-0.027625297075769,-0.00908366723564806,-0.0106584952877278,-0.00491790214382329,-0.00228956484690034,0.0216445802582874,0.0489728249588306,0.00184895228028229,0.0624249283712092,0.00407659194175058,0.257489443928568,0.0519344421013467,0.000194039043769239,0.000425562369970274,0.000226226647808514,0.000487706101314336,0.000331677504788326,0.000406712809200113,0,0.139435048182118,0.0144107939582517,0.233386489569648,0.47225885029321,1.36373350758436e-43,6.12310284973972e-177,0,0,0,7.06846159386111e-106,9.74907141783047e-50,1.80796963373744e-08,801,"RCAN2"
-11.2317740820546,0.417917833942292,0.000245329580982446,-0.152257441903929,0.00663603453169094,5.48771494960357,-2.64315621697532,0.0258321480619542,0.0402881548070284,0.00130651204371164,-0.00161160656508611,-0.0126278007938245,0.0113273626201444,0.0508505933606974,0.112392195603415,0.00440080913298499,0.149890616464816,0.00952464969684744,0.959608268220191,0.20527540803019,0.000758723574881181,0.00159813859961344,0.000890015284260112,0.00191193212070509,0.0012961742298319,0.00158864901386734,0,0.000200497851104766,0.955543778120293,0.309729231855848,0.485976686464597,1.07340049082462e-08,6.13217052051003e-38,4.51864537802339e-254,3.15752222701129e-140,0.142113499272448,0.399272970185112,1.9887368091007e-22,1.00233540477376e-12,802,"RCAN2-DT"
-12.0333007305108,-0.112255785253678,0.00425406832692926,0.0836951045183937,0.00025648377723132,-2.69740215146627,-0.271931336190867,-0.00504132447131691,-0.00549023321602517,-0.0141608765606161,0.00981495567604744,0.00687626083279434,0.00271409835814188,0.0608392612212121,0.137787976188038,0.00522749591477445,0.174447820641683,0.0120352493246241,1.46110914357359,0.256932678193308,0.000981741854986343,0.00213707319938504,0.00108318452211413,0.00244486949523075,0.00148591062887839,0.00198745061154596,0,0.415244381418139,0.415766971780621,0.631389831643932,0.98299753073339,0.0648728620538294,0.28988413473895,2.82021730422412e-07,0.0101979764848362,4.67451639978717e-39,5.95691457238275e-05,3.69854557587521e-06,0.17205888929186,803,"RCAN3"
-14.0814119014965,-0.0624852294106875,0.00129390621149956,-0.106690273263809,-0.00505018668033554,0.823252689530312,-3.75459897542547,-0.00516077802422325,0.00618280256746397,-0.00570096527087117,-0.0221235431136771,0.00855226526157822,-0.00826040620765508,0.0257013269176239,0.0614319265283888,0.00224043178125799,0.0778886821021681,0.00514712245760216,3.1215625216655,0.537325712126789,0.00213148619900526,0.0039602543765135,0.00241720165087123,0.00458308302320978,0.0030367069692484,0.00383813414206072,0,0.309084049285533,0.563584600023418,0.170755930653339,0.3265103966321,0.791987235022791,2.79695645441264e-12,0.0154688917158359,0.118473386470208,0.0183490584232044,1.38453196863204e-06,0.00485809059501648,0.0313821408619245,804,"RCAN3AS"
-11.5973134814653,-0.0668231602092731,0.0124997925111106,0.355376181040435,-0.0085839987915172,0.113488752102275,0.579087538085585,-0.0193223968008663,-0.0218506705986786,-0.00722096792346086,-0.0130109848237391,0.015999992842099,-0.00864872670015104,0.0430083410903699,0.0975339993580367,0.00380516179155979,0.131256881919446,0.00840412729722698,1.019267641089,0.176248008125245,0.000692682918900941,0.00152373752508622,0.000740350650534606,0.00165149479768777,0.000976287672452285,0.00131673127946413,0,0.493263888408288,0.00101997970353735,0.00677949132503556,0.30706365967126,0.911344019776256,0.00101750896464417,3.06713913390722e-171,1.22736448478949e-46,1.7831570114437e-22,3.31843679310691e-15,2.30678558791603e-60,5.08823840765101e-11,805,"RCBTB1"
-12.2909790439911,-0.112768903599858,0.000237562581028293,0.100942992057475,-0.00077918473644356,1.99951927829686,0.63171572812823,-0.0384091468025136,-0.00434235503551089,0.0053626055478704,-0.0195744489032482,0.00787593429711265,-0.00776970359100533,0.0179768042566282,0.0418643283447092,0.00155549388891738,0.0544658545973624,0.00357158851481045,1.54175659885247,0.285442644710003,0.00110655520465367,0.00218927270439926,0.00126469879464627,0.00247269372675692,0.00161449763475335,0.00208912241733573,0,0.00706689906517848,0.878615258034571,0.0638356266890177,0.827302925839846,0.194662216129674,0.0268901215980784,5.45994906121501e-264,0.0473150412814187,2.23297341404872e-05,2.44791385918842e-15,1.07027444871457e-06,0.000199915553622317,806,"RCBTB2"
-12.2756616601734,-0.0583133389758001,0.00101658213683198,-0.207291488398624,-0.000425251264136647,-2.68833928499943,-1.72982778668419,0.0193787428178035,0.045528187857887,0.00629756469665413,0.0306668563264713,-0.00505340538734744,0.00636747514181101,0.0362996340687963,0.0835029233981111,0.00313329555445873,0.104608335951566,0.00687274148744071,1.24106060376837,0.254717377788681,0.000919353649798697,0.00190915899190875,0.00105113100548234,0.00229591491482833,0.00139493990442696,0.00188568581978328,0,0.484965282548788,0.74560114091422,0.0475244449168544,0.950662331886348,0.0302987503721128,1.11231479744687e-11,1.24869502806574e-98,1.08145599159871e-125,2.08263411793226e-09,1.07620601645271e-40,0.000291578967303239,0.000733497262717041,807,"RCC1"
-11.2482863686322,-0.0613442939083747,0.00217216512174559,-0.0432801869396057,-0.00306767293150845,-0.74824365404837,-2.01594427486974,0.0133387871983794,0.0338514499952158,0.00512704785191544,0.018276063633161,-0.00314951098347707,0.0100233986470476,0.0244460636422433,0.0558993420355073,0.00209921944037949,0.070720043280096,0.00458324312404693,0.763984799686601,0.152112297457435,0.00055496491355341,0.00116443598548116,0.000636054463368831,0.00138676911875867,0.000863689128773408,0.00114350265271594,0,0.272463791001371,0.300786167154577,0.540542243975046,0.503289055433776,0.327384354585176,4.33520833329853e-40,1.18738421217875e-127,8.32537968292977e-186,7.58552389368549e-16,1.16101813583236e-39,0.000265754388116504,1.85911796030639e-18,808,"RCC1L"
-11.4775523650663,-0.0168406743852399,0.00220792253598023,0.00843715424069996,-0.00378478625298771,3.72719018448925,-0.0270057693667798,0.00122295331739733,-0.0205405312846762,-0.000598642967230581,-0.00484722177712867,0.00703902320958282,-0.0189181395219243,0.0212421697860421,0.0487623352268059,0.00184058631270618,0.0632387756728807,0.00401982971934521,0.935033997894408,0.170610566482117,0.000653807885965972,0.00138904286636311,0.000708533011874124,0.00154995720303545,0.00100675478567264,0.00125969154182693,0,0.729821982811175,0.230304185254317,0.893863270067761,0.34643383546957,6.71527314916444e-05,0.874229106039265,0.0614132145471379,1.76271517748822e-49,0.398163974924092,0.00176404081251328,2.71390992673425e-12,5.59095553240613e-51,809,"RCC2"
-11.5309387664208,-0.0497709051263142,0.00240219998216906,0.125861671885193,-0.00329990253167925,-4.48906034690434,-4.96952614691113,-0.0131395898615284,-0.00970218340442576,-0.00682231777371783,-0.0342243148891087,0.00828021791514029,-0.00534273296116295,0.0179574512281899,0.0407160463818209,0.00154234289975457,0.0539057049762751,0.00344524610974606,1.00537733462193,0.152787071295991,0.000615387558492445,0.00131507330976699,0.000666306615362514,0.00145782433162515,0.000940258082097038,0.00116338887657632,0,0.221560019481445,0.119351679715426,0.0195513195747322,0.338156913421865,8.00499513377332e-06,4.60065283661826e-232,3.75756649844842e-101,1.61077646929234e-13,1.32590857880545e-24,7.12468709788421e-122,1.29316159676166e-18,4.38202972864988e-06,811,"RCCD1"
-12.4230536368037,-0.040942469585335,0.00237958847110665,0.0372413738341284,-0.000633967294678163,-3.3684903828866,-1.09074050870172,-0.0101621927391884,0.000364139910878228,-0.0003753253669643,0.00106590758027544,0.0142471572189047,0.0111372388756177,0.0285418114001382,0.0651790991957244,0.00243800485977876,0.0856588184810328,0.00546729351834545,1.42773636674175,0.252386859018571,0.000951534884106682,0.00201827918524276,0.00105600601109589,0.00232005290585447,0.00133507540123293,0.00189183823236789,0,0.529903486085104,0.329045006847173,0.663733710444332,0.907687151389265,0.0183083423512346,1.54831003717089e-05,1.26557624478426e-26,0.856822084002876,0.722275173208322,0.645923653245872,1.38485815556171e-26,3.93284805566314e-09,813,"RCE1"
-10.3570829417543,-0.0690163187203554,-0.000439872822803437,0.00543669050638373,-0.0048825849450177,-6.76873375913413,-0.0140110099559633,-0.0201831546569574,-0.0301745391020408,-0.00347835576820014,-0.019574972479885,0.00787012578924282,0.00332468688721918,0.025018256075682,0.0561362886675483,0.00213874650535917,0.0755937192527616,0.00478377955031256,0.66223572840413,0.101083129340014,0.000392280930251125,0.000857584899788531,0.000424307517043562,0.000981236741432654,0.000615767243684186,0.000780658503055591,0,0.218906079834907,0.837049852285274,0.942665676550085,0.307418275540034,1.5962929033731e-24,0.889759299227603,0,3.33413873714687e-271,2.44981733826494e-16,1.52043811441556e-88,2.0933991697578e-37,2.05505521904737e-05,814,"RCHY1"
-10.4771149289415,-0.0656274377852461,0.00380431850225563,-0.052844557017293,-0.00542193532245081,3.50503332890493,0.218373741285063,0.0023534435054802,-0.00776984286500897,-0.00328904769707054,-0.00649280572075166,0.0111621714966208,-0.00498100551987319,0.0234588589115758,0.0537967931635284,0.00200689567695231,0.0676382085444803,0.00435017883894121,0.616323956241685,0.118744336399356,0.000442455523975784,0.000949149930582516,0.000494086450475559,0.00108688548227816,0.00067783349253397,0.000884790613549166,0,0.222497642585692,0.0580098544703569,0.434636287836319,0.212628343198259,1.29291697116514e-08,0.0659115858026027,1.04309885259214e-07,2.69811927631755e-16,2.79803461222948e-11,2.31830192347089e-09,6.28920700676818e-61,1.80641894031098e-08,815,"RCL1"
-10.8160960928857,0.0212045565251898,-0.0010617023759037,-0.0883115983505455,-0.0134773553158703,0.97902244121271,-0.564683364688948,-0.0249562519766222,-0.0267496096274115,-0.0245412749712491,-0.0109450044306029,-0.00746293648923533,0.00741155058351107,0.0292817994585593,0.0667484699321159,0.00252789667816186,0.0881116240169009,0.005445050665668,0.658819610463796,0.12146856482136,0.000459463692972442,0.00100360380452178,0.000518444770919809,0.00112024859147918,0.000748439934390255,0.000923959415594933,0,0.750728790628799,0.674489565653367,0.31621342162937,0.0133177613850237,0.137272496585367,3.33867746172539e-06,0,1.62766996105441e-156,0,1.51217805074947e-22,2.03499381072812e-23,1.04452255663063e-15,816,"RCN1"
-10.2470783379733,-0.0455269704151395,-0.00112918375221718,-0.0351227307426062,-0.0111672576899952,-7.36980937618603,-0.731784488838808,-0.0188081911123025,-0.0262618547605834,-0.00434049656561737,-0.00612984859761557,0.00671835724680492,1.48402611893339e-05,0.0279022556938368,0.0621247817641657,0.00239942825336349,0.0844914947618137,0.00530742008186085,0.576693592054442,0.0908078924702793,0.000349315888611863,0.000764656452467443,0.00038313519082865,0.000873288823932875,0.000544117202341213,0.000701396978031869,0,0.463661467504473,0.637922592588426,0.677632864138954,0.0353711200435615,2.13658041479375e-37,7.71731303027535e-16,0,1.69305494266781e-258,9.43929888200926e-30,2.23033067307948e-12,5.03980494071192e-35,0.983119499721411,817,"RCN2"
-14.8548983408653,0.0984395668697304,0.0016099516685384,-0.243338128301916,0.0175436654991405,2.76077133353381,0.734602244245162,-0.0110972307146456,0.0252776237112527,-0.00390758889268375,0.0159902703764611,-0.00279923412563382,0.00475349666780083,0.0364563628171483,0.088555475742154,0.0031474985376794,0.107986806241123,0.00714887568178246,3.65993569989029,0.803272637073565,0.00294682450285037,0.00541949003049135,0.00349578985904206,0.00636012920021182,0.00402712804096367,0.00550970009614262,0,0.266303857781869,0.608999616892909,0.0242335550377912,0.014125914499564,0.450655679241661,0.360448020232866,0.000165998834205699,3.09809300818865e-06,0.263653033969203,0.0119322249773764,0.486996147689824,0.388274644754178,818,"RCN3"
-10.3091673412774,-0.00426533178425235,0.00182024579592673,0.020340339386956,-0.00210727914703331,4.14136992304692,1.57951954480045,0.000190472158281483,-0.00593773761033907,0.000902598479887662,-0.00177946429808477,0.00672646699136478,-0.00533330872969161,0.0121953142274862,0.0281249173798671,0.00105303859331932,0.0363359661525312,0.00233550651041077,0.637188850789658,0.125505731806732,0.000470024415114066,0.000970206982613139,0.000535152501598001,0.0011247060003907,0.000716646585258914,0.000932248083458288,0,0.879457720905877,0.0838869544863211,0.575625897692878,0.366908526153836,8.06202039047112e-11,2.54573339120295e-36,0.685301942929982,9.35324668227164e-10,0.0916765991882704,0.11361316035082,6.23039322542616e-21,1.05954114282771e-08,819,"RCOR1"
-12.4447189755907,-0.0120357232351947,0.003097489682216,-0.0556603926675933,0.020214581781424,-7.10926841460916,-2.18137848432379,-0.00141378418395409,0.0118051183598724,0.00670038704343559,0.0102262202643553,-0.00299183268235301,0.0263613232530346,0.0660336404626504,0.148530307783933,0.00568149589553677,0.195502412178022,0.0127652122623057,1.52195709198746,0.268850819441065,0.00103622377378654,0.00230262725805886,0.0011254143416208,0.00258949311819507,0.00164341781493136,0.00209748309733468,0,0.935416421747952,0.585623461560835,0.775870636202786,0.113292058506576,2.99538668264467e-06,4.90958758073708e-16,0.172453708953636,2.94702221790681e-07,2.62136215184434e-09,7.84388723815673e-05,0.068683771118716,3.16335657805864e-36,820,"RCOR2"
-9.07289485457344,-0.00829154606066287,0.00155243844027791,0.0643669489348101,-0.000333025046719819,-0.43212918015025,0.974389660070276,-0.00596016628878211,-0.0189189084336715,-0.00712146010184683,-0.0126930418040136,0.00392128347929631,-0.00493841850702658,0.0232299165429172,0.0520383918092384,0.00199980970380485,0.0698588021460039,0.00443308308455728,0.346333930427754,0.0582770505901255,0.000221393214213209,0.000482592907285451,0.00024130098606539,0.000555830238422357,0.000350825706727906,0.000445992910076104,0,0.87340481220363,0.437575956281381,0.356848736233945,0.940117109106327,0.212132124588615,9.37901077459347e-63,1.24112479153532e-159,0,1.97436348240509e-191,2.00487402588115e-115,5.26692044166969e-29,1.69884303219536e-28,821,"RCOR3"
-11.553672123154,0.0626101883372368,0.00939509283542401,0.167607858309217,-0.010937476048133,17.6869216950325,-1.42233789678891,0.0522392994060375,-0.0513950188102026,-0.00991196031103088,-0.0304466468568415,0.0144446239132927,-0.0486913913365285,0.0563156453032923,0.129036796697685,0.00479648941143521,0.161242054399945,0.0102114515837385,1.08956719242221,0.213144165236331,0.000839700438641344,0.00176232161773756,0.000879493674855324,0.00204394671414885,0.00145644941013122,0.00169126873623562,0,0.627526046885372,0.0501428241081312,0.298581648274992,0.284124897199382,2.94796743432633e-59,2.50411007824163e-11,0,5.67506387555088e-187,1.84411240437216e-29,3.49867385414031e-50,3.48709155496163e-23,2.87320933329079e-182,822,"RCSD1"
-13.696761343801,-0.0473631161123819,0.0131588016102877,-0.561577087171259,0.0137107921270521,7.72823950141676,-1.26788720622549,0.0171423246286126,0.0146766948848573,-0.00477987846890036,-0.00595747203673808,0.00308810619192071,-0.00451923520244811,0.138803963627332,0.308124746439153,0.0122078281945011,0.402041440603307,0.025243390425714,2.14276596454239,0.495378793223693,0.00184896073775636,0.00403509051881218,0.00193614045086706,0.00434109144805159,0.00274516772232096,0.00353483803593983,0,0.877835171777526,0.281078985043673,0.162469530363978,0.58703076689325,0.00031015738889284,0.0104844052547041,1.8383953673722e-20,0.000275548035626265,0.0135579697026211,0.169956285802946,0.260621065365736,0.201078690075855,823,"RCVRN"
-12.0009012814587,0.0553362276524076,-0.000776830390384988,0.0235962719184958,-0.0198885845607088,2.17303509888637,1.66719472269614,0.000815507394327323,-0.0372665432214705,-0.0176480198974761,-0.00472181481066386,-0.0224017776808927,-0.022133173174098,0.0274176812084139,0.0629898528128364,0.00238613565626686,0.0824435262809305,0.00523538024515315,1.42200432159252,0.241788543614405,0.000923206590150861,0.00195367583294404,0.00101109939108064,0.00224377684593664,0.00166296730514416,0.00183126165026655,0,0.379675521044061,0.744757259098352,0.774716260800229,0.000145351077859534,0.1264754402228,5.37666099766702e-12,0.377051378179632,4.06718192149593e-81,3.19334876887327e-68,0.0353431492858955,2.31810046085813e-41,1.24784493338533e-33,826,"RDH10"
-13.9925777057691,0.0975679838778022,0.00202892732958572,-0.144200824788972,0.00133470602828236,19.6306459044601,-3.57145852781703,0.0117477671816945,0.00640725165313421,-0.0187382238249947,-0.0466103600228569,-0.0099209825258729,-0.0143017056736184,0.0456283703197009,0.102890498859421,0.00392876724776975,0.130776003415425,0.00883112161838909,2.92122889090989,0.626678970885066,0.00247417479476178,0.00496897026180957,0.00272288934959627,0.00554001922120614,0.00411020065201922,0.00468493309704862,0,0.342991967204523,0.605555173125861,0.270176980067968,0.879867931757839,1.81729788305818e-11,1.20495226864186e-08,2.05279970260167e-06,0.197240782872571,5.91247474431827e-12,3.98316953694644e-17,0.0157894425888069,0.0022679086587355,827,"RDH10-AS1"
-11.0890810935208,-0.0206561260347883,-2.21288836389315e-05,0.0397334431359727,-0.00421376310964118,-2.39532200462173,-1.47100601676774,-0.0116529823058363,-0.0115101327755689,-0.000794212677898309,-0.00800497333270622,0.00735084305071183,-9.27622941161422e-05,0.0177628670989823,0.0402380588125211,0.00151054826784409,0.0522558579387979,0.0033875856765287,0.827364561998817,0.139197977785862,0.000535009552896849,0.00113931810310325,0.000597086903532493,0.00130617498531652,0.000825659023283332,0.00106620268167617,0,0.607707930148961,0.988311751790074,0.447037379271609,0.213542314469172,0.0037901023537854,4.2057105907821e-26,3.52192266424833e-105,5.37688541519525e-24,0.183470215276037,8.86773201810832e-10,5.43567249464414e-19,0.930669528433334,828,"RDH11"
-14.48078534519,0.0786370891805011,-0.00299313520579082,-0.340095426364196,-0.0150537592123192,6.03826077474932,-3.89396742330034,0.0212028544480863,-0.025977480577593,0.0139642712448978,-0.03005676652487,0.0169936708077464,-0.0203037174335297,0.0310817825147676,0.0752677386645415,0.00271173052881172,0.0941781028491984,0.00626447135635195,3.86785401010938,0.679339856224406,0.00275734378633713,0.00487986289056446,0.00302663627218873,0.00586373505763853,0.00417088773238897,0.00493025973801136,0,0.296131655057473,0.269691577531686,0.000304790226055155,0.0162595226326852,0.118490772923006,9.92607105919966e-09,1.4760256892171e-14,1.01843332236212e-07,3.95387477105703e-06,2.96160775859975e-07,4.6142359161657e-05,3.81869524115273e-05,829,"RDH12"
-11.7828225825787,-0.0594685106212666,0.00385921327101423,-0.0204227396698292,-0.00163594460687786,0.403546785572284,-3.17233937058964,0.00907800527164856,0.0211265667870747,-0.00261101746147358,-0.000924857952263237,4.20289579205463e-05,-0.00283063748678328,0.0285118579289164,0.0656999878579689,0.00245194709990423,0.082824111032386,0.0053765420065581,1.00181722505956,0.191098954561135,0.000717639836909955,0.0015264280356167,0.000805032838909234,0.00176260852597606,0.0011236258294699,0.00145210612504281,0,0.365384583116497,0.115501731243488,0.805233561251897,0.760918774140713,0.687084487007881,6.91057322070722e-62,1.12150301116691e-36,1.45140784728009e-43,0.00118125679665094,0.599784949499277,0.970162274956563,0.0512557442527468,830,"RDH13"
-11.8521010345559,-0.0741924203110375,0.000361488613565331,0.0441855446769466,-0.00340429455313755,-7.90130405355192,-4.20099509435089,-0.00781658325440351,-0.0175849046283491,-0.00285158714097421,-0.0148638134174978,0.0102136474722214,-0.00585462166464549,0.0302739558726252,0.068061910020813,0.00258788950135657,0.088651777506576,0.00585757576419875,1.26916130855245,0.190760511052341,0.000757269015245966,0.00164248467904333,0.000828325456264361,0.00185968901084127,0.00117432248295224,0.00149078669463065,0,0.27568118372651,0.88890910179055,0.618190223121344,0.561120448984603,4.79684221325961e-10,1.75894405835797e-107,5.60029549999905e-25,9.51047345085411e-27,0.000576166430648895,1.32085934731394e-15,3.39332561949088e-18,8.5939518876101e-05,831,"RDH14"
-14.2901491191258,0.0440224066850411,-0.00647969386906491,-0.259948217820241,-0.00930781962765386,2.9838272786358,-1.06656909460056,-0.0085963039452046,0.00497913721781836,-0.00063698665811437,-0.024386216370299,0.0105476978258033,-0.006470434554215,0.0338230766142645,0.0809909729274104,0.00293679546243302,0.0997325755483421,0.0066154587234627,3.55709852391673,0.618011688247919,0.00238962227971449,0.00454065745373085,0.00263312542905079,0.00526257775600672,0.0033044888108062,0.0042930080744051,0,0.586753186059768,0.0273572351358195,0.00914855202059638,0.159433251589598,0.401560559998862,0.0843820827354037,0.000321477721010699,0.272830517936007,0.808847757359493,3.58854455586552e-06,0.00141325451405672,0.131758637180796,832,"RDH16"
-13.7898841365573,0.0146832983087353,0.000430709569511593,-0.135676440111337,-0.0099075390074545,3.62197001570516,-1.59258718051347,0.0297388982809346,0.0207126335020675,0.004802780490417,0.00747015062666658,-0.00196042856508493,0.00378139589027472,0.0214200875868157,0.0522066250801016,0.00186072754541127,0.0644635547254077,0.00424371729795549,2.48392710408965,0.491611184080878,0.00188900860986738,0.00325252274006228,0.00209215935950037,0.00413197958496226,0.00283191210568931,0.00351935169216802,0,0.778515939394535,0.816946781682146,0.0353174352482882,0.0195623970508568,0.144795684239253,0.00119728577753111,7.65673859982381e-56,1.91290782123787e-10,0.0216982303361916,0.0706241478234568,0.488772049446571,0.282617419798857,833,"RDH5"
-13.2056690424693,-0.111133613631807,0.00338574860612624,0.214216494765267,-0.0161733304396296,1.94151212519078,-4.0063677267018,-0.00580936715160288,0.00505214178628816,-0.00874185376462935,-0.0275967170230584,0.0148772024862034,0.0037839333764653,0.0273957058606539,0.0646107726946751,0.00233571473761755,0.0810935174352993,0.00533989744267574,2.07449672241964,0.368595863041941,0.00142545495559239,0.00285218004370876,0.00161424588222918,0.00330104530675978,0.00204227393976986,0.00273353410330396,0,0.0854237638288482,0.147182457775346,0.00825158672665591,0.00245550138189514,0.349326999821573,1.61488843778108e-27,4.5925899320153e-05,0.0765064411226928,6.11377389640278e-08,6.27217580990601e-17,3.22563126599671e-13,0.166277574182933,835,"RDM1"
-10.5024529684302,0.0378387458593948,-0.00320445021804516,-0.124925925577245,-0.0120587141763931,1.17730786514968,1.53272834892757,-0.0121374348105096,-0.0227900722431192,-0.00169262905691926,-0.00562346208819583,0.00487069687305588,-0.00585260440288862,0.0237490725726623,0.0540044359583301,0.00201882276245945,0.0701673910197863,0.00442066088784415,0.65679268099871,0.120654176044912,0.000449683018034863,0.000962364999374355,0.000502205939711298,0.0011069581206247,0.000699206895693019,0.000893898124418183,0,0.483515250363629,0.112447760017264,0.0750107487742608,0.00637567040716077,0.073051207281676,5.65550482437751e-37,1.88038980090031e-160,5.61741189073581e-124,0.000750623123356108,3.77228813982755e-07,3.26007463280174e-12,5.85930885229441e-11,837,"RDX"
-13.4459609103245,-0.0554928373495435,0.00304174157134309,-0.0674985358982688,-0.00515507850288847,4.66755293813318,-2.67187039966925,0.00439540937229379,-0.0017654446085274,-0.00348871002793669,-0.0210214433446313,0.0111187563994496,-0.00973113764134888,0.0222584623712445,0.0524925644608108,0.0019073308196766,0.0663005570945174,0.00440138874847455,2.20306689147395,0.403037185153667,0.00157142837625542,0.00299428099631178,0.00172667695112155,0.0034345636329422,0.00221578063647288,0.00283029616601803,0,0.290440328601004,0.110765132332196,0.308645208993577,0.241502691397467,0.0341190867974957,3.37191858462461e-11,0.00515669166151593,0.555455149039037,0.0433339958244237,9.32486716873685e-10,5.22159582641658e-07,0.000585584799995621,838,"REC114"
-12.178778782823,-0.0601061146196932,0.00755712093951507,0.121627250303208,0.000842643723362465,-2.69458043367905,-4.05503207778408,-0.00351150015629,0.00314682367521024,0.00392915897597621,-0.00751339218700137,0.00487462897958107,0.00500706048581811,0.0234376744526901,0.0542071131916094,0.00204747993377704,0.0720396349799126,0.00451352645638158,1.22653161080522,0.218868071122385,0.000841877724459511,0.00178672497810225,0.000949969115178289,0.00203120479329828,0.00131380232864772,0.00167842000412279,0,0.26750638117838,0.000223428834868695,0.09134637247787,0.851901357194022,0.0280268237054512,1.24397733630611e-76,3.03221332773071e-05,0.0782004252806011,3.53271708334012e-05,0.000216465018956326,0.000206996234321643,0.00285252677273361,839,"REC8"
-9.85391059013181,-0.0353095975100783,-0.000555603687266855,-0.126446899393805,-0.00741878699059789,-4.15260805060232,-0.117954230649577,-0.0124780702786055,0.013262662176709,0.00384745539851626,-0.00515751043347089,-0.0155524995608521,0.012327922140253,0.0203921732789518,0.0463086083841633,0.0017520690190214,0.0602128072308539,0.00384326064434602,0.535900317870738,0.0977251238428083,0.00036341629834282,0.000775131229455602,0.000417558728484601,0.000915359757057197,0.000602484868834886,0.000746801793837747,0,0.445770872585057,0.751157937032377,0.0357288349765279,0.0535651350846881,9.27327370192339e-15,0.227432119652476,2.32055180474216e-258,1.24538426333404e-65,3.13707725950031e-20,1.75660597852829e-08,6.1868833509031e-147,3.23373928287644e-61,840,"RECK"
-11.3322660075615,-0.0015239714773529,-0.000456372037133476,0.0317098190782667,0.00308785523635863,-4.86316978994766,-0.534019933114051,-0.00737428291234044,-0.0196724271687448,0.00172930423251275,-0.0113069156440694,0.00228317442737069,-0.00311638600997185,0.0285378865330176,0.0637404540175295,0.00243835858121216,0.0841054974614495,0.00543143857053003,1.07880575280055,0.169977874492836,0.00065631912174792,0.0014139453121032,0.000721037757299372,0.00164143499368668,0.00106197124893614,0.00131734740335163,0,0.980925183332492,0.851532341939457,0.706155521933206,0.569685206163988,6.54663179404416e-06,0.00167968544368669,2.71959827135508e-29,5.27092475089523e-44,0.0164689127829156,5.6410129490013e-12,0.031559964040801,0.0179983352934469,841,"RECQL"
-12.1924849176565,-0.00913061375309016,0.0019141828785918,0.238641375352051,-0.00961255663766464,0.144230625807978,-3.43077556303776,0.0208768105133715,0.0172054014945198,0.00224252727922856,-0.00589808710606298,0.000499075094121917,0.0105841041718573,0.0374587337083108,0.085719132948669,0.00331495089434073,0.118811596984776,0.00711439196065043,1.29810677065353,0.234989555076201,0.000889039165111711,0.00185139172244537,0.000957705390231743,0.00219635431557302,0.00141804183869558,0.00178434161473617,0,0.915171530676826,0.563642741502287,0.0445827858961357,0.176649821131416,0.911530351410143,2.82109333849119e-48,6.16565035529569e-122,1.49681510723337e-20,0.0192031969276957,0.00724433230909502,0.724878262621168,2.99890824950562e-09,842,"RECQL4"
-11.2763555025076,-0.0632642494041829,0.00362254897348546,0.0351118984324964,0.0034247983458241,1.13298999903892,-2.26178639870065,0.00730897122436974,0.021763948895982,0.00406615080564838,0.00387244734622782,0.00429493186951802,-0.000649512334105242,0.015746442074339,0.0361791001705745,0.00135456092029956,0.0461629816221154,0.00300558734478248,0.775875797860085,0.149068522610526,0.000559229738016437,0.00116422094470521,0.00062961437059226,0.00135017140449231,0.000847403739761819,0.00111765053243097,0,0.0803531351044292,0.00748777288333328,0.446891689025022,0.254504159644646,0.14421522938735,5.35457213782599e-52,4.90513317776398e-39,5.5397136216749e-78,1.05983144034486e-10,0.00412924941363621,4.01296129797292e-07,0.561145556891071,843,"RECQL5"
-14.0134415294276,0.38067802352791,0.00306195075005929,0.262898027266422,0.00263646568003572,9.35531494439027,-1.27211665685265,-0.0403146661304622,0.0299860878155741,0.00739883871638013,-0.0419317176994851,0.000626139992057332,-0.014767983896973,0.100506993963759,0.220623731181144,0.00875526966551867,0.332054513276547,0.0195839462121263,2.66337845852502,0.553578865449854,0.00211851819934524,0.00451500358108159,0.00245807744690539,0.0049404639459542,0.00321293502780043,0.00408737220935058,0,0.0844441164494222,0.726543883925511,0.428517234548052,0.892909306191417,0.000443787763080311,0.0215625680467499,9.68922197712489e-81,3.10650741806207e-11,0.00261238731523868,2.11302606889244e-17,0.845486108592949,0.000302586691039159,844,"REELD1"
-8.91498600288907,-0.0345178094065229,0.0030539151735872,0.0814599958514646,0.00577213408427798,1.25862253292829,0.983628279818883,-0.00160335538696406,0.00220088583060742,-0.0101399143985262,0.00631227193792001,-0.000199831811721978,-0.00265162715761456,0.0253530054790824,0.0572919726440002,0.00219632487868793,0.0729188276350639,0.00474755058293763,0.305781199468263,0.0593030908501484,0.000222238402148383,0.000484474811470409,0.000249124233756977,0.000552129390821124,0.000346617666246575,0.000454945049620194,0,0.546848379984643,0.164387402391634,0.263937654944331,0.22405613598014,3.85356091340057e-05,8.73192360121861e-62,5.41030992783012e-13,5.55044881655227e-06,0,2.87388356932127e-30,0.564264155492917,5.59425764523575e-09,845,"REEP1"
-10.1427159082257,-0.0543268380185557,0.0036989863259761,0.158301676360387,0.00589920993538754,-0.289059484319522,-3.33930426886371,-1.74426755214438e-05,0.00497928949366183,-0.000927849020429745,0.00527521342556749,0.0137666344578259,-0.00823889753495118,0.0310538614574792,0.0700140842848513,0.0026713072536544,0.091296412749812,0.00597579895778238,0.456124105366091,0.0844369199938466,0.000325512036224928,0.000718487645018748,0.000364390434539868,0.000794031284144234,0.000475992074814833,0.000648937671953721,0,0.437783490239554,0.166141107556955,0.0829303342615389,0.323552705109884,0.52625710734829,0,0.957265530874833,4.20136852848085e-12,0.0108870160103382,3.06146156348907e-11,6.31884236492312e-184,6.22485260901046e-37,846,"REEP2"
-11.0769559937456,0.0431718122166449,0.0030538069249391,-0.202639258157915,-0.00558347228209808,-3.49824216313245,3.02197479933441,-0.0168540350210218,-0.0191059430879268,-0.00606384121492747,-0.00308196501699318,-0.0132612438080674,0.00624283316287489,0.0224871530240927,0.0510137267064628,0.00192429818115901,0.0671191268222095,0.00430422866195321,1.02929065986113,0.185213447419366,0.00070228609831924,0.00148242622665114,0.000782881917864738,0.00171316830423232,0.00114676883703748,0.00139724004455164,0,0.397397485261426,0.112519034398013,0.00253528050563192,0.194560234003448,0.000677088636711618,7.57362508594809e-60,2.86105860238223e-127,5.23908335961416e-38,9.51783933432348e-15,0.0720209671604562,6.27119827228172e-31,7.89636437140847e-06,847,"REEP3"
-15.3054083635028,-0.0183361418238574,0.00274221176168185,-0.0200148497880153,0.00719382513465978,-6.96211157715068,-0.172475310380054,-0.00746059986912659,-0.0341762198139822,-0.00468573849927887,-0.0109090171464316,0.0184924724777594,-0.00942665891575107,0.0389610320517029,0.0928563617247387,0.00335182897202161,0.117399202412994,0.00780740656519972,6.49691376432757,0.968169203998921,0.00392012643465104,0.00687552908953172,0.00431760534412655,0.00827905891566375,0.00525110202534815,0.00676945717432097,0,0.843461474167299,0.413286379871699,0.86462841670163,0.356836232565796,0.283898433964994,0.858608447294825,0.0570206010604513,6.67102356747711e-07,0.277805068266779,0.187616180795985,0.000428891823788199,0.163762557377077,848,"REEP4"
-9.96098547273706,-0.0360126051955001,-0.000267945081813523,-0.0359580428861602,-0.00522143856422163,-3.21709096497498,-0.568877659273752,-0.0117483581405288,-0.0363701859805164,-0.00738506566407656,0.00806841462140914,0.00357653762933668,0.00978236868525486,0.0168809102350058,0.0380495441450191,0.00145626276875018,0.0505315459936355,0.0032246576766884,0.484068657769954,0.0849279316331836,0.00032701222467048,0.0007178332906366,0.000361168095669984,0.00080461213858586,0.000518389974609102,0.000659931683760964,0,0.343910884350432,0.854017370014134,0.476715022915067,0.105399378600278,3.01289209732815e-11,2.10774922919431e-11,1.1845621995323e-282,0,6.29438256438302e-93,1.15160083520085e-23,5.22525391133019e-12,1.03560972283387e-49,849,"REEP5"
-13.7955949456572,0.154680218459248,-0.003144866328747,-0.0969547378064586,-0.000515641911045023,-1.00844405806154,-3.52352299513106,0.00575826387615874,0.014951040595182,0.00306526237719431,0.0409168595844774,-0.00257196884791503,0.00440374989198482,0.0476058125502193,0.109571263147538,0.00400947704633989,0.137188002406636,0.00901742601690467,2.13179605648262,0.486979756105628,0.00176381729713424,0.00373761341588072,0.00209073848162515,0.00421491821295954,0.00273179196848236,0.00363075245052261,0,0.158042436651875,0.432829939193906,0.479734912987781,0.954399557919544,0.636178199119641,4.63950718923646e-13,0.00109595523316629,6.33004651251062e-05,0.142617047439902,2.79770895619792e-22,0.3464511812622,0.22516697672384,850,"REEP6"
-10.7865609293446,-0.0192730367277733,0.00125490220523089,0.0265125102892528,-0.00459517780056559,-0.718528253661838,-0.685849813212026,-0.00522581937946728,-0.0168451545052777,7.05934684777196e-05,-0.0133923106698351,0.00156370859944857,-0.00503885667064183,0.020857007930866,0.0472209676581683,0.00177270720441818,0.0617864927120083,0.00399109820336951,0.740643764609903,0.123394280751846,0.000470966131916234,0.00101449363663645,0.000517038319412822,0.00116959459485907,0.000761856444918098,0.000944372518380346,0,0.68316668201869,0.479006387468314,0.667851320698683,0.249585504846483,0.331976637848688,2.72574472750823e-08,1.31249461044734e-28,6.46620489786165e-62,0.891398905652784,2.3409821241809e-30,0.0401213185366838,9.51943068647315e-08,854,"REL"
-13.1435411221843,-0.0431705953775639,0.00605466716266375,-0.0330521406601743,0.00897107505268869,6.42004461333961,-1.51697223937133,0.00332988232630631,0.0324377112106804,0.00267704487460283,-0.000316417386218003,0.017147758190167,-0.0146326626546725,0.0446410424541074,0.100831403540195,0.00378791833386387,0.130049839795407,0.00874271339125087,2.14265337263716,0.451806091180774,0.00169334881657436,0.00353884119190791,0.00194085269594882,0.00403924909667125,0.00249009927303729,0.00338261787216084,0,0.668544587912056,0.109950549944086,0.799379831923853,0.304834916982083,0.00273272285380786,0.000786297846915568,0.0492468880148799,4.9000651242028e-20,0.167798028699862,0.937561023998873,5.72318724367807e-12,1.51951903918064e-05,855,"REL-DT"
-12.4593010377331,-0.08820219449877,0.00159175978316887,-0.0908815405433125,-0.00787460036504192,-6.4797027346434,-1.85592306851178,-0.0115201647073809,-0.00413275862133012,-0.00224469390168941,-0.00559987915129155,-0.00153906256387293,0.000323403032412411,0.025833475686103,0.0590810764591387,0.00223689184927028,0.0785334897486813,0.00491064381513273,1.57174229518178,0.24811532577518,0.000951980471841367,0.00199446217459187,0.00106143963093488,0.00231522090101961,0.00151431139263134,0.00187409349233624,0,0.135463119428319,0.476715956444093,0.247177206718142,0.108807104313078,3.74580617798046e-05,7.42760545485138e-14,1.04000469921138e-33,0.038254547974471,0.0344501001535206,0.0155750750894135,0.309465204780531,0.862993327762753,856,"RELA"
-13.2773566859332,-0.00308141856749358,0.00523099546068339,0.174102127316922,0.000879518274422832,-4.8799605218715,-3.79130416243684,0.00311682790811903,0.0104177677145549,0.00383678641379611,-0.0102218750257535,0.00474501246477664,-0.00718551046428512,0.0259600019303843,0.060540806432099,0.00227012217546773,0.0791478417262619,0.00511228286229991,2.38411378643239,0.389788089966043,0.00152665031607768,0.00303399556012496,0.00170389390337003,0.00356191215135868,0.00233233387416219,0.00292850774709277,0,0.959406633348235,0.0212069720772432,0.0278276307845933,0.863405908449384,0.0406712814324448,2.32276171620423e-22,0.041190014317446,0.000595448267770777,0.0243364676055577,0.00410768137884662,0.0419064257517096,0.0141417577138878,857,"RELA-DT"
-13.2351316789141,0.0698247269094797,0.00182969651423901,0.00321243833627508,0.0138796924212644,0.374307936966373,-0.476995586119868,0.0249102845164856,0.0124996635652153,0.00315691872572743,0.0212550420752529,-0.0402845205750893,-0.0415230164032626,0.033418132036653,0.0764392501962185,0.00287097765462318,0.0979723835140878,0.00643929059405505,2.23197483623301,0.402121518447785,0.00153185780371157,0.00311786331700858,0.00169235967075447,0.00366237345735024,0.00297569601349169,0.00302775244989826,0,0.360997020671422,0.52392435734026,0.973842672349317,0.0311251378184783,0.866817266943775,0.235544267905301,1.85190823380856e-59,6.09640356237803e-05,0.0621261025832831,6.48963396996447e-09,9.34876288902636e-42,8.35529147880864e-43,858,"RELB"
-8.31399031656985,0.0439244945666458,-0.00385655367534568,-0.0528634388621954,-0.00402075400066033,-5.49839474845653,0.34409308041446,-0.0126822617459955,-0.0127428843314725,-0.00211480206830173,-0.00870762177617899,-0.0195061692953065,-0.0024445031344933,0.0277598589358596,0.0623007999320148,0.00237709579919455,0.0838622782871805,0.00518311856772649,0.26109448245011,0.0440491386722138,0.000165128669917972,0.000360792850924912,0.000187194665515569,0.000421606494567194,0.000286987444806461,0.000341467234658445,0,0.480785957265932,0.10472191944248,0.528458972857528,0.437902334327779,1.89032441010469e-98,5.64784382747363e-15,0,2.98846212581238e-273,1.35250553370464e-29,9.09221636148e-95,0,8.13732916942092e-13,859,"RELCH"
-14.3799135730869,0.209336174552807,-0.00496706876619689,-0.0537863475041624,-0.0244616393684266,-3.42761550292365,4.56583185714414,-0.0238800997473474,-0.0322242940018285,-0.00876149042382253,-0.00351246731990829,-0.00384963267207418,-0.0490211666710227,0.0706855411686034,0.165756058180714,0.00598701574775522,0.204535410628515,0.0133339056488019,4.28109166394624,0.68314134741637,0.0025428358283995,0.00524085868239788,0.00283384914706062,0.0060951333924219,0.00393042544059267,0.00484055309631667,0,0.206618942956931,0.406742257621261,0.792574943475766,0.0665732519150458,0.423339779441034,2.33169787243287e-11,5.93604126277945e-21,7.81369078054589e-10,0.00198995175854602,0.564429947413355,0.327360512780294,4.18533710035475e-24,860,"RELL1"
-11.0808135638781,0.00113947211723911,-0.00578623076373912,-0.009692182151908,0.00592352531305081,-11.9459784178189,-6.28807923935643,-0.013539073648118,-0.00841214152302594,-0.000415759252706419,-0.0248151670409118,-0.0155211173915808,-0.0259254024449107,0.0368114299943006,0.0834332933648395,0.00325530588974773,0.111302319074781,0.00700893822033747,0.912056156276881,0.125468026802858,0.000505904731642968,0.0011285727835095,0.000558847693756929,0.0012745779475505,0.000918658770093268,0.00101783135454906,0,0.989103403320808,0.0754898212198591,0.930608092594582,0.398033373075389,3.38699152732571e-39,0,8.92845785793452e-158,9.06981531601554e-14,0.456901841204861,1.99904164840702e-84,4.86314288377871e-64,4.10976624452962e-143,861,"RELL2"
-8.99879936526042,0.0593428506502555,-0.00761202524401283,-0.0960592260160929,-0.00433815330155728,1.36576666486257,2.12983643575385,-0.0246078096784067,0.00701561745640185,-0.159881972785679,0.00285042453476969,-0.0410990869029071,-0.0832526218014485,0.0543745943909465,0.122473790185467,0.00460087450933842,0.158953195534739,0.00993523551504478,0.495496378945416,0.0981591582001984,0.000369041408470868,0.000801172054447117,0.000443541751139877,0.000917810117359501,0.000574722573699048,0.00078360219305003,0,0.628006157525541,0.0980313304680375,0.545628273625561,0.66237010786548,0.00584485320179792,2.15280255927996e-104,0,2.010629039839e-18,0,0.00189842030908317,0,0,862,"RELN"
-12.7398015484712,-0.0352412578906586,0.00401424442918307,0.146387577320356,-0.0120370824222833,5.58224500226475,-2.05343786316573,-0.00531567082412337,-0.0172437684338569,-0.00110713701814708,-0.0111313185910833,0.00357889789386745,-0.0226934452791257,0.0195970562353414,0.0459261334041011,0.00170616776048038,0.059183385557305,0.00379687200589754,1.50474065631892,0.28610214539451,0.00110759478550133,0.00223105585841037,0.00123633537070226,0.00244731998554297,0.00170159276766731,0.00203671188001507,0,0.442875526190354,0.0186334480366607,0.0133812792069387,0.00152301075807685,0.000207445845713701,7.11071276606427e-13,1.59227482371019e-06,1.08418448979535e-14,0.370520430362602,5.40628355768587e-06,0.0354427455917992,7.8166776582923e-29,863,"RELT"
-13.1439174154449,0.0469582163699259,-0.0103340231305799,-0.153820231579734,0.0195887437683799,-7.56941924901273,-6.80459002345796,-0.0326907195085572,-0.0213430819663309,0.0153352533533703,-0.0284623183095035,0.0333660144543147,-0.0699950764651754,0.0517944202633879,0.118328175276552,0.00450699739890461,0.166665771351775,0.00978869483841709,2.09841321939355,0.323235026030281,0.00129911301464132,0.00287950187033371,0.00145916752016884,0.00313366345167735,0.00191158058913427,0.0025893443864765,0,0.691480071390061,0.0218546726299157,0.356045589142635,0.0453751588139595,0.000309505964852497,2.21442331817668e-98,9.96220004366133e-140,1.24339007350323e-13,7.80314918371515e-26,1.05854216376822e-19,3.17187767248089e-68,6.22365957786834e-161,865,"REM2"
-13.9834093136104,-0.0335381946947865,0.00632503737558121,0.150261971530035,-0.0182113206909658,14.7812958174067,-1.3484794383314,-0.00361681164620399,-0.0342713655490395,-0.00638968745857559,-0.0529825811080746,0.00997812556750511,-0.00566203366683766,0.0493879941804337,0.116068483388848,0.00425162571241829,0.147381069134,0.00918915311527823,2.54949392542883,0.531181565542869,0.00211309133356078,0.00437349047982526,0.00219114435179,0.00458682643980793,0.00325518496781048,0.00377929898295785,0,0.772618279401479,0.136836617876085,0.307943208221292,0.0474984975447828,6.72156654597216e-09,0.0111283867816402,0.0869665230952229,4.64538621619573e-15,0.00354389485974118,7.2938895707999e-31,0.00217450175745202,0.134088997877555,866,"REN"
-11.9174147076463,-0.0398670051911593,0.00800238810784724,-0.0943815300213897,0.00163146209552219,3.05811251478618,-5.85306399738697,-0.00374307805650822,-0.00714091022458896,-0.0209603968965081,-0.0324212661977053,0.0182341315761498,-0.0401567053379453,0.0423405684429962,0.0970656359314502,0.00360961639860303,0.124085657992359,0.00800663680523936,1.17635583615609,0.212476193709835,0.000837828472098007,0.00186138640894067,0.000932881623526176,0.00204907956051032,0.00130365415593189,0.00170839927164818,0,0.681276294506486,0.0266255801134713,0.446886493100763,0.838538145692277,0.00933191005764342,4.81823035916676e-167,7.91039898386937e-06,0.000124881739452158,8.45034519954344e-112,2.18173532185324e-56,1.87300689791263e-44,3.58696000359467e-122,867,"RENBP"
-14.5656824476194,0.159951325981,-0.00997469735795756,0.257909319677771,-0.00665303441529822,-20.8003732376847,-3.48774049173197,-0.0341968172964971,0.0459703767263658,-0.000441018930233186,0.0291137349076901,0.000946463120611985,0.0149285905779158,0.0454601746916984,0.103811199536418,0.00400556018011285,0.14770077908043,0.00895995261028589,4.1480784960409,0.644330182208667,0.00242430680003299,0.0048143715825918,0.00295034398220719,0.00581956741430409,0.00328156044023455,0.00481968373379933,0,0.123367744910084,0.0127666619093334,0.0807830035665057,0.457766228028906,5.3182645134579e-07,6.19875858803145e-08,3.49737545624329e-45,1.31495443631544e-21,0.881174485447346,5.65235565520456e-07,0.773026319365144,0.00195212287618231,868,"RENO1"
-15.6172953085251,-0.0391842279659312,0.00321352659622165,0.00814131244679742,-0.0104987671843276,-1.10933686221653,-0.837327584613764,0.0241124133210176,0.0129794374382276,-0.00681601308298066,0.0162280854282802,0.0138377456945708,0.000165435796077319,0.05260384439013,0.128812388110903,0.00461759555579309,0.1626902134645,0.0105605066791344,6.59240075890878,1.21547426847873,0.00467859026645514,0.00818134561456658,0.00515762433532399,0.010330389228242,0.00599241647737433,0.00872014457672571,0,0.760978484828819,0.486472218153273,0.960089071968278,0.320148026855807,0.866366865986632,0.490892743572772,2.55290807131916e-07,0.112633340100668,0.186320972590822,0.116204147230334,0.0209319527630963,0.984863697098389,869,"REP15"
-11.1131759544975,-0.0148597698188575,-0.00269875209274005,0.0450675854671254,0.00443514869565177,0.069546440410053,-1.96365295283679,-0.0124472451989363,0.00249115178084439,0.000450924485475694,-0.0123133408411141,0.00975997384116131,0.00567383834456368,0.0233395143009646,0.0527081030404903,0.0019840085389534,0.066770759255811,0.0044430798769149,0.761696091712452,0.134417334993155,0.000513460710165403,0.00111321384686661,0.000561939775100219,0.00124993268705836,0.000762068187712948,0.00101839421754875,0,0.778000468603393,0.17375011100902,0.499701237658669,0.318175145276175,0.927250475951926,2.47448117590108e-48,8.05656083251805e-130,0.0252339929226428,0.422296905835991,6.77282850652451e-23,1.49394168189247e-37,2.52761940908053e-08,870,"REPIN1"
-13.5337473070955,-0.0181947880816521,0.00404355127294787,0.231537100717284,0.00324655116989572,2.64805317878959,-1.88567280869176,-0.0142678795112292,-0.0035947392434115,-0.00135708318698689,-0.0142861063007446,0.0129959059885848,-0.00623089313822906,0.0345074647417162,0.0795173579672833,0.00300185004532256,0.108287716004459,0.00668676418205807,2.31509231225699,0.427509186669689,0.00162843193660147,0.00337236574391637,0.00181336911522974,0.0037023018146438,0.00229138756780289,0.0030334367786918,0,0.819012474922369,0.177973874587794,0.0325032816903813,0.627308226568471,0.252697525028306,1.02972401290303e-05,1.92277882966784e-18,0.28645080548961,0.454232974943236,0.000113987442830461,1.41443939031282e-08,0.0399688643801322,871,"REPIN1-AS1"
-9.19008938717111,-0.022855524400066,0.00170031451917339,0.0100387699223497,-0.00464216765044999,-0.199759191173611,1.35447917078207,-0.0124220282719517,-0.0099960182776088,-0.00394764296548119,-0.0126073926028513,0.00594224259258896,0.00427782016117943,0.0150767472881507,0.033875667094982,0.00129494165218409,0.044661347855278,0.0028548494541521,0.366536960478045,0.0651586757723864,0.000245910655556175,0.000530356415310101,0.000272930780334884,0.000611630200309324,0.000380182643215422,0.000495638212113692,0,0.499873666493366,0.189168342677116,0.822154046271729,0.103936061612834,0.585759995480085,5.62837995108245e-96,0,3.06683481794649e-79,2.04859771384942e-47,2.10815799050672e-94,4.55030670768879e-55,6.08535669639438e-18,872,"REPS1"
-8.44260320836004,-0.00498411056838998,-0.00140162620006141,-0.0171422707611934,-0.0102699213486156,-4.23727584103267,1.44394090977173,-0.00281863766517706,-0.0118957224248064,0.0015207890199013,0.00470379445353208,0.00430035130983131,0.00662806879300214,0.0292787275389642,0.0656763676765838,0.00250494443923926,0.0877148045544657,0.00543168435561439,0.306627889651549,0.0567514421494749,0.000211589501833987,0.000456913556315566,0.0002414596359928,0.000536548491233448,0.000334997134939723,0.000439660432174494,0,0.939507448304727,0.57579062862074,0.845054846813083,0.0586586059084223,1.95903292830434e-43,8.38547852079824e-143,1.74155597408465e-40,1.99196084173856e-149,3.00897173414484e-10,1.83873256941124e-18,1.01768295545618e-37,2.34991352121478e-51,873,"REPS2"
-11.1586436016229,-0.0845026657751519,0.00222892388874301,0.112840115831016,-0.0121917793243529,-0.726805520256989,-2.89830021356262,-0.00413440782232767,-0.010963825307873,-0.00188929106881626,-0.00692639150911192,0.00423201992844242,-0.00465206523612555,0.0202430363875161,0.0461136025030345,0.00175039968826949,0.0600574471838919,0.00381572299963879,0.770093275639107,0.132950927771061,0.000511396334235577,0.00110816188862244,0.000562340023906532,0.00124214941304093,0.000813022031225386,0.00101490424511948,0,0.066878610611058,0.20288324433088,0.0602622914381248,0.00139761738594165,0.345277510905665,2.33163918917053e-105,6.23955586225368e-16,4.43316606357741e-23,0.000780285120340729,2.45922596397277e-08,1.9368813166954e-07,4.56714762866814e-06,874,"RER1"
-7.92188168740145,0.0258527741539321,0.0010359942792541,-0.0739860198171888,-0.000976269330920407,0.502217063671944,1.6208574265644,-0.00734475546658572,0.000259816440693645,0.00345933681021203,-0.00179107212538825,-0.00297220068086364,-0.000806657478175739,0.0100087961136636,0.0227414557670814,0.00085915304613763,0.029612414847343,0.00187261688461389,0.220956713640276,0.0435472244650248,0.000162212677230491,0.000348613058300315,0.000186061146039218,0.000403573042237439,0.000257202363734556,0.00033384823098679,0,0.255616622096686,0.227882254806012,0.0124727256781344,0.602130221830928,0.0230309658368174,3.15912289053942e-303,0,0.456098827228074,3.69731925469798e-77,9.07829831098859e-06,6.89344543395158e-31,0.0156817175641282,875,"RERE"
-14.1542740383067,-0.133994093904275,0.00744107214234054,-0.120484314871401,-0.00730773393069103,9.79951911510336,-1.52105591985217,-0.00212453702118887,-0.00688429316949837,0.0023669304941834,-0.0285563219403103,0.00672176871524403,-0.00715639969992287,0.0255904552862178,0.0622981330083309,0.00222953984841132,0.0778286254548478,0.00517128628604816,2.92978514708553,0.592701441906558,0.00230788696668506,0.00418217624727119,0.00260150338103273,0.00483305857391832,0.00347590993200554,0.004146710756637,0,0.031487845278422,0.000845380552631386,0.121604965634622,0.157615562960335,0.000823445836895984,0.0102786778737906,0.357282775025266,0.0997425400271269,0.362911223193734,3.45152129587237e-09,0.0531358088498881,0.0843831274604649,876,"RERE-AS1"
-8.00897969857305,0.0580425511759082,-0.00165070675629851,-0.0263259124555194,0.0082148588622695,-5.66640141153613,0.234990350384665,0.0128037253364256,0.0118354867226111,-0.00831337081679174,0.0173975415362724,-0.0129200883129968,0.0155993682167938,0.0249323875359775,0.0566189480871865,0.00214652365862203,0.070479618463285,0.00467066771736394,0.294623627495152,0.0595049216429486,0.000219957834658308,0.000479580796999374,0.000257463612069361,0.00055960842463413,0.00035947903626119,0.000465264184494193,0,0.305295444769941,0.441884996354849,0.708757605294571,0.0786082660657808,1.97177677701825e-82,7.84485275044728e-05,0,1.80584119695392e-134,9.82226528507064e-229,3.41555825379101e-212,6.95992008501875e-283,1.88543049151349e-246,877,"RERG"
-16.0409241600237,-0.0518015175985515,-0.0070852877495448,-0.0540223882354528,-0.0439495522696449,9.42250096720358,3.22707900033727,-0.0290377906574865,-0.0734339812375247,-0.0250567672471921,-0.0441595076568916,0.00761702036362179,-0.0149158114522151,0.0561599734020003,0.13118361632271,0.00482383829959375,0.168825298436814,0.0109025973367887,8.44688231218004,1.31282627212128,0.00529833613452144,0.00952110184544423,0.00559616044308536,0.0106696376453653,0.00764226577603405,0.00858536402681584,0,0.692932963101282,0.141885128674297,0.748975996541211,5.55144186598386e-05,0.264636028411649,0.0139668130909032,4.24008128661604e-08,1.23124711394948e-14,7.5524827278642e-06,3.49125508836602e-05,0.318911797462681,0.0823248098228525,878,"RERG-AS1"
-14.778571510224,0.257407027377989,-0.00142778267142008,0.0533749991980159,0.0121236592251738,-4.0902962646029,4.63630085541327,-0.00918663840742018,-0.0195970892475368,-0.0129048740452348,-0.00427128646966494,-0.00988530867271042,0.0106021332247618,0.0271118716317631,0.0629975077773594,0.00234232908145765,0.0837710151207445,0.00523824232489722,4.86128555054185,0.767607346842756,0.003000934164789,0.00499638544375692,0.0032408086230649,0.00628300556285019,0.00458474798248804,0.00521141826598033,0,4.38897470291636e-05,0.542155421234362,0.52402483414682,0.0206429538769871,0.400122664073769,1.54173366860176e-09,0.00220407933158145,8.77246997597277e-05,6.83400775571484e-05,0.49662109937024,0.0310735835667702,0.0419108197724495,879,"RERG-IT1"
-13.8044833886025,0.209391879849178,-0.000127668261389255,-0.152530215525572,0.00477232459372102,0.277726112187171,-0.270558035461628,0.00190721817794112,0.0228245982119434,-0.0156921245443674,2.24679921189572e-05,-0.00621710538031367,0.0107311910835163,0.0383998965186425,0.0909114066541245,0.00333918552023612,0.111193461082875,0.00735225961831999,2.75651521573832,0.546374670591451,0.00204702175072972,0.00401106988071114,0.0023185606983425,0.00474673758003183,0.00306240803188072,0.00395424822179899,0,0.0212646682131604,0.969501627844456,0.170139638157211,0.516276126324834,0.919746844279951,0.62046760763473,0.35148956298522,1.26740979169042e-08,1.30533615463986e-11,0.996223343553106,0.042342697577278,0.00665085801215601,880,"RERGL"
-10.0631594496738,-0.0658775591495076,0.0026089991907702,-0.035209477563703,0.00128335812841398,-4.1486889316517,-2.55295074128872,0.00623858773722954,0.0367776222292274,0.00344845798367733,0.0237534182662295,-0.00157895053429295,0.0127890434974181,0.0176039325984961,0.0402937598116421,0.00151804858553276,0.0507180425861458,0.0033202501107896,0.460463349163821,0.0927004648168664,0.000336359216933444,0.000719421566013717,0.000395227930907308,0.000851631754920916,0.00053227933136467,0.000706584654558292,0,0.102063293821644,0.0856775226674159,0.487544276184613,0.69910823587249,2.06407071600372e-19,5.86576444464857e-167,8.55989767529319e-77,0,2.65620074468479e-18,3.36850337468688e-171,0.00301313619621829,3.19805895530162e-73,881,"RESF1"
-12.6493803602186,-0.215098202375105,0.0242730748630461,1.11677696449985,-0.072114336506642,-3.99414075624781,-5.26869360306279,-0.0255074755903734,-0.0296972142791374,0.0192226102838891,-0.0463116932413083,0.00397351799768906,-0.0104865996029562,0.173584277884589,0.380137894697427,0.0159455013440159,0.615550807303193,0.0344162825727541,1.76733187967548,0.269806185755822,0.00107158348672489,0.00236760541285246,0.00122046664580284,0.00269172557455357,0.00182648223044569,0.00215190179460365,0,0.57150080647446,0.127945894415391,0.0696357675483806,0.0361394292426022,0.0238222795049626,6.3854101422252e-85,3.06976903066415e-125,4.33454300410685e-36,6.84497932242896e-56,2.42711768477439e-66,0.0295924260937871,1.09817420927786e-06,882,"RESP18"
-15.2898134177142,0.453835609106953,0.00245443936639483,-0.201452629858632,-0.0124598614890131,12.4673611032509,12.2925278821357,-0.0413800540768175,-0.0814143109057774,-0.0169540639284371,-0.00589169013040481,0.0208595435695999,-0.0338072186787085,0.141694423435323,0.323521798931675,0.0110890913498128,0.392345860459967,0.0256148126316636,4.3771692999168,1.02734498735538,0.00365666190539022,0.0076320476488127,0.00387815034510532,0.00769817521679086,0.00405541824453033,0.00582179136516066,0,0.160677197345779,0.824829118908122,0.607631858094924,0.626660991295199,0.00439575791450176,5.39786913386537e-33,1.08916806589963e-29,1.44574461625084e-26,1.23289536044106e-05,0.444071530795207,2.69489712997652e-07,6.35971653074443e-09,883,"REST"
-15.219114477544,-0.0592273263863962,-0.000269056472178902,-0.382139938205698,0.00127613361576923,-3.04114807705707,-3.09399253095809,-0.0493964204478357,0.036311065019692,-0.0158491597459574,0.00736808155714768,-0.0279293945175511,-0.0447168123876026,0.0667695591965015,0.153174670499882,0.00562366024789209,0.183375508436003,0.012557033666006,4.3976477302852,0.873362203440432,0.00341815459366907,0.00698452593658204,0.00409122479090661,0.00758707339151094,0.00552827701349662,0.00645059070725341,0,0.699004025419188,0.961840843091903,0.0371674206440577,0.919052750318721,0.489226428905987,0.000396169479272943,2.46371918293367e-47,2.00592856041771e-07,0.000107089748230741,0.331480463597284,4.36984506367966e-07,4.14333101980139e-12,884,"RET"
-16.4643907822969,-0.234622755948411,-0.000789550214066393,-0.409200436451061,0.00272492613107319,4.1153927748481,0.0068730596329318,-0.00921031887082545,-0.012810342316575,-0.0114769550553396,-0.0298815864993677,0.00666663533564275,-0.00711580298367067,0.0493886677794157,0.129888262110539,0.0042800849034194,0.141187860032015,0.00948083871294655,9.9787283778804,1.62907989862027,0.00656229952880563,0.0101654866604724,0.00742152226799053,0.0128429156290593,0.00932483906046567,0.0111004134413324,0,0.0708647756048485,0.853644218794222,0.00375228280214574,0.773795314244391,0.680034131484265,0.996633748963127,0.160461821550089,0.207604459517407,0.121997814595386,0.0199813427635508,0.474650433224312,0.521497048989781,886,"RETNLB"
-10.026268864082,0.00246863863739699,0.00391918521868559,0.161877933826994,-0.00266175905300832,4.06153014957896,0.589465828435291,-0.00373008934243651,-0.0104783500136877,-0.000575666260962679,-0.0111182274191048,0.0163102575864777,-0.0197311651162493,0.015651030981337,0.0358206175737844,0.00133903615925188,0.046096697203034,0.00297566867082714,0.569287909286349,0.109831732129917,0.000413942052553692,0.000886136623817657,0.000467266787762926,0.00101280048155714,0.000639345044832503,0.000842183079316012,0,0.945055928063019,0.00342391591483939,0.000445244404170675,0.371050219366246,9.72071671435622e-13,8.00614113479057e-08,2.03927500483508e-19,2.90743739032937e-32,0.217954217792914,4.89180485579657e-28,1.4927609184074e-143,2.18525961453201e-121,887,"RETREG1"
-13.1803954732596,0.0963444743667236,0.00197205815498035,0.186850493622361,0.00172147410961032,3.15444089472121,-1.6118599334906,0.00545796554013051,0.0163527481668944,0.00229794246943553,-0.0113203105134244,0.00542867432460486,-0.02357655845112,0.0510819512794268,0.118230285129259,0.00441357464048947,0.145397172796386,0.009535342316632,2.34980361910657,0.457508598859725,0.00172031118411297,0.00360542268974957,0.00194648788566368,0.00414297185775589,0.0026873856498368,0.00344572997312614,0,0.415136259115005,0.655007527154657,0.198755931316477,0.85673166723597,0.179457437328167,0.000426490333523343,0.00151048378327312,5.74404811738736e-06,0.237778229287867,0.00628722576422787,0.043377393187396,7.79568992632387e-12,888,"RETREG1-AS1"
-11.5096848546896,0.0933771076711591,-0.00208173427416912,0.0366183149957008,-0.000760574155062124,0.407977864669902,-1.78118806654201,-0.0282729510934772,-0.0423964893541405,-0.00770049729784324,-0.0037753946250144,-0.00619369453830026,0.00443442353322171,0.0249446558524289,0.0559842275928272,0.00212598042091518,0.0740434508319542,0.00463200854279236,0.814234159888674,0.152579778556505,0.00060162994675696,0.00133327010699194,0.000663939175380277,0.00141645543617218,0.0010140148486292,0.00117665624443838,0,0.0953319819703159,0.327487153029805,0.620916598679591,0.869573981124378,0.616330887798129,1.73466637660202e-31,0,6.70906149561183e-222,4.20851733444067e-31,0.00769009462746778,1.00830131464581e-09,0.000164122796495293,889,"RETREG2"
-10.9478694576346,-0.117653140327014,0.00254788779929459,-0.0213241695371369,-0.00486215251964749,1.14303136607535,-0.114156664275316,0.00110359351889679,0.00536444974717169,0.00176642175004128,0.0112315962640496,0.000922149881841226,0.00544582521605361,0.0289603382888085,0.0656571377286116,0.00246118697849487,0.0845318712801528,0.0055344759001329,0.683955710048905,0.12925683939958,0.000478494864943901,0.00103524583942809,0.000531851160789007,0.00119077699384479,0.000747267868961575,0.000974025760414075,0,0.07314382462671,0.300562800922772,0.800838643807225,0.379661123218742,0.0946808570601585,0.37714066047991,0.0210891130744233,2.19740147494339e-07,0.000896085357543138,4.01738672749877e-21,0.217192267317903,2.25702588415349e-08,890,"RETREG3"
-12.0703563864194,-0.114032311154584,0.00283467874148153,-0.000812049285872456,0.000338277985344949,-0.608651638474915,-1.45544589689551,0.00152100258694219,-0.00173021120417563,-0.00200657566452494,0.000295234159636371,0.0071043372967226,0.00171746193943326,0.02747439716282,0.0617095983967819,0.00235477803410812,0.0807601899833632,0.00525374499924934,1.27440517204746,0.216566335052987,0.000832607396560511,0.00176865442978984,0.00091290256570216,0.00203465285886793,0.00127097460280862,0.00165332614849888,0,0.0646188169823014,0.228667391436643,0.991977350843871,0.948661307192477,0.632937317053834,1.8103407923519e-11,0.0677306778087335,0.327943701048542,0.0279478706408651,0.884629578472923,2.27492589025098e-08,0.298901493193831,891,"RETSAT"
-9.16474958864153,0.0192297541281351,-0.00118252497682016,-0.087866241902004,-0.00240728994992003,-1.56670582993539,0.558517633354347,-0.00408253787098501,-0.00919548465510046,-0.000451023023550982,-0.00374921423065319,0.00320730884827324,0.00175523389079233,0.0119722475729378,0.0270123089218547,0.00102439880918997,0.0356123933152674,0.00226338028907824,0.347370124316006,0.0609917977655456,0.000228542443008599,0.000489749390219495,0.00025389717897036,0.000572025905385138,0.00035887824464435,0.000464072617197157,0,0.476533776995358,0.248352620169387,0.0136138555253067,0.287518217238257,6.47690878480763e-06,5.32326480976097e-20,2.2748676354821e-71,1.18919903265395e-78,0.0756669625706358,5.59134108710559e-11,3.99737521570255e-19,0.000155423567513151,892,"REV1"
-8.68090269493584,-0.0116899216507639,0.00355867181191679,0.0256648902795237,0.00322226758893928,0.547505884643456,0.265661288029607,-0.00855486912331077,0.0117823866390736,-0.000258343060612038,-0.00178002779023354,0.00240870839005159,0.00682169339249934,0.0118158757042158,0.0265896642065807,0.00100751108343983,0.0348038829474982,0.00222644911413263,0.320388853803737,0.0642606125535253,0.000237865428193961,0.00051276001413418,0.000277526338603322,0.000594200685976209,0.000381533673299965,0.000494935393564431,0,0.660196729618732,0.000412208563811255,0.460870279482423,0.147821999540372,0.0874733070478468,3.56312338338639e-05,2.93280274370369e-283,7.67219582061994e-117,0.351916866766659,0.00273844694436273,2.73277570278425e-10,3.22593427372355e-43,893,"REV3L"
-15.1473947703215,0.0231929739502005,0.0039614371898861,0.0473073440730721,-0.00370850927237233,4.03547642583952,5.40502155437467,-0.0317614993151489,-0.0313385869762601,-0.0134400494488254,-0.024118204677784,0.0114711133118245,-0.00215298157383184,0.0724915428075991,0.163077288771636,0.00593417483091615,0.213645683810085,0.014239577467915,5.58674911655344,0.955557319308709,0.00355629044911188,0.00734282281980781,0.0038015871658708,0.00832082123928086,0.00483274166744536,0.00658353462950763,0,0.886905644032219,0.504412406278765,0.824758436097881,0.794526898568492,0.470091619628662,1.5457425432834e-08,4.2188617066707e-19,1.97303259718775e-05,0.000407191485552895,0.00374908581195821,0.0176144606348395,0.743648843180939,894,"REV3L-IT1"
-10.9628174017403,-0.116180911148281,0.00340505552746764,0.227206179715384,0.0025465630004649,-6.78701651733243,-5.68597175360465,-0.0117589087890695,0.00108030842218704,-0.00315274013046566,-0.0208159764125107,0.0077930445262575,0.00512958426074647,0.0266166242851058,0.0598741460172149,0.00227540808791341,0.0790448268616342,0.00507419716757291,0.762545260707423,0.120352991322327,0.000473413051794315,0.00104429466295581,0.000524994394207383,0.00117929464394237,0.00074488139971544,0.00095462172183324,0,0.0523288286909085,0.134534014056452,0.00404800323436881,0.615762342596059,5.56072127149254e-19,0,3.43561889307907e-136,0.300908922848189,1.90997967854298e-09,9.96007251357539e-70,1.28927109645151e-25,7.72567274800592e-08,895,"REX1BD"
-10.8089434967505,-0.0301840933509163,0.00507638106818332,0.0347856510755796,-0.00308479197248662,4.93577649812708,-2.64636257451185,0.0103761369453715,0.00815956078786146,0.000266151374624168,0.00117825852348964,-0.00744680766707901,-0.0109287885565782,0.0228233302479146,0.051729293272637,0.00194278318428738,0.0668543884668788,0.00427377461993273,0.5715748440719,0.117666316948431,0.000438885571635111,0.000952373463154145,0.000490887066675957,0.00106978479810972,0.000746570027832615,0.000893028512762085,0,0.559556097105465,0.00897663604109983,0.602840812069035,0.470420118151758,5.85227124316897e-18,5.1532598143457e-112,1.42626224766267e-123,1.05658404378488e-17,0.587691389791349,0.270723603030989,1.96706608565783e-23,1.95026811736544e-34,896,"REXO1"
-11.9557085683074,0.00834198119545701,-0.00404834267186587,-0.0596757911264504,-0.0106379443461635,-10.7345870301503,-2.91186494919788,-0.0272395198006747,-0.0145991380612968,-0.00258195351004769,-0.0242336595038962,0.0197989870212807,-0.00856670073325164,0.0260232016106201,0.0588551297214718,0.00225752264909444,0.080041635598143,0.00499115023124966,1.3471528932918,0.197387894286864,0.0007824154279192,0.00165753530509429,0.000861838784846875,0.00187758851739406,0.00109196395568565,0.00148678789549964,0,0.887287323081566,0.0729301137042828,0.455933636504934,0.0330593901690669,1.60805665459056e-15,2.98708853330716e-49,1.46001405681185e-265,1.27695534028586e-18,0.00273666667390072,4.12072521366185e-38,1.79659953067884e-73,8.31797148988055e-09,897,"REXO2"
-11.3817601454628,-0.00694228460205392,0.00418592812066292,0.0547520772061987,-0.00233038048770974,-2.09627536324962,-4.90264660509328,0.00390443011011123,0.00627030281721196,0.000141805320240743,-0.00697937151486942,0.00233344075363354,-0.000412484507409547,0.0213334669181657,0.0491511863271079,0.00182502135414678,0.061276732141993,0.0040140631200978,0.860520036479252,0.154231159920556,0.000594941608675865,0.00127355680908805,0.000675022388706888,0.00145949042905724,0.000957487370581358,0.00120902022588632,0,0.887677598292118,0.0218116223141146,0.37157796728832,0.561541067828452,0.0148483681719587,9.58874565258263e-222,5.28380330315176e-11,8.50283520746954e-07,0.833609146541532,1.73507447504615e-06,0.01480779607967,0.732973690595239,898,"REXO4"
-12.3041305082831,-0.0329684806005222,0.000118865124882589,-0.020215953109161,-0.0114580957720466,1.1984293000145,-0.626062403578544,-0.0173778828503979,-0.00183230854340247,0.00199484801253443,-0.0276117649217478,0.00680010122273655,0.00815681350164942,0.0243863406389237,0.0556328047354849,0.00210232737633515,0.0741541550815112,0.0047256210315279,1.57737859582996,0.273878043871572,0.00105143786505205,0.00215757442385137,0.00117217589267797,0.00250085237380538,0.00159838079326511,0.00204258786527421,0,0.55344309738418,0.954911807268279,0.785144845424094,0.0153220912812221,0.447398004390728,0.0222591302709352,2.31700522824945e-61,0.395745171019091,0.0887866149858231,2.42478805504302e-28,2.0963962521987e-05,6.51402078465908e-05,899,"REXO5"
-10.4786413625352,0.0426465573258754,-0.00253098528837596,-0.0864940315734103,-0.00598156502458264,-2.8086935925288,-0.700191443650961,-0.00975829956069198,-0.00271524131645044,0.000759118385095879,0.00287542129456129,0.00633843138107762,0.0116450803737637,0.0347824750796009,0.0792507291041336,0.00298642991812083,0.103187094609889,0.00640101443438093,0.604295080013309,0.11087994607006,0.00040753761402355,0.00087521422135869,0.000468802724405061,0.00103153112702552,0.000630858926816786,0.000846143776825119,0,0.590492855688314,0.396719111466262,0.401904189963952,0.350060773724834,3.35356976118502e-06,2.70404461275657e-10,1.05339954713163e-126,0.00191975643469488,0.105389091897624,0.00531119603992072,9.44151419259964e-24,4.28264005737615e-43,900,"RFC1"
-12.6378781422301,-0.0401497326590693,0.00114282846469553,0.0195072941961182,0.00476698938872342,2.31968307864658,-0.797857019510099,0.00122694022923586,0.00585017373276782,0.00276151360235679,0.0137202250936974,0.00335329701311565,0.0132382041700293,0.028317002609965,0.0654287019527009,0.00241437258257724,0.0815880071930619,0.0053975100541932,1.47110714999414,0.293591945870858,0.00109129751460288,0.00225879897578402,0.00124910843629594,0.00261223298724066,0.00165254012360358,0.00219052972922489,0,0.539452598541314,0.635967867416761,0.811031827387825,0.377137378430246,0.114835086175855,0.00657630024417471,0.260887941547811,0.00959902030675963,0.0270505400300613,1.50213479213086e-07,0.042440228202999,1.50918370968632e-09,901,"RFC2"
-10.1017302862979,0.144492073881676,-0.00979300056880662,0.104996225794748,0.00165310368324403,2.25867315881027,-1.88806455258107,-0.0168947296271278,0.0349738787463386,0.010568611141103,-0.0233081631657162,0.0177052128443869,-0.00301843134838583,0.0560581799208831,0.126493201380135,0.00485607330659274,0.154276204817264,0.0102595356595557,0.866327061342503,0.178700901104361,0.000659562285625296,0.00143536224634593,0.000785124244310764,0.00165946924390578,0.00110382031329702,0.00140588621937395,0,0.253332987748652,0.0437320440154276,0.496141690472842,0.871992186722967,0.00912905646800335,4.30662791119887e-26,1.03668891534801e-144,3.93414722381384e-131,2.65055794872549e-41,8.20256232735409e-45,6.72180426678522e-58,0.0317936420279469,902,"RFC3"
-12.2928622136963,-0.0497066877056268,-0.00139300423857775,0.0369472570284462,0.00188376498164713,-3.257192708325,-2.95950029941211,-0.010368654323026,-0.020110386406211,-0.00439428033731005,-0.0300549974057106,0.0141583348099533,-0.00140074454012129,0.0355502090780046,0.0800907905875959,0.00302801412693987,0.10777180595953,0.0068789688624829,1.6083536155133,0.244187729463294,0.000965084633278331,0.00206321713259375,0.00105476461306981,0.00235468822665981,0.00145994171043283,0.00187932525295895,0,0.534843586372329,0.645488310834675,0.731727411003164,0.784204437804866,0.0428497057364107,8.298681351965e-34,6.33963631988541e-27,1.89810639255008e-22,3.09822007313853e-05,2.60819835865558e-37,3.07837786871045e-22,0.456063550601281,903,"RFC4"
-11.9920612549193,-0.0217346383121403,0.00129164747098066,0.0848800640949787,-0.00727694780942268,0.964955072425791,-2.15449236247603,-0.00157008895857982,0.0033437415335176,0.00240063616963603,-0.0150461842309535,0.00538552721688523,0.00493082672444007,0.0120011232638729,0.0281751843437621,0.00103980840809695,0.0365052851744581,0.00236861030754212,1.16710513371312,0.204167933215115,0.000790905821574485,0.00152814043620315,0.000882917141648999,0.00180013737252467,0.00118872211022953,0.00149962857887875,0,0.440463542524065,0.214163678445186,0.0200642333078863,0.00212456281030262,0.408354049732022,4.94367399324011e-26,0.0471246539924993,0.0286614875585004,0.0065483092104374,6.35997134924775e-17,5.88391709434834e-06,0.00100890378557941,904,"RFC5"
-12.5332852389231,0.0285693194004251,-0.00334980586862169,0.4507003782463,0.00091586083176251,-9.85309642407069,-3.61088104242815,0.0173452770529336,-0.033458785156093,-0.00385196904428158,-0.00846275687226713,0.0450241299083488,-0.0393580916020118,0.0813759425136081,0.181232513903371,0.00680504468203522,0.224667629181704,0.0148517791485013,2.19859906687859,0.31716484802662,0.0012374526668946,0.00266241727241474,0.00130427716768231,0.00315604896514937,0.00188234204511371,0.0025241172954301,0,0.874741239172807,0.622540271910897,0.0448481213330316,0.950828225647006,7.41084307263176e-06,4.97415081923528e-30,1.22828012951582e-44,3.20377203481844e-36,0.00314359335480606,0.00733059939412464,1.93337129292825e-126,8.14645027945222e-55,905,"RFESD"
-10.9281959395882,0.0835568260462846,0.00144582133566164,-0.0490205708256687,-0.00630455541374267,2.37319366599911,2.02112591836148,-0.00285060886939372,0.00691900900426635,0.00291234088428145,-0.000708637962872895,0.000775196099989292,-0.0025256770614419,0.0215081523475038,0.0492605361540671,0.00184935104030747,0.0641920425504329,0.00407968996216525,0.797395763994561,0.156679800617978,0.000575747767267886,0.00121535608197384,0.000649157181372206,0.00141334004826541,0.000884038655882386,0.00116106349569388,0,0.0898437653218256,0.434332536669069,0.445072895878755,0.122261240441833,0.0029186309258394,4.51722046333623e-38,7.37792969057048e-07,1.24834312954978e-08,7.24565309325197e-06,0.616094985435872,0.38055164625671,0.0296066338213672,906,"RFFL"
-11.1937048387568,0.107931440900496,-0.00957941830721194,-0.133955521399373,-0.0061279942042644,-6.39436707238008,-1.45435702625237,-0.0280721395415305,-0.0478419751108824,-0.00519076766738011,-0.00157464751716452,0.0144024885924377,0.00546143146137695,0.0275177577368017,0.0619044085046191,0.00237210498615556,0.0853561041020241,0.00520190354026263,0.833505628078535,0.138272093979911,0.000541109884602018,0.00118772361548259,0.000596359609793843,0.00131606353465017,0.000814659256922177,0.0010763739359993,0,0.0812431999752971,5.38257757645172e-05,0.116561170935401,0.238784970138433,1.69792002974939e-14,7.1311489377441e-26,0,0,3.20133165036513e-18,0.2315081669389,6.06973652450043e-70,3.89710142684916e-07,907,"RFK"
-9.40128915793261,-0.0239980780986844,0.00411590870532389,0.0508284866566873,0.002223321466473,3.34490812693923,0.612616143639452,-0.00114845441076428,0.0259372899059053,0.00345835141084229,-0.00171681839796965,0.00243583068196141,0.00791245844513478,0.0238604689397829,0.0536990853062289,0.00202453342345264,0.0690748157176507,0.00446710790953023,0.473131781985762,0.0985623334984478,0.000362859262670232,0.000778083311037123,0.00042368433380247,0.000906715165361257,0.000590138481102129,0.000755574954707524,0,0.654947843853058,0.0420509133864563,0.461823896246554,0.618688902343789,1.55249214304246e-12,5.11549949629911e-10,0.00155075835363312,1.20779512263909e-243,3.2798079280149e-16,0.0582982613475162,3.66636317274821e-05,1.16036562821909e-25,908,"RFLNA"
-13.4615530975158,-0.0309755812126177,-0.00474430986535083,0.341150770543835,-0.0511560965444746,14.0114841095974,0.480733067665722,0.0206658688518363,-0.0246989111961188,-0.0146228993976175,-0.0023059492682818,0.0050650996539741,-0.00851256347090848,0.082992085173301,0.196089851237824,0.00719222336756093,0.246776270091467,0.0152458896973484,2.00039209235432,0.439544002314023,0.00162826707221515,0.00336604377576762,0.00178923953152243,0.00393728177037267,0.00261883128694624,0.00332185233932237,0,0.874483382307509,0.509482054688739,0.166839894659954,0.000792495839825258,2.48101656978853e-12,0.274082789032657,6.55414901646581e-37,2.17347736562456e-13,3.01589085043968e-16,0.558097049780599,0.053099986122427,0.0103893045583705,909,"RFLNB"
-11.143192207315,0.0521643607455144,0.00152069025117507,0.016025552195859,-0.00197248422567484,-5.2006330259693,-3.80330713988668,-0.00360803321653089,-0.00382282925442662,-0.00336459192093698,-0.0133384350397204,0.0066004600751366,0.00274192402290885,0.028523745248038,0.0639406219342239,0.00241019221829559,0.085909265764112,0.00540722728013786,0.805188477998034,0.130760216614468,0.000506937335090863,0.00110389838780522,0.000559867165292008,0.00127020250156236,0.000799915428752893,0.00102777482662509,0,0.414600206992391,0.528078787059146,0.852020969187183,0.715270684938773,1.05465764135495e-10,5.3787453515125e-186,1.10048968195949e-12,0.000534135995175849,1.85952517682647e-09,8.54423463389932e-26,1.564875275744e-16,0.00763438688956616,910,"RFNG"
-14.399127825121,0.0242868437100966,0.0063678342109081,-0.0112272798872441,0.0100545796540361,1.30942410106878,-2.85642486774469,-0.0330449545910834,-0.0568717536020215,-0.0107454365208562,-0.0425567118344301,0.0242426160305004,-0.0151730514801288,0.0365367950638486,0.0839091847354813,0.00312099731751501,0.109101819014313,0.00706963740467227,3.27245442551779,0.559847803342173,0.00235206403644293,0.00464448368930328,0.00255297999285643,0.00467538692103476,0.0028150595675704,0.0035649635519533,0,0.772243145051473,0.0413184333321862,0.91803722576787,0.154962396765177,0.689056962852425,3.35824662045404e-07,7.77519140208024e-45,1.78652985007136e-34,2.5652840783901e-05,8.84496512032624e-20,7.19476467900089e-18,2.07968892699248e-05,911,"RFPL1"
-10.0741441766406,-0.0565887508054775,0.00661109655902713,-0.0725176599815662,0.000563187409236757,2.68955182767367,0.62472530754295,0.00716275101426314,0.0134775494329741,0.00296864687399459,0.0280118680854073,0.00335913465099335,-0.00101561569554264,0.0308000634806064,0.0706129366494992,0.00263978291808113,0.0889166698718439,0.00578615119934389,0.450746254958063,0.0979414375265418,0.000354017296365251,0.00076577788044642,0.000406032618629736,0.000886620936251132,0.000550159950479852,0.000738581412738324,0,0.422903857600047,0.0122656092629829,0.414746811441215,0.922461407458616,2.41823220789578e-09,1.78761145790567e-10,5.03897147925096e-91,2.47127835970759e-69,2.64470254789875e-13,4.46899784367761e-219,1.02324260635152e-09,0.16910363626246,912,"RFPL1S"
-11.405068268445,0.207131830144093,0.00573948368123734,-0.0212342779913711,-0.00113850974192199,5.67850040747952,-1.75416780690717,0.0169835296728306,-0.00773163161689275,-0.0135584539801431,-0.020378676061828,0.0181409288506283,0.00473313574280996,0.129975982258663,0.294576761584782,0.011030758472611,0.369333378263799,0.0249835793481083,1.08794676996405,0.221057052371186,0.000860258632302887,0.0018650637568947,0.000968779279910108,0.00213385136483958,0.00135683139080058,0.00178796602537649,0,0.481961893898998,0.602843121285524,0.954152063503165,0.963652724637893,1.79440435519533e-07,2.09881680601217e-15,9.33287577702806e-87,3.39065214625299e-05,1.6629034842465e-44,1.29464444387121e-21,9.04573175827213e-41,0.00811570302349721,913,"RFPL2"
-15.6531075039717,0.768664122304504,0.0213614949262574,-0.0764665364789492,0.106792426644284,7.21871721497242,-3.97254680630601,-0.00495770813944094,-0.0580568876614795,-0.0193313589440999,-0.0668549420703079,0.0274513860898236,-0.0178312037563579,0.130591991967355,0.297409260662069,0.0103348043872651,0.355794593947369,0.025267930263955,5.68120475697752,0.978062152115256,0.00405164148504224,0.00880650837289606,0.00409070797026803,0.00896873076777024,0.00541418526412787,0.00689441794513735,0,0.00975109026243576,0.0387391300661841,0.829831527075078,2.37457798842252e-05,0.203859806970451,4.87269514918128e-05,0.221092017010905,4.3248740128374e-11,2.29351511995991e-06,9.03972356829459e-14,3.97249812614009e-07,0.00970054866038404,914,"RFPL3"
-13.0667611355838,0.00436076757824062,-0.00163066363484986,-0.181063023268874,-0.012640331498883,-4.72381835982621,0.895406391255215,-0.000401531832827714,0.00751808691863094,-0.00149604447899394,0.00815212125744007,-0.00169690069378562,-0.00836362749903749,0.049024697069204,0.111516343585687,0.00426523425150493,0.147375906465608,0.00910304210340401,2.21811266709847,0.380281403349196,0.00140418898248412,0.00293385022710327,0.00153970023429368,0.00344596118733565,0.00215325850252602,0.00276538718418663,0,0.96880723966837,0.702227625184197,0.219229490728175,0.164959523358715,0.0331999715841763,0.0185432049483718,0.774914239219005,0.0103911824897784,0.331226397137139,0.0179958668854104,0.430660579172912,0.00249129644696384,915,"RFPL3S"
-11.2091077743763,-0.0809416511472409,0.00413186105614637,0.088787394492004,-0.0115750594334532,2.57857515420357,-0.607856537600303,-0.00100846251183036,-0.00555357322245999,0.000374782602238909,-0.0111692358318806,0.00441690620051748,-0.00348939297322145,0.0153883124014344,0.0352159816092338,0.00131891997414868,0.0456174532979951,0.00291272167920813,0.815377462012341,0.145281314527423,0.000551629243216725,0.00114987556389917,0.000605084152116798,0.00132352914610795,0.000858334289561799,0.00107970256975206,0,0.0215370329736228,0.00173170387971846,0.0516130684889953,7.06854016938738e-05,0.00156457682407144,2.8642829510549e-05,0.0675266317169237,1.36727437006292e-06,0.535659979686131,3.201191916132e-17,2.662349847054e-07,0.00123009051614891,919,"RFT1"
-12.6646628803181,0.0213119666523004,-0.000455751463376013,0.110409830253593,-0.0268232258839757,13.8567769819966,-3.0688441762653,-0.00968940200940805,-0.047358207064081,-0.00611693394643469,-0.06272425396025,0.0121537416415124,-0.0460705638918163,0.0367080943313549,0.0847674498281486,0.00311744398651786,0.109888677749136,0.00686401056090351,1.52773520113884,0.282255138117152,0.00111390299104425,0.00240319507870713,0.00119288893647934,0.00255851239576093,0.00186931346906132,0.00212319509787492,0,0.801491828513183,0.883768278136735,0.315020833869561,9.31378053842448e-05,1.18860745564999e-19,1.55717846479866e-27,3.35989150850834e-18,1.90195299793524e-86,2.93097958137111e-07,9.99594602235067e-133,7.94099417027074e-11,2.11065956384112e-104,920,"RFTN1"
-14.3435343068672,0.411935155724905,0.00742804493125302,0.198634322216265,0.0016387598216624,15.8158789329253,12.8995108963536,-0.0325506355662759,-0.0372837137038548,-0.010166099926649,0.00917589473581517,0.0254953853273751,-0.0220578816728736,0.158025857411991,0.350332845506888,0.0126216033856628,0.42388774560059,0.0277891359863755,2.44838110718603,0.70048862907813,0.00240476109207374,0.00491999308255948,0.00262856496078503,0.00538058657956006,0.00271943113734858,0.00427728599835298,0,0.239659066782118,0.556184434946697,0.639354692470925,0.952975014986239,1.04890508929452e-10,9.95557752601988e-76,9.59832075677199e-42,3.50919033947612e-14,0.000109935404865669,0.0881253081365383,6.90027511403211e-21,2.50963555578107e-07,921,"RFTN2"
-11.2947899642685,-0.0991140024450147,0.00253892435101783,-0.0419805910698256,-0.00307288836391165,0.137137846834345,1.33198455815011,0.000780986101884969,0.0040799031765447,0.00207032940449742,0.00494958379089428,-0.00296457477659891,0.00238092785359306,0.0298462150568029,0.0668991539313002,0.00251375823466682,0.0882180553362348,0.00573859987603903,0.928195144626759,0.166614654758191,0.000614332955319563,0.00130250925279903,0.000683967631825526,0.00154402647773557,0.000980351904599491,0.00124728278120621,0,0.138461818958974,0.312489851720887,0.634164855314062,0.592320043521914,0.882542609086163,1.30204093215728e-15,0.203630847974509,0.00173418311097235,0.00247042486168365,0.00134765277196661,0.00249464330501227,0.0562760531031183,922,"RFWD3"
-10.9986592726289,-0.0828251101508132,0.00388908147141132,-0.0905266486555356,-0.00179262751666837,0.690225594396908,-0.35360878596041,0.012703533988772,0.0277702392128821,0.00677166159624338,0.0154889012353027,-0.00133281778819058,0.00403475419743297,0.035722336442399,0.0815988832674713,0.00307898341407675,0.103894569442694,0.00676683890980261,0.683086167611198,0.13473509465961,0.000496306148721885,0.00105786246832949,0.000551169457635662,0.0012392334423591,0.000761072675324838,0.00101071348085187,0,0.310092720865641,0.206551199217641,0.38357297813743,0.791076037134191,0.31227891836838,0.0086782855421618,1.68315827617442e-144,6.91191519601245e-152,1.07720261716222e-34,7.58094861163393e-36,0.0799052847185987,6.55222058345035e-05,923,"RFX1"
-10.2912729657297,-0.0477755832956011,0.00199845597301082,-0.0491170549794389,0.00246354952879322,-0.239143365306392,0.0976102424895774,-0.00659084400270031,0.0377989316341778,0.0041129911083891,0.0151773434180376,0.000505580895889049,0.00965124173596349,0.033165718056043,0.0753190418213381,0.00284462596730709,0.0953897002878144,0.00630815503251605,0.568020645050591,0.117471518632054,0.000431664768362165,0.000930085363928704,0.000502395753047688,0.00108223449160114,0.0006739759526848,0.000894361138800209,0,0.52587886188811,0.482344120974088,0.606616319928152,0.696141658968973,0.673746502464876,0.406014937419696,1.24122571857304e-52,0,2.68362971810766e-16,1.11042320629593e-44,0.453166303082169,3.78756111136599e-27,924,"RFX2"
-7.91573205782151,0.0271123640895003,-0.00065508744951014,0.0446553045173496,0.00318669825316487,-1.57094485022546,2.43703706003626,-0.0262251899470478,-0.0105175002987937,0.00617346140858795,-0.01625481817003,0.00185061356346647,0.0133946430697513,0.0152930575053422,0.0343845906313706,0.00130748982211062,0.0453731078278566,0.00287649946690932,0.258158051023259,0.0498891759298347,0.000187396958870916,0.000408460114259604,0.000214133379223249,0.000466879423201811,0.000299389268037104,0.000386681927597898,0,0.430402353641504,0.616352257531415,0.325027025714862,0.267931359649738,1.16341825656393e-09,0,0,3.29495889807865e-146,9.03171506506342e-183,1.39877461752467e-265,6.35776428026977e-10,6.32899900684983e-263,925,"RFX3"
-10.1190033451545,-0.0357776649565386,-0.0012571289931157,0.065344023541704,0.021716015667841,-1.22546230636414,-0.609942315698956,-0.0112294857834481,0.0207535818204535,0.00158049149153469,-0.00390928373137711,0.00941861304847678,-0.0098353463858737,0.0483765276017773,0.105668855437492,0.00418334809413781,0.140312389433851,0.00902488449688726,0.698020703370849,0.138711287856066,0.000516163446168727,0.00112161864380679,0.000595641316668021,0.00128549648076583,0.000823731114052271,0.00106792822926534,0,0.734923984560554,0.763789800145348,0.641427477932543,0.016117781803371,0.0791525318332199,1.09652505161033e-05,6.1037419974975e-105,1.94417439680619e-76,0.00796787103148361,0.00235739658176516,2.82493199221052e-30,3.26901399557633e-20,926,"RFX3-DT"
-11.0204969302502,-0.0529662469948449,-0.00358821402652002,-0.0889502353593614,-0.00638915937670123,5.59645408569577,-0.640638170598886,0.00947639669983492,-0.0537317168475128,-0.0159538970597052,-0.0380519611965921,0.00822908118361469,-0.00929612199471557,0.0414814693704122,0.0919706121485846,0.00358406771882887,0.127324470539806,0.00772501574400609,0.974638772015996,0.159181339306233,0.000628167965106022,0.00135320999519035,0.00066518998720635,0.00152247150805707,0.00102651029628363,0.00122139924303351,0,0.564680045502167,0.316750973379373,0.484795365436974,0.408195141486939,9.35204561519192e-09,5.70768818697486e-05,2.0092054722214e-51,0,4.08767873150882e-127,7.18558072802672e-138,1.08747986352436e-15,2.71893029680365e-14,927,"RFX4"
-13.4966016176802,-0.0147708288904591,0.00590308404339498,0.188852284783712,-0.00340581850309306,-2.00668773782904,-2.25262809850895,-0.0130911704360743,-0.0130014547248561,-0.000582060112804106,0.00317445512708209,0.0110460827392812,-0.00355369767562965,0.0464068624201681,0.10519773767405,0.00399107660502472,0.139010089085413,0.00895516580084546,2.34997366009354,0.421647285771263,0.00163666983774715,0.00353615083558433,0.00182149332319977,0.00388537888401359,0.00242922839181215,0.00319311645434834,0,0.888335948040782,0.139121448539709,0.174288935804807,0.703708732717076,0.39314973451922,9.17004015865559e-08,1.25777463141337e-15,0.000236247340962501,0.749308682833175,0.413913634737634,5.43754518152275e-06,0.265740837597073,928,"RFX5"
-16.6235760087978,0.0274080605705926,-0.00522930536888605,-0.0546495566034174,-0.0206528367171189,37.1120779790423,0.614725886729258,-0.0339834566862496,0.0111357596614423,0.0764627014984911,-0.139378561749459,0.0247364258356135,-0.0153844682243491,0.111076942342243,0.277336917084586,0.009844846743479,0.354535305152202,0.0222170321760731,9.74741609435999,2.086436023645,0.0081537602116932,0.0147551880879306,0.00902843226209259,0.0170608494199938,0.012313977995522,0.0143857307207045,0,0.921276532164846,0.595299704345197,0.877496047901784,0.352580940984917,0.000140449129316026,0.768276820129379,3.0751805236509e-05,0.450428225120224,2.47294935974101e-17,3.0967734649334e-16,0.0445574277858271,0.284877952145187,930,"RFX6"
-8.54520090623183,0.0527152363218109,0.00234494782628377,0.0153698279218548,0.00844277172925832,-2.19599568959452,0.485965459037292,0.00161426742951064,0.0138245794617236,0.00295762016436198,0.00753093647828843,-0.00699559150194922,0.00415285918784015,0.0173754175372163,0.0393912487813552,0.00149805556658634,0.0501743595757392,0.00325100495405674,0.305427136894672,0.0612385686250376,0.000226602757333588,0.000491396294720035,0.000261751726424416,0.000571315838635392,0.000366822987658384,0.000473324936302933,0,0.180815801734392,0.117506098910789,0.759354668918749,0.00940493468182721,6.48308363484781e-13,2.09461554764899e-15,1.05009167988869e-12,3.84071544012441e-174,1.32216991398228e-29,1.1178351376854e-39,4.41875041692198e-81,1.7273311855949e-18,931,"RFX7"
-12.2351060446151,-0.0207962010676502,0.00478519573960042,0.0629659981577323,0.0124134414901106,4.17526772844121,-2.02123068446994,-0.00811507330911251,0.0331501123448554,-0.00979528909200959,0.00424869567971895,0.0173394497286259,-0.00349317849927947,0.0397452309549736,0.0890171479378613,0.00340609314818954,0.111938838578844,0.00766709207544871,1.54901172625552,0.318142920597485,0.00118978640197753,0.00252970335755511,0.00140554543019747,0.0028939629390299,0.00191817932375364,0.00244105788800365,0,0.815279869066373,0.160053157953287,0.573772960813889,0.105435493523884,0.00702957964680651,2.10859339731156e-10,9.06524723878115e-12,3.10923958009621e-39,3.19132323034694e-12,0.142070615381407,1.57339231815047e-19,0.15242731970107,932,"RFX8"
-13.4183768424513,-0.0196664147704974,0.000330321653749159,-0.017450148113656,-0.00137231917291775,-7.15912442245135,-5.67237744578649,0.00471012039667141,0.0150671416929797,0.00289945938104752,-0.00113988231950585,0.0063929521846238,0.00621862739178441,0.0145584216395122,0.0363699038827865,0.00131275589878419,0.0468766343931818,0.00300522425580046,2.2534908097114,0.371393306569764,0.00147245068682624,0.00253524088928155,0.00174208126727792,0.00315315255727901,0.00214636395758002,0.002743584510944,0,0.588691486511771,0.801331256481226,0.709701624655461,0.647926577659532,0.00148856197377109,1.15306989861539e-52,0.00137986195713079,2.79714307646974e-09,0.0960394764729188,0.717721516514306,0.00289659886642866,0.0234142544757827,933,"RFXANK"
-10.2516125665057,-0.0216017683950494,0.00243932097789303,0.0382184407842345,-0.00347796654191629,-3.20222205699373,-2.13007263556625,-0.0152834351205208,-0.00728208263908904,-0.00369262747844083,-0.0271184247821181,0.00514732943038596,0.00527170127745976,0.0207413347248338,0.0465604137054801,0.00178674492441,0.0632604959374463,0.00391837855906861,0.562646323542299,0.091018214442281,0.000352219344674939,0.00076395170822344,0.000386558833855453,0.000875499587507566,0.000550109976686873,0.000703114814848305,0,0.642682576959252,0.172180208555682,0.545747995407214,0.374754067765763,1.2603241740688e-08,4.01075727441779e-121,0,1.54097137567929e-21,1.2652705567062e-21,1.17790976253998e-210,8.21028265738675e-21,6.49774009518526e-14,934,"RFXAP"
-14.3339066723421,-0.134914754091385,-0.00215732092657034,-0.0609037343636748,-0.0314338927677099,7.02664936090464,8.69852525622936,-0.0419335459013239,-0.104036115835112,-0.0361009162358733,-0.0237999661879626,0.0695841449927207,-0.0436995193517545,0.0997469321540508,0.223934284250424,0.00818974337242804,0.301675722204397,0.0183091105686528,3.67817845721427,0.659301096175526,0.00241279377216976,0.00512479845021439,0.00248450609584838,0.00566670958019098,0.00271788997631426,0.00451317775912366,0,0.546858159429851,0.792228878839103,0.840006807225485,0.0860076177992123,0.0560867246985723,9.55699114281405e-40,1.17640000252629e-67,1.2721000606066e-91,7.77426857120688e-48,2.66959513025932e-05,1.43939399602287e-144,3.57332516164405e-22,935,"RGCC"
-8.6086629206921,0.00714973943583167,0.001967021603372,0.0357870221541438,0.00215770094342634,-0.830464907891467,1.07820362030794,-0.0108187592893637,0.00701192196361292,0.00178163005566711,0.00157037925129612,0.000708836739052596,0.000500333468661613,0.00918395128738699,0.0208825031514835,0.00079109572877109,0.0270150615499632,0.00174043707056655,0.312892426199424,0.061501203393268,0.000230433522140935,0.000490379205700106,0.000266134644198604,0.000567027589494678,0.000357143094476164,0.000471428922480707,0,0.732065369856752,0.0129023952596736,0.185268583745499,0.215069134519646,0.00795073635527723,8.24790283739371e-69,0,2.22043269382314e-46,2.16456551946293e-11,0.00561435160421389,0.0471732334468595,0.288547848705834,936,"RGL1"
-11.10892406751,-0.0354104382881231,-0.00208009031753351,-0.14791349015337,-0.000189910177659468,-0.584960922631639,-0.564974767125447,-0.00842155031386864,-0.0178648238664538,-0.00704369901077897,-0.0259572688484386,0.010358658101816,-0.00177897924581393,0.0453800829469848,0.102659559178021,0.00388844777875803,0.142227505719628,0.00878641833119267,0.848274441970037,0.132343736492489,0.000513232074310741,0.00111316832834686,0.000549138536284616,0.00127994415392665,0.000787648674628155,0.00101542561182413,0,0.73014643584271,0.592690624950049,0.298350078694652,0.982755817470587,0.490452539640842,1.96355551757244e-05,1.65295364889882e-60,5.84421610903698e-58,1.16035422608515e-37,1.93126986865028e-91,1.67121691161066e-39,0.079781669995058,937,"RGL2"
-14.6529212598687,0.0772118776489104,-7.36220562915748e-05,-0.20695949411083,0.00730102759896951,3.82869524127172,1.36790488373164,0.0156825218025737,0.0329612181041054,0.00656832008473059,0.0191405000472746,-0.00521187108700949,-0.00857628730259968,0.0313302428495639,0.0765825413788826,0.00273191071280902,0.0939315438184569,0.00611067217043165,3.46739419112494,0.730593572468443,0.00267809461443416,0.00472539587271097,0.00303478946561555,0.00585948477409671,0.00382379425076779,0.00494649023894736,0,0.313349937894008,0.978500471342503,0.027573518289751,0.232165404839806,0.269506567849588,0.0611623594046854,4.74574867549545e-09,3.0514333323472e-12,0.0304381676187921,0.00108853453659382,0.172879253105172,0.082951332082096,938,"RGL3"
-14.8736735049899,-0.365074896067643,0.0089979777223372,0.183356543923585,-0.0471451571293903,26.4103670496041,-1.70839595257534,-0.0180496912398306,-0.0582756173919999,-0.0173257768722385,-0.0832754269725078,0.0301399106224414,-0.0437205805416133,0.0367988618446559,0.089227935065054,0.00314547269270485,0.111824663679061,0.0074502180182355,2.89593399405327,0.739987201374127,0.00297298411576887,0.00566605156303784,0.00312026943426933,0.00566951311740237,0.00424742512827297,0.00501592791486893,0,4.28616811845465e-05,0.00422823838242466,0.101071943899462,2.48320805634313e-10,7.52563284756094e-20,0.0209611723296366,1.26928681242669e-09,8.23002889865375e-25,2.81364485472856e-08,7.66282559877884e-49,1.28379707756675e-12,2.87315577497011e-18,939,"RGL4"
-13.9691005983776,-0.1403021361997,0.00724046140001857,0.226700075747693,-0.0189237380471378,17.5512763232935,3.40652087126277,-0.0878006313013206,-0.0015540470600133,-0.0479030556179295,-0.054894327119037,0.00666934966568069,0.0358617041970502,0.0944451994358307,0.220941596751532,0.00756781934413113,0.253997583483988,0.017099697043293,1.94662324551635,0.490805619096451,0.00191246433278658,0.00395489983113461,0.00216807023046852,0.00412818669302191,0.00238444231919323,0.00350598736340703,0,0.525415951327401,0.33869677398833,0.372109737391425,0.26843621766519,1.94606458517129e-19,3.90238822748875e-12,0,0.694362168563923,3.54718636240842e-108,2.39520362921817e-40,0.0051575215096248,1.47480955202894e-24,940,"RGMA"
-10.9939119447865,0.0199760655530016,-0.00455786810877271,0.0601155140190864,-0.000978390437646208,-4.97232556418304,-1.28135535764439,-0.015691039338508,-0.00722986064025643,0.00927003911858217,-0.00420355885838015,-0.00266765672579393,-0.00190232154381583,0.0308704082391424,0.0690590452373668,0.00266134372094894,0.0906145821711349,0.00590521988267385,0.839435629271672,0.136603849439655,0.000528078297576608,0.00115698689704244,0.000579323376790406,0.00131004670075715,0.00085937820826125,0.00105984799881623,0,0.772381908757501,0.0867826356756632,0.507061685672383,0.868406972683681,3.15323825786597e-09,6.5921218838258e-21,5.14383239016189e-194,4.13433002366834e-10,1.24746720490677e-57,0.00133332286808084,0.00190813152584652,0.0726695782076015,941,"RGMB"
-16.453800684775,0.171326595478572,0.00105594651396647,0.0671423357011735,-0.00555551424631206,14.7631619617052,-0.274620599539792,-0.0199509074471797,-0.02742768431981,-0.00389979462951832,-0.029033451656236,0.0126792813178512,0.00204108481529259,0.0444277021101758,0.113134793423143,0.00417341637129233,0.151235178101499,0.00891122373421018,7.11035992313997,1.57256289631964,0.00639508762853296,0.00967249166636008,0.00775779095692894,0.011556578669885,0.00913257723472678,0.0109609986331908,0,0.129935029711346,0.800254849798168,0.657071666177042,0.533002723582884,0.0378672317841539,0.861368404899686,0.00181020654044721,0.00457342608141986,0.615179459388505,0.0119951218458352,0.165028237106572,0.852277416606621,942,"RGMB-AS1"
-13.3358957300508,-0.420876145642525,0.00818239766039665,-0.195555546756722,0.0209036535784461,7.99688640820093,-1.02941071275176,-0.0142587581493024,-0.0444205145819554,0.0419006437628438,-0.0551711323800718,0.0297564677934688,-0.0256351243553957,0.10749454659361,0.250377533749709,0.009855772899522,0.345729588684007,0.0208527826826451,2.99935246411389,0.519836107035113,0.00205729236754948,0.00453905960429545,0.00227585865658633,0.00503547263417722,0.00330482832857942,0.00410193120828228,0,0.0927695000292598,0.406417972176843,0.571644307953219,0.31613136037649,0.00767130610171728,0.0476743072635255,4.18357748825848e-12,1.2895138157673e-22,1.07389728250522e-75,6.18483544628437e-28,2.17764094527372e-19,4.11701093080442e-10,943,"RGN"
-11.0381532657021,-0.0730579675741291,0.00416054950169322,0.0727710513745074,-0.00390148409285726,-2.480206661007,-4.2841794033042,-0.013915074383059,-0.0173558661798392,-0.00297830323568819,-0.0346006861467451,0.0054259876874727,-0.00482476982111545,0.017525858673894,0.0396428878616305,0.00149842673766275,0.0515746631117012,0.00334148748061633,0.784592239562671,0.12223832061287,0.000493963639970112,0.00107174443981022,0.000534249986358091,0.00118629181525187,0.000789048356137855,0.000952288517925971,0,0.0653432824947494,0.00549287246560493,0.158249177945637,0.242972581293818,0.00157152430132828,4.21778934764755e-269,1.35428866427178e-174,5.55631898789543e-59,2.47903913725335e-08,5.0717738349558e-187,6.12882304414233e-12,4.05196650376825e-07,944,"RGP1"
-13.7031539868316,-0.0255570100911323,-0.0045168699430055,-0.170138457176404,-0.016690749100122,-1.15163549285524,-0.869333971300405,-0.00991563829024328,-0.00634685183114046,-0.00137200040435747,-0.018637665071562,0.0341650207821837,-0.00217287489922352,0.0481771817085336,0.109371784135569,0.00413054255744862,0.150267465919444,0.00923808762982999,2.84429561228787,0.461400831540202,0.00174084776093756,0.0035212005777213,0.00192881066104183,0.00411551814463854,0.00208937171258007,0.00324114458616497,0,0.815240432124669,0.274161404641783,0.257534606056877,0.0708040662637609,0.685556135712178,0.059548910638467,1.22746135297945e-08,0.0714717840526007,0.476886344577446,5.93669324618997e-06,4.22210737056545e-60,0.502600559919792,945,"RGPD1"
-13.3532253170891,0.114169508129488,-0.00581056882831954,0.135996347601991,-0.0377694355730423,0.805543011533106,-1.88805937100621,-0.0176747300795225,-0.00164382059221824,0.00502175822556706,-0.022839695357879,0.0102366121742319,0.00780833989615352,0.145387665694293,0.320679662868974,0.0127011638427294,0.462388217286285,0.0281418955988193,2.38948322970555,0.432939860079931,0.0016193495240462,0.00340780226865088,0.0018518463871219,0.00400654749192161,0.00247206416802421,0.00328597257622022,0,0.721822937837476,0.647323789042761,0.768668315408434,0.179561298819273,0.736026307080274,1.29457555479635e-05,9.80419397013414e-28,0.629543334557958,0.00669275469168517,1.19391591321759e-08,3.45920346389845e-05,0.0174889224761921,946,"RGPD2"
-12.9627773628535,0.0765468199430811,-0.0019629212806998,-0.18354937519298,-0.00660796960328513,0.765956635294901,1.70015064254634,-0.00175870823380692,0.00874440158003108,0.00585866770747593,0.00684343242743945,0.00771195682061943,0.00227812040999845,0.030521534313545,0.0704017111411547,0.00264096766765852,0.0912110708681395,0.00577673978210075,1.75012065216199,0.328266945968994,0.00119084252355673,0.00241370868064781,0.00130265889000461,0.00285591304054505,0.0016551756156629,0.00231299556420093,0,0.276910276672346,0.457325280321155,0.0441821581708719,0.252668200827019,0.661633254213856,2.22874117803276e-07,0.139713046545058,0.000291422856964245,6.87672502404509e-06,0.0165645670402942,3.17289227587626e-06,0.324662345066009,947,"RGPD3"
-13.8162629130295,0.246179980390372,-0.010051298636287,-0.520217449622626,0.0212678899108931,0.4464461776158,2.77443629358237,-0.00818064090441292,-0.0102097053136108,-0.0014306766811798,0.00733863585306272,0.00416493716260331,-0.00551594175115616,0.0714283407699592,0.162822277822331,0.00604952021111738,0.212353861277645,0.0130236425034605,2.69501235312307,0.496403010028737,0.00176879588206202,0.00372927455572556,0.0019188582105986,0.00433909447813129,0.00262497790241851,0.00349167357822056,0,0.130545274301642,0.0966123787694752,0.0142948743095351,0.102464447554412,0.868427320724387,2.28275357212712e-08,3.74639324703369e-06,0.00618669377994984,0.455916640893679,0.0907828037021974,0.11259055746378,0.114166071301894,948,"RGPD4"
-12.6772587556229,-0.0122249343307913,-0.00237344148909306,-0.276579569558261,-0.012911492903156,1.7983114951285,4.21676022635085,0.00178844338450861,0.00181207542765548,0.00506877786200446,0.0141111711500113,-0.00113966495444055,-0.010609700488285,0.0357043324698201,0.0813154395525696,0.00308355938313418,0.111759746069657,0.00680394660889487,1.56666180821904,0.285846170498743,0.00100673699195618,0.00205331962838219,0.00110171677778364,0.00250242643540517,0.00152217055055477,0.0019957743549399,0,0.880496656076065,0.441472899634357,0.0133322328548101,0.0577425205216969,0.251025553696015,2.99338952008663e-49,0.0756546120407928,0.377500989554954,4.20872650293788e-06,1.71045108248413e-08,0.454031760995905,1.06025277870643e-07,950,"RGPD5"
-9.58734728525895,-0.050637516132961,-0.00453941988849597,-0.217134982570416,-0.00740816150569024,0.120657145845429,0.883714009723999,0.00709166946653462,-0.00647391155203231,-0.000984899489825955,0.00276215562241912,0.00483861907159229,-0.0198047541045979,0.0366382630564305,0.0821213963075225,0.00312668686988861,0.110337140600638,0.00692758375823276,0.415034464625384,0.0731772704894921,0.000273087729250208,0.000588323019665377,0.000300273636489111,0.000682780572052329,0.000422962553057501,0.000547548419202225,0,0.537486839672626,0.146548694169641,0.0490769127662846,0.284902247561204,0.771268558661502,1.40841250854489e-33,1.12504568342008e-148,3.65514143934185e-28,0.00103804682324612,5.22223988515837e-05,2.64407654796235e-30,1.81280704129944e-286,951,"RGPD6"
-11.0287624793737,0.0118010328591503,0.000811670389523927,-0.0248721670829489,-0.0175090191087745,-1.25325608894752,0.491905795605369,-0.0088768304882579,0.0010697631488408,0.00039146413622394,-0.0038412090409569,0.000437218353645523,0.00362517818230692,0.0317348915929776,0.0707968049421748,0.00267006840268757,0.0925099026797497,0.00595196425468647,0.741274659206968,0.130906880357141,0.000479832911607665,0.00102202635795048,0.000530590950205496,0.00120123206870248,0.000739940510351194,0.000966871733338834,0,0.867614936334375,0.761136566647086,0.788037796536129,0.00326393696392005,0.0908984908697328,0.000171497937573399,2.07100658258941e-76,0.295234280229385,0.460642713509241,0.00138516615149942,0.554598740214591,0.000177265979485912,952,"RGPD8"
-16.6774812737624,0.26666290349543,-0.00446877678430985,0.196821249560023,0.0367411028164879,12.9324084532102,5.90161766877932,-0.0311292926560418,-0.0339230622955716,-0.0115918798704663,0.00478745527349066,0.0188920096392203,-0.016832210158529,0.115467604429312,0.270452771297638,0.00982633516843125,0.365230769963133,0.0222251568987801,8.42308326581169,1.96645850270128,0.00719207399956547,0.0142028997934573,0.00812121655396404,0.0149161930850058,0.00881779005162717,0.0124788309017968,0,0.324139516011138,0.649270736263728,0.589958903555938,0.0983041416779662,0.124697075164749,0.00268970692251735,1.5027999205827e-05,0.0169191361976225,0.153476856296958,0.748243043889416,0.0321542308541795,0.177381569952723,953,"RGR"
-14.7755468282749,-0.0465008510320483,0.00999242367286484,-0.0803290913238938,-0.0178408983758797,14.2838927580311,3.02045248051905,0.00195101871768965,-0.00222128089623266,0.00434529739124939,-0.00886808374611418,0.00632127884963745,-0.0158338786169145,0.0544966113247133,0.127100267941345,0.00463639991966733,0.165073088953811,0.0106870757678597,3.71100680006183,0.836341730341089,0.00312418654821818,0.00615699207321151,0.0034704643999124,0.0069603000208258,0.00449215580872856,0.00582304554657504,0,0.714469856596248,0.0311452663658824,0.626522388659978,0.0950400963800918,0.000118571321784678,0.000304425017608502,0.532306789639755,0.718268614586892,0.210540890404274,0.202629735399644,0.15937355610517,0.00654450159377053,955,"RGS10"
-10.7562200252895,-0.0335073511696324,0.000194916869345248,-0.0558194590425199,0.00321097544065332,-5.63529755126767,-4.04422813703953,0.00941776607707568,0.0189088478467519,-0.00562149749339045,-0.00295067125316955,0.00615887582277117,0.00281290182850177,0.0264051939272649,0.0598093961595483,0.00225661616208403,0.0789572832638431,0.00500477802115727,0.688816050524584,0.115227656070954,0.000436111270689593,0.000932234624724077,0.000489069737441217,0.00110989961582172,0.000672529429753433,0.000898143475102813,0,0.575318767747081,0.931167739109169,0.479592767705918,0.521144630012734,2.81181138035392e-16,7.3025515757811e-270,2.00708856404624e-103,1.8038920797847e-91,1.40974759656942e-30,0.00784886948871172,5.2976421327933e-20,0.00173674885000735,956,"RGS11"
-9.12316262954994,-0.00768645128771316,-0.00209007527664697,-0.100681104925819,-0.00742313040687178,1.27507874675216,-0.956011463135855,0.0151177144439528,-0.00764406755391058,-0.0162420598495448,-0.00591902073411929,0.00989206126411059,-0.0503822913852805,0.0467088383987413,0.103906467630069,0.00402550628358666,0.138339681759016,0.00858266686352916,0.463090446106308,0.0868744150857251,0.000331879150685437,0.000716780350543995,0.000381093735113487,0.000836884042885198,0.000524762731762564,0.000695174436055947,0,0.941030504950571,0.603615664460078,0.466747157021913,0.387094839257991,0.00589776407615498,3.634357935628e-28,0,1.49281095202574e-26,0,1.51959580879927e-12,2.90854011938115e-79,0,957,"RGS12"
-16.651383795851,0.701565976443671,-0.00223433294144971,0.218962999265889,-0.00714900828498916,2.50302211857687,-3.33332992742617,0.0132175720039348,-0.0605312208522148,-0.0195011048666057,-0.0354627934325564,0.0164629559661524,-0.124521075815111,0.103750739101247,0.234898857069239,0.00895613716650599,0.326885233681365,0.0202173992285978,14.0494243591655,2.15517928959492,0.00872062469867345,0.0164220757718607,0.00944295757724465,0.0189556459979857,0.0144109858817505,0.0162339045984857,0,0.00282031597927926,0.802993323082432,0.5029555118132,0.723633635408525,0.858598626292524,0.121945216666444,0.129603317012197,0.000227836338670188,0.0389089998010553,0.0613686316632978,0.25329224000069,1.71416832299956e-14,958,"RGS13"
-10.1975378982409,0.0481300060269089,0.00527431919743704,0.0758599111914317,-0.0039634673104783,3.50015107583682,-2.22182779833857,-0.00992207432223837,-0.020699566135909,0.00357257057931255,3.81389276063759e-05,-0.00258114679494318,0.00796015166173531,0.0453029107764989,0.103793121071724,0.0039011121865182,0.134132290679202,0.00841725095962484,0.417224098199672,0.0880934880503551,0.00033572871490103,0.000753880029934317,0.000373507615590793,0.000812738844697418,0.000560151008630704,0.000679230905097509,0,0.642854856103995,0.176374042503587,0.5716926579131,0.637730488447572,4.89714197326348e-17,2.34238130164341e-140,5.86100390228712e-192,5.67276344539091e-166,1.12287945612503e-21,0.962571868002648,4.06662064853005e-06,1.01435112706069e-31,959,"RGS14"
-15.7604419189345,-0.0724531972643165,0.00758051288773467,-0.286181843224598,-0.0279573350302244,-4.09855958432982,-0.361103248333532,-0.00384437924492437,-0.0321951470227846,0.0423625442444153,0.0198509017377128,0.0580417250736028,-0.00654778263313789,0.0583219087004255,0.140840323016486,0.00502070802804599,0.172142281052692,0.0116406812009422,6.64505578287271,1.24124772214241,0.00477450292600297,0.00859736751249124,0.00566343118631322,0.0104047844906365,0.00542656944205266,0.00881629795304555,0,0.606947865980974,0.131081862428156,0.0964180321991745,0.0163194266864087,0.537377653692106,0.771112836886673,0.420710380469414,0.000180560523778527,7.4314725783117e-14,0.0564089456136909,1.06449290837827e-26,0.457668952263698,960,"RGS16"
-8.79444104715346,0.136740787042687,9.20771070861805e-06,0.036396568177264,0.0125558050028945,-1.12721726225155,0.897192926336073,-0.00390584550875872,-0.0113778929283952,0.00998593218491842,-0.00729995343845859,-0.00849196163169378,-0.0174779937528408,0.0219657411009656,0.0494713866102958,0.00186801368438038,0.0632414506569244,0.00413311906168752,0.374389886973767,0.070870969318773,0.000267590003854227,0.00058743267396458,0.000303547928129796,0.000669204508456103,0.000443256748124114,0.000553343523509804,0,0.00570909095296225,0.99606712706309,0.564941288148068,0.0023827075489682,0.00260550809114858,9.90950136710202e-37,2.96156598524773e-48,1.41391437599043e-83,2.3957237551672e-237,1.05084499778635e-27,8.28262958210719e-82,5.72053783019837e-219,961,"RGS17"
-14.4204643859234,-0.0115974370009019,0.0115384538850515,0.316935989274923,-0.00816848136285385,-2.74278315221191,-3.03925025151966,-0.00547119471291896,-0.0258278751622728,-0.0167801793877419,-0.00742806416721387,0.00383067792213493,-0.00971243512168283,0.058490413281237,0.132941899816678,0.00513353191462119,0.176472856006626,0.0114034937539685,3.87766000670908,0.657166211285865,0.0026528411201116,0.00567299637065537,0.00283795890423466,0.00615845869808687,0.00413242067223259,0.00501271459386242,0,0.930483222456923,0.0245976355466307,0.0725028627785909,0.473797530742029,0.479361763023494,3.74993173890215e-06,0.0391705590931897,5.29429266534024e-06,3.36415365097022e-09,0.227757204443607,0.353936088305763,0.0526769306187371,963,"RGS19"
-11.4282635041759,0.264916234898673,-0.00376710798647778,-0.372370482696706,0.0153424079775482,-6.01992902572347,1.50414586448709,-0.0257500560660639,-0.0718008577485093,0.0166731035794638,-0.0085057716941881,-0.013898974183743,-0.0376075806951954,0.0800871987310373,0.174588644569108,0.00725805080955196,0.256539785798589,0.0150747790868906,1.16671524664796,0.186866728928841,0.000752422900391889,0.00167903287928879,0.000802664381822513,0.00183895978603429,0.00131638702381543,0.0014863425796132,0,0.129172335167371,0.603743483981897,0.14663744610457,0.3087951531597,2.47313747470109e-07,8.32707183217971e-16,1.10574067872668e-256,0,7.72413631715592e-96,3.74026175398435e-06,4.64386075122632e-26,3.02910042192993e-141,964,"RGS2"
-8.45339287071606,-0.00343520412063623,0.000441477603911219,0.0242529246326432,-0.00186447587313,1.04215072797606,0.773835146136299,0.0127819450260696,0.0243361223447505,0.0071354651660556,0.0144055175802794,-0.00715182492560881,-0.00324220130803922,0.0232968525656274,0.0528684216992325,0.00200475066279892,0.0679111252067323,0.00434111763276551,0.304817371063755,0.0630320738481252,0.000232057412862044,0.000501289271888204,0.000271255641491863,0.0005892622934436,0.000371128473802795,0.000490023067288547,0,0.94819272427108,0.825703156943214,0.720996421315436,0.667565117547784,0.000628667804814751,1.20607173148401e-34,0,0,1.66716783311816e-152,5.45617250101469e-132,9.50449970929831e-83,3.67987226817656e-11,965,"RGS20"
-13.992324401562,0.395110584691009,-0.00553264874963294,-0.15714758602671,0.0288423991958161,3.94381772897528,0.703039290492878,-0.0104086544938742,0.0178320377280546,3.55736935652459e-05,-0.012005871260354,0.0200164649410252,0.00157907918272848,0.0836396396099065,0.185151615486672,0.00692133557042722,0.248340027803911,0.0159017722247363,3.155466980822,0.651679068550697,0.00238132128450944,0.00491776464779364,0.00267341644527111,0.00568084810950469,0.0034114706074131,0.00462059887088118,0,0.0328440907152485,0.424080864096444,0.526869473380572,0.0697108011442763,0.211359288742969,0.280671481897935,1.23702784623404e-05,0.000287794812422962,0.98938329891412,0.0345670447719254,4.42680029479043e-09,0.732540747785861,967,"RGS22"
-13.4701477122485,-0.0271174903050924,-0.00207123647534864,-0.301568470261317,0.0230926615131245,2.33464608390909,4.19047834584975,-0.00179858948769704,-0.00398871886380095,0.00508953647004443,0.0134055596000065,0.00424396120562007,-0.00533770735395846,0.0827718679455125,0.202740317266218,0.00744501687662151,0.268262736536796,0.0153341448368533,2.41994701497808,0.474051395136837,0.00165393109001982,0.00352478431342615,0.00178976796133518,0.00415782575332639,0.00255153487094021,0.00335536527910792,0,0.893596471409537,0.780855455141925,0.260947950092898,0.132076559146792,0.334669589284701,9.59646745433365e-19,0.276832075559052,0.257793936970676,0.00445950991590538,0.00126335983249514,0.0962529276374706,0.111655111734612,968,"RGS3"
-11.2590645748966,0.347536332561135,-0.0176254600848128,-0.656134082490026,-0.0111183000573283,-9.3112375336578,0.640159800533898,0.0239310963730454,-0.0833974671144978,-0.0245075699889599,0.0159668642768131,-0.0497680456471036,0.016223798281652,0.116191719593976,0.254498945240954,0.0104630543236456,0.390585536309798,0.0214628952629667,1.11677521639787,0.174053215046358,0.00068011585103306,0.00145015588195454,0.00072796097765495,0.001700955854934,0.00136799751298418,0.00137995888202357,0,0.17207371151863,0.092076865799119,0.0929820351087895,0.604441355331236,7.580635985669e-17,0.000235111912768829,3.18373352305656e-271,0,1.81577385392778e-248,6.17363881822468e-21,8.74980402131897e-290,6.5214464193155e-32,969,"RGS4"
-15.2323232731544,0.0353445833946978,-0.00895434704930149,-0.525172744111326,-0.00704693403415992,2.6829899765581,-0.705123997551613,-0.00342497197225673,-0.00738548255972755,0.00224161389958051,-0.00902897414776242,-0.00805565172477796,0.00509791370559932,0.0628058602190629,0.151444904669528,0.00558974658224695,0.198861932909261,0.0122569154031864,5.24506049578594,0.963751373367813,0.00358009261203066,0.00704723284823728,0.00392649628960729,0.00815297387053249,0.00590072175818369,0.0067588516383004,0,0.815464437237548,0.109172501834764,0.00826882497984384,0.565335016447517,0.608982098433014,0.464385195828397,0.338733171691482,0.294639748714529,0.56807137288368,0.268101367201846,0.17219092362399,0.450694690852193,970,"RGS5-AS1"
-8.07009233670149,-0.00157250177469244,-0.00125923298762404,-0.183601691178744,0.000114513897188743,8.17385628763634,1.08384367379616,-0.0408405375144588,0.0201255810424361,0.00359358545520379,-0.0492682955041833,-0.0578456106652689,0.00197550005316112,0.0297003802906142,0.0672451764845979,0.00253327209537423,0.0845195388165651,0.00554060355669923,0.422925070027245,0.086618248524501,0.000328337644452571,0.000697235924691252,0.000384059058401557,0.000816886563473785,0.000604602099461958,0.000687043454462088,0,0.98134348645024,0.619134281547138,0.0298331338914929,0.983510394667834,3.18643337993252e-83,6.34808775611472e-36,0,3.30320332877017e-183,8.21443234196991e-21,0,0,0.00403561888212503,971,"RGS6"
-6.22610902353898,0.050784431600255,-0.00499316627934634,-0.0162157841723749,0.00935023580406463,-1.27652576543756,1.81542795499939,-0.00628240226139766,0.0142194721491629,0.00953413171406171,0.00459949460102433,-0.0194942265507244,-0.00515004286845597,0.0159306300119464,0.0358011380405136,0.00136846269364985,0.0466439111871602,0.00297023081734125,0.201166626032242,0.0439150304707944,0.000164471210166432,0.000357662688114343,0.000195908291929491,0.00040796523258568,0.000258315807884181,0.000348652219813734,0,0.156040623260235,0.000263528360790295,0.728102593052486,0.00164401313756651,2.21540023200442e-10,0,3.08894782436406e-319,0,0,1.75907292575371e-29,0,2.24378574616484e-49,972,"RGS7"
-8.52413446906343,-0.0190202375667903,-0.000952629458198932,-0.0174619141915811,-0.00477530627308386,-1.78183466856287,0.586984630458353,0.026840609477871,-0.020559771315782,-0.00215151572183582,0.0156746445601506,0.0031499551077244,0.00255355331861162,0.0183148576408714,0.0414651220685608,0.00158051152861897,0.0529086464210356,0.00342113892629159,0.348673531480709,0.067026787851845,0.000249393425518614,0.000539253734600768,0.000285408930078073,0.00063116389299725,0.00040468945816315,0.00052265648690977,0,0.646446391104043,0.546685060446438,0.741370530480358,0.162767637528363,3.21607023895228e-07,1.99693575238259e-18,0,4.69157820371806e-318,4.75912657624059e-14,3.80207116336491e-136,7.04697732339397e-15,1.03051496174772e-06,973,"RGS7BP"
-9.48263274541048,-0.106612195059791,0.00272381586950417,0.107593437600138,-0.00347916620286644,4.23339288900633,0.109627487043897,-0.00506028532407964,-0.0271767649504228,0.0186142197091294,-0.0197633855379466,0.0180666645220486,-0.00499218143302057,0.0308950363973802,0.0695542008470538,0.00265340476666998,0.0900999422842527,0.00595661240762713,0.406454689819008,0.0720832652490646,0.000279775665323371,0.000613479912862412,0.000302534713437503,0.000682993317812398,0.000428328704130146,0.00055056607918698,0,0.125326855717311,0.304638940775491,0.232416729954932,0.559163324397391,2.10883398609461e-25,0.128298691723771,4.0390915005814e-73,0,0,4.15869604417141e-184,0,1.21934303226456e-19,974,"RGS8"
-8.09948529402235,-0.0564119587068768,-0.000917808168777414,0.146700229853585,0.00375670879817107,4.51173152169436,-0.635454850154668,0.0245226875275486,-0.0256948989860569,-0.0097651883748237,-0.00735349483524905,0.0141956399413435,-0.0169107851194601,0.0412156408351512,0.091987385501867,0.00364891430523395,0.128839195636305,0.00791010939678212,0.269226585763296,0.0494824810262133,0.000187849439275101,0.000409390278895351,0.000212076947334472,0.000475018145783705,0.000307258795236149,0.000391022610809609,0,0.539706056869005,0.801405058686181,0.254857327163628,0.634840423219439,4.93996537826829e-63,9.53575453225916e-38,0,0,0,4.7016971493814e-54,0,0,975,"RGS9"
-15.7023365579023,-0.201836131152162,0.0139662955702546,0.459225036822779,-0.00607345279293609,6.05510790069505,-5.07713710045727,-0.0315328838749369,0.00493974675334382,-0.0166437279487162,-0.0119752062896733,-0.0139645027754766,-0.00247961162531497,0.0518842585748579,0.120630202873047,0.00440607154848864,0.158754088711945,0.0104747818164649,4.93260145936598,1.08009588200779,0.00432478016988111,0.00813470853101308,0.00517837617668432,0.0086974259686384,0.00697263178753154,0.00780038812556962,0,0.0942917222676351,0.00152552239103529,0.00381968254633012,0.562038275298161,0.219608861289346,2.59353030333041e-06,3.07181693103974e-13,0.543689501267214,0.00130862094271005,0.168553105302843,0.0452031362514287,0.750573605958385,976,"RGS9BP"
-13.2080411180549,0.425187983657083,-0.0097039230315181,-0.0328788866497489,0.0208115926026762,5.72792979727074,-3.23295873570111,0.0221333947367702,0.0282020716416622,0.0168321498023846,-0.0124385776365836,-0.0132791823705662,-0.0058739958901013,0.0484513924127018,0.108477593053382,0.00412258702675658,0.141116137426028,0.00914185431323651,2.29905295612756,0.486429494947044,0.00184158755452585,0.0037783975565319,0.00207189170613669,0.00437982224215431,0.00313647033364791,0.00369457153057122,0,8.86987342075651e-05,0.0185804518561425,0.815767862463178,0.0228150460607882,0.0127229989741901,3.0054236604713e-11,2.83569263907867e-33,8.39156633465377e-14,4.50883490285812e-16,0.00451173289924016,2.29777175966277e-05,0.111857554309148,977,"RGSL1"
-15.6222405180019,0.0632108073691046,-0.00155305178725831,-0.326410185124839,0.00465717657402014,1.70146760329803,0.296784349643192,0.0181994188080488,0.0347545557103841,0.0116857971184674,0.0218372627925601,-0.00597551077294941,0.0086992924554011,0.0770190541845533,0.186733865517288,0.00656216824818815,0.224618827065314,0.0144970731457983,5.5864243861877,1.20024148596576,0.00430493587651174,0.00809685974711872,0.00487485284623928,0.0100474015774335,0.0063834617553656,0.00834948895521527,0,0.734980802845287,0.812914769662147,0.146175516177789,0.748021371230557,0.760692263345026,0.804698863569696,2.36228439984682e-05,1.7679200240208e-05,0.01652275455621,0.0297484271122463,0.349225556187168,0.297460270313588,978,"RHAG"
-9.97035589377203,-0.0198266833586009,0.00239898923161169,0.0266039358659212,0.00229696982672616,1.77172521731044,-0.148634939043086,-0.00414282952989623,0.00733105079576704,-0.000928600827730409,-0.00690027614801291,-2.48768743882311e-05,0.000300967662231788,0.00937065027615478,0.0217951595533175,0.000807224727867184,0.027837459210955,0.00181229553150432,0.609845222182224,0.121140426284969,0.000452431098131983,0.000920196991504485,0.000533088538210813,0.00107619928873616,0.000726647101252302,0.00091197765327082,0,0.36298977914363,0.00295965377974607,0.339229702721098,0.204999192212096,0.00367012963833994,0.219836131106287,5.34497781578724e-20,1.62799521500538e-15,0.0815213797244349,1.43897765715059e-10,0.972689635250799,0.741387503826583,979,"RHBDD1"
-10.2901773640051,0.110295696829736,0.00136607075781169,0.0600712029914385,-0.000617527550426749,-0.651520642942499,-2.6043604436224,-0.0306163054915502,-0.0226781756804222,-0.00602264214186502,0.00798230933774606,-0.0123355799730368,0.00349783749055489,0.0314248239683903,0.070124511535027,0.00269268023641045,0.091608398807361,0.00577332851453803,0.429046365595836,0.0867292249949826,0.000340527713287664,0.000766227093086195,0.000382021720069226,0.000809275008251305,0.000570515943415056,0.000676970148594287,0,0.115752369700216,0.611925039632145,0.511992048677456,0.914819018374477,0.128880334530073,4.15066912608739e-198,0,1.62358545493743e-192,5.40160599743077e-56,5.99047159040661e-23,1.12029112706481e-103,2.38007711312268e-07,980,"RHBDD2"
-11.2576545342249,-0.0977427519735875,0.00613651103766555,0.083906670046943,0.00997941932057375,-2.45957328809486,-3.93674284895029,0.0120001186822922,0.0268251001663653,0.00292706611506089,0.00827453193513808,0.00478548172920994,0.000385131666949153,0.0323319820860005,0.0733962317889285,0.0027565105980479,0.0927021021424518,0.00619274786461501,0.796997917729967,0.1481875929779,0.000562513345572329,0.0012211719328172,0.000630341317557289,0.00140690071076075,0.000860735127298398,0.00115388571290173,0,0.182954354744207,0.0260015860088889,0.365400998544252,0.107077605050442,0.00202836539143032,1.68075999133047e-155,5.60467758695163e-101,5.99893593950642e-107,3.42355504637292e-06,4.06834999412565e-09,2.70144081713228e-08,0.738553624926785,981,"RHBDD3"
-13.2508329089014,0.24440544819935,0.00198013126923556,-0.155926893195255,0.0160169815340942,-2.76513526619841,-3.57134983522746,-0.0186733555420633,0.0274186023953274,0.0021155366616662,-0.0408704677958717,-0.0666792497155598,-0.00840244592443558,0.0872970787152438,0.199141170782897,0.00727138743166343,0.252693575855817,0.0158091186379977,2.16513530029635,0.385728980862862,0.00148430128255503,0.0032605378846485,0.00164481169328182,0.00362173771808579,0.00300425438241658,0.00296223524875762,0,0.21971081915428,0.785377349271185,0.537195685369399,0.310989334854928,0.201560264571435,2.06931652059935e-20,2.70075591804099e-36,4.12722547408391e-17,0.198377542960053,1.5605379273196e-29,3.84352380027922e-109,0.00456078133487918,982,"RHBDF1"
-14.9307042151295,0.0442335983472587,-0.000204758606043833,-0.288744715465068,-0.0132044676488712,7.79625163795597,0.386691534805393,0.00844749947004433,-0.00533888697731335,0.000305201013736218,-0.0106716939234172,0.0177894519158545,-0.0137043489891778,0.0488091902012537,0.116856154884932,0.00421773153991007,0.146781222296294,0.00969476439567138,4.43983998392059,0.850898413715701,0.00327746112539051,0.00613418085959148,0.00363101968167108,0.0071361848919047,0.00421711997093163,0.00579455044244344,0,0.705036670222093,0.961280233737908,0.049162752943886,0.173191422158075,0.0790925380761393,0.649504336881502,0.00995316393004638,0.38410892477354,0.933013654310168,0.134801197866347,2.4605420054738e-05,0.0180280782057447,983,"RHBDF2"
-12.0159155544957,0.0200014065098273,0.00257723967874327,0.128697027266155,0.00283420788798967,-11.1911817234809,-5.81833068668938,0.00176125284819967,0.0264269090058931,0.000479200111018889,0.00673127009125708,0.00121914150191187,0.00820503135906136,0.0283176542795087,0.0647029207451096,0.002441837222024,0.0836190509948753,0.00543724207484135,1.2257503566428,0.206693772428764,0.000786734126158819,0.00169316837834125,0.000898011518661415,0.00197129329876014,0.00121539998337166,0.00161470227963387,0,0.757225077347541,0.291219082075873,0.123782962181249,0.602186803990863,6.845751209297e-20,2.42895300867547e-174,0.0251761741463956,6.42561946369343e-55,0.59360199883288,0.000638647994626928,0.315823023152143,3.74561606121846e-07,984,"RHBDL1"
-12.3421008882134,-0.0292041915622592,0.00115926823217111,-0.171094726461187,-0.00595517559497011,5.52338955213693,-1.77619526128174,-0.00168788242062475,-0.0143303019196023,-0.00836006790711137,-0.0311337670394802,0.0094014071860064,-0.0147427555610505,0.0334877976960253,0.0776695586238259,0.00285970837272027,0.0995783522547389,0.00630555644156435,1.35170103702363,0.241234099998765,0.000941934799495196,0.00199147057214569,0.00100946389204542,0.00218758035706678,0.00139351977191015,0.0017472400267803,0,0.706912708208964,0.685198299267431,0.0857616034721712,0.344948424007806,4.38399729893071e-05,1.79886162734502e-13,0.0731439763830005,6.20777745971243e-13,1.21438487265948e-16,5.79522145130226e-46,1.51434568451748e-11,3.23534696432013e-17,985,"RHBDL2"
-10.9371656285695,0.0484483174426659,0.00323197540761504,0.0601120797655113,-0.0197441649401821,22.8595127091888,-1.69539319841306,0.0353744809069514,-0.0250985368414091,-0.0205204793910121,-0.0466350655050744,0.0397946164327015,-0.0471874503517499,0.0499702580981771,0.116238752380857,0.0043072752397095,0.149457852460633,0.00936587586118889,0.925649328242407,0.178510947146534,0.000682483180022267,0.00144973986799302,0.000754283363831204,0.00171584307961979,0.00110171276507994,0.00140640651064962,0,0.676824668133801,0.453042338205169,0.687536194730552,0.0350226909866396,1.19096405123226e-134,2.15157554203983e-21,0,3.78996897917336e-67,5.62701116500666e-163,1.14744688144175e-162,1.0741136446729e-285,8.47886352808509e-247,986,"RHBDL3"
-16.2580118921694,0.237610525451983,-0.00327763377622038,-0.22298806121385,-0.00393178050756803,-4.10859739295439,-2.12377228026977,0.0172190956765569,0.0369045845828448,0.00738034050169765,0.0101903559239109,-0.00484058116478933,-0.00352614226209298,0.0477411839817033,0.125238879242715,0.00443899137134519,0.155389514633875,0.00972154332742807,8.33910506587734,1.49002798080128,0.0057442877467554,0.00897119809017639,0.00675482087121897,0.012074218729538,0.00825331961120539,0.0104191129524477,0,0.0577938321857733,0.460287488652879,0.1512795648173,0.685889226899845,0.622231329449928,0.154063635763697,0.00272111657656467,3.89411221556465e-05,0.274567952920942,0.398682581080664,0.557538811617476,0.735039034835653,987,"RHBG"
-12.0577515629171,0.046228326596084,0.00238467913764531,-0.0183680563951396,-0.000759552156862144,3.32916771170517,-3.40094479339927,0.0029465167356555,0.0303621693903189,0.00458731411277835,-0.0122787859250583,0.00468781338592647,0.00140894303016155,0.0311758898737915,0.0706681099506556,0.00265285752141147,0.0890926966184471,0.00591508886730949,1.2458191125191,0.253498081755874,0.000960685141142577,0.00202163712582213,0.00109421831401293,0.00231049150196604,0.00149491852453743,0.00193278293806319,0,0.513008038149842,0.368700805237125,0.836659741744651,0.897825107073799,0.0075339520320663,4.86938452186621e-41,0.00216147030893862,5.54626996723986e-51,2.76115264791778e-05,1.07032246760807e-07,0.00171367324712584,0.466019301028214,988,"RHCE"
-14.5300663786425,-0.139012281897696,-0.00114471739894015,0.166873139016275,-0.0263936483234764,22.8395268367357,-0.692944454412219,-0.0220578728232773,-0.0527894755983837,-0.00694014267552714,-0.0750900548710308,0.0213342578215569,-0.0426003723955039,0.0606924187833392,0.142289720337771,0.00515168332350431,0.181126418502538,0.0119253706279212,2.93099940768074,0.669521567681446,0.00259453148505648,0.0054717451225279,0.00268543217781756,0.00547644454816517,0.00398038114344945,0.00464698615383465,0,0.32858576590324,0.824156174723145,0.356889874250114,0.0268814444425933,6.5746949922885e-15,0.300676143326582,1.86868582635159e-17,5.02956122048826e-22,0.00975578835231961,8.66946054258059e-43,8.32896955616954e-08,4.84960111497383e-20,989,"RHCG"
-13.4599628648613,0.158924621079661,0.0038714494765887,0.0564414431762876,0.0420002287713055,13.0286486688046,-2.15201755726491,-0.01220545632391,-0.0296270616106228,-0.00503166287696778,-0.0550559705359631,0.0145929182116592,-0.0145702299935671,0.0896306791981612,0.209865678370241,0.00751681563888976,0.24554797472514,0.0170692675121472,1.80916260106017,0.392523515066044,0.00161602532101432,0.00348185992985025,0.00164409318170612,0.00333954415288406,0.0021242189798179,0.00259464604798931,0,0.448889151081194,0.606526114486063,0.818201237644375,0.0138714216710179,5.95623727917558e-13,4.19312385094811e-08,4.26119849713474e-14,1.75476571799898e-17,0.00221005601424902,4.62014771065805e-61,6.43007470211492e-12,1.95996792764275e-08,990,"RHD"
-9.84327260212358,-0.0250185176641264,0.00165747609338684,-0.0441354739131138,-0.0014317225797462,-1.71161078995829,1.72414816399754,-0.010932629079653,-0.0232083707646207,-0.00571957891344051,0.00215437978469855,-0.0117505432486348,-0.0109381493228703,0.0186409501733653,0.041868222338012,0.00159625026697708,0.0550119961331813,0.00355311132836326,0.505896254697674,0.0883467911445674,0.000335582166670543,0.000734212655618005,0.000370570242721765,0.000831744937575304,0.00056249866070501,0.000677720074347031,0,0.5501376621207,0.299104331273784,0.422386281756906,0.686985759136539,0.00071614169225306,8.07788524266102e-85,8.37863319918647e-233,2.70136158098011e-219,9.58908835193566e-54,0.00959221804421538,6.61516764459749e-97,1.34350404468214e-58,991,"RHEB"
-15.3525819940283,0.298193810172072,-0.00614143758006509,-0.27668087084064,0.0182699943869235,-2.83404720075592,-3.23903653648951,0.00616677709400831,0.0116105821185002,0.0157482847474025,0.00320880238821783,-0.00326175211834253,-0.0330321714594328,0.0419651512133919,0.103617105500647,0.00373540534895543,0.128017239866042,0.00833284615544654,5.8655155971969,1.01635940957769,0.00397963804513806,0.00702468270787066,0.00465726562261,0.00856303558469935,0.0062867125787493,0.00729109953474399,0,0.00400403765754991,0.100152360826275,0.0306738551987399,0.0283414393198887,0.628974304755779,0.00143806126635981,0.121241778703672,0.0983661680279642,0.000721058241914023,0.707863357689245,0.603877406180794,5.88501759828752e-06,992,"RHEBL1"
-14.6443130387816,0.253030190612675,0.00238692735671375,-0.0433354789370049,0.00990827904115859,-6.13395444062645,-0.278574329451062,0.009371072987763,0.0297913613536266,0.00943611521236797,0.0134183048320332,-0.00643081529077082,0.00619537405703628,0.0603186592818726,0.140244177050844,0.00533441127049292,0.183893472580309,0.0115350757100378,4.40007033983921,0.808511286709015,0.00300396502451832,0.00589820303172958,0.0033867683533676,0.00719978438071516,0.00450749755887284,0.00588843798146979,0,0.0711981197020536,0.654544087260194,0.813700126861121,0.390357303885986,0.163300009603952,0.730431058593494,0.0018111648663892,4.39683417540262e-07,0.00533347551667074,0.0623625440691809,0.153668399357869,0.292742106489739,993,"RHEX"
-12.9382975034834,0.0120869347676424,0.00118082523645096,0.027534191502014,-0.000996808161450576,-1.17999533787748,0.193777251410638,-0.0143026474985045,-0.0162408177793383,4.77076898662989e-06,0.01722062755046,0.000731070838595126,0.00883596862005729,0.0149454287611797,0.0354331371052267,0.00130708190125032,0.0461640508206922,0.0029674982194711,1.66188514988933,0.308812914869233,0.00117961670266277,0.00222382067335109,0.00136357863723771,0.00257140875124911,0.00176087487474464,0.00220674161200377,0,0.733013605788973,0.366310617345843,0.550879805842557,0.73693979443039,0.477682911528955,0.530337589502342,7.802555703421e-34,2.81180971875328e-13,0.99720843738108,2.12796441829781e-11,0.678013959787612,6.22594540549747e-05,994,"RHNO1"
-15.9598762710909,-0.0794349359532334,0.0152116761250581,0.0690584859695394,-0.0447758277358668,11.8650192757646,-3.44241106484555,0.0169410355167897,0.00349075689248653,0.000222080763910153,-0.0303935935529684,0.0028017250149863,-0.0128913533776008,0.0609978170515784,0.152651532715759,0.00536249686640194,0.19307859716256,0.0130408012457277,6.25161583108124,1.35919550877928,0.00530754357869398,0.00948048013277679,0.00603610491993045,0.0111923650093756,0.00822375729524217,0.00970502746594107,0,0.602807277246149,0.0045585580592187,0.720590037821209,0.000595802318394266,0.0577076211490502,0.0113193337313269,0.00141350659863174,0.712720641497434,0.970650801065194,0.00661628073991999,0.733339426518354,0.184073392072158,995,"RHO"
-10.7873083835598,-0.0509522706674979,0.000922095553246857,-0.0183396177526833,-0.0054437293809281,-1.37446733730006,-1.48532033475057,-0.00622514337492528,-0.00899749644446399,-0.000697126873633282,0.00169571990292633,0.00145684986043024,0.00168833372172458,0.0177471514398817,0.0404448521668126,0.00152240102988522,0.0523825940716484,0.0033919805315577,0.665463448427536,0.117659240511823,0.000446928794765457,0.000965179609685656,0.000499438147258962,0.00109913544746624,0.000712553782894335,0.000902356757492144,0,0.207742894553316,0.544723909233664,0.726256895024973,0.108519718339104,0.038882450795835,1.55873645190341e-36,4.23919491348454e-44,1.1406493212046e-20,0.162768031290955,0.122885109393001,0.0408995169096112,0.0613413594834555,996,"RHOA"
-15.8350569232787,0.10626700363507,-0.00493998349160835,-0.35403955402349,0.00141001251212762,1.81271700574833,2.65769612817774,0.0205243293351531,0.0389663878806466,0.0020716839302678,0.043005313551927,-0.0120106369546931,0.00983501948959256,0.0332386125666342,0.0900320746369725,0.00301958060932312,0.106011998426802,0.00615592816507363,5.50657889865955,1.20774528413178,0.00449224741931098,0.00627163387709875,0.00533360505686632,0.00890656795076784,0.00604636883079884,0.00794962715654255,0,0.237871441724155,0.101843079675704,0.000838937701975859,0.818830412393396,0.742011216511145,0.0277683517032808,4.90446797922616e-06,5.19441211467617e-10,0.697704544830182,1.37569196015923e-06,0.0469865428968382,0.21602494487783,997,"RHOA-IT1"
-12.491347697418,0.287841889362693,0.0090319157718703,0.159128981341781,-0.010699647411061,-4.60103645906244,0.0998855763457867,-0.0390182391357533,-0.0783620704108088,-0.0224434358183625,-0.0122732355832138,0.0118622833215826,0.0187434580291279,0.0646004395637993,0.14196325357388,0.00561804580664783,0.202014211214574,0.0120545322157839,1.24983645502144,0.232390655259048,0.000941891458868965,0.00208230397117354,0.000988065921545656,0.00219785831855216,0.00137325473379972,0.00177355801465542,0,0.0426031062636541,0.107909341813828,0.430865291959987,0.374753962044866,0.000232037930590512,0.667328383459666,0,6.35164916032259e-310,3.22017320759544e-114,2.34805962015728e-08,5.71659224760166e-18,4.18091252474645e-26,998,"RHOB"
-11.2414727162669,-0.0554712679953764,-0.00301247159489944,0.0195822743201651,-0.00177751903173071,-4.96447310660403,0.179189961404346,0.00116422933539614,-0.0127227002375065,0.0024512011489623,-0.0104190146992495,0.0167502644570898,-0.00446636518412869,0.0318884105620468,0.0713279143160316,0.00271818641690869,0.0917215190860028,0.00602887485716702,1.20908172054719,0.195633643601862,0.000751980354734379,0.00159098899586519,0.000826665534801126,0.00187392549870967,0.00113464841123796,0.0015147561983063,0,0.436749620348985,0.267747271068832,0.830939284960737,0.768120471305559,4.02593160380227e-05,0.359694928555002,0.121569878447554,1.27772983853188e-15,0.00302518914978971,2.69783784701461e-08,2.55568900008714e-49,0.00319247489645221,999,"RHOBTB1"
-9.32876585765974,-0.113393427558203,0.00647572264930371,-0.0356638021933647,0.0061935422455931,-4.38565799036641,-2.87139090155199,0.0329419886311322,-0.00860023692583041,-0.000765018483388156,0.0142589573331133,-0.0209389355742682,-0.00921316495531217,0.0591796542894265,0.130215783175289,0.00502676049047148,0.171244790602699,0.0110525071477741,0.424519454629373,0.0755824739034284,0.000291221704814392,0.000638930572848154,0.000323924291286891,0.000739296168051757,0.000537796117546071,0.000605520770283375,0,0.383856975648724,0.19765905948563,0.83502431127054,0.575224078024068,5.10916571518017e-25,8.38661107899182e-316,0,2.67601271248592e-41,0.0181903743405718,6.87922113102272e-83,0,2.80040812295435e-52,1000,"RHOBTB2"
-11.2532175066916,-0.0190926413034693,0.00662339175675602,0.073293743035311,-0.0226889388423485,2.99923481849618,0.244047492248575,0.0329117387475557,-0.0501141191863246,-0.0173084636434492,0.0205688019875353,0.0386906775511232,-0.0884072382284448,0.0343211093720505,0.0781455703393208,0.00290978701045995,0.0979968523434533,0.00637510074194538,1.0214554634836,0.192601377205323,0.000719347294860724,0.00155639997735267,0.000792230727042267,0.00179723756606062,0.00113970435495285,0.00149698797585571,0,0.806981849802716,0.0228312754629717,0.454508799579644,0.000372279468819599,0.00332220928292621,0.205115289957969,0,1.83801489548656e-227,8.1647358640602e-106,2.500363142591e-30,1.30575305734523e-252,0,1001,"RHOBTB3"
-16.020889778084,0.393656881773323,0.00242477362410021,0.426668526177495,0.00651267443234511,8.66989727456131,4.79493903576958,-0.0777790800266962,-0.0607494011942274,-0.0131663854999688,0.00503342236918405,0.00781957744874583,-0.0449400400212745,0.154241489759429,0.348123665982725,0.012442183014025,0.470369836209205,0.0290687230490479,4.79399263628348,1.25037226862907,0.00473811706890952,0.0100056549517094,0.00536671808965877,0.00952135026024982,0.00565419915015259,0.0076587985316928,0,0.258140924284723,0.845484312028853,0.364358361033639,0.822723027593763,0.0705299626258168,0.000125661821035591,1.47888020178122e-60,1.2671566457236e-09,0.0141536390520149,0.597051142756028,0.166674626071271,4.41705194816806e-09,1002,"RHOC"
-15.3754463445602,0.23347628617686,0.00341292794440954,-0.245856596994036,0.000992973759958189,0.553852647641641,-2.17426120390527,0.023504428590043,0.0464966607047159,0.00904099402750718,0.0220452154254692,-0.00440262915343763,-0.0139308726373085,0.0328116443026259,0.0850543079642005,0.00299806585300043,0.105237708318391,0.00666735218197557,4.60226424663824,0.988595204629062,0.00371839205895808,0.00595687950344008,0.00445983087810043,0.00773956505965158,0.00520109828779153,0.0068179093185062,0,0.00605061051045025,0.254963270238065,0.0194806902130314,0.881608276922913,0.904211036092153,0.0278534517292094,2.59662436090572e-10,5.92473506602683e-15,0.0426413930759684,0.00439425445810312,0.397284653860778,0.0410250927230468,1003,"RHOD"
-12.7841174544009,-0.131335339846508,0.00355525058587996,0.026038859467307,-0.0131190671657276,4.37357717933986,-3.54796119555692,-0.00375986079517121,0.0106484507049235,-0.00977253109735507,-0.00954708908296324,-0.00375330552390492,-0.0185189492887616,0.0325171141015035,0.0753084532754567,0.00283414014974977,0.0963544338498619,0.00632066792159757,1.55135523019354,0.301592390429813,0.00115994036883239,0.0024714923903086,0.00130871506198073,0.00269823530649075,0.00182911860059008,0.00225128559304686,0,0.0811651163590039,0.209683170237197,0.786975324003984,0.0379325895671423,0.00481438475982224,5.97645463693932e-32,0.00118933334679791,1.64357738051965e-05,8.1874532033636e-14,0.000402755704354124,0.0401720982839835,1.93659433887452e-16,1004,"RHOF"
-16.035222878589,0.154840152231461,0.00175953205509088,-0.0785160851608969,-0.0196172363561271,0.471773721400324,13.8278642624676,-0.0634052589949914,-0.0895258247151141,-0.0224275460553875,0.0163552169565881,0.00450961066589475,-0.0126660935166736,0.221304370854565,0.525010391463555,0.0172192208182347,0.598408147118226,0.0428617822655133,7.02048365957979,1.42986081845933,0.00500878567490679,0.0110483817591015,0.00513126687146854,0.0118622911219002,0.00692489802363477,0.00947305428743018,0,0.768049045589166,0.918610480148233,0.89561057062941,0.647178069745315,0.946422800422628,4.01321764290711e-22,1.00005562843026e-36,5.35888273231413e-16,1.2381371290058e-05,0.16796968766155,0.514906478545183,0.181201276352808,1005,"RHOG"
-14.9126793809142,0.0726251747765881,0.00189545794226121,-0.277100844565097,0.00294004132907303,0.999315702221568,-0.100301836740077,0.00697050517938216,0.0289403813091579,0.00781660989284007,0.00719980587609709,0.00826167118873027,0.00294823972762247,0.0303365228367101,0.0771256645607596,0.00269469227182761,0.0940029491025687,0.00617661060142885,4.28807544531403,0.847558874869951,0.00320248409277445,0.00533271678382757,0.00376565758553593,0.00679129557664396,0.00419145587134294,0.00582536203176467,0,0.3463732380745,0.481803871236119,0.00320055598479995,0.634077298056711,0.815726252583439,0.905796657223373,0.0295109311225086,5.73255420888356e-08,0.037915944631501,0.289075434845602,0.0487153712786066,0.612783558092103,1006,"RHOH"
-14.9861264112321,0.463276161044535,0.000494645010291367,-0.119318018676073,-0.0305580023909192,-0.455549283427935,8.07662178738664,-0.0346077162587606,-0.0523400309156401,0.0223600270661461,-0.0155931317142027,0.0831747200212081,-0.00240609693004893,0.118585607962772,0.258962203899824,0.00949717516664984,0.337454749353103,0.0219142263997075,4.80432598951742,0.956161932867546,0.00360457156296799,0.00740093808747674,0.00391087118426283,0.008535876587016,0.00417745662473743,0.00688813193315779,0,0.0736193068501089,0.958462253550714,0.72365195829913,0.163185760409278,0.924457289355814,2.99092723323166e-17,7.91246425722438e-22,1.52627684036176e-12,1.08164312911647e-08,0.067733504697164,3.30841946871727e-88,0.726856203366426,1007,"RHOJ"
-9.74071880665604,-0.0181509355530863,7.92424032041981e-05,-0.0182204333195549,-0.0103716523266375,6.03869052409479,1.2891660861517,-0.0011732829859535,-0.027503959133729,-0.00305179298769483,-0.0110573486604244,-0.00677782863765116,-0.00162112194216732,0.0182156240865361,0.0412882534740752,0.00156106301371156,0.0549311178199929,0.00345119393330606,0.455776706716153,0.0850499444404584,0.000318891294927388,0.00068997600549829,0.000355165643289666,0.000790632980060328,0.000545913981573604,0.000650478615372601,0,0.660215974756659,0.959515313075504,0.740118804020816,0.0026537483714726,4.55854853550221e-40,6.73333728388228e-52,0.000233914577374141,0,8.50300318572293e-18,1.91295031575486e-44,2.15171808724949e-35,0.0126955002225313,1008,"RHOQ"
-14.37284266737,-0.00800421497698266,-0.00457790811461628,-0.119418030997558,-0.0167226861720256,5.54885923442017,-1.84249552306136,-0.0196700757820682,-0.0645334667134149,-0.00862370770406202,-0.0669336932185785,0.00150570473694781,-0.0225399574652781,0.0484465000293019,0.110711340405227,0.00410785103763419,0.149182468945798,0.00953528589250649,4.1093627222086,0.591440903083688,0.0024437666601664,0.00498800614951458,0.00253349019632014,0.00542675022521517,0.00387963277141024,0.00419775034112258,0,0.942364709663173,0.265095209829497,0.423431006445983,0.079470144246893,0.176920806160788,0.00183779323643888,8.34180310866442e-16,2.75661733492987e-38,0.000664348678392831,5.94008680404499e-35,0.697938358608308,7.89409498369854e-08,1009,"RHOQ-AS1"
-9.46196070029914,0.0151987882116272,0.00117772339609007,-0.0619424910662015,-0.00357054300521846,-1.22302378371162,0.69532691980776,0.003902153047915,0.00510197659879269,3.41486800708828e-05,0.0121633231857337,-0.00278581763622262,0.00761258304934604,0.00866252170335973,0.0198585588206918,0.000747106058798503,0.0255956124738032,0.00163504079258919,0.367279022849406,0.069031299619836,0.000254824032651569,0.00053310191656426,0.000287686623318481,0.000629686555808823,0.000402889876784006,0.000517195619483427,0,0.444061952298883,0.114938147741595,0.015518658108987,0.028979603923268,0.000868590310131306,7.29975237058861e-24,6.24850595831947e-53,1.06535338986471e-21,0.905512271264391,3.90435018447425e-83,4.69224002254879e-12,4.87074002708822e-49,1010,"RHOT1"
-10.6200508835524,0.036454246819895,0.00303209759097571,0.189086527382116,0.00378850348379838,-3.49729238862679,-3.24600790482949,-0.00124179528129229,-0.006223775810504,-0.00134284051031202,-0.0208764490377958,0.00101166980175965,-0.00545998885687658,0.0268021151001706,0.0608646521457006,0.00229275534454972,0.0788374561103866,0.00510564854937902,0.66124618655028,0.10259038848008,0.000404971884195063,0.000886053451431079,0.000436954410442471,0.00101253909571181,0.000670067713754965,0.00081118699745389,0,0.549213202308082,0.186012065712403,0.0164652908985358,0.458074013948768,1.23026236604628e-07,1.02562556654661e-219,0.00216672063103849,2.15367312102888e-12,0.00211789145331478,1.89537483278434e-94,0.131093867959307,1.68659272799943e-11,1011,"RHOT2"
-14.9931040560101,0.196683802860234,0.0240387906226768,0.589115832005697,-0.0296609895103676,5.11240580777648,11.6893958583308,-0.0597725796059992,-0.0624590115407915,-0.00980049422620353,0.00324037008485745,0.0210334888156105,-0.0115452816675181,0.171520633082932,0.359600309298667,0.0132639047941187,0.472274399315955,0.0322084353361855,4.23511048949397,0.88433879000397,0.00321983328315286,0.00685768561787606,0.00349485283401605,0.00753039516682589,0.00392907013648422,0.00581181254365229,0,0.584412293079899,0.0699326832198316,0.212250287433925,0.357098725067562,0.227375093037931,6.88630362782922e-40,6.29938524841242e-77,8.40035882498193e-20,0.0050431402880252,0.666973462768559,8.63647692462647e-08,0.0469756179006711,1012,"RHOU"
-16.048816723335,0.175796343202723,0.0124252470506341,0.345107018018632,0.00485698725339205,-5.83112640294372,-6.09384760713438,-0.0210958935667412,0.0139336317518839,0.017110181348809,0.00351612802903219,0.028181321958582,-0.0045916907903402,0.0529301549080246,0.126549212283731,0.0046877714924417,0.167677787887617,0.0108693452909724,6.55804519287806,1.29980182123656,0.0052049705059141,0.00913389740143847,0.00634298579724396,0.0104067666391265,0.00618222599803891,0.00906516542030586,0,0.164785929120684,0.00803570600022718,0.039575176356793,0.654982017995096,0.373919150141306,2.75497709789324e-06,5.05588501787901e-05,0.12713794630408,0.00698630402915973,0.735461606080331,5.15343603850321e-06,0.612491405261095,1013,"RHOV"
-11.3758874341201,0.656147935743491,0.0179326878164298,0.619612408940685,0.0116363762133653,13.887030400998,0.251392264564394,-0.0157840334610571,-0.00698256670661756,0.0336217223404512,-0.0475846009747949,0.0351033155217913,0.00707080364429641,0.11122716751672,0.265966276292354,0.00963452963680378,0.370414245757403,0.0220985623517971,1.36222257688732,0.281538147618631,0.00105787494369733,0.00233963353267596,0.00123874963601825,0.00266955731918616,0.00176031383919903,0.00224164879007503,0,0.0136237293172558,0.0627027343170334,0.094375469271019,0.598494233822256,2.1005557939945e-24,0.371897691683968,2.42414205901223e-50,0.00284069811087674,3.17623841262122e-162,4.52873450581393e-71,1.7762234888642e-88,0.0016089077480667,1014,"RHOXF1"
-13.3135515492059,-0.856057362830195,0.00247750363602305,-0.0140957159514245,-0.0280904083524241,11.8725444283539,0.815862825145741,-0.0107321699510508,-0.00166553646791615,0.0348050393602932,-0.0335074082163185,0.0316186405261082,0.0150157432076764,0.136488591538851,0.310468400436601,0.0116818785571509,0.410993806487307,0.024997240139375,2.35140451300484,0.468397339322744,0.00171407069998843,0.00349953894120785,0.00196668197052785,0.00424042194997059,0.00254016958029133,0.00348914248476749,0,0.00582792219932947,0.832043899135715,0.972640586088149,0.261123176904171,4.43829256196039e-07,0.0815403302409828,3.81982609659516e-10,0.634124065398288,4.39585818825793e-70,2.74674394685604e-15,1.44380100556598e-35,1.68073306694832e-05,1015,"RHOXF1-AS1"
-15.5311310766708,-0.0559224789185436,0.00017581443303056,-0.0799985106226672,0.00219238055574552,6.88602004494295,-1.2999370328054,0.0109604093651813,0.0124357030285774,-0.000651089702009934,0.00276700946263189,-0.00541578321429697,-0.00320939362687322,0.0365429136590878,0.0936229948402596,0.00330187294905368,0.117995088949936,0.00747496705301454,5.28286585911327,1.08753760997582,0.00420887177841949,0.00688880442632897,0.00489469238686129,0.00858804677068293,0.00652280581225784,0.00765107364515772,0,0.550296665563956,0.957535203648929,0.497783298351238,0.769295643041643,0.192416749120121,0.231968644756183,0.0092110360417376,0.0710426352960767,0.894177931620007,0.747306406954125,0.40637806631481,0.674872888658875,1016,"RHOXF1P1"
-12.0965816346487,-0.000698675986820606,0.00431321880316235,0.0132286635343411,0.0051106395506597,0.255325979238614,-1.4302354983788,0.00797688920039859,0.0362501880145868,0.00245271797112498,0.00652376245058901,-0.00250018091570374,0.00871476705932467,0.0328882769003571,0.0767466086469238,0.00284786092394266,0.0947369485479337,0.00627045983425739,1.41658667541244,0.290776586331219,0.00106575210714276,0.0022167475374155,0.00124546080824163,0.00262652396774576,0.0016963668563953,0.00218777763846512,0,0.992736420635583,0.129887199770144,0.888947803996432,0.415052703341086,0.856963937228882,8.71320402378585e-07,7.168288593945e-14,4.14954855989487e-60,0.0489157024299167,0.0129988482936458,0.140523470972781,6.79397149387713e-05,1017,"RHOXF1P3"
-10.7200777037843,0.0250748056335709,0.00470442562495698,0.108228916962945,0.00303170409152325,-4.86417321779759,-2.14869250997453,0.0100201191453902,0.0352849599744171,0.00193560780271234,0.0192249649312176,-0.0107557398563124,0.0122015546988236,0.0261436007366445,0.060103156652588,0.00226952434379997,0.0777598301108842,0.00490697052751547,0.584485762752899,0.111946905829993,0.000409614589977197,0.000873164807528536,0.000465241868935015,0.00103475881226932,0.000659548377339351,0.000845245876667927,0,0.676534940104017,0.0381845150836718,0.163972120069805,0.53668330929533,8.6388097526031e-17,4.16573989106593e-82,3.72227121751821e-132,0,3.17644261143249e-05,4.73732949970127e-77,8.69585296641619e-60,3.0935219082614e-47,1020,"RHPN1"
-16.5393844332169,-0.168310965880353,0.0085422782225844,-0.0448051265905504,-0.00595089236810283,5.88535217056633,-2.10793668373772,-0.0167526785280544,-0.0107921101307642,-0.0202191715459031,0.000567791537856077,-0.0143188437525978,-0.00890503840630461,0.0483940007318248,0.12754917206237,0.00443431208125054,0.161562746584249,0.00991947561114885,7.97682203743282,1.60917893013516,0.00646084756375827,0.010180419350376,0.0081171574198296,0.0121429146200402,0.0107204395454804,0.0114036587159025,0,0.186976254575353,0.0540539007641278,0.781531810468522,0.548559515126349,0.460631964973428,0.190214276291497,0.0095155582776618,0.289105918554685,0.0127413609632352,0.962705241342414,0.181660994405177,0.434865370640782,1021,"RHPN1-AS1"
-13.4186465821646,0.0419277410928254,0.00214779978110531,-0.241948397496483,0.000696668523939824,3.66515638814439,-0.130310239304571,-0.00621526597480818,0.0362013624996215,-0.0195265417381985,0.00225592921146913,-0.0253932274296824,-0.00666927966294706,0.0365052631325984,0.085169135849397,0.00314843445141912,0.108531290641055,0.00706741439724154,2.09219336897942,0.4345333897401,0.00159458692285893,0.00326634103666468,0.00188039382938287,0.00377686818987529,0.00264282717114225,0.00318012988568903,0,0.622515782456173,0.495124985497253,0.0257942010608317,0.921475928309256,0.0798039254425104,0.764264536262599,9.7099419716402e-05,1.51441022041716e-28,2.9235764910414e-25,0.550306072019116,7.37156841800421e-22,0.0359783435422619,1022,"RHPN2"
-14.3742949652189,-0.207823259600828,0.010845944246767,0.144688875861517,0.0078527893960352,-2.40112306289558,-4.22580147801313,-0.0102890283789928,0.0138638250503881,0.00585165484073353,-0.0163147845042449,0.00522924453639039,-0.000237369059500888,0.0392591044157753,0.0918975391350655,0.00338625856038409,0.117251079105514,0.0078493577153852,3.7636264069545,0.661020615482124,0.00260358008428715,0.0051154990898303,0.00296094498352905,0.00584332071986053,0.00387969932853991,0.00487090682338237,0,0.0237303489192398,0.00136037724252322,0.21719958559576,0.317098978520428,0.523485888481896,1.62828682497479e-10,7.75405796106686e-05,0.00672505981006349,0.048123131273042,0.00523768996758693,0.177707312699544,0.961132869239471,1023,"RIBC1"
-13.5768180121387,0.224058119296091,0.0334863591110823,1.27111953956262,-0.00865699087668028,1.32376667843743,-5.13236918099529,-0.027544907087765,0.0360960797440141,0.0110965685305559,-0.0245026890250058,-0.0102055612112837,-0.00256256593693314,0.121910026678694,0.25866995253452,0.0110631129082135,0.333887125367274,0.0235453748826301,2.12297455691434,0.409068376656451,0.0017430388399502,0.00386765191984989,0.00188473882718024,0.0040837763394218,0.00276652408246392,0.00339353471641135,0,0.386384295199338,0.00247118340045861,0.000140643584106343,0.713117320559208,0.532927520946857,4.15564132837358e-36,2.97564336713283e-56,1.03095706362038e-20,3.91868967996125e-09,1.97308308225517e-09,0.000225183959137369,0.450169911828738,1024,"RIBC2"
-9.45203369908299,0.0082080830930119,-3.14393213433926e-05,-0.0418280012508273,-0.00185650105293855,-4.38975410932723,0.517285194384062,0.00409535599083094,-0.025742503324817,-0.00585169386476996,-0.0119898499307784,0.00188273780242814,0.00293353890014059,0.0258941528900123,0.0580461587543336,0.00222360748038346,0.0771494048218208,0.00481988107082576,0.463441978780048,0.0765869017065663,0.000291229235296703,0.000626389986890029,0.000318277053918152,0.000737412356448954,0.000470495269394537,0.000591073233392709,0,0.887549106146312,0.988719181074796,0.587702217445857,0.700107247568316,2.74356354252082e-21,1.43600391143638e-11,6.47374008772779e-45,0,1.71539590479583e-75,1.91743123269444e-59,6.29133718229613e-05,6.93869141500504e-07,1025,"RIC1"
-9.52069166981614,-0.0439907856574747,0.00104542515819484,0.0525872220323523,0.000382375370897257,-3.29016054568666,-1.35413430946866,-0.00481292371428864,-0.000946009546342019,0.000406702096409103,-0.00771496050620626,0.00525503654043548,-0.00284745439850747,0.0178580823163786,0.0401646524135525,0.00153107283798199,0.0529312781242069,0.00339112257421314,0.394323342032437,0.0651434727033597,0.000248546070911631,0.000540144478087846,0.000275435112157491,0.000625344404816402,0.000389184016576771,0.00050369194711753,0,0.273402217834829,0.49472966980285,0.3204663760922,0.910222610714476,7.19322154142655e-17,5.6805164844e-96,1.54403128725468e-83,0.0798768713001747,0.139788140719792,5.71511614919645e-35,1.50740496732404e-41,1.57518662621317e-08,1026,"RIC3"
-15.9124779131123,-0.0449732089830139,0.004620724108742,-0.0351479076942086,-0.0170237093763902,0.549508146027042,-4.44131200982793,0.00321783379239608,0.0140091719564142,-0.00393196765510499,-0.0207546040040272,0.0137489124606929,-0.0128227712138955,0.0342316650421472,0.0953255911437142,0.0033166740273995,0.120073353361611,0.00726946573063105,7.02222083038269,1.23876106868361,0.00505543364196965,0.00732311878160074,0.00614952558454037,0.00969891928715995,0.00671205977631898,0.00869537155550519,0,0.637080071681723,0.163565349047113,0.769735954119758,0.0191904686015177,0.937626995965322,0.000336709744572936,0.524444100659763,0.0557472530764071,0.522566874019329,0.0323637940475022,0.040521854053086,0.140302286275667,1027,"RIC3-DT"
-11.6948300236264,-0.0660189088123691,0.00377767710264611,0.0893342920858922,-0.00105122678150601,-2.87191524567183,-2.68482203056506,-0.0046656860168792,-0.0170010634961905,-0.00258513965746757,-0.0109103620883527,0.0112704657652474,-0.00757932894517459,0.0204887295453883,0.0468063148126832,0.00176995658132599,0.061302630517457,0.00388200108814106,1.05329653859292,0.172513293866007,0.000676435365857199,0.00144048696639594,0.000736334859125273,0.00161766018744094,0.00102039169335864,0.00130528561925223,0,0.158400911128376,0.0328155150352421,0.145042730063614,0.786548646858675,0.0063991129378604,1.2989417355785e-54,5.29404666262511e-12,3.79773781784458e-32,0.000446725618081034,1.53520276078785e-11,2.31162729488911e-28,6.37374463854136e-09,1028,"RIC8A"
-7.40767006522046,-0.00526144686485732,-0.00204660207975525,-0.00419412514683873,0.00812721491426134,-2.27054874965097,0.923183068131668,0.0259037901808522,-0.0279784256107405,-0.00913729308438011,-0.00218487025459369,0.00310770218794257,0.00224439492747503,0.0229253931363727,0.0512124508811577,0.00197418134503491,0.0680474102277354,0.00438217810931326,0.262230904019646,0.049749411195524,0.000188022865208364,0.00041114497490932,0.000216139158111113,0.000476427919701314,0.000305657711269258,0.000395664228634488,0,0.918171191190963,0.299883182682204,0.950853234570593,0.0636524748396612,4.77653555350966e-18,7.20427081373002e-77,0,0,0,4.51946570381775e-06,2.77600887811761e-24,1.40750141463235e-08,1029,"RIC8B"
-9.11566476625766,0.0530429752224893,0.000221636112974672,0.0130150831546183,-0.00338208000787747,-2.57427368879084,1.38766950002654,-0.0111289660835617,-0.0139568720743018,-0.00296340084678403,-0.0069335800382949,0.00889087359402112,0.00692571154519484,0.0231764929874822,0.0520421172685344,0.00200632102398854,0.070346630878016,0.00433846899685988,0.370277738319037,0.0655358530142481,0.000245273565170035,0.000531594843124675,0.000274620347720016,0.000618750207806697,0.000377157115416642,0.000501793874071028,0,0.308092984425781,0.912037498699481,0.85321837150118,0.435652199424438,3.59434783805175e-12,1.65149407590931e-99,0,6.31402733031135e-152,3.80047216377235e-27,3.81964886985751e-29,7.22677580741737e-123,2.48204607554614e-43,1030,"RICTOR"
-11.3764826946003,-0.0704750749612414,-0.000535342490533882,-0.00410035545779238,-0.00645229372138463,-2.64938562989256,-2.47126713361666,-0.0038356186442439,-0.00260900603600064,0.000940597015740995,-0.011514992839924,0.00967444644475826,-0.00444524417733774,0.0263363747106584,0.0596423112441345,0.00225233013073013,0.0783064682458411,0.00509819614111775,1.02116352250345,0.171161940130721,0.00065624188412185,0.00140172534525131,0.000735773801151832,0.00162575241011464,0.00100937504003768,0.00131381447433296,0,0.237353005560975,0.812126312797608,0.958239517839839,0.20565515379588,0.00947348553514806,2.97591183881385e-47,5.07102595269266e-09,0.0627043756084075,0.201116189100451,1.41199208036635e-12,9.28251127191267e-22,0.00071577550885419,1031,"RIDA"
-9.39022786786787,0.0330776253666007,-0.00322240824210046,-0.193121677160726,0.00746900338365941,-1.67975197423712,-1.04926071804859,-0.00564755005047547,0.0157505539636533,-0.00501275307202725,0.0134181254890694,-0.00758510523641908,0.0314494678575241,0.0164611106070752,0.0369409767580248,0.00141615069444283,0.0483555759330507,0.00309659670075355,0.346234165506215,0.0681492135104341,0.000250411100123945,0.000539155910680323,0.000289588006111576,0.00062781615763154,0.000403864063069436,0.00051965354922623,0,0.370563539693631,0.0228777579040579,6.5027380841658e-05,0.0158651109127909,1.22536706492272e-06,1.72718094938524e-53,1.25161823532676e-112,1.31221993112135e-187,3.95778265124211e-67,2.39861017483568e-101,1.07351990646918e-78,0,1032,"RIF1"
-11.7053208732581,0.00852139573223358,0.00408510160261608,-0.0695998955912625,0.00509274589773126,0.0539434263562749,0.476629011042662,-0.00713227991782527,0.00166083003467638,-0.00134648754543895,0.00477408369497485,0.00608681798713393,0.00465371171052218,0.022118593208657,0.0507109826942037,0.00191987756300368,0.0654115371065238,0.00424664485037222,1.20016450997287,0.232047996737089,0.000871187278561897,0.00181514435103086,0.000999971509501459,0.00209762194592172,0.00135195539597166,0.00174399768704541,0,0.866553017965217,0.0333542688811539,0.287314709404032,0.230434681116912,0.96414979841302,0.0399746799519739,2.68151156323385e-16,0.360199452564385,0.178132970598076,0.0228489730764433,6.72432531276407e-06,0.00762097832806809,1033,"RIGI"
-11.9900731098819,-0.0790706970571755,0.00585641343893889,0.12173713848223,-0.0106164154145538,-2.3810732493525,-5.35531123986568,-0.0156780506329803,-0.00250272582724814,-0.00180669819168184,-0.0331743022564978,0.0104304034569632,-0.0152302286394334,0.0223141130857465,0.0510725673528271,0.00193375587075531,0.0675831665161392,0.00434334940917214,1.21137619846741,0.198720561799459,0.000797181814839936,0.00169779514820423,0.000883568897524913,0.00186803582170828,0.00119294697221619,0.00150734863422816,0,0.121573452618472,0.00245756866745273,0.0716565853599753,0.0145136632514703,0.0493455790959802,5.86763258681469e-160,4.14806159178352e-86,0.140453717280336,0.0408772019183261,1.47031643230937e-70,2.26213371648076e-18,5.30417335066798e-24,1034,"RIIAD1"
-14.0912813693143,0.0308214621270324,0.00835385794091508,0.172507376347504,0.00344016512532405,4.4708264956192,-4.42602672360978,-0.01636197814075,-0.0235484139751788,-0.0133981697716837,-0.0245158360670044,-0.000585891683393411,-0.0116870469017498,0.0283253708994119,0.0652945914122152,0.00241530667865728,0.0842015462786395,0.00559099071771638,2.75519832817727,0.525295053170406,0.00212675820950481,0.00415267981502412,0.00239015204505231,0.00448094297963508,0.00338851172818949,0.00385284631224938,0,0.636900389086212,0.00054275847229572,0.0404871965287366,0.53835324746351,0.104656177618815,3.58318986917855e-17,1.43288058895168e-14,1.42252719026941e-08,2.07568115320543e-08,4.47166950487392e-08,0.862725854824201,0.00241851681110676,1035,"RILP"
-10.3547118805124,-0.00427820019738173,0.00391363858127345,-0.0289099750951059,0.00031723434975553,2.45524250084939,-0.104330275269289,0.0204747626877681,0.0339150153910189,-0.000566902443471761,0.0223742098638,-0.00912390124029916,-0.000974103216839419,0.0300205114032802,0.0682135475480615,0.00257991533440302,0.0879766958223974,0.00562515368465757,0.517036123120826,0.109565603404629,0.000398498228092216,0.000842589205551012,0.000450811756567002,0.00099704888078799,0.000639590714484639,0.000822495619950423,0,0.949991263047486,0.129275783630053,0.742450891737379,0.95502660080431,2.04741945880816e-06,0.340986732458833,0,0,0.208567293242339,1.58687804475269e-111,3.604615967133e-46,0.236283911015695,1036,"RILPL1"
-11.9573108207065,-0.0719245768108698,0.00453782965989114,-0.0939369405292857,0.00437198256271304,-2.81506126871949,-1.0934508512494,0.0238881650779275,0.0460127537037885,0.00915192410629881,0.0368952262012976,-0.0115459711038335,0.0103218704067804,0.0413771970504344,0.0942572389204614,0.00352608116350607,0.117485091985409,0.00799400953635426,1.16769806344023,0.240121679260488,0.00087397133840851,0.0018334125309365,0.000999961695026068,0.00220555041241439,0.00140472355131959,0.00181806005734398,0,0.445423513519939,0.198117696324989,0.423963006083619,0.584442386632117,0.0159185171094252,5.27013658358348e-06,1.72498626525905e-164,5.39242122082959e-139,5.57471262936743e-20,8.14596457756599e-63,2.04540393094499e-16,1.36750287693936e-08,1037,"RILPL2"
-9.34454447853913,-0.0239313912584833,0.00604842783736766,0.158475856781537,-0.00733228938592418,8.02181476460009,0.089606686203959,-0.0128749448257977,0.0102980040007859,0.00698326604501634,-0.0176287999200131,0.0142982015385026,-0.0256523561115495,0.0225870046395159,0.0515700180902722,0.0019453434234772,0.0671479369335064,0.00422437455149581,0.377464306742405,0.07721974381644,0.0002881313468088,0.000625347748729735,0.000330916393526174,0.000712527765972668,0.000454749320875432,0.000595400486518193,0,0.642607417049348,0.00187605762349198,0.0182700014489162,0.0826151146702555,3.16930175416266e-100,0.245881267561382,0,6.26639300469374e-61,7.49459128543763e-99,3.85485678769115e-135,5.40962547996213e-217,0,1038,"RIMBP2"
-10.4192427367334,-0.0373434652321676,0.00211723702440547,0.0687965604573909,0.00184734896958372,3.7346700839115,0.264332101806691,-0.00940498660230628,-0.0119375474343561,-0.00153834302384184,-0.012958967775885,-0.00138502639761297,-0.00346669951652438,0.0269433825187326,0.0606090646984411,0.00230555992379833,0.0778928514855266,0.00511071906621173,0.608034654057667,0.11120330379031,0.000425940305364192,0.000933216069845851,0.000467020323698876,0.00104449970803378,0.000692172729353788,0.000855503393954321,0,0.537804344206639,0.358452441247106,0.377117166835321,0.717751440275688,8.13866017953894e-10,0.0174533014988162,4.8637794863253e-108,1.82118620640877e-37,0.000987889946781466,2.39859318173635e-35,0.0453941389422826,5.07309947211017e-05,1042,"RIMKLA"
-9.43402801381259,-0.0139970172898352,0.00214160210037429,0.0512736021735396,0.00398370610331816,-1.46003648188386,0.916323033529589,-0.00542947177604227,-0.0043430735373703,0.000215122022503289,-0.0038412997864771,0.00775032002869971,0.00144677667570337,0.0233808956143823,0.0525992722574097,0.00200651642707645,0.0693652693583029,0.0044850487028248,0.386683809501179,0.0668855995740719,0.000252739299589192,0.000549322695965025,0.000276237821661822,0.000633885838848957,0.000388096769242149,0.000509955765067112,0,0.790157056699165,0.285825787820256,0.459796107432067,0.374422884908767,0.000159501958604746,1.01726866768887e-42,2.26961561265236e-102,2.65293215046743e-15,0.436123116892522,1.36186176340371e-09,1.00310751206416e-88,0.00455306149958418,1043,"RIMKLB"
-10.9553429537282,-0.021492113916193,-0.0019050934922865,-0.0375171126701185,-0.00891127487402527,-3.07332543628208,-1.54229467710008,-0.0212365584008469,-0.0141180071270717,-0.00177577900170174,-0.0149414063709852,-0.0027590224688262,0.00062241610389927,0.0246930956513318,0.0556586650444477,0.00211025111070408,0.0735908099330211,0.00466947591353554,0.775183303752785,0.12795873806154,0.000488876132429142,0.00106013086336857,0.000548423992309315,0.00121199742943088,0.000802194362938613,0.000987004230304818,0,0.699391962596174,0.366642417650333,0.610186656068344,0.0563382358130508,7.35057217392777e-05,1.86875115591308e-33,0,1.83799912064139e-40,0.00120384570005243,6.40801480171424e-35,0.000583125481945003,0.528294653405142,1044,"RIMOC1"
-7.11644859741113,0.0285515495758828,-0.00173831392904989,0.0845550974819546,0.00563964380687029,-1.94919130804517,2.0750811590098,0.000388622501146072,-0.00963312615476813,0.00352025495481115,-0.00113499859479388,-0.00662792785072417,-0.00539544698921807,0.0128715922907283,0.0289487477766418,0.00110058050520619,0.0380641733419477,0.00243021857587337,0.22779961585987,0.0460481904757007,0.000172760392362391,0.000375582801894933,0.000201387423925535,0.000431648425471024,0.000271839573570879,0.000360975939264981,0,0.323996093631139,0.114232449535967,0.0263250494010811,0.0203066955300103,1.16240071803458e-17,0,0.0244814390820654,4.39694642269016e-145,2.03449715630549e-68,0.00855227329975919,2.67027179714766e-131,1.63334852623556e-50,1045,"RIMS1"
-6.34872256605766,0.00787387085584331,-0.000561724679930098,-0.0201322048975423,0.00134523947428346,-0.908041541523647,1.65263000235094,-0.000216687803935981,-0.000446494033314687,-0.00479464871990105,8.87128176455236e-05,0.00820756300752944,0.00301484748603953,0.0137635874694967,0.0309524725378966,0.00117603364967397,0.040207415369222,0.00257716093110748,0.189271526046773,0.0403018457407238,0.000149279815668466,0.000326661254992165,0.000178506554259123,0.000375167042675839,0.000248421823818944,0.000315736762711644,0,0.799197486055419,0.632904054271239,0.616576109679652,0.601680740563718,1.60609941789617e-06,0,0.146625488601067,0.171675113062845,6.48209246402807e-159,0.813074049390199,2.25186045349064e-239,1.31446917273832e-21,1046,"RIMS2"
-10.8994962502664,-0.0983864679131466,0.000481459007023043,-0.0612036573324179,-0.0111724955910437,-2.23926473163586,-1.1206103784439,-0.00337420503974632,0.00103264708941352,-0.00453033019210471,0.0155617993362219,0.00325680875716013,0.0420813405984672,0.0376206273455127,0.087108666376538,0.00331497336280005,0.110962498858374,0.0069625839677828,0.650553233987145,0.126786343176358,0.00047239300781112,0.0010161869926568,0.000529737816244009,0.00116726652458821,0.000709929114458492,0.000963964208018362,0,0.258700380371368,0.884523224951129,0.581242551447801,0.108571318450714,0.000577231767098553,9.69486868652619e-19,9.14539041836737e-13,0.309535155544799,1.20949265670677e-17,1.51143237048881e-40,4.48558365367284e-06,0,1047,"RIMS3"
-10.3260660612859,-0.115582233414899,0.00462987560540644,-0.0160618132337209,-0.00254484638847596,4.38957861433436,0.471566659567483,-0.00320186171697418,0.00359205015172501,0.00727739826212524,0.00315198758446312,-0.00765844921655742,-0.0164855570469385,0.0548010693455239,0.1241379228896,0.00470461607993303,0.155866529293472,0.0105447596512804,0.53805183089651,0.105732920876676,0.000401021018891161,0.000888195117393252,0.000439393932711731,0.000980486769573458,0.00065965452177732,0.000805413588776052,0,0.351812615966743,0.325059771678253,0.917924472317795,0.809293515345062,3.3982313089777e-16,8.19674928458086e-06,1.41351670728557e-15,5.24991971082563e-05,1.30389237193316e-61,0.00130573136097553,3.67525254352523e-31,4.11613784730311e-93,1048,"RIMS4"
-10.9841951516615,-0.0566266960728225,0.00646190012946657,0.0877464086248591,0.00826173325856251,-0.897853254557792,-4.67107021722552,0.00401752751074044,0.0161436729173211,0.00619727574215208,-0.0075356088858971,0.00833159319417659,-0.00935793968849764,0.033662592574971,0.0760092640963091,0.00285165183702478,0.0984577574668901,0.00632640590728287,0.670301640414348,0.125985923419022,0.000478337550731748,0.00104784754979748,0.000535718519860532,0.00117631553599152,0.000729685175070601,0.000961373810521006,0,0.456273355726993,0.023450158013289,0.372817225616845,0.191582277375729,0.180415619521698,6.81407353210038e-301,4.50533966036572e-17,1.4799319041266e-53,5.97526615282035e-31,1.49277477907603e-10,3.39711011682977e-30,2.16092278290038e-22,1049,"RIN1"
-9.83855949845986,0.127581981844314,-0.00999764725383368,-0.360124847029388,-0.00430221774850774,5.6903795348551,0.00419176604209245,0.0228693434695479,-0.00282191792322442,0.0211489857218954,-0.00943903217459322,0.00675709969777213,-0.0216671541848184,0.0314741337314607,0.0716331802881399,0.00265083032035043,0.0887422012318649,0.00577579540132885,0.631613314956338,0.125080391063488,0.000464562453490797,0.000987470520896649,0.000534378390478368,0.00117108212548554,0.000760939155288291,0.000969921862410359,0,0.0749049531019116,0.000162259171830552,4.94732969406923e-05,0.456350205000944,2.07418706781564e-19,0.973265837711196,0,0.00426691736946128,0,7.62357170898177e-16,6.6891966893869e-19,1.54214125222268e-110,1050,"RIN2"
-13.1371811432225,0.0846926486788729,0.0114210296809779,-0.0770704463582436,-0.0260703026756965,15.3586560116099,0.336263451211174,-0.0291262351323152,0.0353882744796517,0.0393862964688825,-0.0355065351517173,0.00987297297981231,0.0246793526654224,0.0565135001520466,0.134435104419988,0.00489536249263859,0.167367171660997,0.0106822639957975,1.80992627795458,0.424710872239177,0.00154241653794752,0.00321472735405419,0.00182975661148411,0.00371599864336149,0.00239279921512552,0.00311878332874444,0,0.528701724335326,0.0196465480553312,0.645166530808401,0.0146660435555582,2.14256343766228e-17,0.428508359324306,1.55880370289163e-79,3.49009750337441e-28,8.99833470504217e-103,1.23529937256651e-21,3.6893730351737e-05,2.50987484915744e-15,1051,"RIN3"
-10.5537234534884,-0.0290968699122139,0.00467906557354916,0.115262389908911,0.0058632509130544,-6.85652322556922,-5.6922041269661,-0.000597082105773741,0.00452902493215594,0.00250913512752628,-0.0144470035974241,0.0094152749239665,-0.00720652529502736,0.0164132305007077,0.037366759505479,0.00140820481153868,0.0488835416181475,0.00309726327304117,0.612873959044466,0.0994579612900684,0.000386338898443439,0.000835603202305427,0.000435393177365999,0.000956692012727448,0.000596792123703094,0.000772461879311283,0,0.436166322579151,0.000891454161839663,0.0183787574051478,0.0583522219572397,4.69520660704435e-29,0,0.122228285355586,5.95768666247093e-08,8.26720253282235e-09,1.59502310339218e-51,4.51733931802538e-56,1.06576724809185e-20,1052,"RING1"
-12.5236347779784,0.0408440655736837,0.00789416117162102,0.121797924426062,0.00747919161444905,-3.09750033033702,-5.38474862666328,-0.0136876579859608,-0.0192296158606703,-0.00798214843802115,-0.0276016893116602,0.0152702655213376,-0.00372345687390149,0.036160512577014,0.082739461007818,0.00307142844286783,0.107460895836185,0.00693384200927304,1.50743543031368,0.258282441470201,0.00104374325138942,0.00227491073012834,0.00114762990464735,0.00247246598629117,0.0015482238591974,0.00200191661529028,0,0.621555682072632,0.0101642130093377,0.25703949768961,0.280743594384005,0.0398969155112836,1.57949949497428e-96,2.73738425086956e-39,2.84130480614251e-17,3.5172958479081e-12,6.14326720577059e-29,6.01708656999929e-23,0.0628931611509775,1053,"RINL"
-10.6558982985504,-0.0467993933084916,0.00306721984782259,0.100466944823022,0.00367792030659916,-5.28019951822802,-0.686681940600459,-0.00179592669952274,-0.00874827520425731,-0.00147972338432536,-0.00366706561649693,0.000464206876680544,-0.00101479886924323,0.0303764105545374,0.0677895508426042,0.00260517958375228,0.0902972446374866,0.00584659861215623,0.708286824372278,0.110662929942931,0.000426454269534566,0.000929419139506233,0.000459840258149189,0.00107682200194167,0.000687918383127883,0.000857921971234794,0,0.489965979177041,0.239054051398585,0.265869647219798,0.529303171804422,8.99436542157234e-14,5.46389139761455e-10,2.53905725966735e-05,4.83891245721507e-21,0.0012912948476279,0.000660546297733457,0.499803254439877,0.236865890456855,1054,"RINT1"
-11.6374798937452,-0.0903710308129892,0.00204091824570163,0.064065144008141,0.00572723632263796,-4.64752492702718,-1.15710176844673,-0.0140627268884706,-0.00282072489717029,-0.0122941207594885,6.36178593379417e-05,-0.00318168528124925,-0.00108328458444972,0.0286821924254207,0.064859829015121,0.00244028979803019,0.0845268759280459,0.00543715881131355,1.0938073351813,0.184855893378293,0.000706534803932865,0.00154068509772807,0.000787166854715091,0.00174166811443069,0.00112560540625287,0.00141864734619882,0,0.163520557483527,0.40296220994954,0.448495092744852,0.292180182165429,2.14781638144098e-05,3.8626325297738e-10,3.77222782043936e-88,0.0671266576045607,5.4738346642663e-55,0.970862173933835,0.00470386530687816,0.445103350447656,1055,"RIOK1"
-11.5761439497862,-0.051642144464805,-7.40653080679841e-05,0.0213762469698258,-0.00382447446675519,-7.05914713549997,-2.12453229132842,-0.00931975393189097,-0.011606167721092,-8.5388166514871e-05,-0.0103934042917472,0.00478755613817337,0.00310460504779634,0.0340538232455379,0.0766134311930664,0.00289982655131878,0.101727045342571,0.00660749103198929,1.14557332769858,0.17866303180063,0.000688510211560995,0.00149536242237718,0.000761231769032637,0.00173210746445912,0.0010955765390793,0.00139286808331711,0,0.500272380071785,0.979623215339675,0.833563580516577,0.562718140425059,7.17826390253565e-10,1.31376197443127e-32,9.57179687553774e-42,8.39695568427648e-15,0.910687783353121,1.96785391339597e-09,1.24305411465697e-05,0.0258185822173793,1056,"RIOK2"
-10.7421353803692,-0.0356356589328105,0.00380186879637422,-0.0414925325589903,-0.00864475059850859,-6.18453366496125,-0.42442326381497,-0.0121085032047487,-0.00851958232839585,-0.00012091215635768,0.00110577037397094,-0.00112643116324446,0.00405264777737805,0.0127535740600659,0.0292200951272166,0.00109189410765894,0.0377452796962065,0.00244645545011017,0.701801927356055,0.11856722784466,0.000449311042481935,0.000944982645259078,0.000503661947736911,0.00110081447003986,0.000708267722088173,0.000895718608582481,0,0.2226317212875,0.000497864978212049,0.271647091239771,0.000409969112085635,1.22534579559824e-18,0.000344120379152404,5.85331482239044e-160,1.95801767068437e-19,0.810279018948806,0.315136691431828,0.111743977617845,6.05483809878404e-06,1057,"RIOK3"
-13.169169706536,-0.031339287802265,0.00118750939714432,0.17264580838351,-0.0182082010354824,-6.01066047326485,-4.56940439533594,-0.02293024002487,-0.0246724953092219,-0.00258421682081893,-0.0300858946732844,0.00475700773176957,-0.0031292851855839,0.0328868030572066,0.0744364475025839,0.00281713763930164,0.0999488066528302,0.00629386421671018,2.15412272339223,0.333075539300954,0.00133494377344,0.00282794475063363,0.00145790039756813,0.0031225049552565,0.00213160713735329,0.00253529175808147,0,0.673739941206794,0.67336775486838,0.0841061943366345,0.00381571287490945,0.00526583292304119,7.83265047735411e-43,3.95262232936407e-66,2.67283003596946e-18,0.0763015433351494,5.67928418919301e-22,0.0256378974936018,0.217094872416011,1058,"RIOX1"
-10.8549551383562,-0.0405539372381131,0.00304004880909454,0.146746665286626,-0.0062843595811395,-2.70407167158768,-0.991843125989091,-0.0175737884529662,-0.00671216433147792,-0.00506012737216496,-0.01473208124418,0.00936887558273522,0.00430079983884897,0.0131217976696324,0.0300633536356166,0.00112774642988476,0.0385225588547815,0.00251223972794743,0.743717530948336,0.127026954470551,0.000488575233181436,0.00102664874148931,0.000540723014988937,0.00117173220086812,0.000723412230901612,0.000953942117640362,0,0.17735327930533,0.00702441200336504,0.000139321551895186,0.0123669568272167,0.000277027535539643,5.8042150943966e-15,2.51239757608374e-283,6.23733732829135e-11,8.12013990594756e-21,2.97573196481324e-36,2.32064522397167e-38,6.53031159906094e-06,1059,"RIOX2"
-10.7296982287469,-0.071325711185363,0.00533458526273954,0.0446582873818104,-0.00578261530963392,0.421046447537459,-0.834043172458188,-0.00796169786134827,0.0040908840691025,0.00221906750451105,-0.0100154075153975,-0.00503187569193361,-0.00262388603289645,0.0289579064070247,0.0657282839379855,0.00249027994422982,0.0825047070445997,0.00554855512058772,0.711398873241177,0.13041551734431,0.000498251837497677,0.00108421642190874,0.000556039333800199,0.00123172027805983,0.00080963967909292,0.00100897296056428,0,0.277850752513734,0.0321803772228977,0.588313437912896,0.297326384648695,0.553946308167969,1.60258064320705e-10,1.78236742805472e-57,0.000161215474274275,6.58379458378417e-05,4.24937266750071e-16,5.13387468237787e-10,0.00930740781170634,1060,"RIPK1"
-11.6101143640412,-0.0845078543229222,-0.000144449702752747,0.0587616217259001,-0.0300492069326961,0.153833371260869,0.531339918830704,-0.0207636003982089,0.00638126555904335,0.0188149055618781,-0.011697352213746,0.00336730880174414,0.0108077823908904,0.0624737231136091,0.143861368551938,0.00530621425534553,0.193152652141717,0.0116504088369509,1.0975812214841,0.210816093169395,0.000760959135219764,0.00162034978818116,0.000890692233780813,0.00193379065149718,0.00120618959961078,0.00158239199308346,0,0.55691788801992,0.978282076770535,0.760957441542714,0.00990178075470437,0.88853617585413,0.0117223061178619,6.20316973959012e-164,8.20943046733262e-05,4.79532279732319e-99,1.45816641162758e-09,0.00524333812624989,8.48977722161114e-12,1061,"RIPK2"
-9.41400170663206,0.000239904320915521,0.00617623435328963,-0.027390334605296,-0.00759299859303329,2.10160225990298,-0.179042161731058,-0.00312100168942203,0.0144439903833221,0.00372507405468454,-0.011201360128322,0.00697705352430045,0.0032840150848549,0.0342635552480848,0.0777505512917088,0.0028665475025581,0.0999687140488503,0.00633729642951058,0.560099693344038,0.117192822233672,0.000430681183246034,0.000931360334360412,0.000509327879384851,0.00107737487761774,0.000710694900677603,0.000898639101038072,0,0.997538079835925,0.0311939385534277,0.784093024219915,0.230860661019189,0.000175294289623602,0.126572866801628,4.27162881045459e-13,3.03953288101224e-54,2.59874595054361e-13,2.56127426015757e-25,9.49181273855993e-23,0.000257752413326744,1062,"RIPK2-DT"
-10.2241389071339,-0.124079430472224,0.00332425688945903,8.3761512265986e-05,-0.0107471502959832,3.12026818981749,-0.589603847890537,0.00523314485722311,-0.00228458447601385,-0.00257202565086868,0.00371204104528011,0.00673552682122907,-0.00315874526930155,0.034099448051264,0.0785717640360424,0.00296255320647879,0.103533740542036,0.00637256565010319,0.464373710454797,0.0907239911682785,0.000336049816959504,0.000728702628187786,0.000370325084653561,0.000829454606609064,0.000518600860094192,0.000679867411021753,0,0.114293398120823,0.261823377104719,0.999354490528536,0.091705021625422,1.82594448837732e-11,8.09230423883924e-11,1.11897647223801e-54,0.00171772340394425,3.77607495349327e-12,7.63114837207086e-06,1.43338966771516e-38,3.38237038078861e-06,1065,"RIPOR1"
-8.82895969879373,-0.0248896807763289,0.00286478825109825,-0.027827135968388,0.00018739620611969,-1.17389836066095,0.92779045593847,-0.011226828978879,0.00858029065405913,7.65342270155131e-05,0.00685865467642781,-0.0008060836630079,-0.000873918602949937,0.0150891646376901,0.0341959589155207,0.00129758812635901,0.0436744651376976,0.00284597669291127,0.306771167123069,0.0594015130957542,0.000221239691322323,0.000478604451955875,0.000253568458139989,0.000551995709805504,0.000347810221383258,0.000456368615207723,0,0.46670269061537,0.0272596592667321,0.524027880706893,0.947500426035028,0.000129911947194084,5.40719970893133e-55,0,7.16476585516174e-72,0.762782684427384,1.9075922855311e-35,0.0204712744834273,0.0555001315497787,1066,"RIPOR2"
-13.9532428263385,0.0210795301067415,0.00155058881331702,-0.215748174868949,-0.00313458549653821,11.2012182357617,-0.789598723242654,0.00941400227404058,0.012351893377611,0.000672419020732994,-0.00936828485528142,0.00923066155390027,-0.00971517321051887,0.035775543320296,0.0851567840096698,0.00309999076224175,0.107651624342677,0.0069131885208496,2.23903658116889,0.523496581041034,0.00195295815403764,0.00382822207302239,0.00217687513885059,0.00429974195559935,0.00271944266880347,0.00363890116561738,0,0.804491976479574,0.616940291953319,0.0450558132622133,0.650245550541087,5.65342008150232e-07,0.131473448233912,1.43284345852654e-06,0.00125298806815577,0.757403785475619,0.029346406546977,0.000687989811341426,0.00758942729416264,1067,"RIPOR3"
-16.0481620114213,0.0998430048947404,-0.00282250468216182,-0.256015724111131,0.00738085269375515,8.65537003155607,0.838411163972441,0.00818510565725073,0.0210702483972379,-0.0031833491410071,0.00858803418155753,-0.00945933656311426,-0.00395162007245241,0.0465540876271572,0.120030045219848,0.00417510224896186,0.143883357360106,0.00926023879552201,6.13821798969743,1.40456434243316,0.00529930825789977,0.00863551830198808,0.00616349679732904,0.0106718377159893,0.00792679295105938,0.00952377122798103,0,0.405512374803369,0.499020030470361,0.0751859601726516,0.425423287577494,0.158516465696769,0.550561451210814,0.122452449414331,0.0146892218095326,0.605516222805094,0.420970840711872,0.232737355975777,0.678199168057018,1068,"RIPOR3-AS1"
-11.3718318669021,-0.0259802072699927,0.00137070914524863,0.0366180184283548,-0.00585150228103621,-8.53028754550856,-5.56757996155997,-0.0211896826826896,-0.0237082807789842,-0.00245393053638083,-0.041553718346058,0.0172358033748607,-0.010068912300401,0.0257328834591226,0.0581563757856953,0.00219904994520306,0.0778975195779563,0.0048781763222982,0.97309687981178,0.143055480702414,0.000582500127554772,0.00126319036512014,0.000634461167926551,0.00139850563175773,0.000866789406880029,0.00110425818639249,0,0.655069900192085,0.533075054210684,0.638298298912332,0.230323246197438,1.84922966375377e-18,0,9.7904649589114e-290,1.36502664485934e-78,0.000109848909500312,5.22528225782772e-194,5.52673129115415e-88,7.63406963701334e-20,1070,"RIPPLY2"
-12.5215333517376,0.0853346173490934,-0.000489405564327353,0.00586875735734591,-0.0256918020430206,13.6870561052485,-5.0227371732952,0.0426508407853895,-0.0292099450001809,0.000919805223594638,-0.0473124252700674,-0.0274908094443112,-0.0590225454405945,0.0591428605759796,0.1334224415786,0.00492027588322997,0.163007064422503,0.0113348605041472,1.63685533333965,0.292369088367486,0.00119423966840415,0.00250295477649266,0.00122871663564932,0.00281041957279697,0.00228383457344216,0.00229393999846917,0,0.522444264377268,0.920767410172598,0.971279898287064,0.0234135542896697,6.17687568450721e-17,3.78548603849021e-66,2.41391890813331e-279,1.81029397133178e-31,0.454104244761508,1.35993868420778e-63,2.26711312580136e-33,5.43023019062214e-146,1071,"RIPPLY3"
-11.9583279708721,-0.0547955545944644,0.000891419431679658,0.00681384678769215,-0.000543484093369232,-2.5435721324142,-1.07854428735317,-0.000620771753627866,-0.0017434027476797,-0.00219749284333318,0.00323603263657932,0.00503403658284703,-0.00492885828873912,0.0212569137630342,0.0487978827513051,0.00184051950050838,0.0655267213900776,0.00406728082139583,1.20912791481357,0.206319307650025,0.0007754566206825,0.00162199464906611,0.00086372826735752,0.00189235393290206,0.00119291487666735,0.00154287577549762,0,0.261476380888419,0.628151448529847,0.917180638717274,0.893700340472086,0.0354096969216458,1.71771897611256e-07,0.423407176071475,0.282441393942723,0.0109530026872009,0.0872553774688354,2.44360642548737e-05,0.0014002874711123,1072,"RIT1"
-7.86931260574362,-0.0545320641125304,-0.00138500402675712,0.113860893690005,0.00317076434678565,-3.44493803289977,1.20071590493345,-0.0170867678374802,0.00925447038141247,0.00313876517248975,0.00143093426129595,0.000915605350403465,0.0289419947321877,0.0298706687673227,0.0673822257240957,0.00257963416880369,0.0876670154045576,0.00570045547941416,0.322872852632804,0.0674825657086802,0.000250913727712091,0.000552415726376895,0.000294905212322693,0.000633119693602666,0.000414563229450709,0.000527899793840109,0,0.418345773912525,0.591337108345681,0.194016591810826,0.578053633757449,1.41167897541744e-26,8.01050112546624e-71,0,5.40881233926665e-63,1.87369612016034e-26,0.0238130417974613,0.0272023071192808,0,1073,"RIT2"
-12.1978822911762,-0.017250986755398,0.00221620006836236,0.0690193516826762,-0.000877479669770045,-1.41611248914345,-4.04357426011192,-0.00755213484051325,-0.0160680376620806,-0.00269223373401759,-0.00308826064613491,-0.00282551778703228,-0.000385993593479589,0.0200531739176425,0.0455902395335421,0.00170552318193244,0.0586350783906737,0.0038637865521547,1.23306083615788,0.218688161186855,0.000859636381028191,0.00181756169771697,0.000962686647959327,0.00201360799983202,0.00143069953167492,0.00168041030245979,0,0.705139331447211,0.193797994507023,0.239155588925813,0.820343218167043,0.250781580628738,2.47919604506656e-76,1.55994035536136e-18,9.53458871202263e-19,0.00516460406036744,0.125104689158973,0.0482771743630141,0.818323347074517,1074,"RITA1"
-16.5182580650011,0.400783784273143,-0.0112841257412973,-0.116220631476346,0.000477637090059831,3.34457432593243,4.65847068698647,-0.025383118344952,-0.0452195814809575,-0.0220786652085278,-0.00120143203222062,0.0273314449673283,-0.0144590629035306,0.079796467271593,0.184312368849727,0.00675164627460717,0.235896839852146,0.0154121190965553,10.0082063626997,1.73861898922987,0.00680004280145668,0.0124072925111197,0.00757613399212331,0.0135903376542074,0.00732346588674443,0.010622506478452,0,0.0296690144484387,0.0946595322416725,0.622241777874103,0.975276711642468,0.738241328175031,0.00737523331597672,0.000189371956818875,0.000267811081668305,0.00356556809047548,0.929556060447033,0.000189937665055384,0.173459206192117,1075,"RLBP1"
-9.27206260114988,0.0270681791212325,-0.00276358611534131,-0.0446393783092824,0.004623955737273,-5.65627497394361,1.04684217569971,0.00520750210891138,0.00693333232187971,0.00182198004516717,0.0239789502057414,-0.00592214096282692,-0.00256310639466696,0.0138684314544077,0.031165610100391,0.0011870842533052,0.0409519793892591,0.00260467176490891,0.3792241722988,0.0676594539234687,0.000248160946301604,0.000530768555661979,0.000282669119492958,0.000633154588536103,0.000401513339377983,0.000516099407127565,0,0.385105805362767,0.0199096894878292,0.275694634905922,0.0758558450208158,2.61758500013691e-50,5.3429434062309e-54,9.11148265659234e-98,5.37034033676447e-39,1.15122573919333e-10,7.38659766712192e-314,3.09724239065191e-49,6.82410602917155e-07,1076,"RLF"
-10.7693106144034,-0.0474506796577883,-0.000982623742914493,0.0482987875886916,-0.00942752950862078,-2.65230994567635,-0.182954972161321,-0.0266520706935872,-0.0282537618166424,-0.00289512928381474,0.00217507296788887,0.000829388296341999,0.00539047631800672,0.0262766926301541,0.0592709860724336,0.00228573095322326,0.0800643208067949,0.00501753692221505,0.670424069518803,0.117071807278069,0.000448094010110875,0.000987110327152588,0.000496675346530425,0.00109705767873485,0.000709033203334486,0.000895163630926672,0,0.423379585106175,0.667272202659352,0.546342505619949,0.0602559881463297,7.61617547154049e-05,0.11810938824303,0,3.5066393732054e-180,5.575465908359e-09,0.0474073980458784,0.242103460039253,1.72511812095712e-09,1077,"RLIM"
-16.6278536762518,0.0861588228884214,-0.00693665978646578,0.116624596854412,-0.00684111305508693,-32.0265848043189,1.57389515775672,-0.00947857332782581,0.0131883304429787,-0.000215530701333045,0.0473481928758528,0.0089427366736323,-0.0136917432402816,0.0502160917212792,0.130207474850913,0.00465815043329351,0.174758804223337,0.00960307787122165,12.9083171048771,1.7737738272174,0.00672107427454738,0.00955782372786535,0.00815482291532183,0.0138292559236606,0.0080544135936851,0.0118655060721597,0,0.508160862177295,0.136449282900851,0.504551121201625,0.476224826911072,0.0130984476327744,0.37490962501341,0.158458044905121,0.167633885394933,0.978914490015158,0.000617588452564291,0.26687398434299,0.248536477062489,1078,"RLN1"
-12.0088857599427,-0.130856203911029,0.00641911429379836,-0.0336530865416289,-0.0108914551373365,0.0833178219994864,0.0354039720345921,-0.0117530289866648,0.0032214341964122,0.00250691478678291,-0.00210104758451714,0.0035470928940357,-0.00174549080386532,0.0236597914751063,0.0548040564512503,0.00204225822203571,0.0703231590859698,0.00456747454694845,1.18785537607306,0.220928922771464,0.000831804458612743,0.00175389056399505,0.000931866752927069,0.00200183219206166,0.00125898836239083,0.00164457547031817,0,0.0169537051406648,0.00167142860140815,0.632259415532088,0.0170991723758258,0.944081126833907,0.872683744077483,2.4970815655619e-45,0.0662488563191148,0.00714076355810348,0.293919401313534,0.00484119034657151,0.288525172486778,1081,"RMC1"
-11.0806112665126,0.0780540508654682,3.02728540840296e-05,0.122026621608994,-0.00163423279668391,-1.20337729966723,-1.68688008954516,-0.00971297563824949,-0.00538583691980325,-0.00136805515153682,-0.0144501275653519,0.00861137272457963,-0.0125055452509688,0.0213084521069579,0.0479984738474706,0.00182502343525061,0.0633065038032265,0.00404073421981617,0.865922080919459,0.151940073941974,0.000581898393519909,0.00124222339465971,0.000652242173913082,0.00141062795487405,0.000883731927756923,0.00114816642513219,0,0.103911845057429,0.986765575285159,0.0539107884684051,0.685889509550779,0.164618106055703,1.22294345986277e-28,1.5017755253559e-62,1.45334785895682e-05,0.0359524295909737,1.26239250389967e-24,1.95067426283939e-22,1.26187445880108e-27,1082,"RMDN1"
-9.76444925787343,0.0823606183389058,-0.00089638144355118,-0.0651141074347165,0.00302623648427249,-3.59914966406249,0.351038033301944,-0.00166063836583603,-0.00119408072115112,0.00742574431210095,-0.00562571462440608,-0.022556418842508,-0.00964534689261761,0.0216689007660986,0.0493415373306242,0.00184120274988081,0.0622170827607394,0.00404290809532035,0.553774363089702,0.0998570017610041,0.000377165165020089,0.000814009426141581,0.000426154321035099,0.00094811299217321,0.000653032522285004,0.000778634933906445,0,0.0950788574069944,0.626367757918935,0.295301095290944,0.454140762249799,8.06907793615702e-11,0.000439080012341212,1.06790086290018e-05,0.142399819953214,5.32969287900165e-68,2.96379782487872e-09,1.94333078188049e-261,3.05384225106422e-35,1083,"RMDN2"
-12.9922093252158,0.0928845404706063,0.00449488309549282,-0.241169476200598,-0.00671356467485323,3.84516643824405,-2.6794280054037,0.00505544193944647,0.0192688831055605,0.0121176680723223,-0.0212326061598592,-0.00632084807775045,0.0186850806108848,0.0507663691100003,0.118643265038172,0.00432116857350427,0.138455129272751,0.00938298849634975,1.86922695923965,0.388561073200486,0.00144334850306433,0.00300680680658616,0.00164881321306345,0.00352925195005174,0.00235754752929732,0.00292741626402422,0,0.433692132523747,0.298246610423538,0.0815329134432933,0.474297744219478,0.0396776542055126,5.3573607328972e-12,0.000460777380307772,1.47034681506355e-10,1.99206749966157e-13,1.78583754440199e-09,0.00733780355518638,1.73891322626646e-10,1084,"RMDN2-AS1"
-11.1760204873824,-0.0102204716927076,0.00250158249798416,0.0641199787566121,0.000538500666116982,-1.18137144296577,-1.66435744034049,-0.00390806790212,0.00593016661752119,0.00186716289899191,0.00433183804573851,0.00188552977057935,-0.0017120277267447,0.022762672348877,0.0516629687857316,0.00194882878891692,0.0663454215308368,0.00430853079058641,0.773429038335093,0.139490241108399,0.0005285063979822,0.00114432738149191,0.000592315941058348,0.00130074826969048,0.000825997704960377,0.00106664643465364,0,0.843178276686302,0.199270118512778,0.333815691668807,0.900535619286975,0.126650032219941,8.08921422675253e-33,1.41886106132898e-13,2.19249713741023e-07,0.0016198473110662,0.000867629813482558,0.022446275401446,0.108481384907135,1085,"RMDN3"
-13.5000654131446,-0.126488425896719,0.00692392516182519,0.205317032800114,0.00257879441941767,6.43476538475601,-3.40093950324488,-0.0129697631953755,-0.00829649210843822,-0.0119429895890424,-0.0470013174365801,0.031276910249575,0.0330382949475848,0.0512390784156114,0.117838774031668,0.00449795345938738,0.154839910115645,0.00981119955496823,2.75151962798887,0.513884307243292,0.00204930784050554,0.00432866285452792,0.00222284195504116,0.00477740646111756,0.00299772487768394,0.0039290755778829,0,0.283090596611375,0.123718846189992,0.184841169186739,0.792672432250904,0.0193549854324216,3.63836404554388e-11,2.46994077400436e-10,0.0552835729378774,7.75031156076316e-08,7.70394508451028e-23,1.74255064193406e-25,4.14690528944634e-17,1086,"RMEL3"
-12.3805409937699,-0.0955291624847457,0.00273409439470388,0.039899953529162,-0.00524862816181903,-0.617340046094616,-0.406454763077194,-0.0141623752855295,-0.00142211610288952,-0.00134993290846467,0.00342439244757106,0.00994557078242189,0.0114247441199388,0.0356885207236304,0.0804794974504671,0.00301093772182761,0.104518877928065,0.00694578245156805,1.5611717168908,0.294362907356903,0.00109641871291396,0.00232837902057679,0.00124462429730225,0.00268074708453319,0.0016498265844042,0.0022117139705812,0,0.235227625354449,0.36384963034843,0.702647718390524,0.449854955015843,0.692522777257684,0.167342071920126,3.61221167719619e-38,0.541348430571798,0.278094086117153,0.201460258967334,1.65742247382532e-09,2.39718430654508e-07,1087,"RMI1"
-12.5638993116751,-0.151207127597585,0.00627902742359757,-0.0243782663558067,-0.0101026488310309,6.7787802819916,-1.1154031094153,0.00123528962305979,0.0371161285318897,-0.000428178583676817,0.00113636047358188,-0.0128197100025291,0.0089391983513781,0.067297543334066,0.155350185944454,0.00585504744054205,0.188598262432483,0.0127328467185605,1.37394507826814,0.312084323056483,0.00114618543773674,0.00243540775214773,0.00131598528802622,0.00278525755227325,0.0018419115582049,0.00233284918676166,0,0.330388897561858,0.283534691642425,0.897151690668554,0.427526136692564,8.06419961803853e-07,0.000351509791057563,0.281149907727132,1.91251113972767e-52,0.744903098970934,0.68328016124812,3.40265450908466e-12,0.000127167720137844,1088,"RMI2"
-10.8429438459347,-0.0505304700329993,0.0037383956142636,-0.0491015159863807,0.00193876318096462,-2.4992726846123,-1.27353870852404,0.00061780752453036,0.00236577958794689,0.00217284711547689,-0.00131336554317654,0.00795870578930161,-0.000811820957910163,0.0222654351553803,0.0505800803046497,0.00188926570589743,0.0640057244708414,0.00422191075811538,0.765180312091488,0.137554802660507,0.000520570818951966,0.00111005228692571,0.000584518458678886,0.00129499370164571,0.0008030332894925,0.00105680582534093,0,0.31778540313138,0.0478434987205087,0.442996753733343,0.646080046591158,0.00108980736782621,2.07499730959358e-20,0.235311008201807,0.0330699870593928,0.000201340587291073,0.31049361682642,3.73626100010924e-23,0.442378084725831,1089,"RMND1"
-9.81034160685964,-0.0457208592070842,-0.00284452177963514,-0.0597371341780357,-0.0123595420674099,2.55502038749034,0.889212701354527,-0.0182432675600832,-0.0271864022510187,0.000515445437389527,-0.0151986053915917,0.00995889133872103,0.00172525315145714,0.0225876870989667,0.050894758303303,0.00192872903099598,0.0683390780012038,0.0042998692617064,0.4642353122901,0.0826740150685945,0.000312797443362686,0.000680382311356801,0.000346043171726879,0.000771245873044719,0.000481068393676413,0.000627195441183477,0,0.369003663945175,0.140261830886837,0.382048290835734,0.00404796572456776,3.71863550376938e-08,5.57401482353973e-27,0,0,0.136345006794147,1.89402367090393e-86,3.34975304228731e-95,0.00594603643602397,1090,"RMND5A"
-10.7322423670862,-0.0144339448296814,0.00183928929536085,0.038649360495861,0.00214740303594477,-2.547715178515,-2.05741728516288,0.00200433867355611,0.00302864745551941,0.00196365595726854,-0.00155253034731301,0.00201932293943988,-0.0068408196583826,0.0309771450042579,0.0696450125774457,0.0026369040807054,0.0895037356921684,0.00594197553833147,0.708300729221671,0.119476467603317,0.00046011175485869,0.00100423095112576,0.000506933200659447,0.00115140518728564,0.000735054580324887,0.000931434854323219,0,0.835814441421713,0.485478385718994,0.665873400792181,0.717803834732941,0.000321982797910057,1.87106371000311e-66,1.32340064646814e-05,0.00256228405678033,0.000107239798186504,0.177536578316528,0.00601112076229395,2.06701547593198e-13,1091,"RMND5B"
-16.1544352212273,0.533420010179251,0.00710137094328737,1.14881636213139,-0.115165770659607,16.6022024745147,7.74245910605313,-0.0594633278275741,-0.0288073605140889,-0.029274193170517,-0.000320419866175262,0.0754075632179008,-0.0616532966820891,0.169842815593139,0.375591460627774,0.013841906419782,0.544935408841716,0.0302836271181926,5.58251754230114,1.49963887027383,0.00517748634907167,0.0105839816545231,0.00601173431686708,0.0115217560178574,0.0065907041086986,0.00990380985736327,0,0.155545575418905,0.607927420076335,0.0350163060896989,0.000143008945717775,0.00293980202580799,2.4317594491274e-07,1.5697155587787e-30,0.00649296649198366,1.11876000449973e-06,0.97781370187855,2.59352037226313e-30,4.80911258273975e-10,1092,"RMST"
-15.0207780918218,-0.0737640037990994,0.00824600338369716,0.0073496990856271,-0.000791156283108715,5.35760850428833,0.19435630238468,-0.00482779361312035,0.020596330974142,0.00613183502639623,0.0029513801466962,0.00915056684046199,-0.00500407753256938,0.0369580897149605,0.0904314118356361,0.00325384192520936,0.114920872658182,0.00747738833098835,4.12046562770049,0.879333503040299,0.00332050062620978,0.00598431154903689,0.003849175061244,0.00699348016750025,0.0043615865294212,0.00601460833867846,0,0.414677425202052,0.0112692802725669,0.94900651082858,0.915735880054378,0.19351753794111,0.825071537198693,0.145964199858265,0.000578026003171083,0.111154412354432,0.673011291158958,0.0359059899148232,0.405416133678047,1093,"RN7SL832P"
-17.0366795467922,-0.0222964241460759,0.025063117642377,2.24195078058964,-0.0901184400724592,11.7502997199446,12.4987861005919,-0.109552320562541,-0.153079619468475,-0.0308834661832012,-0.026105873778993,0.0353693095367879,0.0146386236733382,0.335666230086118,0.709326997058259,0.0256272920542245,1.07264261882828,0.0654839193581441,8.27053350729199,2.01192955290046,0.00717278959468292,0.0164222845823812,0.00773058520188672,0.0164818721732799,0.00903676376259856,0.013592523032121,0,0.974924056829474,0.32808154178179,0.0366071060615682,0.168762226007054,0.155391587651792,5.22020397910047e-10,1.15155283278377e-52,1.14753503534468e-20,6.47020843575905e-05,0.113213212344458,9.08039405645707e-05,0.281497476450711,1094,"RNASE1"
-15.5077126520239,0.00254129325767929,0.00423345937134834,-0.16464153761956,-0.00111121321008716,1.63523459333403,-0.112365238472217,0.0110309375422899,0.0203063406788707,0.00777075254076221,0.00134649122114171,0.00598938982825814,0.0114042465697931,0.0462036610362083,0.114432281464954,0.0040936851518493,0.142022306825202,0.00915554481425857,5.65485280149571,1.09874151855019,0.00415803593321199,0.00725747733798174,0.00464969401729291,0.00905934836270563,0.00558788826858316,0.00766468555451292,0,0.982282167482116,0.301068913812816,0.246348045620879,0.90339756802041,0.772448472312694,0.918544575045516,0.00797987328742927,0.00514218875530236,0.0946743710391516,0.881845575489074,0.28378646342685,0.136778612086402,1095,"RNASE10"
-16.1955541644176,0.279783817321162,0.00217849630066791,-0.340971908219433,-0.0201560182624273,3.07532047874791,-0.761346387714661,0.0240169211804721,0.0520083291951031,-0.000527211146620481,0.0340675453048121,-0.0106227232534203,-0.00164249790641158,0.0821932227033372,0.193488627854219,0.00722694536210114,0.268208957565877,0.0162889157084762,6.14044624310676,1.47559653568621,0.00506623541946124,0.00957719710850312,0.00617304150683602,0.0118910707741211,0.00730138232106781,0.010112325297102,0,0.14817827242881,0.76307837483998,0.203624779186929,0.215936022660248,0.616490680141677,0.605883483125007,2.13101705515636e-06,5.62174179522769e-08,0.931939091576963,0.00417050492627886,0.145699142987103,0.870970914872998,1096,"RNASE11"
-15.6726691034678,-0.0177693105575704,0.00688700080703018,-0.24702821612615,0.0022645614781702,-3.18157910521302,0.000967450759343074,0.0146842963210234,0.029703967900744,0.00434527051298482,0.0188297065060175,-0.00241692487290907,-0.00542176028894679,0.0429504799304459,0.10937221844224,0.00383997296482024,0.133951352513931,0.00867701851983374,6.30794074848399,1.16912176537828,0.00439256877154132,0.00739621798832923,0.00508569088774209,0.00949145688093305,0.00608564561489254,0.00803869139495053,0,0.870938585870113,0.0728926239518212,0.0651592930663758,0.794104981309685,0.613996602783666,0.999339748896154,0.00082882053086846,5.91685856877714e-05,0.392877273142158,0.0472716270473684,0.691255552162186,0.500020134237794,1097,"RNASE11-AS1"
-11.3636603167587,-0.00166378170796129,-0.00169187702485147,0.0485364319447528,-0.00613229680852009,0.265768033801893,-2.37673701692749,-0.0220847657205113,-0.0235381367178413,-0.00475000692026541,-0.0173161332818579,0.00187621049447978,-0.00206137382952285,0.0208975621144999,0.0475647420444097,0.00177327052014698,0.0617349775798514,0.00394867442367119,0.862732448934854,0.148366342055893,0.000576378109507745,0.00125186359777701,0.000644624063857027,0.0013889479253265,0.000936288400930139,0.00114521855222695,0,0.972096241503069,0.340033134118544,0.431746601275521,0.120422806170616,0.758041373400681,9.35766048685286e-58,3.26083326255223e-321,7.20704942232257e-79,1.72368909228612e-13,1.12878774407754e-35,0.0450828141838869,0.0718633357773108,1105,"RNASEH1"
-12.6826466460025,-0.0457621556801926,0.000588527958301864,-0.0490625650043412,-0.0030474900652544,-0.297937352617623,-3.84058634349084,0.00494505352162683,0.0117281664065345,-0.000549329504647985,-0.0100471558901723,0.00719100285094717,-0.00481081518330251,0.02952664159237,0.0674143961041685,0.00250174538419878,0.0865642165787839,0.00567372212438002,1.69669604666231,0.297535888472532,0.001142689536933,0.00236476069103898,0.00128702229800409,0.00274707311892468,0.00173971344417225,0.00225552997734499,0,0.497252715857012,0.814017071498688,0.570866028302983,0.591182238551859,0.860609347589063,4.05824221531476e-38,1.50772683124421e-05,7.06539661119553e-07,0.669508939693118,0.000254782753216278,3.57372091600856e-05,0.0329331015269596,1106,"RNASEH1-DT"
-15.7952703424068,0.054869363479847,-0.00204375979171692,0.047421534761397,0.00043649148520071,-12.4473208658751,-2.17065686316447,-0.0169442111900038,0.0177475356353553,0.00239164576664473,-0.0142510369167218,0.0109166357591824,0.0233201452707454,0.032034342783852,0.083185257087592,0.00298184497029104,0.10910747142894,0.00647007604199885,7.54722806665154,1.13731506277077,0.00461865905973721,0.00668975712917179,0.00554346820073522,0.00911862949578709,0.00588226061300449,0.00795183569003875,0,0.509507715340273,0.493090856662879,0.663829988008582,0.946213024928924,0.0990949366829472,0.0563162848317583,0.00024384130105696,0.00797936521028282,0.666152162754365,0.118088220811981,0.0634739137519221,0.00336056078839887,1107,"RNASEH2A"
-9.9501224594934,-0.0193397704054975,-0.00333114092151662,-0.030133249400606,-0.00164892929302754,1.05636425950692,-0.313455836332553,-0.00590100887827926,-0.00211290778089704,-0.000265567837914456,-0.0130713695421238,0.0130720619830177,-0.000830529533806397,0.0462557172471705,0.107285598012242,0.00395106539615304,0.137696611571531,0.00846088324046416,0.543938560352669,0.103435192394452,0.000381660563333266,0.000825326135002786,0.000435187201928764,0.000957479338452236,0.000584928170340955,0.000784549229270985,0,0.856945028458892,0.399172846273213,0.826776254037587,0.84548019564322,0.0521291831256158,0.00244184474301468,6.32038753903064e-54,0.01046455713621,0.541704054007273,1.96802953939803e-42,1.25853483168407e-110,0.289778665303388,1108,"RNASEH2B"
-13.2448196465492,-0.174170326127489,0.000916478833270485,-0.249998612518798,0.0031651948040477,1.71714023381299,-0.123866639540545,-0.00493381518253473,0.0186050239962003,-0.000865515379311828,0.00421173675540824,-0.00168887160463372,0.00822540095929847,0.0621156023895332,0.143177801811737,0.00544177448037918,0.189136310434469,0.0122474277952841,2.41389263684093,0.470301632775131,0.00174001626110374,0.00364537627774899,0.00196481887715885,0.00426649373129501,0.00266464513559919,0.00349956110271232,0,0.22380905537837,0.866256463706977,0.186237862446612,0.796069266943119,0.476862830358439,0.79226000581762,0.00457540912884018,3.33019591338314e-07,0.659570345155848,0.323561358069316,0.526206572410928,0.0187527773953973,1109,"RNASEH2B-AS1"
-11.4765538514133,-0.0052330187649247,0.00290167927952828,0.0871171711041404,-0.00415537978489737,-4.08078163511536,-5.3269190817045,-0.00268360785632379,0.00777695620102952,-0.00271897196331605,-0.0181004890899838,0.00709557642809123,0.0042591409312895,0.0174208729256208,0.0403662673948371,0.00149775445776789,0.0515566745610286,0.00332744571530862,0.923102292210689,0.154875045286285,0.000602678767833308,0.00126890569378519,0.00068029981843903,0.00146347349463312,0.000928390344919949,0.00120230288501186,0,0.896852512045611,0.0527021924009698,0.0910784650591805,0.211731024141367,9.83701726225354e-06,3.0005064662189e-259,8.47578016374776e-06,8.85062088791287e-10,6.42245692018122e-05,3.88573234213664e-35,2.12415184080149e-14,0.000396374720439674,1110,"RNASEH2C"
-11.7115841207516,0.120208150684393,0.00306440127106795,0.077795224036473,0.00956878959264635,-9.95217099472017,-1.43516682812508,-0.0463260612110094,-0.0614711335310369,-0.0101444523793976,-0.00728551989853059,0.00117939447613185,0.00936724253019449,0.0355534455775925,0.0778901894498973,0.00301915609117043,0.103875988254103,0.00662216982277372,0.965406302570323,0.16155270488607,0.000670741533012688,0.00150105526495356,0.000720255747087383,0.0015898669939675,0.0010595741735927,0.00128905939267226,0,0.122757314579147,0.310112484263396,0.453902994157351,0.148468311851379,6.43057240515626e-25,6.47407603248452e-19,0,0,4.72898785710697e-45,4.59512752727234e-06,0.265672591114524,3.68302413112547e-13,1111,"RNASEK"
-12.1147222447237,0.0335283893828166,-0.00282286394924251,0.00054229204288298,-0.0153888559408948,-1.14753685458671,-4.3198998485518,-0.00898836170170803,0.00625695906426606,0.00608004325107688,-0.0186516713189516,8.82706957171444e-05,0.00113945745379686,0.020265797467117,0.0462779068284528,0.00173408251327518,0.0611383427326259,0.00390447167996553,1.27118034391767,0.220322340556236,0.000844834238942849,0.00174713824270312,0.00096642047655423,0.00202350377181849,0.00137160875074826,0.0016823913660655,0,0.468758218668306,0.103552080980394,0.992922922742778,8.10271974912631e-05,0.366667446900879,1.34272642205862e-85,1.95800084180253e-26,0.000341939090800386,3.1481381876892e-10,3.04072134265188e-20,0.948687087645068,0.498225516641125,1112,"RNASEL"
-9.73241639366172,-0.154942425918158,0.00150239397221027,-0.00335495385192936,-0.0154765430327693,-3.41885512309639,-0.273467960287301,0.0114575341615577,0.00982492345203862,0.00406843126902255,0.00545107676868068,-0.0147284646902188,0.021493591394512,0.0570214667035333,0.129261486696834,0.00487991975985674,0.165436633679593,0.0105999300776532,0.451362512364418,0.0819543437244337,0.000304395803491363,0.000652004619127528,0.000332054725963746,0.000768258111084561,0.000510708379118518,0.000619075963687204,0,0.230654603409326,0.758179215311529,0.983820497588829,0.144273348135374,3.60453274794437e-14,0.000847388422180676,4.72371956311302e-310,2.59811429320273e-51,1.63315283812086e-34,1.2900439606333e-12,6.9043581231564e-183,4.09629466144614e-264,1113,"RNASET2"
-12.5298364206792,0.0229009161105883,-0.00131942242240521,-0.18375037418537,-0.00374727872904409,-2.4352760026491,-1.77883988179832,-0.00206524282896127,-0.0141206533284104,-0.00525984550382054,0.00478516813024872,-0.00564455328785483,0.00396485851127846,0.0432132011288157,0.0969891943181008,0.00367730478442615,0.127180675124721,0.00821213864483162,1.58733928315203,0.280938095463396,0.00107819282277517,0.00234293149442551,0.00118977040989273,0.00264264633958373,0.0017705338256165,0.00216426219402931,0,0.81334093457967,0.719743600663205,0.148514657056119,0.648167271495359,0.124983544893749,2.42339555458771e-10,0.0554329669665819,1.67116912190973e-09,9.82946712943053e-06,0.0701797777860374,0.00143234947695425,0.0669562276642746,1114,"RND1"
-12.7158851968489,-0.0403978828712142,-0.00256903474504015,0.128795063714411,-0.0201254407322208,5.75393181763792,-1.12597094329748,-0.0356322327526254,-0.0303421167360495,0.0121682720252237,-0.00744539540253397,0.018883990878939,-0.0069190146159929,0.0371859811203831,0.0841928443716025,0.00309915658615492,0.108799797237599,0.00712301510439035,1.42785178855811,0.282470383483483,0.00110756083436195,0.00239134271658588,0.00126023713602521,0.00254337732675693,0.00156747748359147,0.00211677723202989,0,0.631351401169938,0.40713472878459,0.236500016583913,0.00472200970197484,5.58285406706058e-05,6.71524402887875e-05,4.3771880547705e-227,6.86441790222498e-37,4.65692176849393e-22,0.00341846726531175,2.00222379782702e-33,0.00108059948648164,1115,"RND2"
-13.0836631749984,0.321626495611453,-0.00416582080887019,-0.17754835876215,0.0208739299465991,5.82248388319198,1.11796969530956,-0.0667454812800857,0.00185148035453316,0.00372891796306097,-0.0169644302106876,-0.10186792598165,-0.0989698639001984,0.0472604827162617,0.105200407432404,0.00397564582533416,0.129384735122564,0.00897020945627634,1.75452936626227,0.345307049768597,0.00140260313643053,0.00307093808885355,0.00157219815222957,0.00317295625102903,0.00273137313003691,0.00271797949363922,0,0.00223359823329479,0.294714637885614,0.169985249814592,0.0199637668768856,0.000904878838009329,0.00120535292950059,0,0.546572663804643,0.017702328316171,8.96370130258891e-08,1.94125472671074e-304,2.64824064105864e-290,1116,"RND3"
-10.2780777696291,-0.0225874480281116,0.00135981293941563,-0.0221198684182639,-0.00398988402426759,-0.876389191320887,-0.292818490483034,-0.00564339395344896,-0.00396814869413252,0.00124446994381122,0.0098991048624075,-0.0022663503672148,-0.000574419465066069,0.00642106291605457,0.0149310068187408,0.000556262231676104,0.0192945567758892,0.00124083945528315,0.487972072472354,0.0889085635186518,0.000334890281028009,0.000676233261922413,0.000379362189154889,0.000783318439103357,0.000524330489830823,0.000652626985330447,0,0.130333516481482,0.0145031457249786,0.25161706779086,0.00130230381799323,0.0724973365598228,0.000989557190788401,1.02336718464111e-63,4.41036401442667e-09,0.00103650107509978,1.31332696665669e-36,1.54362054217913e-05,0.37876990227999,1117,"RNF10"
-10.2344788452184,-0.0215185990599569,-0.00151946240021509,-0.0172771533365313,-0.00523075463988896,-2.7723344711529,0.618206219922034,-0.0170900074880071,-0.0303531190950032,-0.00182033242066128,-0.0135635900155785,0.00809843727014558,-0.00610631645068331,0.0224908848299679,0.0503672498670216,0.00191957264499958,0.0671052215430072,0.00428190721493522,0.592797791606032,0.095042882545617,0.00036533272727885,0.000796950724844988,0.000396669303643078,0.000905088720489351,0.000569862974955731,0.000725044846157225,0,0.669208936446176,0.428615613703734,0.796820895028529,0.221860979814372,2.9153536130249e-06,7.79533600689911e-11,0,2.13773904652657e-317,4.45283085518633e-06,9.07557161464387e-51,7.80749446834002e-46,3.70160070332198e-17,1118,"RNF103"
-10.4216831675708,0.000485713573275493,-0.00104794751726599,-0.0197357428117179,-0.00496734578997926,0.348042490832215,1.52061586083291,-0.0244131266606567,-0.0247659188528422,-0.00282304256717691,0.0120850295061181,-0.00462125699019195,0.00876213088801606,0.0172234233959156,0.0388821124357417,0.00148360409757643,0.0519685083518087,0.00328998828880618,0.53845636775634,0.101392497412533,0.0003816820088883,0.000831751800041654,0.000426853828489845,0.000925787450420203,0.000608614222245133,0.000764524196420233,0,0.990033121716884,0.479968929697615,0.70412097610599,0.131085041355543,0.518039225029986,7.64426789800943e-51,0,8.08453745213813e-195,3.75072017426487e-11,6.04677256790921e-39,3.12387514238779e-14,2.07362853785796e-30,1119,"RNF11"
-9.29659002482052,-0.0341558148459065,0.00336120799570854,0.0228495134184226,0.000465789122017632,-0.769708344121631,-0.289383495864474,-0.0035020967331621,-0.0039871792501394,-0.000188737075067504,-0.00790954900064258,0.00296236540842404,0.00224245778245794,0.0176589172704166,0.0398718087199443,0.00151400432970796,0.0517206159422229,0.00336414044817739,0.375513292411315,0.0678450170149075,0.000256880767405698,0.000559340092450746,0.000285409636116375,0.000642156903098135,0.000404899084428463,0.000522418678494083,0,0.391643475327677,0.026413460250123,0.658643099484661,0.88987917421715,0.0403888400926337,1.99579154274921e-05,2.54323010153383e-42,1.01569582521003e-12,0.508429640391176,7.32284019891793e-35,2.54890972645406e-13,1.76709721730084e-05,1120,"RNF111"
-10.5370781565169,-0.0661365299234571,0.00352516365300503,0.0740666223480509,0.012178146828597,-3.88857196197066,-2.06041914086148,0.0126407368901767,0.01313186012347,0.00211282170821303,0.0101824493741059,0.000837650435204356,0.00245468662434015,0.0333104441106828,0.0755416797415125,0.00287149200672241,0.0994301091481467,0.00637765008001824,0.598881111787222,0.105297531803457,0.0003969907836324,0.00086132742179191,0.000433638750915527,0.00100434858260453,0.000631099077219354,0.000812059396079066,0,0.381303427114343,0.219581458253547,0.456325279731078,0.0561971367294374,8.41092656162391e-11,2.92163567919308e-85,1.73222804400497e-222,1.74838914075142e-52,1.10301834787316e-06,3.7330695271325e-24,0.184413325386008,0.00250454346630594,1121,"RNF112"
-13.2025331089133,-0.0116542913567251,0.00308481742752795,-0.0580461352441827,-0.000126809162598131,-6.59150640860235,-4.51292685454531,-0.017600772654561,-0.0213435577133847,-0.00168143804729238,-0.0160163640585549,0.00963942972595845,-0.00765754064881735,0.0329993085112581,0.0751016397037075,0.00283501186770479,0.0996413463283255,0.00640118728096305,2.20995970157196,0.368287253939505,0.001461776234127,0.00307496245483407,0.00162528521901386,0.00341047551237372,0.0022169586101052,0.00278258870117915,0,0.876679216499597,0.276544577825778,0.560195807085702,0.984194735904033,0.00285777208472964,1.6025905135235e-34,2.17171170900587e-33,3.89115970479452e-12,0.30087933788745,2.65012209321545e-06,1.37358141219157e-05,0.00592418465201108,1122,"RNF113A"
-10.5121156961306,-0.10992315239599,0.00169615414407543,0.030685003477153,-0.00771740530348269,-2.62125459569409,-1.37466697695965,-0.00914441650892296,-0.00120399609802113,0.00190139564881243,-0.00820729086172945,-0.00334256634663192,-0.00579001438625916,0.0123641758900626,0.0282398843393234,0.00106218425727143,0.0369386048419574,0.00233668950888614,0.599761609798579,0.100127303137991,0.000380534338153841,0.000807687615918503,0.000424145872762773,0.000932621183835893,0.000621799726778766,0.000758704355188649,0,9.92251540428453e-05,0.110298053221543,0.40614152879382,0.000957557255208661,1.23965686628218e-05,6.78862904980127e-43,1.33626946636318e-127,0.136048026198468,7.36418579812132e-06,1.3652306399109e-18,7.63146288326448e-08,2.32127787846624e-14,1124,"RNF114"
-8.94162357472031,-0.0247301401061248,0.00192579224039453,-0.0579338349262255,0.00238405228393187,0.188922515921255,1.02546980400034,-0.000166730535954489,0.00754100395704793,0.000273133298042444,0.00104401104146845,-0.00728690987762236,0.0104900848949885,0.0144455008187256,0.0326902302140713,0.00124364603534576,0.0421388464186627,0.00274163583123664,0.328814386944701,0.0627441529901839,0.000233931204994808,0.000501939780285894,0.000264865549565877,0.000584723442340554,0.000381672418795105,0.000480555278972896,0,0.449349821678936,0.121500732457751,0.169183531699291,0.384533840316477,0.565591129299597,4.82577152723216e-60,0.47601086918971,5.13416429163731e-51,0.30244006049601,0.0741837615219616,2.93988015781469e-81,1.22839220369811e-105,1125,"RNF115"
-10.562515570697,-0.0948251656106835,0.00247842521237063,0.0518980773490743,-0.00152297835554762,1.34426801165883,0.776759483369767,-0.00220114345111098,-0.00266246127148325,-0.00190709980658039,-0.00449893658368761,0.00335379473039404,-0.00195988588355999,0.0209438176669237,0.0473988893293756,0.00180062474825326,0.0610132005444628,0.00400063265060912,0.659093519398232,0.116494873983793,0.000442034439602234,0.000948348390545475,0.000484559486725495,0.00109165657226594,0.000687351356559218,0.000885213424327253,0,0.0454379082625657,0.168690042031268,0.394989321962871,0.703437461524641,0.0413930754487276,2.59742795834053e-11,6.372419901049e-07,0.00499320664101175,8.2940977653909e-05,3.76901766308048e-05,1.06462034172607e-06,0.0268269635030369,1126,"RNF121"
-14.4346473313655,0.0114339482831209,0.00386464861250728,-0.0274714078215564,-0.00328771490206453,-1.88969165760751,1.84120793175233,-0.011132306575825,-0.00438171683967157,0.00251031905775188,0.0115425299898355,-0.0148606527527022,-0.0185180325969173,0.035761462203536,0.0849829340766217,0.00308330127236205,0.106254903629749,0.00699267316843717,3.91358207966016,0.698235481375977,0.00263456496658985,0.00504148017419532,0.00296432289358659,0.00588188251810696,0.00431436376248036,0.00489318487308205,0,0.892972379441486,0.210055594427464,0.795988257625316,0.63823665538144,0.629198880043982,0.0083656616577372,2.38429991657975e-05,0.384774383150145,0.397082079297235,0.0497174411512003,0.000572201614116851,0.000154046454655579,1127,"RNF122"
-11.0607041005701,-0.0163685270211584,4.19553217318932e-05,-0.0717215359829903,0.00346713329951724,-0.294142201262224,-1.0933044019607,0.00474177364122749,-0.000808760254246445,-0.0003816923628559,0.00128764913292631,-0.00202471739941836,-0.00335833783528644,0.0231572622001345,0.0530886893315867,0.0020142841017348,0.070153711316852,0.00433256837475059,0.742771408016958,0.131986160962244,0.00049538297670071,0.00106302136003521,0.00053994957639773,0.00122438295713801,0.000808922347389034,0.000995532318432138,0,0.757835662741601,0.983382144026806,0.306616023410389,0.423566573194549,0.692100336704929,1.19629529757219e-16,1.04923269375516e-21,0.446768889741125,0.479626313580033,0.292950114242388,0.0123152097799123,0.000742435411730285,1128,"RNF123"
-13.8405828349296,0.0950862930116648,0.0157634616507858,-0.208388095730875,-0.00769556225131509,8.10582346489975,5.09749731426715,0.00393808260182198,-0.0143423457538233,-0.0203569782329432,-0.00503861846137832,0.00225989541500028,0.00455215122931903,0.0544814816246031,0.12673763614589,0.00459776214862805,0.165114196873028,0.0103989635211885,2.67464810290465,0.572087890843203,0.00208800076813693,0.00424984645721736,0.0022825223139249,0.00492654899683679,0.00305415270914649,0.00402307138561623,0,0.453097586364264,0.000606909940768046,0.206918322939842,0.459280783102005,0.00244057796771882,5.08765444497065e-19,0.0592876523217085,0.000738716318013272,4.72080078415854e-19,0.30642697850223,0.459335277432189,0.25783989819374,1129,"RNF125"
-11.9108819336122,0.00312422353851054,0.00197859647650117,-0.0102122535785307,-0.00510816045724902,-1.36315841785174,-3.47807999393078,-0.000109514799597141,0.00193568930447485,2.9471475236776e-05,0.00414158689273445,-0.00460028819387303,0.000145025539436311,0.0174715809327175,0.0403611288262868,0.0015089987418349,0.0518193567566962,0.00330589672030907,1.02735705674274,0.188771470424882,0.000715737958062356,0.00148675912572401,0.000821006962087328,0.00170603479827409,0.00117954403244727,0.00143045582144154,0,0.938299976499651,0.189790800853476,0.843769543861533,0.122306024939458,0.184555180719941,8.30695303162087e-76,0.878390681674647,0.192932728706823,0.971364693567724,0.0151986830702123,9.61703020159467e-05,0.919245522620347,1130,"RNF126"
-10.5915910583146,-0.0693753658842699,-0.00293217395941173,-0.0206997811601485,0.00504999696366964,-3.02270855192532,-0.265754332005345,-0.0167009098571304,0.0385179765490208,0.0146260615237516,0.0101356891569851,-0.0177659319154225,0.0140523961235777,0.0194443581846081,0.044536079353861,0.00167346010465445,0.0560483143295375,0.00370794989048187,0.74906217819828,0.149158107349062,0.00055022070259087,0.00116034450051338,0.000650960387009853,0.00135882050164872,0.000885500093998138,0.00114408188812091,0,0.119296312657531,0.0797458781346249,0.711888984299082,0.173217528603665,5.45270108094426e-05,0.0747988974654718,2.28588547003571e-202,1.25877475127185e-241,8.45161579053551e-112,8.70614115905569e-14,1.54912612763916e-89,1.12212935132172e-34,1131,"RNF128"
-9.15638507782192,0.0859261765515365,-0.00192351559913669,-0.0430894250294681,0.00188437540096434,-0.731191742175859,1.6583794860179,-0.0128850593806212,-0.0208499094717759,-0.00208543658233125,-0.0193872142060668,0.00406145126888952,0.00658442845188386,0.0222711398605727,0.0500264148731275,0.00191479199261762,0.0673503380145539,0.00416588114454363,0.37874996157929,0.0659236089808434,0.000249263238876493,0.000539054848964137,0.000274740115472337,0.000623342945300548,0.000394078151945092,0.000504067070598153,0,0.0858666582899445,0.315110739967648,0.522315388017131,0.651027396837339,0.0535400321802066,1.2125419236598e-139,0,0,3.18478862518912e-14,2.26289996535664e-212,6.60567227944233e-25,5.38537616076924e-39,1132,"RNF13"
-9.23268125212764,-0.00689059113062243,-0.000598735888594487,-0.0295911952896966,0.00890593267329392,-3.19004819539167,-0.0134857933656563,0.0083403726429449,0.0379732219844419,0.00363486086639859,0.0260371195103564,0.00125746058979009,0.014543860049566,0.026123731997117,0.059414667480647,0.00224852536857355,0.0754611753325085,0.00495563109875057,0.384236175146336,0.0792951911247032,0.000289242105565825,0.000620615313655076,0.000336002539050047,0.000733576759534893,0.000451049321974918,0.000606134880921413,0,0.907672687734255,0.790024070346827,0.694956242507639,0.0723143641248865,1.02105565182604e-16,0.86495448915801,7.75424662538817e-183,0,2.8301711602061e-27,6.21834647781463e-276,0.00530581109784443,3.17931358058213e-127,1133,"RNF130"
-14.4753501647229,-0.197947693339971,0.000415367372814244,-0.0244852848253478,-0.0113019598462592,5.24334849837285,1.0531399666774,-0.0124142958265808,0.00196719556245005,-0.000123776573809931,-0.0151256217674219,0.0016886781537616,0.0037393674148292,0.0734052871938525,0.177078834575087,0.00660243868819693,0.216881873098135,0.014231145032834,3.905422241629,0.712905562258451,0.00270957756490882,0.00568860448417627,0.00285981644331186,0.00632732581598919,0.00408571209369879,0.00513363757377035,0,0.263630777781583,0.949837212341623,0.910112317140171,0.427096004669089,0.179407453773224,0.139608550906739,4.61354282245388e-06,0.729482966646788,0.965477297584165,0.0168243672511033,0.679377265064953,0.466365686999259,1135,"RNF135"
-10.6389081117214,-0.0302541560066882,-0.00127187786326089,-0.0416580778642217,-0.00433681390476571,-2.48855564775533,0.728230967035558,-0.00539650895968965,0.000134211276751818,-0.00109262380869725,0.001403466940701,0.00240202110151148,0.00466677553874767,0.0181129349039948,0.0411941832457155,0.00155236508988793,0.0542800988575355,0.00343341401780841,0.679315751069194,0.117893588167652,0.000437522878343173,0.000925876589867335,0.000487800954163441,0.00109384542201044,0.000673257425701251,0.000884366393060899,0,0.462688009808287,0.412606033348818,0.442805075394381,0.206546058407562,0.00024896050429184,6.53230990897431e-10,5.92507084335895e-35,0.88474568861939,0.0250976217905428,0.199471814056445,0.000360045667032107,1.31336880280057e-07,1136,"RNF138"
-11.5995720541221,0.0284817661370437,-0.00200148352146029,-0.101567976038952,-0.00521811728847227,-4.92156269305573,0.121704628547722,-0.0101444568282623,-0.015257472634556,-0.000463121861429464,0.00404633131815505,9.52209277194046e-05,0.00361334884030679,0.0188785395937846,0.0427284891424119,0.0016219567680952,0.0568418905358722,0.00362545224619527,1.08559184172521,0.181327553237275,0.000684666803872521,0.00143729678618799,0.000761454396377888,0.00167028971991123,0.00108046431452601,0.00135901861950619,0,0.505043291142053,0.217205461356118,0.0739616106251433,0.150065240502588,5.80061469887814e-06,0.502101647826177,1.1437532835057e-49,2.52724164932785e-26,0.543050220956421,0.0154127422889171,0.929773641179963,0.00784211890050639,1137,"RNF139"
-11.0621672080049,0.0702671564556725,0.0113922318250672,0.722229219601497,-0.0171949483491506,-1.74597871715175,-2.06917178685183,-0.0101460481236731,0.0199917291000314,0.00351598754136708,-0.00949677860943054,-0.00761148664722969,0.00147833856223902,0.0310800433708261,0.0704629538056588,0.00269676509929095,0.0931555058073376,0.00587922749283896,0.795735992045502,0.150362734562002,0.000566511124454668,0.00123209242550235,0.000641887694109593,0.00139867818475942,0.000917220639859408,0.001148130234274,0,0.318657117625637,2.39571361881362e-05,8.9787740615338e-15,0.00344793772608105,0.0282233100430306,4.36220556518612e-43,9.90560177312228e-72,3.31179912089002e-59,4.31195951086449e-08,1.12270477392206e-11,1.05500711403097e-16,0.197883397264012,1138,"RNF139-DT"
-10.6644791102895,-0.0320881780476096,0.00231196713134344,0.0498181661598293,-0.00560794358697942,-2.32196756125643,-1.16757558759302,-0.0119556580532831,-0.0180435061027563,-0.00422871161476401,-0.0180502077012251,0.00577524536267482,-0.0034671188181276,0.0212220959874065,0.0476399932170282,0.00181475334173699,0.062892660668554,0.00404635800243892,0.696953580313915,0.112039293572533,0.00043493641941535,0.000945091289486035,0.000472470803641076,0.00107179334878706,0.000683386224342256,0.000860326856096035,0,0.500593971419926,0.202669006553315,0.428294122818223,0.165770193080178,0.000863496002412477,1.98588143237283e-25,2.42355404922121e-166,2.95339726214789e-81,3.54815540020199e-19,1.21893096817449e-63,2.89005194911896e-17,5.57764148798222e-05,1139,"RNF14"
-11.0358479983347,0.000202472708904909,-0.00354247595737749,0.110134733782417,-0.0012458463544515,-1.26851947410426,-0.0576049855020801,-0.0263087218060631,-0.0347804676569339,-0.00314769438885137,-0.0236571749715995,-0.00232092551750992,-0.00113588480505113,0.0323701726651799,0.0722913268352932,0.00277882711017855,0.0982305640538,0.00619616506158155,0.858163764198726,0.134365720608648,0.000524037137429323,0.00115234521262014,0.000565655939802733,0.00128945593513551,0.000868750132635672,0.00103681333924139,0,0.997765297107123,0.202376580737971,0.262208695135632,0.840645928524239,0.139359929573023,0.668128554520863,0,4.03999824054837e-200,2.6263365941195e-08,3.5121272380265e-75,0.00754976540629955,0.273274084441723,1140,"RNF141"
-7.83161886049222,-0.042859887884638,0.00450122791534297,-0.0140021644787789,-0.00882753339641841,1.82964832338653,-0.466426642811608,-0.00618165964857016,-0.00895015676682566,0.00470409307027894,-0.0191482418148607,0.0212682216565822,-0.00916023723993401,0.021078793427095,0.0477483113532983,0.00179536895771884,0.060970974034802,0.00384884623478673,0.250530598098424,0.0499899723349991,0.000187417581906688,0.000410515765377555,0.000217305836029189,0.000472204638655922,0.000310612827125861,0.000395345036314454,0,0.369387629391197,0.0121715066226036,0.818361452718551,0.0218161792302187,2.81226101109098e-13,1.05468022330793e-20,1.40756501706585e-238,2.21012241496991e-105,6.43925636577885e-104,0,0,9.0904682351345e-119,1141,"RNF144A"
-15.2008407773947,0.287624652744016,-0.00550812302575701,-0.111100202833974,0.00821156734241622,-2.78710888556089,5.59191650357226,-0.0495644399689628,-0.0154825936056336,0.00768878736104428,0.00179621825377655,0.0223734612955777,-0.0475386660390626,0.051789501923383,0.117606416116589,0.00432014999030624,0.148716010468566,0.0100060420649091,5.84488588882036,1.028341837398,0.00392344942966962,0.00749194497916086,0.00432386525129081,0.00846974742972206,0.00498364712842135,0.00695191219659498,0,0.0144589511449975,0.202314830625131,0.455025639027594,0.411839456412728,0.633471978397953,5.39426932859901e-08,1.39104251883367e-36,0.0387751323248313,0.0753675891466223,0.832048839357235,7.14324180968379e-06,8.01863347057583e-12,1142,"RNF144B"
-9.30405810208381,0.0117581117562651,-0.00102245503889123,-0.0755236209715999,-0.00550888725202992,-3.50927757424147,1.49750394048117,-0.0145362944366788,-0.0270296809197845,-0.00652333305592302,-0.00954543024345886,-0.0033123014331372,0.00209984618314555,0.0166034360186386,0.0373515475186011,0.00142621021907003,0.0492600598948884,0.00312858774913931,0.410298934405642,0.0688898567769216,0.000261661442021763,0.000567980327018376,0.000288400543454906,0.000655244624460903,0.000423903983534749,0.000528887300020041,0,0.752916670888419,0.473433667702642,0.125236099438739,0.0782684747124494,1.1995323634316e-17,9.04009309761746e-105,0,0,2.81768843422665e-113,4.50582161870931e-48,5.54886137690416e-15,7.17793787419083e-05,1143,"RNF145"
-10.1950973686103,-0.0429011529140841,-0.000295635358638282,0.0874373231405903,-0.00552109872794337,-7.25032570626713,-2.11857306803328,-0.0162104544396887,-0.0190501397208933,-0.00394962911566019,-0.0246685031536092,0.00360085591745637,-0.00131916371648697,0.0341545694127767,0.0759897074882129,0.00293475588735839,0.10319969954963,0.00653475559453475,0.587528802222854,0.0868691669966025,0.000340415474332277,0.000748176957192086,0.000366811737284373,0.000853337047185706,0.000545385751361747,0.000677032114836965,0,0.572369464803189,0.919760089772172,0.396848350109082,0.398176609846747,5.48996301643526e-35,2.28786321108274e-131,0,5.18854383304355e-143,4.90365336491777e-27,9.39638356421546e-184,4.04548994335131e-11,0.0513610550973121,1144,"RNF146"
-10.2399258800889,-0.101019821571174,0.00148713954364967,-0.0149277595900855,-0.0091499071427125,-1.71314968549791,0.216885032814082,-0.0218173964881048,0.00388056427084183,-0.00691224435986511,-0.00634025572966727,0.00695019926590306,-0.00209913864065988,0.0236334197425256,0.0528818982925315,0.00202662888695131,0.0711087512608296,0.00446869577048394,0.561322799361129,0.100419345609591,0.000377927476357408,0.000815839710155352,0.000425888966941081,0.000934729829684203,0.000568540136845972,0.000757457441684756,0,0.0560957384092982,0.46307086121315,0.833723411077151,0.040603473811227,0.00227332217301661,0.0307886722593768,0,1.96951116693584e-06,3.08674099819656e-59,1.17720204397386e-11,2.2959274841565e-34,0.00558336769625185,1146,"RNF149"
-7.54693426805892,-0.0043067900244906,-0.00750688189521396,-0.0315781574860687,-0.00173337742671947,-4.15922129756306,1.6354541228165,-0.00635431216154029,0.00742258053817806,0.00717699966772992,0.0110500008828864,-0.0174600150868024,0.000933221247752256,0.0228749685018139,0.0520233681230792,0.0019700342156139,0.0687264750117028,0.00421350428699866,0.272013747036087,0.0560976301398489,0.000208888934517577,0.000453531766927447,0.000245145808090508,0.000524498905482694,0.000338165063901955,0.0004415725840321,0,0.934021953931704,0.000138667070955929,0.645892470032799,0.6807893870612,8.84927956393623e-53,7.49637583293836e-187,3.02712178643824e-203,3.33524585075802e-60,2.06869179130077e-188,1.57295964888148e-98,0,0.0345662073121514,1147,"RNF150"
-12.6771355191897,-0.298327329087448,0.0169665948157196,0.0774816225965088,0.00128481958044555,-2.93001060175938,3.1504115941352,-0.0892507680258438,0.0292017370932826,-0.0170855712262003,0.00111266945614504,0.00169268104248641,-0.00858353331493826,0.0485167924237986,0.11503787602392,0.00425313363233084,0.146986463619989,0.00917951839538189,1.68307795573395,0.357372348499133,0.00138843287687584,0.00289467603186316,0.00160021450465257,0.00321505560876126,0.00215564555195436,0.00269094210964406,0,0.00950607589289501,6.62968929797058e-05,0.598100253551961,0.888686930685711,0.0817073391539143,1.19165029993828e-18,0,6.23746196721759e-24,1.30347307595087e-26,0.72928188965917,0.432317781189555,0.00142377477222239,1149,"RNF152"
-10.0205540981744,0.00306111567457983,0.001330883873581,-0.0153944824064035,-0.00727312872186103,1.65753557257434,0.167995050958868,0.0100089398138795,0.0052703084905895,-0.00285777587868101,0.014400173644169,-0.0105040694993353,-0.0104581286319001,0.0222324468200213,0.0508670619874835,0.00189882700236835,0.0648303431680823,0.00408147078761879,0.498843743236707,0.0993225663780104,0.000363511461219425,0.000777246287882019,0.000415258024075224,0.000911815282343288,0.000611516627276456,0.000754872764808379,0,0.952013278408859,0.48336673011161,0.81230151321624,0.0747513182551251,0.000891331426270785,0.0907587755119726,6.87195700228019e-167,1.19558155048821e-11,5.90478028248828e-12,3.48402490556122e-56,3.94269343364909e-66,1.20051797745498e-43,1150,"RNF157"
-14.9834171421966,-0.0978854158514242,-0.0011954239321988,-0.0431388723607772,-0.0195450245124554,13.7347490821659,0.425790646506614,-0.0217671873661924,-0.0400342764121338,-0.00633065774215931,-0.0328631383020621,-0.00529591285169535,-0.0150435610773706,0.0464934537611491,0.112029834629197,0.00406409804279937,0.144782705510506,0.00923856373116856,3.96169079980847,0.816906023460702,0.00316380183650833,0.00619931004608463,0.00348668232573572,0.0066254386837011,0.00530906534617305,0.00569405548476937,0,0.382257585992198,0.768649021212585,0.765736764194057,0.0343795874134455,0.000526515893515713,0.602211059943797,5.98219273760224e-12,1.06193906363235e-10,0.0694213060656124,7.04404846882961e-07,0.318510892690321,0.00824237618904137,1151,"RNF157-AS1"
-9.87539911424407,0.0171234803489555,0.00030785118373847,0.110150693100736,0.0072671482639027,1.14442997931252,-0.269541433442532,-0.00391815463280963,0.00319548541932406,0.00315400157535007,-0.0081960684582974,0.00701507152838615,-0.00604967209637868,0.0422653795820611,0.0948218299084861,0.00365071322116534,0.12277783738303,0.00802992563700694,0.503592759080782,0.0927332123624162,0.000357067243828519,0.000778899008056778,0.000391957250736833,0.000876967884853413,0.000541682557914167,0.000712728839745988,0,0.856692666676725,0.932796992597962,0.369636463992111,0.365461061726554,0.0230544790336222,0.00365341322481767,5.14446745446397e-28,4.08591361965551e-05,8.49869493762355e-16,9.10972133259653e-21,2.33363816194775e-38,2.10148210443641e-17,1152,"RNF165"
-12.08967724988,-0.0281752740746866,0.00336415133204199,-0.00868823527120114,-0.00471613268485161,-0.901624512805353,-2.43196691775207,0.00709740919104641,-0.0111111293609626,-0.00460173213093045,-0.00114847109511399,0.0021336825797604,0.00295039802995488,0.029294623878142,0.0667584080978472,0.00252948647063007,0.0891674485329162,0.00547877226145294,1.20552796548089,0.214936088371339,0.000816481488048657,0.00174144754656688,0.00089116724521402,0.00199712297985985,0.00131985179005704,0.00163396790747335,0,0.672989747536885,0.183526825831972,0.922379125963911,0.389347649798045,0.454515400015536,1.10807397865711e-29,3.54000244266378e-18,1.7662772969253e-10,2.42098452886539e-07,0.565248838240696,0.105962986607059,0.0709707432774637,1153,"RNF166"
-12.1007634159381,-0.0335007708800742,-8.34286148043495e-05,0.0808272121985505,0.000327072508161908,-4.22049032802708,-3.41512435726087,-0.020537711614135,-0.0335952369352309,-0.00349662808580159,-0.0127125136605214,0.00917273662976015,9.13587238622117e-05,0.0156254335371681,0.035510966651412,0.00133416028864212,0.0467299739260917,0.00302918546252862,1.21408990249691,0.19693833759835,0.000794153642180706,0.00165220469545773,0.000877166568254286,0.00182146539313095,0.00123286027306297,0.00150624161290543,0,0.345480303616157,0.95013864012359,0.0836901001069047,0.91401651640267,0.000508461958478907,2.30349376310332e-67,1.82381493547399e-147,6.48903801161894e-92,6.71184177776825e-05,2.96700496951867e-12,1.00527035168823e-13,0.951635218909168,1154,"RNF167"
-10.6207708968122,0.108895194088934,0.00268267968967698,0.0217134086741363,0.00999147863857591,-0.529116161837908,-0.565993508444648,-0.0010906762123836,0.00385237166263071,0.00230020548422389,0.0069238865282269,0.00589023918676405,-0.0053080832011944,0.039876784944686,0.089626234717459,0.00340836665502718,0.116741683861309,0.00767634658491525,0.666593014513937,0.125833102353664,0.000470170174703512,0.00102434438041228,0.000531777974930182,0.00117789510378145,0.000732182731492973,0.000965418681221622,0,0.224368989759737,0.431231178617003,0.85244841912008,0.193055569247574,0.427334035769537,6.86054030847789e-06,0.0203545262339812,0.000169359364292719,1.52186458739946e-05,4.14786662170575e-09,8.64099479098023e-16,3.83646589826326e-08,1155,"RNF168"
-10.1504665702501,0.0272651966286321,0.00148260460678259,0.028236583227112,0.00525084772326597,-3.30908177907943,-0.81188024956927,0.00398981169335074,0.0130207217311742,0.000755238779613534,0.00840634433655178,0.00727741242515973,0.00144761738166591,0.0253316148227776,0.0569063498906347,0.00217668640920308,0.074055335862649,0.00488462962872514,0.58048686405881,0.107027424774095,0.00040111350379238,0.000864663175028733,0.000453985391892899,0.00100974461144047,0.000618644873052882,0.000823808451446338,0,0.631850433873502,0.495789761189044,0.702987830457255,0.282386564002701,1.1943672284987e-08,3.30641650367472e-14,2.60319094215549e-23,3.02583147999142e-51,0.0961973775475644,8.41734635037684e-17,6.02056046096783e-32,0.0788793465880304,1156,"RNF169"
-12.8602478211716,-0.207647654667883,-0.0284136761555309,-0.284439975463801,0.00296749735158689,4.93069640375237,-1.33265464874906,0.00686403381723618,0.0185673031225788,0.00638821094172664,-0.00453494924317411,0.00899399604390873,-0.0151882627734519,0.141383467461138,0.36142824778695,0.0130227272961167,0.372904204780171,0.029041240521053,2.71649879262807,0.532989605480978,0.00197888420635985,0.00424654433146031,0.00222827751043359,0.00492270153063854,0.00325587136506037,0.00407763986607938,0,0.565616161930211,0.0291203861662442,0.4456008391196,0.918612069682287,0.0695097058174626,0.0124074546812369,0.000523102942565961,1.22926209807392e-05,0.0041453621643293,0.356929413629749,0.00573793778114659,0.000195494873641207,1157,"RNF17"
-10.3823578393955,0.0103973730021396,0.00160495192626111,0.0176244444901685,-0.00165876951441424,0.189565135240449,-0.230179118637671,-0.00344179021057975,0.0105008408787144,0.000701427369683666,0.00155618947193641,0.00209577523980453,0.0044524457271953,0.0129033258690893,0.0293053279843119,0.00110550285599191,0.0378953897616949,0.00245152722390962,0.570397375587249,0.10657419896379,0.000398731402714789,0.000838035236327861,0.00045088685927323,0.000976924490292405,0.00061346272648897,0.000804103451210214,0,0.72274345157748,0.146561531217483,0.641873097925034,0.498642642882611,0.739633503429441,0.0307880366834516,6.03667875254147e-18,5.09634082435781e-36,0.119788584040111,0.111171958219915,0.000634773127755839,3.07423851288387e-08,1158,"RNF170"
-9.09431712016137,-0.071132598254895,0.00384983918691757,0.116932587238064,0.00780134283528845,-4.62655213859013,-0.0110659496653653,0.00142738751343214,0.0316763733885558,0.00240253980194342,0.0146140766562108,-0.0133989089299139,0.0157030504791729,0.0441963230755059,0.0991261273971932,0.00374894899435871,0.124761645264896,0.00851599249555631,0.375213636519557,0.071428273123993,0.000265098455928621,0.000577356021612439,0.00030368195052307,0.000675779284178311,0.000428959315594355,0.000553452384234685,0,0.473005891237744,0.304462094517036,0.348631067230121,0.359624171344614,6.21006923030565e-35,0.876881278288157,7.2699829178041e-08,0,2.54574856983703e-15,1.03352082961534e-103,3.4752292532801e-214,4.36798576987831e-177,1159,"RNF175"
-8.94898829410229,-0.00376664236887232,0.000921419920738637,-0.00547706596787935,-0.000146030775456154,0.229731468610566,0.0991882151564825,0.000277307265215821,0.0108231566105841,0.00214682962851788,-0.00041398957963516,-0.00338582920278099,0.0115697743899692,0.0121836174475997,0.0276838519671049,0.00104860567997375,0.0357015898323544,0.00230584159484665,0.351480593337338,0.0695898990242044,0.000257555396401788,0.000550776294827279,0.000297656105300015,0.000644181512515523,0.000414954077177409,0.000533937979796248,0,0.89177449212856,0.37955872984173,0.878073080372969,0.949503096144843,0.513362663584618,0.154063308591884,0.281618875978459,5.6986639252822e-86,5.49542132073353e-13,0.520444853381997,3.36337706537718e-16,4.04495278341653e-104,1160,"RNF180"
-12.7314221212838,-0.0204956696732649,0.00533621611647646,0.129953575057108,-0.00180417074526463,-9.76081801523831,-4.0994119734901,-0.0351767578349758,-0.0492785612706146,-0.00943840324053064,-0.0534530221995619,0.0128170759947534,-0.00637065807051138,0.036929911603632,0.0820948252224075,0.00311554199044635,0.110260905688971,0.00718437529314386,1.82224985520209,0.256420686791154,0.00109862547494657,0.00239246365362174,0.00114620230716815,0.00254186321167421,0.0016312460073329,0.00197167424730872,0,0.802851465998204,0.0867543142122398,0.238557232905187,0.80171805977281,8.48658157782974e-08,1.5728965527074e-57,5.95481672449467e-225,2.89502389524107e-94,1.80308663566997e-16,3.55543584370432e-98,3.92719555393446e-15,0.00123318856720535,1161,"RNF181"
-15.6854773886247,0.162098435474123,-0.00684396757747643,-0.318569656089998,0.00521187251584763,4.47240483056162,-3.37875533097542,0.00176197984590935,0.0413635721712595,0.0136798296065949,-0.0120508463893419,-0.00571355883292346,0.000389500457181951,0.0563773720930915,0.134442399652338,0.00502655914048154,0.179504532553523,0.0114201936245147,6.10262142578743,1.21597298472293,0.00460062772221836,0.00841629963119755,0.00540860717029591,0.010026616729211,0.00712859587459346,0.00859791508738086,0,0.22792964406848,0.173336427079067,0.0759447091857169,0.64812149521157,0.463640054381671,0.00545864104452324,0.701729526120123,8.89193547577286e-07,0.0114299955579873,0.229407849451703,0.422843117595633,0.963866805796182,1163,"RNF183"
-10.7978799333182,-0.0924745254773094,0.00421213283205154,-0.0101087196788149,-0.00813672321794035,1.84501757725963,0.04746461117077,-0.00571425701604904,0.00367845852958329,-0.000411212333667813,-0.000933292389028291,0.00129340728268172,0.00361103902864253,0.0180756860630282,0.0415081624974448,0.00156069454011485,0.0535257958997486,0.00345826080353589,0.658718528079274,0.124388779907914,0.00046354967741024,0.000987926576940436,0.000519325665146532,0.00113502641302193,0.000720720245987755,0.000932077972802012,0,0.0258896103015496,0.00695725146342536,0.850204918854132,0.0186308099598409,0.00509572270334813,0.702770890439799,6.46762765761316e-35,0.000196547712431586,0.428465767489491,0.410926144290381,0.072716849387941,0.000106983758540163,1164,"RNF185"
-11.8713120836479,0.118850740144306,-0.0013610476868141,0.08838268841452,-0.00136529291519671,-1.38037313763649,-1.07665222170077,-0.0331330201875665,-0.0420487986774162,-0.00454070356074161,0.0114852515676918,-0.00621297653008121,0.011690250258352,0.0354506660338254,0.0792486104267031,0.00301643457205318,0.10519110081184,0.00665165993648253,0.927436324001178,0.182357508466274,0.000714629031012431,0.00159713620981265,0.000788702364087037,0.00168465154209051,0.00117180959295301,0.0014015529537605,0,0.133686901466956,0.651837667016076,0.400790260266163,0.837372142136038,0.136651997719169,3.54632997979327e-09,0,9.26114098339829e-153,8.55293574486326e-09,9.25849720918001e-12,1.14518313361429e-07,7.37106649238353e-17,1167,"RNF187"
-9.73431379512761,-0.00965699155687015,0.00471712295350943,0.0604312886324324,0.00175846996942583,-3.27005131517432,-0.296632652716341,-0.0141003401439705,-0.00142887762946377,-0.000336112256817957,-0.00159452453981855,0.00948896041783546,0.000433404344812375,0.0259333822708302,0.0586344620983187,0.00223504197823896,0.0759047443396896,0.00499917004433749,0.469561700556238,0.0856851136840071,0.000325958301516492,0.000712980116272289,0.000365169881842543,0.000810821149477583,0.000495304310881149,0.000659089652283484,0,0.86918151783308,0.0348127373537745,0.425946949915982,0.725023972940294,3.3062640394121e-12,0.000536391350306021,0,0.0450602239120623,0.357349610223169,0.0492345137350792,8.32583773374176e-82,0.510807882487986,1168,"RNF19A"
-11.7516573454081,-0.182324512831467,0.00409603840741678,0.00315667007326474,-0.00912112703283178,-1.53768912600381,1.94235682286689,-0.0107154099703533,0.000802951295088397,0.00450077609679721,0.00918025741368292,-0.00529994820348138,0.00313285431423276,0.0445280668421109,0.100349333540074,0.00378846646620903,0.130099228952534,0.00870001785498367,1.15028155138554,0.199873487980689,0.000746737210348076,0.00162357682352339,0.000821466485960393,0.00186757353348485,0.00119173728248023,0.00150700092420305,0,0.0692327186159101,0.279614207892807,0.980642381770704,0.294452854771465,0.181289987653232,2.52866474942079e-22,1.07092043500363e-46,0.620912856349696,4.27850485861675e-08,8.85078218270071e-07,8.69784351082308e-06,0.0376295873362571,1169,"RNF19B"
-11.077968691443,-0.0638032834161556,0.00737876085949179,0.0594098665313431,-0.00199257994823855,0.595404974222572,1.25226403220055,-0.01976470519092,-0.0173628370235651,-0.00206648286709496,-0.0164043405886205,0.0218320103109636,-0.0100094685423196,0.0332128764003155,0.0747594360951386,0.00285308522200229,0.0985581597442897,0.00647410768373809,0.920220565248857,0.164573609704011,0.000633242726042549,0.00138126070571235,0.000692644893664303,0.00155109296398314,0.000946266901183222,0.00125557554227904,0,0.393410970505917,0.00970295664647719,0.546648444494874,0.758252199363924,0.517616281879285,2.75920607619734e-14,7.34790070323028e-214,3.07623441852902e-36,0.00285003192321002,3.85096913468417e-26,8.90408571753233e-118,1.5610635731632e-15,1170,"RNF2"
-10.989876037907,-0.029908052348386,-0.000124534587317975,0.000338041235174641,0.00233921543503124,-1.67766476363199,-0.723140347138122,-0.0087582437586024,-0.00503459126171991,6.41093420586169e-05,-0.000656926604680267,0.00648125371519123,0.00578102420788326,0.0143494806290782,0.0326275299236427,0.00122518246816731,0.042226232163819,0.00275200401567899,0.775642521450999,0.134842322827086,0.000511417159785757,0.00107399951170733,0.000575038385638468,0.00124393691201431,0.00077912897110269,0.00102237584741839,0,0.359325640163883,0.9190378665313,0.993612619745264,0.395322657581894,0.0305461390209985,8.19150065835582e-08,9.58821978186881e-66,2.76287925048224e-06,0.911230122039133,0.597427966112538,8.90166193265216e-17,1.56300617157682e-08,1171,"RNF20"
-11.4425022804358,-0.0901824103862786,0.00508247252009908,0.0736641440400552,-0.00486674920543788,1.06714866549687,-2.26339430702238,-0.000623127012365437,0.00423154638374799,-0.00265044128080468,-0.0190549570588387,0.0170337487992912,-0.00760885200548132,0.0193252379625399,0.0443905384427123,0.00166250416877789,0.0582074250820013,0.0037004935558642,0.91343814821591,0.158632578831313,0.000611349818641332,0.00128234534920952,0.000672994114979959,0.00145429451976363,0.000851724278232557,0.00116459425216804,0,0.042197379353616,0.00223475789262867,0.205675853849775,0.188455399678215,0.24269510005375,3.45598832178749e-46,0.308077532915585,0.0009673676477688,8.20667676687328e-05,3.18405881245788e-39,5.60359474626401e-89,6.4259238814224e-11,1172,"RNF207"
-12.118124831277,0.0664768463443522,0.00430067840927321,0.0757486592638389,0.00545066246375543,1.34661389979626,-1.75254240317071,-0.00666424637550469,-0.000552437465761638,-0.00254897101941001,0.0338409222202918,-0.0177938109510088,0.0129442209337184,0.0330556981820309,0.0748460448206238,0.00279922160656555,0.0970383982427655,0.00621195996676584,0.921716094885571,0.213944913047391,0.000785624822442018,0.00172227979974002,0.000916240096552042,0.00187841699586144,0.00135118165128988,0.00160372234174147,0,0.374443315375315,0.124444305569514,0.435034847671217,0.380244171587384,0.144019405832598,2.57863703847907e-16,2.19963178726105e-17,0.748392715536427,0.00540266624031664,1.46819085232698e-72,1.32209513148121e-39,6.95192014114302e-16,1174,"RNF208"
-10.1620757849321,-0.20012508331398,-0.00574609565811175,0.018899289197228,-0.0154424027260778,-1.09910144082514,-0.978655502521827,-0.00368342219637789,0.00877107073486473,-0.00436773988041872,-0.000384848681697884,-0.0011639127899825,-0.0248484490492485,0.0655820552067617,0.151288628501238,0.00561276742958299,0.204094259079358,0.0127202271477456,0.735273824633718,0.141238333866179,0.000529307720869429,0.00114789336232848,0.000612833609902682,0.00133134452932955,0.000873627536918974,0.00110431412664802,0,0.185900829696,0.305951267766577,0.926220717783372,0.224746314145781,0.134961630334838,4.23505937854767e-12,3.42835465945804e-12,2.15515461849013e-14,1.02489274267738e-12,0.772529581688932,0.1827695897219,4.03521874430952e-112,1175,"RNF212"
-13.5289896850404,0.099354632345873,0.0028808854057691,-0.0987298963402151,0.00265413326301744,4.68905120081293,-1.86345429047017,0.0138634150729206,0.0348313995714666,0.00639030590007203,0.0116936725571246,-0.0023913139220691,-0.00258423631728603,0.0294289653355706,0.0687777770564034,0.00251014206724502,0.0872168360062719,0.00570406020882942,1.99227599907713,0.444620849256392,0.00162406780322235,0.00318026556445957,0.00188959759496342,0.00375256209422752,0.00243284144869472,0.00319293136673128,0,0.148577401088775,0.25109319534513,0.257632323182508,0.641712360818982,0.0185918428211581,2.77594669549913e-05,1.38673099986793e-17,6.4741663708946e-28,0.000720035709905836,0.00183208150118559,0.325641673703443,0.418307133210298,1176,"RNF212B"
-11.1737830787492,-0.0732036178993577,0.0028219429430353,-0.0918634331078576,-0.0180165138045732,8.45862036647059,-0.833327218299074,-0.0141470755433026,-0.0206829956199308,-0.00754847647682729,-0.0322589662043631,0.0137297499245634,-0.0189035074775066,0.0297025513874254,0.0692071957580794,0.00255055903876618,0.0853929284167938,0.00550680127836374,0.752277317217692,0.145115825214211,0.000555861424517006,0.00119950147366245,0.000612746230222649,0.00131732395537383,0.000833812327516607,0.00108379617385947,0,0.290171366823373,0.268552675343023,0.282028652393812,0.0010690898424471,2.47836873809167e-29,9.32904284247339e-09,6.93045766788337e-143,1.26323772715277e-66,7.14957495133693e-35,1.97041968350472e-132,6.41398813103748e-61,3.96389505146248e-68,1177,"RNF213"
-8.74584452872668,-0.142766309268071,0.00462885578209295,0.0119727303882802,-0.00625116508439772,2.42716745730334,0.207218601723497,-0.00107712290688954,0.0114565323240668,0.00320714089799957,-0.00610859734181317,-0.00806017503830043,-0.00745213778309367,0.0236009339477057,0.0538491121870658,0.00201765222826078,0.0681579540768642,0.00447276996363496,0.289784594322072,0.0559141830123382,0.000208811826455582,0.000453184376047046,0.000238085060347496,0.00052338834287722,0.000343014475637633,0.000431454289634065,0,0.00801995262363192,0.021780207352314,0.860559861112369,0.162231755066141,5.48666264882405e-17,0.000210548795571592,2.49145635922533e-07,5.29194530426506e-141,2.33067442666097e-41,1.78772328307336e-31,4.26924117908888e-122,7.62647101698504e-67,1178,"RNF213-AS1"
-10.7605808760646,-0.0151839741727405,0.00246973499505768,0.0177736174019158,0.00560485306503701,-0.824701008650614,-0.855005655464543,-0.00014667370954429,0.00505336217307886,0.00045296063552461,0.00649343555499039,0.00344266226663237,0.00103873178579902,0.0219941096881517,0.049658438898269,0.00189341043923615,0.0647617723331285,0.004210798347648,0.692260022012035,0.126337071912867,0.0004778035990645,0.00103117452910016,0.000534377070985479,0.00118599364690823,0.000744437901539225,0.000970059867987648,0,0.759781100935869,0.192102559447778,0.783741801325959,0.18316709578385,0.233529232904817,1.30886836444725e-11,0.758862481310366,9.55499398192297e-07,0.396637182187809,4.37260990795217e-08,3.75480721509492e-06,0.284263224618264,1179,"RNF214"
-11.4545983276171,-0.0885292738241659,0.00218903243758493,-0.0868359661872801,-0.00696297048304439,-1.49430448544281,-1.41509007750539,0.00775819715697428,0.0220243592077346,4.37771616064033e-05,0.012295827802335,-0.00687762029582066,0.0068615360947028,0.0233200680689442,0.053163234404813,0.00201304056095305,0.0691866131241066,0.00445200693285426,0.911636593103705,0.169604018412327,0.000629838680744326,0.00132722483070098,0.000708570114432082,0.00155929187559466,0.00101060580113033,0.00127740510735739,0,0.0958658988322751,0.276848631367424,0.209443257625224,0.117815899420147,0.101183082900562,7.21272199057533e-17,7.26917716081229e-35,7.66395148678633e-62,0.950736120184145,3.1322756083608e-15,1.00738676177256e-11,7.80997759049679e-08,1180,"RNF215"
-9.02441610651604,-0.00867753896464857,0.00391261879012383,-0.0780886462528552,-0.00390931859681676,3.46776639082036,0.564432155966855,0.00704522208232484,0.00688339317774062,0.000572871390845435,0.00451452519303995,0.0051559751782815,0.00144503119205139,0.0180285117795463,0.0412948645660137,0.00155530325990504,0.0533507554762486,0.0033472649015351,0.316208073911045,0.0643546279869695,0.000236439779474301,0.000507025185260374,0.00027054995627557,0.000591724239152921,0.000373095388801035,0.00048876828966805,0,0.833561504111385,0.0118808740961821,0.143280313915183,0.242841329030114,5.52381820922913e-28,1.77631979755387e-18,4.25838286009051e-195,5.55511138759456e-42,0.0342231205819129,2.35773735121666e-14,1.94535332446629e-43,0.00311177533475589,1181,"RNF216"
-15.5305390001726,0.0884640190904267,0.00619154391922205,-0.160616727753529,-0.0235107971638873,3.76205342628452,3.56912390965213,0.0053678827659844,-0.0108731863989037,0.00157383691260237,0.00587462340029164,0.0117239231376663,-0.0032100957723371,0.0595763322491545,0.148471253005076,0.00521870920368734,0.183882717658219,0.0113877439374004,5.6396772837802,1.14547049628022,0.00414623614460102,0.00762241855661812,0.00454096024630391,0.00922843970631418,0.00544262191188884,0.00762008305448506,0,0.551287034331724,0.235459279902411,0.382404905658774,0.0389636821058471,0.504728112475972,0.00183410297325942,0.195444479868248,0.153731395977909,0.728901758738411,0.524399638462057,0.03123274432656,0.673559526251044,1182,"RNF216-IT1"
-9.76085785224197,-0.00620072598413477,0.000858677028849701,-0.0727571311558418,-0.0013770900156501,-0.442784073778704,-0.0753288653434591,-0.00111936562915173,0.0157233501884049,0.00197666621528342,0.00550510740621795,-0.00133205884485805,-0.00103835362507581,0.0205753527670284,0.0464480714221248,0.0017556881453041,0.059214328991231,0.003888172200257,0.453824731423771,0.0863254091942788,0.000320548789140473,0.000690512795382099,0.000365724977449966,0.000804935716461102,0.000509050499551639,0.000662124340404375,0,0.893799522976652,0.624783015598169,0.219181233402247,0.723208388125923,0.329227042460354,0.382872845615288,0.000479366414015502,8.98296156507637e-115,6.48848468505725e-08,7.96428185845182e-12,0.00887708461758551,0.116830858297191,1183,"RNF216P1"
-9.46814508288215,0.00335853966485988,0.00183281013724638,0.111776315609188,0.000580252098518987,1.16050307790838,2.28181378777743,-0.0257385523104134,-0.0140337798808632,0.00760774509294497,-0.0167071315340641,0.0097045264669992,-0.0190610999389396,0.0191106694156309,0.0430444661310029,0.00164676739463764,0.0568779089921182,0.00365441487755232,0.476290040275653,0.0879463311345358,0.000333918537467905,0.000725742728640645,0.000374420200212013,0.000824997349684517,0.00050844696945419,0.000673017228847637,0,0.937808255282613,0.265719376323451,0.0493914014127726,0.87384132170794,0.0148282415372231,2.04249748555297e-148,0,2.61648620509077e-83,8.78087156092694e-92,3.47158738653455e-91,3.26298644496845e-81,1.859713866873e-176,1184,"RNF217"
-10.407234366696,0.0593433785802463,-0.00137245136596777,0.22581726145707,0.00625368112856615,6.3690137142591,-0.556523060415346,-0.0256062899169263,0.0129700692636881,0.0113131917226207,-0.0312363683023112,0.000497160958548183,-0.0367700726857653,0.0253815950259972,0.0572493882279929,0.00215365624551588,0.0746856669070442,0.00482251713072535,0.960841211216429,0.193495694757539,0.000730541012767846,0.0015417321085683,0.00086039532766392,0.00178302043919712,0.00113146453799193,0.00150550684521751,0,0.299933204010373,0.523951755361884,0.00249812117814935,0.194711364336075,3.38929322953779e-11,0.00402555605874294,3.74727815729745e-269,4.00812819087866e-17,1.7282845955938e-39,1.02984850629954e-68,0.660374645872758,9.57588524020117e-132,1185,"RNF217-AS1"
-11.3336140926769,0.152214932556781,-0.000980120852169975,-0.0309241710464013,-0.00575877632473857,11.0717780314219,1.91187306027063,-0.0190843943887727,-0.0363594998055876,-0.00954824327344246,-0.00921277287474586,0.0124710705140418,-0.0102702676719625,0.0510814913408671,0.114464766403427,0.00429389054970465,0.151636483610608,0.00931303292865964,0.74828040329114,0.160459799879293,0.000602150444482098,0.00130748418025493,0.000672506830765508,0.0014107515557217,0.000885686248493133,0.00116328687047203,0,0.183585079464847,0.819444590654219,0.838403341564874,0.536340232655148,1.54775131769711e-49,9.89065190628438e-33,1.89556191272258e-220,3.3999662084186e-170,9.42818810524891e-46,6.55939871772183e-11,4.99223707182551e-45,1.05934441503476e-18,1186,"RNF220"
-13.6194997612802,-0.0876924879892903,0.00698168307567663,0.254020605771274,-0.00247567636289678,2.58380351785979,-3.01346546470016,-0.0220989989729375,-0.0187278970157139,-0.00648303884652808,-0.0108573582380167,0.0102836250435561,-0.00986691475254085,0.0399557175203788,0.0914783293584948,0.00346556836130702,0.121278531728805,0.00775229482610694,2.26263727248568,0.42795046367868,0.0016839466976813,0.00359359245911449,0.00185826124649074,0.00377977068275729,0.00242704502101174,0.0031183546302506,0,0.337752792137622,0.0439481190355882,0.0362134665405879,0.749462978764457,0.253477580581113,1.90014529606969e-12,2.42039743993654e-39,1.87350782375396e-07,0.000485255556405202,0.00407249348140272,2.26428387267574e-05,0.00155541247235152,1191,"RNF227"
-9.76272519163388,0.0269385418523001,0.00403010042956107,0.0180999088234149,-0.00123056218245553,0.0102583817065949,1.76921101099448,-0.0129898229783215,0.00898667394533203,0.0045849056506756,0.0056963557498421,-0.0101718562050873,-0.0134546758796722,0.0132693994359072,0.0302386994652786,0.00113398250254219,0.0388610843111248,0.00250306921558898,0.464506611336397,0.0905755246387391,0.000336128636303284,0.000716303573741086,0.000384578650755724,0.000828135846218843,0.000543414117462732,0.000684596620349831,0,0.373002612953452,0.000379512586101668,0.641387848655696,0.622987071445329,0.982380575658993,5.75656873607329e-85,0,4.18623908977102e-36,9.10163338342512e-33,6.04740917095979e-12,3.50360750178805e-78,5.40285924868464e-86,1192,"RNF24"
-11.944924192898,-0.0799402314835438,0.00633397886972897,0.205096509501612,-0.00119853570048974,-3.07104295965663,-2.74161335975545,-0.0185535773777844,-0.0107856800030146,-0.00113285658058857,-0.0209572157954277,-0.00173864538814201,-0.00200337565107183,0.0264690782306636,0.059671183572948,0.00227752172739745,0.0791566323266494,0.00512236856245111,1.19491318549551,0.193811125980372,0.000770558400401239,0.00168780519294706,0.000837338863941107,0.00186133238011219,0.00125558715553335,0.00150651962691985,0,0.180349728016427,0.00541777435816477,0.00956916068415853,0.814999913704415,0.0101670001866137,1.98250191739333e-45,4.24092807159606e-128,1.65497453430509e-10,0.176079630635497,2.08514118637983e-29,0.166135971325071,0.183582895944071,1193,"RNF25"
-13.8267200127018,0.156392019787422,0.000217139423021559,0.228369298899537,-0.0142932386701578,0.0417763206813816,-3.52108453398929,-0.0312112168573457,-0.037687993121157,-0.0150479882146409,-0.000193039773260449,-0.00440912832874581,0.0156965480544785,0.0395413410847857,0.0900579415621445,0.00338516522604992,0.117271959082418,0.00745937458712914,2.24359273020095,0.451338187306006,0.0018195303172856,0.0038305543929005,0.00205015812828512,0.00402221004960235,0.0029045320875744,0.00342444879547011,0,0.0824629021111428,0.948855241308281,0.0514930441409577,0.0553467210872264,0.985144026019113,6.12082032483733e-15,5.92323956589197e-66,7.6632244758469e-23,2.13728132391277e-13,0.961721455532619,0.129010178844204,4.56882010104398e-06,1194,"RNF26"
-11.6603376908828,-0.107110575223706,0.00577332656283284,0.0733181404767025,0.0021001230452581,-0.2734520094242,-1.34244118774382,0.00419937352069644,0.009718167231047,0.0032126111962562,0.00496557313828288,0.00114126513551122,0.000573104195014686,0.0309253154230246,0.0696143950534047,0.00265645146819024,0.089722280715015,0.00592894012102568,0.989397303775239,0.177379551250165,0.000676509043147084,0.00146335129458778,0.000738017147261466,0.00166898098356509,0.00105681466125119,0.00135713410316562,0,0.123895427298716,0.0297560300816595,0.413832657568869,0.723177318110417,0.782254366973449,3.78475922015468e-14,5.38626479629685e-10,3.11487958850461e-11,1.34268424801633e-05,0.00292785621387196,0.280182085005848,0.672813337757456,1195,"RNF31"
-13.0276791451126,0.0206510709756984,-0.00267923615641905,0.0084503392507178,-0.00162367392061396,-0.0355638842191905,-1.65769558744065,-0.022645645137673,-0.0127642752486633,-0.00138508161082924,-0.0278523480676387,0.0282513505704295,-0.00249668941652832,0.0205223497474646,0.0481846955919859,0.00178041867510165,0.0628896264366996,0.00409169707668648,2.12573401674166,0.362946321034738,0.00142777610043982,0.00274592340706042,0.00159482346651335,0.00317576823532746,0.00193302878745512,0.00264576363290502,0,0.668227782960993,0.132366528999369,0.8931117613909,0.691498996011975,0.986651881070037,4.93976223547805e-06,1.1841069750304e-56,3.34445994197147e-06,0.385128416313904,1.78236774654124e-18,2.25123706066477e-48,0.34534571859581,1196,"RNF32"
-13.059176284056,-0.0679126643419316,0.00352591342518927,0.0326634586246411,-0.00730054893525257,-4.19095083128817,-2.13872740836358,0.00963613172741219,0.00514395783735051,-0.00615048639318684,-0.0148122899684027,0.00413765526618606,-0.00195931856390166,0.0581925376028132,0.132202226663401,0.00517433942566977,0.177645246703286,0.0112495940196092,2.39191283520637,0.373605673615802,0.00142449223226892,0.00300396508144909,0.00152023991070758,0.00355271635925978,0.002196277184671,0.00280708801338027,0,0.607459739358668,0.495603930957246,0.854116203551764,0.516363518614697,0.0797508390168277,1.03703276222384e-08,1.33670502307716e-11,0.0868249389216323,5.21594194272219e-05,3.05555594925893e-05,0.0595730408958716,0.485183625811632,1197,"RNF32-AS1"
-9.73705675598762,0.402781147148599,-0.0125489842994946,-0.062025312374805,0.00989575174837369,4.75016961099547,-0.996939810499155,-0.0162598733633303,0.0136742782252197,-0.00240702922341938,-0.024775085435901,0.0144163037165673,0.00154144269658321,0.0655740670674434,0.144662384649562,0.00544195631162324,0.185390145197936,0.0125345293859349,0.566561846220877,0.112842219335031,0.000426771205940069,0.000924697896195373,0.000487295257926105,0.0010519847787788,0.000694336110849499,0.000875334862578732,0,0.00536460571107833,0.0211123466485638,0.737952198955041,0.429831911347094,5.10705312524066e-17,1.00266603860064e-18,1.29378352128524e-317,1.75513661743428e-49,7.8294880228138e-07,1.23182056441884e-122,9.40947634335268e-96,0.078242656314383,1198,"RNF32-DT"
-9.89700751112349,-0.0662818627919377,0.00336434288000943,0.119128725064516,-0.000905128045742798,-1.59299811142304,-1.37465217111179,-0.00375895154925488,-0.0083882003214429,0.00200049832257029,-0.00864351467500793,-0.00239711401667931,-0.0120123194768101,0.0431777618653386,0.0963033286355606,0.00366501370569851,0.122884457520859,0.00836754134419455,0.51672269299253,0.0879600096338666,0.000339701809908214,0.000751432537431414,0.000375216908128141,0.000852688095628344,0.000562513939756228,0.000691219978608307,0,0.491288191156571,0.358638822109572,0.332327259079736,0.913859789701388,0.00205002397870735,4.68204531653922e-55,1.84545468892439e-28,6.19060298499945e-29,9.73628274794487e-08,3.79385931272702e-24,2.03122593666325e-05,1.20194894145618e-67,1199,"RNF34"
-9.59019270717638,0.0111128689613011,0.00181399862635555,-0.0137931388581874,0.00306180137671028,0.132564167028152,1.26619898456868,-0.00346115830272494,0.00375390802372876,-0.000710116098859555,0.00252332328432841,0.00234263792208998,0.000396365552103575,0.0135252052545102,0.0305885852798489,0.00116380346546171,0.0396832935966462,0.00257808346991385,0.41980100948346,0.0783869397195053,0.000293194762070661,0.000627158143313185,0.000327435158920483,0.000726563097503056,0.00045428937043106,0.0005936600214629,0,0.716379916004914,0.119071844582672,0.728155256210625,0.234980420114304,0.752170576860212,1.07840886671862e-58,3.67878427475737e-32,2.15614226767384e-09,0.030103734356323,0.000514755473812902,2.51328409973524e-07,0.504347957535045,1200,"RNF38"
-10.7322681725445,-0.0455089424514452,0.00146258878272844,0.00109584404076404,-0.0062824799523258,1.83092039765499,-0.901944912174677,-0.00176465404157329,0.00676340814283587,0.00153372061533432,0.00594034474166479,0.000388486985205658,-0.00524136003468848,0.0170715688732044,0.039333082628098,0.00147152830917253,0.0502102335283204,0.00319929520970623,0.597951607132314,0.115270196533251,0.00042641906675184,0.000908362773075865,0.000483189318038638,0.00104367796243712,0.000669714148795382,0.000862802983641549,0,0.247266482797214,0.320259379533411,0.982587461357274,0.0495640240062444,0.00219872571567263,5.09212741734485e-15,3.49874317904922e-05,9.64225154236257e-14,0.00150270391205735,1.25750438774767e-08,0.561861473985539,1.24138338600538e-09,1202,"RNF4"
-11.3702416091793,-0.0522440281529867,0.00244666640625485,0.00186634251545814,0.0027008753740568,-2.02709118456984,-2.38366162104245,-0.00455166740020729,0.00506316497816157,0.000705787153218257,0.00441603673204236,-0.00220208466501046,0.00219732047757862,0.014703741951943,0.0337023127355977,0.00125459169919704,0.0430427680064402,0.00281419724836211,0.829886007794768,0.149311570534709,0.000567463564539015,0.00119423426767568,0.00064166389529629,0.00136462364573749,0.000903068523864896,0.00113138832814454,0,0.121102754464516,0.0511559255195147,0.96541441315913,0.337190074208815,0.0145813234209921,2.26401200124955e-57,1.04824315187413e-15,2.23843790258949e-05,0.271361410316444,0.00121181722010668,0.0147505246020945,0.0521195177990637,1203,"RNF40"
-11.7085296433409,-0.519325145342843,-0.00265370717152162,-0.0596896169845086,0.0260856649169122,5.74492320856822,-2.83810003522946,0.0035124413256925,0.0112102741813229,0.00185952410996145,0.00872079693534673,-0.00106670099468665,0.00202299724408135,0.0419874879232941,0.0934850181761684,0.00362100165309678,0.128999868829254,0.00786050869872013,0.929391124395984,0.182402296434105,0.000675531956211566,0.00148720106652566,0.000767932168791976,0.00166160194749019,0.00113445129361644,0.00139412564385996,0,2.77342099896652e-08,0.463640469598471,0.643571762181541,0.000904789585779937,6.35421370019002e-10,1.37031148033801e-54,1.99804769352992e-07,4.77843011736815e-14,0.0154579100513954,1.53403198661678e-07,0.347074347869971,0.146755706700584,1204,"RNF41"
-12.7996575939069,0.18152419356287,0.00250015117916928,-0.150738627523329,0.00968857291027208,-0.519016584611001,-1.98003571876322,0.00819449570067816,0.018144551508961,0.00836345046376215,0.00236895424463567,0.023792874214792,0.00830396235057049,0.0352839131909303,0.08007700118278,0.00307888120587951,0.109209592576449,0.00680257115123967,1.94975745628691,0.389035087562423,0.00145326411542738,0.00297115935458366,0.0016824586848906,0.00340587607638452,0.0020220153702147,0.00278037086411335,0,0.0233981363928102,0.416773061985585,0.167503801112712,0.154373649973844,0.790088678673453,3.5880628595188e-07,1.71355625623736e-08,1.01589456073299e-09,6.66190002081275e-07,0.48671121424344,5.78027153534494e-32,0.00282063145229471,1205,"RNF43"
-11.4454992933065,0.054475020632932,0.000538490243509523,0.0551006922220379,-0.0124019193392625,1.97849682935153,-0.641192092222425,-0.00923318225848288,-0.0246620353816763,-0.00160166316039431,-0.00771852783506383,0.00308517205557986,-0.00254622698819774,0.0239431205467967,0.0543115610023782,0.00204938831672025,0.0718891195663782,0.00445794994300779,0.863200822242526,0.156185483207385,0.00059434829950456,0.00128460149126733,0.000652489299144519,0.00144057254005101,0.00095740261997745,0.00118280156553908,0,0.315856197775668,0.792738212121229,0.443398029850279,0.00540286773247181,0.0219029329369896,4.03747695646128e-05,2.01170292275398e-54,3.83146644186906e-82,0.0141003601035086,8.41675826693217e-08,0.00127103988549384,0.0313415947728608,1206,"RNF44"
-12.8226777373698,0.0113684602052139,0.00595631029613225,0.187829609605604,0.00269298852006883,-4.4089563552682,-2.15096548975477,-0.0305319302653443,-0.0596935891160488,-0.00765515562900196,-0.0243756410760347,0.0120044082758357,-0.00835794142874575,0.0281498408116098,0.0623118844314524,0.00239220689263018,0.0837910197661741,0.00543112245219409,1.75927908997894,0.277248025261918,0.00115505591578304,0.00248143596545291,0.00123116011765897,0.0026284345691305,0.0017522611674371,0.00211019649985544,0,0.855233910795582,0.012778590207369,0.0249844107691499,0.620004603477565,0.0122065786047209,8.60945995948579e-15,5.67914311476011e-154,7.21253137144627e-128,5.04047729982869e-10,1.79588201443996e-20,7.34330104236961e-12,7.47175948118573e-05,1207,"RNF5"
-11.5008220815793,-0.0287948869063316,-0.00257977173986475,-0.0342084891359014,-0.0148162032533235,-2.21214106298409,-2.97719636037556,-0.019624408125113,-0.0353824386506637,-0.00665566786274324,-0.0088492274416866,-0.00908195015990912,-0.0013964509402529,0.0264388132802289,0.0598195520318519,0.00228513760453434,0.0810772014759777,0.00504337571804143,0.944168400057944,0.162993155042803,0.000635627707175167,0.00139596979734105,0.000709387246885333,0.00153516100625021,0.00109982256581104,0.00126699725269992,0,0.630258910165051,0.258925269844131,0.67307984350129,0.00330597952650737,0.0191318539589645,1.54995510765015e-74,2.66374319237754e-209,9.91293572501195e-142,6.45629209442179e-21,8.19661510369089e-09,1.48568043929008e-16,0.270386201076285,1208,"RNF6"
-11.1371791024303,-0.0772208953750632,-0.000226034441050326,-0.0114381820203904,-0.00772096449693144,-7.50469089245962,-2.34546596179006,-0.0159606129824287,-0.0380626324494451,0.00081686846561635,-0.019053142523563,0.00736483295764519,-0.00461160157545923,0.0175118910010301,0.0398667247673083,0.0015069643345494,0.0531927137729274,0.00336974404245388,0.881137134370549,0.132138399205631,0.000524496351155768,0.00113077040077669,0.000566667376131843,0.00127968942926529,0.000845618163568133,0.00102458641777949,0,0.0527482578498035,0.880769960168546,0.829741689711265,0.0219482989111633,1.63665864137194e-17,1.72136406854093e-70,2.17939726865104e-203,2.16730338746993e-248,0.149434787600412,3.8923440329072e-50,3.05467955393348e-18,6.76537320340251e-06,1209,"RNF7"
-10.5783375485926,0.0926195873469241,0.00233810644164587,0.18254081849476,-0.00596908674867824,-0.478830667344108,-1.66638096159066,-0.00311724478469394,0.00273084582157929,-0.00052799713463387,-3.52395596377995e-05,-0.00364829803504892,-0.00610688542782819,0.0254337702017701,0.0572661991985374,0.00214166354519143,0.0735625540058153,0.00473052622363889,0.598201002163452,0.111495850093666,0.000419521948486826,0.000913207744472019,0.000474447287656008,0.00104040984397522,0.000687331914368655,0.00085806551504023,0,0.105802375089258,0.274954237974928,0.0130853963232216,0.207012487279247,0.423449468014771,1.66193573793609e-50,1.08213390164324e-13,0.00278622944553106,0.265765188163632,0.972980142870646,1.1088751565215e-07,1.10270578907392e-12,1210,"RNF8"
-10.7056413212131,-0.0428361103349544,-0.000955410879519452,0.0439697296120549,0.0033934964198554,-4.36289208716956,-2.5230779203533,0.00167560665479804,-0.0234234605459228,-0.00632416529543093,-0.0229304136336381,0.0118793303534061,-0.00734385111035137,0.0413473713599181,0.091660740751075,0.00350703647187068,0.121936511053749,0.00807655049414747,0.786492778313185,0.114482680455248,0.000457966239582142,0.000998529449522536,0.000482127878523454,0.00113503449071973,0.000711136372797783,0.000891705103661598,0,0.640261483077136,0.785293834071931,0.718402022774038,0.67436378327368,2.901554275345e-08,1.21935779651921e-107,0.000253399472479861,1.09649732695897e-121,2.62471938615124e-39,9.32650431905607e-91,1.21105467096311e-62,1.78451582572508e-16,1211,"RNFT1"
-14.1200540722937,-0.0497907403193548,0.00140780757575553,-0.145713998230305,-0.00981822222917515,-2.13507466312675,-2.10948487917197,-0.00180223151830844,-0.0126261354995025,-8.56422829652194e-05,-0.0170208602725778,0.0165935257591026,-0.00957066590381354,0.0339945537581046,0.0809325411936418,0.00294330730400098,0.101746441616824,0.00672562155940958,3.54243512146947,0.565533660149843,0.00223284472101971,0.0042874639008817,0.00248186147191052,0.00501608406264917,0.00307828004998188,0.00404628110568801,0,0.538414154574566,0.632430967980224,0.152106994826598,0.144338513639808,0.546699075143334,0.000191420212994113,0.4195824156693,0.00323063183957288,0.972472639059487,0.000690669113922041,7.02546568741233e-08,0.018015504507369,1212,"RNFT1-DT"
-10.3469835680928,-0.0209201407081829,0.00215613366475844,-0.023319072153433,0.00630152966683233,1.60033211987086,0.419163205918584,0.00828367680423409,0.0110413472578058,0.00370678232265721,0.0140615133385886,0.00130051435811164,-0.00196558736162197,0.0333232944344544,0.0754667333017736,0.00285681061800681,0.0962054969706847,0.00630369616153047,0.547656517804042,0.107745141791823,0.000400285270816228,0.000865976404540652,0.00044556209021283,0.000997336983815462,0.000626468565635103,0.000818957727803055,0,0.781618784511919,0.450408274053976,0.808479417817918,0.31747686054344,0.00347628916754618,0.000100111632836922,3.88772099619798e-95,3.11062106256596e-37,8.84548031957439e-17,3.84865392093875e-45,0.0378990275337176,0.0163902151662197,1213,"RNFT2"
-9.15730133887005,0.0263791008514721,-0.00268143413073914,0.0116833477550503,-0.0012862291607603,-0.0152058138102781,2.15012232199859,-0.0089401056852058,-0.0161996955997493,-0.00373853957700497,-0.00745397221061635,0.00333032249564153,-0.00548577056385443,0.0209825852953215,0.0474024762971425,0.00178979635455818,0.062647010732556,0.00389974762042806,0.386757825200032,0.0698832991096946,0.000260519782032015,0.00056379550796725,0.000292588945515479,0.000653405515025461,0.000408180489999741,0.000532153231045135,0,0.577874532850517,0.13408692170337,0.852056681003046,0.741533184029338,0.968638361363821,7.17205958425326e-208,4.46570045914764e-258,1.46533707769714e-181,2.19147063528985e-37,3.81920939386333e-30,3.37961239430307e-16,6.44132173620201e-25,1214,"RNGTT"
-11.4021934007005,-0.0792392552243264,0.00237880327210529,0.108475653048193,-0.00394800268136683,-8.23947180286591,-3.51427752360247,-0.0193214040740683,-0.00946417703908119,-0.00200322158496142,-0.0172942696670993,0.00624931242845445,-0.00339295422651472,0.0428775651762549,0.0945493278520854,0.00357242327645319,0.123012517084608,0.00815935835361554,0.973168891121737,0.14969595232163,0.000600146026052053,0.00133581591517093,0.000651636449992493,0.00147961783699211,0.000933993502299634,0.00118383613601141,0,0.401989608505597,0.505488152046758,0.37787083377326,0.628483877370399,2.52570657993116e-17,7.15710752530933e-122,2.10686089345928e-227,1.39103482626582e-12,0.0021111043791682,1.46224303333801e-31,2.21712459804289e-11,0.0041560567262236,1215,"RNH1"
-9.78593785183771,-0.00316550969412,0.00340629138527104,0.0830409363128988,0.00766753333312505,-1.31427736768774,0.729409546945644,-0.00265902238329313,0.00662779818629064,0.00305858806108808,0.00142872558879932,-0.0011384408725576,0.00129565337635809,0.0287722551114449,0.0654381911338436,0.00247647092513418,0.0852867227951973,0.00544918095457079,0.720674765982822,0.149545451219769,0.000558467084775555,0.0012050550100554,0.000650320459293194,0.00137888167402777,0.000852623855453937,0.00115198134768098,0,0.96141814792853,0.168988292182092,0.330221506949852,0.159398238042416,0.0682010497130955,1.07432991244501e-06,1.92361721659629e-06,3.79799058704316e-08,2.56113620876178e-06,0.300133067976923,0.18180418085104,0.260708839053545,1216,"RNLS"
-9.83943872557274,0.019510386602728,0.000216922810948608,0.0409423568297207,-0.000703876950515013,-4.45611232664474,-2.4006921305525,-0.00145168627288007,0.00414418509307076,0.000146829490705787,0.00473009899662032,-0.00413332360337417,0.00246386624630402,0.0118373542943302,0.0269135225303334,0.00100989647063519,0.0348774115933023,0.00223579859967504,0.439944832707504,0.0772865150907218,0.000288836556953686,0.000618858899287117,0.000330248527924524,0.000723809318472675,0.000474579058071524,0.000594296346553501,0,0.468495734037177,0.829925531168122,0.240437800455505,0.752897362586836,4.11678965426886e-24,7.79829489869034e-212,5.00872478995504e-07,2.13478768856433e-11,0.656606669361729,6.36065464971307e-11,3.0534693503301e-18,3.38548608836794e-05,1217,"RNMT"
-8.36698759449988,0.0748698106753787,-0.000765071977465241,-0.00404681873061812,0.00467253597912401,-1.80731928250904,-5.1054356109655,0.0035201942759436,0.0160390061067821,0.00683020639514434,-0.0181755396389149,-0.00544983376519643,-0.00023914693538871,0.0312934800800822,0.0710902064900772,0.00267857900455855,0.0908187968633424,0.00578650708981812,0.222547498678242,0.0414077968338481,0.000156423155510867,0.000340821556271926,0.000179966593177894,0.000395785355277456,0.000267273144229466,0.000327004606075524,0,0.292264774702403,0.775164538750444,0.964458613137347,0.419385291591129,4.62168962842358e-16,0,3.76675449192663e-112,0,3.49116373189348e-315,0,2.03049013941283e-92,0.464580118754944,1218,"RNPC3"
-11.000714324765,0.159150204887478,-0.0117810744371673,-0.0922221886441465,0.00140391261153123,1.34145233897877,0.432336520435692,-0.0135410718095706,0.00156079272614745,0.000145826669213344,-0.032318690644402,-0.00471818824300024,0.0234709148489693,0.0388541618248987,0.0896335583368511,0.00344371538537467,0.116311399290957,0.00733244812237477,1.02946809822423,0.188874105357638,0.00071188226618377,0.00151419033699312,0.000792573090014154,0.00175982750656883,0.00115842798892479,0.00144328226371759,0,0.07580465070418,0.000623830653166471,0.427841697332066,0.848160718875135,0.192556387638655,0.0220782162725165,1.13188240052124e-80,0.302645358897735,0.854020165151264,2.51873256627665e-75,4.64267347655091e-05,1.83107674648172e-59,1219,"RNPC3-DT"
-11.4786985097054,-0.0245694824255024,0.00230765069047755,0.0369202050931049,-0.00264532410466824,0.215197317979501,-0.971100222507256,-0.00326494942081387,0.000650941207645935,0.00156936721355368,-0.00778231417529261,0.00642234104768343,-0.0057924056731003,0.0127979804569107,0.029516068439018,0.00110151863803167,0.0380603653554746,0.00246604808021979,0.927155441947213,0.161956100630435,0.000618465531004577,0.00125834494141755,0.000682902725951959,0.00145297285210547,0.000925555966822189,0.00118853095552008,0,0.405177332034494,0.0361734827060298,0.332024874310026,0.283406772498305,0.816456541792311,2.02149094596618e-09,1.29810740666965e-07,0.604947103802487,0.0215570599199157,8.50224740733099e-08,3.95162452049769e-12,1.09591532880815e-06,1220,"RNPEP"
-12.171161566915,-0.00506672305640706,0.00322265072761763,0.136795566381478,0.0041783173249731,-0.937689883569019,-3.9824450062986,0.00191624916338836,-0.000134400120007226,-0.00151191716699925,-0.013662468259543,0.0156913646824888,-0.00636960677970159,0.0320784975526099,0.0725465187949415,0.00271787233714015,0.0935898941593019,0.00606417332638789,1.24947665911094,0.218492988521062,0.000850821134872886,0.00182143833360794,0.000925234145282658,0.00201733857955553,0.00119750945989449,0.00161577625557132,0,0.944320195589359,0.235730692969088,0.143837445358431,0.490812692843846,0.452974029575997,3.15845488749695e-74,0.0243074234842101,0.941179150639807,0.102239658728206,1.26557268810213e-11,3.15111705559849e-39,8.07597771003904e-05,1221,"RNPEPL1"
-10.2836466026885,-0.0944030233605578,0.0035969907550932,0.0810691883662887,0.00276157001797208,-2.56398708849896,-3.31144113913482,-0.00769259363858716,-0.0148092896141063,-0.00487340793024129,-0.0112099473533743,0.00659321383934232,-0.000260618667102119,0.0177402271288104,0.0397920046324006,0.00150897802820124,0.0516061058575919,0.00336302164610591,0.538689081286534,0.0893838514445086,0.000351075093111693,0.000772551893389397,0.000385378378998497,0.000862920574274831,0.000555801404029557,0.000700828831700452,0,0.0176723794640967,0.0171383391362333,0.116200671674244,0.411556633920285,1.93901128899227e-06,1.97609774409356e-300,2.01676486822904e-106,6.67839744586563e-82,1.1805600755645e-36,1.38147041152816e-38,1.85278320220507e-32,0.709988102464361,1222,"RNPS1"
-10.2394293813628,-0.0350410586893046,0.000769238026210706,0.0295179883239018,-0.00382305763795232,-2.7926304267713,-0.582862153471215,-0.0111789235462535,-0.0159093521835848,-0.000828647284420374,-0.00894175018595211,0.00207563410815626,-0.00131745089445338,0.0215290259392352,0.048251831000264,0.00184674476784372,0.0643592828922068,0.00411455537550397,0.582917610189199,0.0980618032839445,0.000374254802941189,0.00081576883672422,0.000413398718258223,0.000933143551106922,0.000596285504506892,0.000755443831374085,0,0.467708816692847,0.677016900140958,0.646489952794214,0.352809024190792,1.66133641280918e-06,2.78447635645472e-09,4.8542338928235e-196,1.04996030119669e-84,0.0450192311454348,9.48201045057883e-22,0.000499657267504371,0.0811690497067788,1224,"RO60"
-6.3599590870747,0.0276997598996681,-0.001895970146259,0.0859470998355051,-0.00565650453092371,1.05718419321099,1.99094566582716,-0.0275484572657171,0.0141211526735115,0.0130766704576678,-0.0192409140725109,0.00233569291062925,0.0297574385713946,0.0206844206257332,0.0466771834756134,0.00177095854753856,0.061221279710112,0.00391865393551723,0.234842950722865,0.0509725064583425,0.000191061409856956,0.000414809130379805,0.000226063905709352,0.000471549961628516,0.000301080338073465,0.000398464025040024,0,0.552891712262651,0.284353914564116,0.16035570669872,0.148884875200352,6.74233263175256e-06,0,0,5.23513518916371e-254,0,0,8.64789643483394e-15,0,1225,"ROBO1"
-5.60477603595973,0.0557687325919597,-0.0071867709841836,-0.18384012779343,-0.000915357860409716,-0.744907728594065,1.83012140842589,0.0282490506735539,-0.0222424972218758,-0.0412960757286393,-0.00170873901120871,0.000882821807020742,0.00255260187877841,0.0304491696623794,0.0693236469432781,0.00268540077430222,0.0911786947125933,0.00562253008247224,0.262406065922264,0.0569469117619388,0.000209725238747476,0.000465959002854887,0.000252437974357836,0.000528071718000494,0.000346576110029843,0.000444776675234581,0,0.421126101936086,0.00744538035530636,0.0437725972178219,0.870674513049167,0.00452892685827232,1.32793889020429e-226,0,0,0,0.00121298685272019,0.0108570401536942,9.52011474464228e-09,1226,"ROBO2"
-15.6525226165351,0.0410069254879637,0.017891393436895,0.644625567762555,-0.0468894135508783,10.6569417774665,3.16065972021841,0.00077480836047343,-0.0592816354208008,0.0478255910418128,-0.0335746479848408,0.0363926765834907,-0.0163839311541011,0.134635245804286,0.312262386997315,0.0110016296429831,0.38688223912781,0.0240989017666638,5.99985879759728,1.20744629969821,0.00464762728484198,0.00942789964041649,0.00516017532384564,0.0106210469287747,0.00637674175172108,0.00846179021630752,0,0.895520578114475,0.103896614407142,0.0956723606487671,0.0516898870154793,0.0757001620083542,0.00885401624140935,0.867597827778907,3.21801101104173e-10,1.89295051073704e-20,0.00157151334925176,1.14920053140083e-08,0.0528401296994048,1227,"ROBO3"
-9.14511478950813,0.0183329326047974,-0.000351047292388486,-0.0484785782766254,-0.000779562481282613,-2.39102748315574,-0.119468095674557,0.000721280256487773,0.00660111964985633,0.00240946457127281,0.00336416570619336,0.00365772310685401,0.000996774013967787,0.0172131671474548,0.0389999919655269,0.00147303687329794,0.0508793597655723,0.00319882359635573,0.33406291369199,0.0612575387314976,0.000225510560174486,0.000483094420408989,0.000256214018275056,0.00057262977992038,0.000355217228238916,0.000466282336117885,0,0.638301226215714,0.811636519667564,0.340684200299444,0.807460952806859,8.22115030389154e-13,0.0511451995163739,0.00138176979143165,1.66020819284546e-42,5.2472855941694e-21,4.22996049148043e-09,7.25839710165643e-25,0.0325407051837041,1229,"ROCK1"
-12.6867948893748,0.0356888380909824,-0.00376117360631612,-0.442724215130167,0.0051361016384721,-0.242759958994929,0.749300265890833,-0.034885318269369,0.00982808639510362,-0.0100153586813071,-0.0262458419618307,0.0155963676530421,0.0208647357523132,0.0904803901551183,0.204328305283585,0.00744148701702019,0.268223571459378,0.0177969677647918,1.57138427873188,0.288398992585214,0.00107279966936365,0.00228082577921347,0.00121766817885822,0.00265966517436693,0.0014613746993447,0.00215766947963834,0,0.861343506810688,0.613254698660528,0.0988245540148423,0.772891936020668,0.87722500007264,0.00937309260537519,5.93273907106474e-232,1.63991731205295e-05,1.95140162112334e-16,5.72384916308637e-23,1.37048003470963e-26,4.04246460754881e-22,1230,"ROCK1P1"
-7.68064799219249,0.043494189893601,-0.00203747980406137,-0.0283774360491252,0.00243174968002471,-1.42725768195595,0.890497981345958,0.00742166579903541,-0.0100662581170223,-0.00138863370155844,0.00710559030700317,-0.00282752788800228,0.00644359236969666,0.0172196191255101,0.0387456381116831,0.00148375994080801,0.0516564889878711,0.00320292895380518,0.210966340647596,0.0405926892309491,0.000150313094384054,0.000326515901116071,0.000173137698080707,0.00038258636228412,0.000246949112610987,0.000316413900642429,0,0.261625657792361,0.169694232144287,0.58276602642662,0.447716863364051,1.33002339355484e-11,1.14253780841655e-106,0,1.06118592547046e-208,1.05400830507083e-15,5.36327266406209e-77,2.35579270550954e-30,3.45772587223295e-92,1231,"ROCK2"
-11.6113366135225,0.288063678103142,-0.00943032725171143,-0.232278464388792,0.00849318250297303,7.13338775195461,-2.94968108265002,-0.00712021089728471,0.0145614919116578,0.099155961986045,-0.0766018688136137,-0.0523711058907528,0.0331976769703849,0.127455426146811,0.276648123572931,0.011046133939094,0.382464905452812,0.0243991524492323,1.40392348212151,0.258203918812313,0.00100303031888809,0.0021980622590375,0.00115744711136579,0.00252030714255556,0.00199489974749609,0.00206834643588866,0,0.29775312977112,0.393259056828193,0.543638779687202,0.727770084814278,3.75379150549389e-07,3.17860029104269e-30,1.25936231016816e-12,3.47966047648648e-11,0,6.62084246534302e-203,6.69294600636598e-152,5.68458123912284e-58,1232,"ROCR"
-10.9691718457547,-0.0156467149089113,0.0021135718398536,0.179298618314795,0.00625684647262261,-0.471432419778421,-3.91748637239241,-0.00307214951533747,-0.0261602960387165,-0.00857062057650929,-0.0221241963083033,0.0158211441361311,-0.0039233094720213,0.0230502124699175,0.0520293322172608,0.00195451019185386,0.0685516314079238,0.00440567236947039,0.74208965569324,0.120392572290996,0.000479086836494661,0.00104729970386141,0.000516851959549757,0.00115735956697548,0.000726612827849901,0.00093023898386143,0,0.763621360283474,0.279527293492963,0.00890899705848754,0.155555371407841,0.525247833339041,2.96989316607888e-232,1.43142277137868e-10,1.03911547283014e-137,9.34984661974562e-62,1.85483161344123e-81,4.10826802657832e-105,2.46994556014429e-05,1233,"ROGDI"
-14.8341569727361,-0.0951567821359826,0.0256509619620938,0.0269240573085417,0.0204961782559011,12.3777443543655,-1.68881912206686,-0.013520197446799,-0.0408586067434544,-0.0221370530895221,-0.0407727683410635,0.02089263515463,-0.0135399370499282,0.0711666179110552,0.16356211062456,0.00614154876772057,0.20687181140763,0.014335982183344,3.5659475392857,0.752899502106898,0.00306159123057984,0.00650809223128093,0.0032849704406433,0.00666420808232668,0.00409330541906741,0.00540405134228661,0,0.560716452989164,2.9586283295979e-05,0.896448933748274,0.152802649001364,0.000518339674096528,0.0248912016857268,1.00512114869096e-05,3.42683686924238e-10,1.596016235711e-11,9.46551335983624e-10,3.32374654682531e-07,0.0122272869437926,1234,"ROM1"
-13.1928678849768,0.0622166766452993,0.00856204438091733,0.24438515265905,0.0073776008549942,-9.86704880466913,-2.70128016436745,-0.0373650331931979,-0.0541569805872026,-0.0111991516767955,-0.0377262897405212,0.00865182390519385,-0.00445593800315574,0.0397225391719901,0.0872269831909185,0.0034074489056475,0.117012762509073,0.0076610196362654,2.27141146834787,0.335749210312305,0.00143556469182259,0.00312876668735735,0.00149477031827533,0.00332726266480267,0.00220115507946139,0.00263745365849897,0,0.475676666699871,0.0119796470961926,0.0367496765309385,0.335544972144598,1.39901026438993e-05,8.5873337183844e-16,2.38102325892518e-149,3.99764256588481e-67,6.7717042619783e-14,8.4546339995758e-30,8.47399461452107e-05,0.0911265524195835,1235,"ROMO1"
-16.4094158056433,-0.0374351446595251,-0.0105891636328895,-0.200377086027162,0.00232167893516381,-5.52522617170103,-2.16424321913137,-0.0105782292547019,-0.00432453151964751,-0.00381674185021913,-0.0301926846990093,0.0298485959483091,-0.00697968301748005,0.0724389668255332,0.17175815985654,0.00624569599206609,0.21826686636368,0.0143702477501592,12.2335158185695,1.7981089642116,0.00714361874963195,0.0126751424345273,0.00778232053763601,0.0153836401310836,0.00898461061188954,0.0126024924131551,0,0.827466010841405,0.089993172408127,0.358599431076419,0.871651169068815,0.651523573092763,0.228735774369592,0.138661420953953,0.732966509366412,0.623824344243472,0.0496869821508032,0.000893134115034351,0.579692770330072,1236,"ROPN1"
-14.8707988402279,0.291486090324823,0.00115852084143964,0.0417272155506161,0.00958632638077222,9.91578253878636,-1.68139624156037,-0.0181196475078931,-0.0124865430415183,-0.00784842399610992,-0.0324380965005442,0.030526786418328,-0.0275840590729278,0.0666523349049272,0.149169452632149,0.005725183881998,0.198570226346378,0.0130395011121484,4.17903199505194,0.830859007217519,0.00330198343007865,0.00685834445874223,0.00367078209191501,0.00743475855238534,0.00434951363506205,0.00625808248143779,0,0.0506940983052073,0.839639033783313,0.833559711077849,0.462232401709286,0.0176563887271524,0.0430026557652261,4.0765262992612e-08,0.0686623348922686,0.0325102901904372,1.28271617994831e-05,2.24364251574257e-12,1.0445031360404e-05,1237,"ROPN1B"
-12.2952691958132,-0.145875753072738,0.00545333134697461,0.0604213308123808,-0.0124608439256571,0.00779419999803547,-1.82513245077948,-0.00723528974858095,0.0245976481475544,-0.000402312004309577,0.00139003071428642,-0.00843882691655923,-0.00315183552124839,0.0372826398642778,0.086065219001754,0.0031881539198319,0.107259716585816,0.0071220158395782,1.34695382783018,0.265675474592688,0.000991919172312054,0.00213537673915195,0.00113660976379711,0.00242528228191738,0.00158592949434505,0.00201722922624792,0,0.0900859861131713,0.0871737972579549,0.573218351946302,0.0801833590410475,0.995383036145377,6.43003308733753e-12,3.00364818568302e-13,1.05692138816187e-30,0.723370434783135,0.56654866974598,1.03164038461297e-07,0.118180181885075,1238,"ROPN1L"
-16.0101634085988,-0.184112565865411,0.00311359210430323,-0.036071535273121,-0.00828063277078074,-3.46881082270866,-6.141417931566,-0.0290766455895734,-0.0461945912339035,-0.00679930024862557,-0.0729365352283004,0.0331670611858126,-0.0187805984580651,0.0488168619832732,0.108917717742367,0.00393279311352151,0.136269924719861,0.00925997465545301,8.91018425383151,1.22929030902222,0.00533171017681787,0.00929017145017667,0.00588919539211573,0.0106865987582293,0.00731240433521624,0.00911877646345575,0,0.0909548678030171,0.428535652534068,0.791235567274952,0.371193897125422,0.697047919667253,5.85604035963356e-07,4.93793924078775e-08,6.61238425916032e-07,0.248279642325983,8.7896738245498e-12,5.74057163695938e-06,0.0394413454028661,1239,"ROPN1L-AS1"
-13.6434484277296,0.478857074961361,0.000375509291556891,0.0919384694739998,-0.00488971655280017,-2.19143179822554,6.25588581554952,-0.0247889718083765,-0.0541426964559923,-0.00704659485834427,-0.0222282908064294,0.03018479816405,-0.0471908747677073,0.0992613488037223,0.222191043482564,0.00808716520125168,0.28475548550021,0.0184095750807625,4.04007427591258,0.709662071665839,0.00273716377947321,0.00573132427353717,0.0029178034788883,0.00653857555403661,0.00411936996992949,0.00526588887254822,0,0.0311493772128595,0.96296533673203,0.746795117684421,0.790541703846678,0.58752669732555,1.19362368300237e-18,1.34771995539059e-19,3.49334447981238e-21,0.015733737210066,0.000674939582786221,2.34436969263028e-13,3.19953938738065e-19,1240,"ROR1"
-14.5182253743639,-0.0471713269878818,-0.00417097172297046,0.235859563324023,-0.0434279980972074,9.61356757016492,1.0912407849784,0.0270127562618691,-0.0256388924316983,-0.0311441136157387,-0.0217106430088924,0.0122330467487137,-0.0312955799894653,0.127620186571176,0.323177876149422,0.0113591691388894,0.378055070507724,0.025052749974873,4.39801342175796,0.849835430146145,0.00326895955793569,0.00669820611582062,0.00344287202192963,0.0079016868733927,0.00504852328975841,0.00643167932309869,0,0.883952271371629,0.713477402603657,0.532708887201389,0.0830135291203578,0.0288237536736347,0.199120508563267,1.41567800137797e-16,0.000129333027588775,1.48343537492917e-19,0.00600339366859304,0.0153889419680224,1.1396654495051e-06,1241,"ROR1-AS1"
-13.7018274244653,0.147415846255649,-0.00129758039797106,-0.203899741777212,0.00190304468018408,8.28323865944667,-0.436024638181624,0.0109049565269166,0.0136714311902261,-0.00333418760822045,-0.00539860223495737,0.0107057819021641,-0.0171635832977565,0.0368263092478177,0.0866329863952434,0.00320137560561207,0.111313414580739,0.0071207764938694,2.3319381003877,0.489326327490969,0.00182395621802427,0.00359938728117236,0.00204617115684339,0.00412842619473545,0.00252065548629156,0.00340351341175793,0,0.0888278731512067,0.685242574039064,0.0669868081828087,0.789274825635158,0.000382193673505848,0.372890930055355,2.24872756537511e-09,0.000145711761987708,0.103212207124094,0.190986647668604,2.16438059818274e-05,4.58525027020958e-07,1242,"ROR2"
-6.39702732999767,-0.0556477137402454,0.000504274442737664,-0.0180795126846169,-0.00699012278728094,0.127984635500124,1.61081181838736,0.0093461896176873,-0.00511785721837736,0.00665651648632241,0.00301734031693345,0.0126426629538107,0.00346166212583196,0.00976296154766284,0.0222406758444167,0.000839063826229593,0.0288658642537236,0.00183481386336106,0.200084788178637,0.042850794644463,0.000159048435074529,0.000344491212566724,0.000188445672661967,0.000395662367412336,0.000261962986673197,0.000334036193611454,0,0.0123469730460335,0.547842301680219,0.531099514142589,0.000139125575956454,0.522398866054038,2.99583101526025e-309,0,6.33482562103035e-50,2.58070427699329e-273,2.42059205204554e-14,0,3.64805801679983e-25,1243,"RORA"
-11.9167221555115,-0.0167547081196369,-0.00133046187527957,-0.0786928931769876,-0.0193078683437324,2.94534254369191,-2.43676617709335,-0.0200691317083317,-0.0406283430291511,-0.00609154235109715,-0.0516308926125403,0.0224990275146583,-0.00818207572867687,0.041288756384458,0.0937609604296344,0.00350272425678048,0.124276413051666,0.00759854003138164,1.28313762174406,0.213303802393109,0.000836375724765962,0.00180258486806967,0.000908803818777988,0.0020231708978195,0.00126566829561749,0.00163372009009229,0,0.858176414066283,0.704066923337513,0.526597432227685,0.0110536829705604,0.0217089420436568,3.17568848352611e-30,3.10935655450761e-127,1.72416392055676e-112,2.04444569207073e-11,1.18898582089093e-143,1.07673375267833e-70,5.4927669171088e-07,1244,"RORA-AS1"
-15.6490337939432,-0.132117836068583,0.00111614782179386,-0.0244719960107643,-0.0338541613138733,2.71299295015924,-2.09095291701052,-0.021876043460095,-0.0717522612537737,-0.00986968912549225,-0.0733097756267528,0.0303436452851623,-0.0178629544221535,0.0561317999133804,0.131469119803823,0.00462794531250725,0.162851390195471,0.0113419727005727,7.64324072340564,1.07947513250479,0.00454994174077499,0.00852518217267885,0.00477955854727823,0.00965150264077985,0.00625621002150907,0.0076176466456226,0,0.314928456897306,0.809418965204377,0.88055006210792,0.00283711355138502,0.722624632860424,0.0527442579363004,1.52460572910274e-06,3.87873584922769e-17,0.0389249656230545,3.06168039766445e-14,1.23359369779257e-06,0.0190299400778381,1245,"RORA-AS2"
-15.5654472741149,0.549832407767442,0.0113414029675426,0.597808217380408,0.0140609981301592,18.6988560957661,7.24284855266746,-0.0460445714632678,-0.0249091191486173,-0.00936095625079581,0.0104671625699535,0.038261101191297,-0.0150409441514364,0.180519115406619,0.372713508244638,0.0141880325977243,0.489589366073803,0.0327120439704107,3.98059811004448,1.17575860414019,0.004312631073291,0.00902676937639434,0.00492284230132143,0.0096594284308794,0.00488547392048312,0.0081122144661353,0,0.140154858342948,0.424079359022764,0.222070861416261,0.667310851555375,2.63366326754057e-06,7.26763885988245e-10,1.30871969699572e-26,0.00578948127693733,0.0572319908228483,0.278532734676486,4.81681447354856e-15,0.0637233152385751,1246,"RORB"
-15.5955311118895,0.0766236435431453,0.00169681940724083,-0.228611918225924,0.00981663419651816,5.42364232931527,0.982712134492711,0.00586250239593057,0.0124347211654742,-0.00510347778941103,0.00152290563657996,-0.00680402453219343,0.0116274528500773,0.0391788687055628,0.0981669171290689,0.00346213992539469,0.12115620198029,0.0078455369309836,5.57208033004091,1.12750364139443,0.00430599682889299,0.00717094090402467,0.00491375161910951,0.00890294247725067,0.00637100530808004,0.00775264051926055,0,0.435070467258843,0.624058104278596,0.0591712447527659,0.210847646055885,0.330374213874128,0.383436330096153,0.173363968851232,0.0829104220353893,0.298985564149329,0.864179387618228,0.285535319471331,0.133664793577013,1249,"ROS1"
-14.1990019273051,0.133790747522572,-0.00152987284827834,-0.144077264133589,0.00502186033207165,3.99569766892043,0.424102338095992,9.89094164900351e-06,0.00284011547971489,-0.00592618287572808,-0.00573907516070908,0.00213712255842626,-0.0104234138240843,0.0286284182172907,0.0683437375857641,0.00247901492642176,0.0851995575859652,0.00567747579866687,3.19165399616511,0.589822443850851,0.00224909952185503,0.00415610997870471,0.00250902005040181,0.00494083833651103,0.00326201493798952,0.00413384880577719,0,0.0502751686742922,0.537149416902571,0.090826015612059,0.376413723514631,0.210598765278616,0.472120026345548,0.996491127173855,0.494379972153141,0.0181790358711305,0.245414650667111,0.512368523955479,0.0116862580679478,1250,"RP1"
-14.4843118228325,0.146147517716262,0.00105805148162214,-0.2199998284387,0.00602480015523616,1.27668269426394,0.181786575343465,0.0176101858832259,0.0139203217733719,-0.00836346746572179,0.00506989388256275,0.0196534432706259,-0.00212097523415819,0.0581887646501261,0.133822820102025,0.00508355699548349,0.175132867697268,0.011112222240942,4.40066186715835,0.839697023761341,0.0032075605026217,0.00617983427452452,0.00359203168684134,0.00749576234475388,0.00463297775040446,0.00616271088832489,0,0.274790410936853,0.835125810140345,0.209047771675154,0.587696030356739,0.771730924500777,0.828605293213684,4.01452497253677e-08,0.0242881895977762,0.0198941099588351,0.49880702074315,2.21461762241906e-05,0.730723929930781,1251,"RP1L1"
-12.9828937097483,-0.0576812789338456,0.00215875174697346,-0.088681723870743,-0.00583110627727971,1.63580337962298,-0.228354569558913,0.00248259345717475,-0.00930998082856297,-0.000291515644105816,-0.00452420519750152,0.0203021991684133,0.0117731850491951,0.018302286261811,0.043760065952581,0.00158655538079161,0.0559075774377445,0.0036858238428765,2.01940678084253,0.375969888882524,0.00144082822608513,0.00266390788224708,0.00163227185067532,0.00318679799532327,0.00199569901347571,0.00270487735187149,0,0.187461485618242,0.173623292670073,0.112689386508652,0.113641335793802,0.417916301257186,0.54360232563493,0.0848826985929167,0.000474313328249241,0.858255695324665,0.155703438864949,2.61784319427339e-24,1.34547024779412e-05,1252,"RP2"
-11.7945350274258,0.015432895101513,-0.000879824875046077,0.0537345045256946,0.00289417548701821,-3.55775751278074,-2.55731994900514,-0.00733749245794182,-0.00791003151437992,-0.00226956815014037,-0.0109004989323311,0.011394169109648,-0.00293382014997083,0.0304952883649467,0.0691820344388976,0.00259122008260861,0.0899918373287823,0.0058347530426144,1.19006486950002,0.195876342339999,0.000755577520031607,0.00162681809183292,0.000835296179868589,0.00185991847732535,0.00113670724661384,0.00149960199107007,0,0.823475866610746,0.734202385471403,0.550437810323178,0.619877726844267,0.00279389422142347,5.88976397129716e-39,2.70390307554164e-22,1.16046205403349e-06,0.00658603037046562,4.60808530616191e-09,1.19760174818653e-23,0.0504181452159592,1253,"RP9"
-10.349754661694,-0.013375043614183,0.000706420674189266,-0.061932465671072,-0.00367306258838507,-0.670278551065853,-0.118421878417911,0.00597590242495313,0.0068417135286785,0.000310278659357842,0.00820760244818746,-0.00453095653056067,0.000271233860192249,0.0139475603759938,0.031811874607054,0.00119815552180773,0.0410452168195308,0.00263296312834725,0.554803433037412,0.10185809107934,0.000378353762712842,0.00079533629435585,0.000423253128567162,0.000936636221360409,0.000609829830785122,0.000765061999867358,0,0.674162696384255,0.555465467973658,0.131328462119268,0.163006789051626,0.226994572609296,0.244985208691259,3.39560728753105e-56,7.81409781520087e-18,0.463509268945932,1.90375384685346e-18,1.08704238857703e-13,0.722945222376233,1254,"RP9P"
-10.9627212951895,-0.0746041802471008,-0.000465713122137323,-0.166097213940184,-0.00688144460622543,-0.723538061044897,1.08979140836793,0.00559655261561419,0.00400980281848293,0.00185495674896577,0.0201069239461002,-0.00734115275191024,0.0148447715251601,0.0198999749830128,0.0460037827114591,0.00170804383200985,0.0580023749597785,0.00371819502123777,0.778169564662647,0.150734033773331,0.000547161743905324,0.00114825654176528,0.000626972494456036,0.00136730139477622,0.000891907166213843,0.00112561566019135,0,0.104868316758849,0.78511553462641,0.0041881981063103,0.0642057141893884,0.352477308390301,4.83363567076872e-13,1.48045477022207e-24,0.000479276062262937,0.00309046468632442,5.9383287478472e-49,1.85891968816999e-16,1.02694188168548e-39,1255,"RPA1"
-11.5036778683588,-0.141830922973067,0.00817594973886853,0.117585206114693,-0.00890416623872527,-2.55436051129251,-0.47816808090996,-0.00571765538953874,0.00569362880480281,0.00186185331373613,0.0188147581010494,0.00039935108075034,0.00731096961744237,0.0414130571792969,0.0947845116136506,0.00348289903024905,0.116433549366735,0.00786023239361935,0.912705362016309,0.174150437376698,0.000638673111345257,0.00138833555044454,0.000738467017096237,0.00161075368772183,0.000995174687307182,0.00132651976387917,0,0.134562144804174,0.0189021417759602,0.312547463569597,0.257293175748253,0.00513136552849716,0.00603785428463516,3.47844686027066e-19,4.11285696139895e-05,0.0116941731915267,1.59940533119935e-31,0.688208525923137,3.56008064213902e-08,1256,"RPA2"
-12.5296936076968,-0.0101481649605336,-0.00544393745322796,-0.129171032955119,-0.0153752895924533,-1.86573235890589,-4.06155326727282,-0.0213564017615014,-0.0433078121681766,-0.00587997133719864,-0.0449174658215119,0.0157946422347417,-0.00429968218090677,0.0327805129610665,0.0745248596140547,0.00280749366083121,0.0985824041765638,0.0062319637602937,1.65607984622707,0.252135360052369,0.00101797773692117,0.00215545711075619,0.00109925567626817,0.00237696504140937,0.00152407603498803,0.00188453181826568,0,0.891685672738675,0.0524923502028417,0.190099482817304,0.0136187176459652,0.259913477081472,2.21913371774746e-58,1.01497378116783e-97,8.6400940523379e-90,8.84181089332884e-08,1.20765641660649e-79,3.63714184018739e-25,0.0225150243104464,1257,"RPA3"
-13.0749833617302,0.0379778154334742,-0.00550870575164761,-0.173186282502248,0.00471876187547226,-4.24796800249075,2.00864277000962,0.00865500609905329,0.0222178334537695,0.0033040206199128,0.0213225903913997,-0.0152574016849498,0.0138569092092784,0.0467089972829441,0.106687317357456,0.00394059849280757,0.133128097590432,0.00853310094617346,1.96708217037064,0.363070362305184,0.00128940968064866,0.00259271683161106,0.00142854593409433,0.00322353893600117,0.00208443052593959,0.00258098246703126,0,0.721860708087108,0.162132191062455,0.193292839524844,0.580266856592293,0.0308092677613,3.15916754617714e-08,1.91476939853208e-11,1.04093274718268e-17,0.0207305736375995,3.72425155925168e-11,2.48529864711135e-13,7.9240035292191e-08,1258,"RPA4"
-10.6267705676953,-0.075541269641098,0.0032000617964758,-0.00222604039615742,0.002417679516086,-4.42127780338562,-2.20299549450224,-0.00981021186521235,-0.00512506474857529,-0.00113301661961591,-0.00755985150516316,0.000879024701252112,-0.00337483692850408,0.0126286625436579,0.0286802915283462,0.00108402441125018,0.0377025727910323,0.0024090966545212,0.639394114400841,0.105408536353406,0.000407959899771803,0.00087151032993891,0.000451851607065668,0.000992729427292048,0.000648851146750145,0.000807154511571107,0,0.0084408179317335,0.00315702431049132,0.952918547676226,0.315589446371244,4.68547777083958e-12,5.40035951274853e-97,8.97331083074388e-128,4.08608820916546e-09,0.0121589560073896,2.63245754007942e-14,0.175500360382955,2.9003394770223e-05,1259,"RPAIN"
-11.5613252640313,-0.0661604616959858,0.00186355291804062,-0.0484725230938553,-0.000153781272406607,0.806516415034076,-1.51623942609283,-0.00173573241819458,0.00666114694508471,0.000207879791692536,0.00331200879992787,0.00551121221599929,-0.000828268490345942,0.0256583584144856,0.0582955299233036,0.00218149754759326,0.0748913185383334,0.00489497917349393,0.924965403722011,0.172447884223779,0.000649702468671951,0.0013975201101644,0.000724949520303733,0.00158908617882343,0.000990913598222128,0.00130608438417603,0,0.256411003743824,0.392964291114714,0.517477784021787,0.974937682452236,0.383239883299804,1.46333119308102e-18,0.00754949717393401,1.8754202558719e-06,0.774303204164065,0.0371399541097406,2.67085020096777e-08,0.525975401285683,1260,"RPAP1"
-8.62895475999392,-0.00685802299512982,0.00167431943358592,0.0101152514879408,6.73531133824891e-05,1.37065273350439,0.166517258255586,0.00137099143799666,0.0144788620502257,0.00477740253553114,0.00577146980106952,-0.00367361018478329,0.00316470411084224,0.0126890698309291,0.0287764350635074,0.00108212581679642,0.0370543762391585,0.00239282578032549,0.273735809587153,0.0547939857887167,0.000200683494511251,0.000432098034851289,0.000232394037282576,0.000505768098345531,0.00032469325973687,0.000418906684037034,0,0.811632290798166,0.121802914699774,0.784865522155585,0.977544159650494,5.52246128116086e-07,0.00237388790745993,8.3966664341013e-12,3.65113254598217e-246,6.61662402734169e-94,3.67214084514037e-30,1.11750254815638e-29,4.19905049652079e-14,1261,"RPAP2"
-10.3624321809237,-0.0289648360856335,0.0001254367827922,0.00959533636036908,0.00286024989002246,-4.51283457582172,-1.21643844462088,-0.00872473359192087,-0.00355310946599472,-0.00351666427994931,-0.00740459659333088,-0.00168019977311806,0.0129648480848597,0.0215440361423246,0.0484829949059347,0.00185694895755299,0.06378448390032,0.00413405881043225,0.61963346176272,0.101963330714441,0.000391726510069488,0.000850525427094036,0.000432273002443166,0.000981759718628615,0.000627390035075725,0.000792702577828818,0,0.550225279461694,0.946143909786153,0.88042244952873,0.489016143091821,3.26305068986091e-13,8.24188689771612e-33,6.8264396395966e-110,2.94670519119435e-05,4.10968750957006e-16,4.62222242107487e-14,0.00740458590185423,3.99073517200462e-60,1262,"RPAP3"
-13.479747035549,-0.224095121119091,0.00928742001977154,0.324640932226835,-0.00599022360947707,3.43421203841572,-3.95861639904008,-0.000596315276615153,0.00919294660006606,-0.00491985040829808,-0.0242347013015695,0.0109467593853608,-0.006672880498307,0.0973418202040066,0.21581193050478,0.00830171778831708,0.271996341668174,0.0190298059986621,2.41828673429659,0.449678159224845,0.00178326761124572,0.00390774027020389,0.00188033630339547,0.00417132567787189,0.00258909248698758,0.00332726942844461,0,0.299092468155295,0.263253323575269,0.232654476143025,0.752927849053326,0.155578203524874,1.32943918019503e-18,0.738081721859749,0.0186478486912378,0.00888432188752678,6.25355734342952e-09,2.35746899347805e-05,0.0449082835677374,1263,"RPAP3-DT"
